source_ref	nearest_heading	form	inferred_language	example_role	main_index_overlap	include_in_example_index	reason	context
Germanic/docs/sound_changes/reader_facing/reader_facing_local_section_20.md:1014	## Long vowels, diphthongs and the ancestral inventory	*ā		notation_or_segment	no	no	non-formlike fragment or segment	inherited oral long \emph{*ā} has already acquired a front quality when
Germanic/docs/sound_changes/reader_facing/reader_facing_local_section_20.md:1015	## Long vowels, diphthongs and the ancestral inventory	*ai		notation_or_segment	no	no	non-formlike fragment or segment	English stressed \emph{*ai} completes its development to a new back
Germanic/docs/sound_changes/reader_facing/reader_facing_local_section_20.md:1033	## Long vowels, diphthongs and the ancestral inventory	*æe > *æə > *æa > *ā		notation_or_segment	no	no	notation or compound expression	intermediate series. His conjecture is \emph{*æe > *æə > *æa > *ā};
Germanic/docs/sound_changes/reader_facing/reader_facing_local_section_20.md:104	## Historical discussion	*a		notation_or_segment	no	no	non-formlike fragment or segment	Only [a]{.recon}, [i]{.recon} and [u]{.recon} occur in this position. Germanic
Germanic/docs/sound_changes/reader_facing/reader_facing_local_section_20.md:104	## Historical discussion	*i		notation_or_segment	no	no	non-formlike fragment or segment	Only [a]{.recon}, [i]{.recon} and [u]{.recon} occur in this position. Germanic
Germanic/docs/sound_changes/reader_facing/reader_facing_local_section_20.md:104	## Historical discussion	*u		notation_or_segment	no	no	non-formlike fragment or segment	Only [a]{.recon}, [i]{.recon} and [u]{.recon} occur in this position. Germanic
Germanic/docs/sound_changes/reader_facing/reader_facing_local_section_20.md:105	## Historical discussion	*e		notation_or_segment	no	no	non-formlike fragment or segment	had already raised [e]{.recon} to [i]{.recon} and [o]{.recon} to [u]{.recon}
Germanic/docs/sound_changes/reader_facing/reader_facing_local_section_20.md:105	## Historical discussion	*i		notation_or_segment	no	no	non-formlike fragment or segment	had already raised [e]{.recon} to [i]{.recon} and [o]{.recon} to [u]{.recon}
Germanic/docs/sound_changes/reader_facing/reader_facing_local_section_20.md:105	## Historical discussion	*o		notation_or_segment	no	no	non-formlike fragment or segment	had already raised [e]{.recon} to [i]{.recon} and [o]{.recon} to [u]{.recon}
Germanic/docs/sound_changes/reader_facing/reader_facing_local_section_20.md:105	## Historical discussion	*u		notation_or_segment	no	no	non-formlike fragment or segment	had already raised [e]{.recon} to [i]{.recon} and [o]{.recon} to [u]{.recon}
Germanic/docs/sound_changes/reader_facing/reader_facing_local_section_20.md:1073	## Long vowels, diphthongs and the ancestral inventory	*uww		notation_or_segment	no	no	non-formlike fragment or segment	homorganic \emph{*uww} separately gives long \emph{*ūw}.
Germanic/docs/sound_changes/reader_facing/reader_facing_local_section_20.md:1073	## Long vowels, diphthongs and the ancestral inventory	*ūw		notation_or_segment	no	no	non-formlike fragment or segment	homorganic \emph{*uww} separately gives long \emph{*ūw}.
Germanic/docs/sound_changes/reader_facing/reader_facing_local_section_20.md:114	## Historical discussion	*ai		notation_or_segment	no	no	non-formlike fragment or segment	[ai]{.recon} [@Fulk2018, p. 55, §4.1]. The comparative material makes the same
Germanic/docs/sound_changes/reader_facing/reader_facing_local_section_20.md:1156	### West Germanic rhotacism (SC003)	*déuzaz		diagnostic_comparator	no	yes	diagnostic comparison in reader-facing prose	The medial change of `*z` to `*r` in environments such as [déuzaz]{.recon .iv lang=pgmc sort=deuzaz} 'deer',
Germanic/docs/sound_changes/reader_facing/reader_facing_local_section_20.md:1156	### West Germanic rhotacism (SC003)	*r		notation_or_segment	no	no	non-formlike fragment or segment	The medial change of `*z` to `*r` in environments such as [déuzaz]{.recon .iv lang=pgmc sort=deuzaz} 'deer',
Germanic/docs/sound_changes/reader_facing/reader_facing_local_section_20.md:1156	### West Germanic rhotacism (SC003)	*z		notation_or_segment	no	no	non-formlike fragment or segment	The medial change of `*z` to `*r` in environments such as [déuzaz]{.recon .iv lang=pgmc sort=deuzaz} 'deer',
Germanic/docs/sound_changes/reader_facing/reader_facing_local_section_20.md:1157	### West Germanic rhotacism (SC003)	*xúrdaz		diagnostic_comparator	no	yes	diagnostic comparison in reader-facing prose	[xúrdaz]{.recon .iv lang=pgmc sort=xurdaz} 'hoard', and
Germanic/docs/sound_changes/reader_facing/reader_facing_local_section_20.md:1158	### West Germanic rhotacism (SC003)	*líznōjaną		diagnostic_comparator	yes	yes	diagnostic comparison in reader-facing prose	[líznōjaną]{.recon .iv lang=pgmc sort=liznojana} 'learn' is historically a
Germanic/docs/sound_changes/reader_facing/reader_facing_local_section_20.md:1162	### West Germanic rhotacism (SC003)	*z		notation_or_segment	no	no	non-formlike fragment or segment	explicitly from the deletion of word-final `*z` and argues that rhotacism must
Germanic/docs/sound_changes/reader_facing/reader_facing_local_section_20.md:1164	### West Germanic rhotacism (SC003)	*r		notation_or_segment	no	no	non-formlike fragment or segment	Bammesberger gives the standard Old English–facing summary: `*z` yielded `*r` in
Germanic/docs/sound_changes/reader_facing/reader_facing_local_section_20.md:1164	### West Germanic rhotacism (SC003)	*z		notation_or_segment	no	no	non-formlike fragment or segment	Bammesberger gives the standard Old English–facing summary: `*z` yielded `*r` in
Germanic/docs/sound_changes/reader_facing/reader_facing_local_section_20.md:1168	### West Germanic rhotacism (SC003)	EAFRhotacism	oe	diagnostic_comparator	no	yes	diagnostic comparison in reader-facing prose	The CAPR rule is named `EAFRhotacism`, placing it in the Early Anglo-Frisian
Germanic/docs/sound_changes/reader_facing/reader_facing_local_section_20.md:1175	### Word-final `*z` deletion (SC020) and the three final-`*z` developments	*z		notation_or_segment	no	no	non-formlike fragment or segment	The loss of word-final `*z` is not one process but three historically
Germanic/docs/sound_changes/reader_facing/reader_facing_local_section_20.md:1177	### Word-final `*z` deletion (SC020) and the three final-`*z` developments	*z	pwgmc	notation_or_segment	no	no	non-formlike fragment or segment	one, SC020, is the Proto-West Germanic loss of `*z` in unstressed syllables,
Germanic/docs/sound_changes/reader_facing/reader_facing_local_section_20.md:1178	### Word-final `*z` deletion (SC020) and the three final-`*z` developments	*rástōz		diagnostic_comparator	yes	yes	diagnostic comparison in reader-facing prose	seen in forms such as [rástōz]{.recon .iv lang=pgmc sort=rastoz} 'rest
Germanic/docs/sound_changes/reader_facing/reader_facing_local_section_20.md:118	## Historical discussion	*[xą̄xaną	pgmc	diagnostic_comparator	no	yes	diagnostic comparison in reader-facing prose	Ringe describes Proto-Germanic \emph{*hanhaną} as \emph{*[xą̄xaną]} and observes
Germanic/docs/sound_changes/reader_facing/reader_facing_local_section_20.md:118	## Historical discussion	*hanhaną	pgmc	diagnostic_comparator	no	yes	diagnostic comparison in reader-facing prose	Ringe describes Proto-Germanic \emph{*hanhaną} as \emph{*[xą̄xaną]} and observes
Germanic/docs/sound_changes/reader_facing/reader_facing_local_section_20.md:1181	### Word-final `*z` deletion (SC020) and the three final-`*z` developments	changes	pnwgmc	diagnostic_comparator	no	yes	diagnostic comparison in reader-facing prose	the earlier NWGmc changes and from the later narrower Ingvaeonic deletion
Germanic/docs/sound_changes/reader_facing/reader_facing_local_section_20.md:1184	### Word-final `*z` deletion (SC020) and the three final-`*z` developments	*z		notation_or_segment	no	no	non-formlike fragment or segment	Chapter 2). Later, and only in the north, `*z` was lost in stressed
Germanic/docs/sound_changes/reader_facing/reader_facing_local_section_20.md:1188	### Word-final `*z` deletion (SC020) and the three final-`*z` developments	*z		notation_or_segment	no	no	non-formlike fragment or segment	statement that Germanic `*z` is generally lost in final position
Germanic/docs/sound_changes/reader_facing/reader_facing_local_section_20.md:1192	### Word-final `*z` deletion (SC020) and the three final-`*z` developments	EAFFinalZDeletion	oe	diagnostic_comparator	no	yes	diagnostic comparison in reader-facing prose	The CAPR rule for the unstressed loss is still named `EAFFinalZDeletion`,
Germanic/docs/sound_changes/reader_facing/reader_facing_local_section_20.md:1198	### Word-final `*z` deletion (SC020) and the three final-`*z` developments	*z		notation_or_segment	no	no	non-formlike fragment or segment	fate of every remaining `*z`.
Germanic/docs/sound_changes/reader_facing/reader_facing_local_section_20.md:1202	### Completed English ai contraction (SC004, treated in Chapter 4)	*ai		notation_or_segment	no	no	non-formlike fragment or segment	The English outcome of stressed/root \emph{*ai} is \emph{*ā}. Versloot
Germanic/docs/sound_changes/reader_facing/reader_facing_local_section_20.md:1202	### Completed English ai contraction (SC004, treated in Chapter 4)	*ā		notation_or_segment	no	no	non-formlike fragment or segment	The English outcome of stressed/root \emph{*ai} is \emph{*ā}. Versloot
Germanic/docs/sound_changes/reader_facing/reader_facing_local_section_20.md:1221	### Completed English ai contraction (SC004, treated in Chapter 4)	*ai > *ē		notation_or_segment	no	no	notation or compound expression	The unstressed development `*ai > *ē` (in final and nonfinal syllables) is a
Germanic/docs/sound_changes/reader_facing/reader_facing_local_section_20.md:1223	### Completed English ai contraction (SC004, treated in Chapter 4)	span	oe	diagnostic_comparator	no	yes	diagnostic comparison in reader-facing prose	Chapter 2; its corpus witnesses are the dative-singular endings of `span`
Germanic/docs/sound_changes/reader_facing/reader_facing_local_section_20.md:1224	### Completed English ai contraction (SC004, treated in Chapter 4)	*mízdai		diagnostic_comparator	yes	yes	diagnostic comparison in reader-facing prose	([spánnai]{.recon} 'span' > *spanne* 'span') and `meed` ([mízdai]{.recon}
Germanic/docs/sound_changes/reader_facing/reader_facing_local_section_20.md:1224	### Completed English ai contraction (SC004, treated in Chapter 4)	*spánnai		diagnostic_comparator	yes	yes	diagnostic comparison in reader-facing prose	([spánnai]{.recon} 'span' > *spanne* 'span') and `meed` ([mízdai]{.recon}
Germanic/docs/sound_changes/reader_facing/reader_facing_local_section_20.md:1224	### Completed English ai contraction (SC004, treated in Chapter 4)	meed	oe	diagnostic_comparator	no	yes	diagnostic comparison in reader-facing prose	([spánnai]{.recon} 'span' > *spanne* 'span') and `meed` ([mízdai]{.recon}
Germanic/docs/sound_changes/reader_facing/reader_facing_local_section_20.md:1229	### Anglo-Frisian brightening (SC043, treated in Chapter 4)	*a		notation_or_segment	no	no	non-formlike fragment or segment	The fronting of low \emph{*a} to \emph{*æ} outside nasal environments is
Germanic/docs/sound_changes/reader_facing/reader_facing_local_section_20.md:1229	### Anglo-Frisian brightening (SC043, treated in Chapter 4)	*æ		notation_or_segment	no	no	non-formlike fragment or segment	The fronting of low \emph{*a} to \emph{*æ} outside nasal environments is
Germanic/docs/sound_changes/reader_facing/reader_facing_local_section_20.md:1234	### Anglo-Frisian brightening (SC043, treated in Chapter 4)	a > æ	oe	notation_or_segment	no	no	notation or compound expression	"gives the classical statement: ""By a very early change Prim. Gmc. `a > æ` in"
Germanic/docs/sound_changes/reader_facing/reader_facing_local_section_20.md:1235	### Anglo-Frisian brightening (SC043, treated in Chapter 4)	and	oe	diagnostic_comparator	no	yes	diagnostic comparison in reader-facing prose	"OE and OFris. when not followed by a nasal consonant"""
Germanic/docs/sound_changes/reader_facing/reader_facing_local_section_20.md:1240	### Anglo-Frisian brightening (SC043, treated in Chapter 4)	Breaking	oe	notation_or_segment	no	no	non-formlike fragment or segment	The change is notable for what follows it: OE Breaking presupposes the fronted
Germanic/docs/sound_changes/reader_facing/reader_facing_local_section_20.md:1241	### Anglo-Frisian brightening (SC043, treated in Chapter 4)	a-Restoration	oe	diagnostic_comparator	no	yes	diagnostic comparison in reader-facing prose	input; OE a-Restoration partially undoes it in back-vowel environments. The
Germanic/docs/sound_changes/reader_facing/reader_facing_local_section_20.md:1287	## Historical discussion	*dagō	pwgmc	notation_or_segment	no	no	non-formlike fragment or segment	Word-final \emph{*z} in unstressed syllables was lost in Proto-West Germanic. Ringe and Taylor state the change for the whole branch and illustrate it with the 
Germanic/docs/sound_changes/reader_facing/reader_facing_local_section_20.md:1287	## Historical discussion	*dagōz	pwgmc	diagnostic_comparator	no	yes	diagnostic comparison in reader-facing prose	Word-final \emph{*z} in unstressed syllables was lost in Proto-West Germanic. Ringe and Taylor state the change for the whole branch and illustrate it with the 
Germanic/docs/sound_changes/reader_facing/reader_facing_local_section_20.md:1287	## Historical discussion	*fadur	pwgmc	diagnostic_comparator	no	yes	diagnostic comparison in reader-facing prose	Word-final \emph{*z} in unstressed syllables was lost in Proto-West Germanic. Ringe and Taylor state the change for the whole branch and illustrate it with the 
Germanic/docs/sound_changes/reader_facing/reader_facing_local_section_20.md:1287	## Historical discussion	*fadurz	pwgmc	diagnostic_comparator	no	yes	diagnostic comparison in reader-facing prose	Word-final \emph{*z} in unstressed syllables was lost in Proto-West Germanic. Ringe and Taylor state the change for the whole branch and illustrate it with the 
Germanic/docs/sound_changes/reader_facing/reader_facing_local_section_20.md:1287	## Historical discussion	*kambaz	pwgmc	diagnostic_comparator	no	yes	diagnostic comparison in reader-facing prose	Word-final \emph{*z} in unstressed syllables was lost in Proto-West Germanic. Ringe and Taylor state the change for the whole branch and illustrate it with the 
Germanic/docs/sound_changes/reader_facing/reader_facing_local_section_20.md:1287	## Historical discussion	*z	pwgmc	notation_or_segment	no	no	non-formlike fragment or segment	Word-final \emph{*z} in unstressed syllables was lost in Proto-West Germanic. Ringe and Taylor state the change for the whole branch and illustrate it with the 
Germanic/docs/sound_changes/reader_facing/reader_facing_local_section_20.md:1287	## Historical discussion	kaba	pwgmc	diagnostic_comparator	no	yes	diagnostic comparison in reader-facing prose	Word-final \emph{*z} in unstressed syllables was lost in Proto-West Germanic. Ringe and Taylor state the change for the whole branch and illustrate it with the 
Germanic/docs/sound_changes/reader_facing/reader_facing_local_section_20.md:1289	## Historical discussion	*-s		notation_or_segment	no	no	notation or compound expression	The conditioning segment is specifically the voiced sibilant \emph{*z}, never \emph{*s}: Ringe and Taylor's near-minimal pair of nominative singular \emph{*daga
Germanic/docs/sound_changes/reader_facing/reader_facing_local_section_20.md:1289	## Historical discussion	*-z		notation_or_segment	no	no	notation or compound expression	The conditioning segment is specifically the voiced sibilant \emph{*z}, never \emph{*s}: Ringe and Taylor's near-minimal pair of nominative singular \emph{*daga
Germanic/docs/sound_changes/reader_facing/reader_facing_local_section_20.md:1289	## Historical discussion	*-ōz		notation_or_segment	no	no	notation or compound expression	The conditioning segment is specifically the voiced sibilant \emph{*z}, never \emph{*s}: Ringe and Taylor's near-minimal pair of nominative singular \emph{*daga
Germanic/docs/sound_changes/reader_facing/reader_facing_local_section_20.md:1289	## Historical discussion	*dag		notation_or_segment	no	no	non-formlike fragment or segment	The conditioning segment is specifically the voiced sibilant \emph{*z}, never \emph{*s}: Ringe and Taylor's near-minimal pair of nominative singular \emph{*daga
Germanic/docs/sound_changes/reader_facing/reader_facing_local_section_20.md:1289	## Historical discussion	*dagas		diagnostic_comparator	no	yes	diagnostic comparison in reader-facing prose	The conditioning segment is specifically the voiced sibilant \emph{*z}, never \emph{*s}: Ringe and Taylor's near-minimal pair of nominative singular \emph{*daga
Germanic/docs/sound_changes/reader_facing/reader_facing_local_section_20.md:1289	## Historical discussion	*dagaz		diagnostic_comparator	no	yes	diagnostic comparison in reader-facing prose	The conditioning segment is specifically the voiced sibilant \emph{*z}, never \emph{*s}: Ringe and Taylor's near-minimal pair of nominative singular \emph{*daga
Germanic/docs/sound_changes/reader_facing/reader_facing_local_section_20.md:1289	## Historical discussion	*s		notation_or_segment	no	no	non-formlike fragment or segment	The conditioning segment is specifically the voiced sibilant \emph{*z}, never \emph{*s}: Ringe and Taylor's near-minimal pair of nominative singular \emph{*daga
Germanic/docs/sound_changes/reader_facing/reader_facing_local_section_20.md:1289	## Historical discussion	*z		notation_or_segment	no	no	non-formlike fragment or segment	The conditioning segment is specifically the voiced sibilant \emph{*z}, never \emph{*s}: Ringe and Taylor's near-minimal pair of nominative singular \emph{*daga
Germanic/docs/sound_changes/reader_facing/reader_facing_local_section_20.md:1289	## Historical discussion	dæġes	oe	diagnostic_comparator	no	yes	diagnostic comparison in reader-facing prose	The conditioning segment is specifically the voiced sibilant \emph{*z}, never \emph{*s}: Ringe and Taylor's near-minimal pair of nominative singular \emph{*daga
Germanic/docs/sound_changes/reader_facing/reader_facing_local_section_20.md:1291	## Historical discussion	*bōkz	pwgmc	notation_or_segment	yes	no	non-formlike fragment or segment	This is the middle of three historically distinct final-\emph{*z} developments, and Ringe and Taylor explicitly separate it from the later loss in stressed mono
Germanic/docs/sound_changes/reader_facing/reader_facing_local_section_20.md:1291	## Historical discussion	*z	pwgmc	notation_or_segment	no	no	non-formlike fragment or segment	This is the middle of three historically distinct final-\emph{*z} developments, and Ringe and Taylor explicitly separate it from the later loss in stressed mono
Germanic/docs/sound_changes/reader_facing/reader_facing_local_section_20.md:1293	## Historical discussion	*-a		notation_or_segment	no	no	notation or compound expression	At the boundary with Chapter 2's Northwest Germanic sequence, the derivation of *ræste* 'rest' shows that final \emph{*ō}-raising ([SC019 PNWGmcFinalLongORaisin
Germanic/docs/sound_changes/reader_facing/reader_facing_local_section_20.md:1293	## Historical discussion	*-ō		notation_or_segment	no	no	notation or compound expression	At the boundary with Chapter 2's Northwest Germanic sequence, the derivation of *ræste* 'rest' shows that final \emph{*ō}-raising ([SC019 PNWGmcFinalLongORaisin
Germanic/docs/sound_changes/reader_facing/reader_facing_local_section_20.md:1293	## Historical discussion	*-ōz		notation_or_segment	no	no	notation or compound expression	At the boundary with Chapter 2's Northwest Germanic sequence, the derivation of *ræste* 'rest' shows that final \emph{*ō}-raising ([SC019 PNWGmcFinalLongORaisin
Germanic/docs/sound_changes/reader_facing/reader_facing_local_section_20.md:1293	## Historical discussion	*dag		notation_or_segment	no	no	non-formlike fragment or segment	At the boundary with Chapter 2's Northwest Germanic sequence, the derivation of *ræste* 'rest' shows that final \emph{*ō}-raising ([SC019 PNWGmcFinalLongORaisin
Germanic/docs/sound_changes/reader_facing/reader_facing_local_section_20.md:1293	## Historical discussion	*daga		notation_or_segment	no	no	non-formlike fragment or segment	At the boundary with Chapter 2's Northwest Germanic sequence, the derivation of *ræste* 'rest' shows that final \emph{*ō}-raising ([SC019 PNWGmcFinalLongORaisin
Germanic/docs/sound_changes/reader_facing/reader_facing_local_section_20.md:1293	## Historical discussion	*dagaz		model_stage	no	yes	development-chain modeled stage	At the boundary with Chapter 2's Northwest Germanic sequence, the derivation of *ræste* 'rest' shows that final \emph{*ō}-raising ([SC019 PNWGmcFinalLongORaisin
Germanic/docs/sound_changes/reader_facing/reader_facing_local_section_20.md:1293	## Historical discussion	*z		notation_or_segment	no	no	non-formlike fragment or segment	At the boundary with Chapter 2's Northwest Germanic sequence, the derivation of *ræste* 'rest' shows that final \emph{*ō}-raising ([SC019 PNWGmcFinalLongORaisin
Germanic/docs/sound_changes/reader_facing/reader_facing_local_section_20.md:1293	## Historical discussion	*ō		notation_or_segment	no	no	non-formlike fragment or segment	At the boundary with Chapter 2's Northwest Germanic sequence, the derivation of *ræste* 'rest' shows that final \emph{*ō}-raising ([SC019 PNWGmcFinalLongORaisin
Germanic/docs/sound_changes/reader_facing/reader_facing_local_section_20.md:1307	## SC020. West Germanic final \emph{*z}-deletion (`EAFFinalZDeletion`) {#rule-EAFFinalZDeletion}	*beard	oe	diagnostic_comparator	no	yes	diagnostic comparison in reader-facing prose	The rule deletes word-final \emph{*z} in unstressed syllables, stated through two environments. The first clause covers polysyllables, where the final syllable 
Germanic/docs/sound_changes/reader_facing/reader_facing_local_section_20.md:1307	## SC020. West Germanic final \emph{*z}-deletion (`EAFFinalZDeletion`) {#rule-EAFFinalZDeletion}	*bárdaz	pwgmc	diagnostic_comparator	yes	yes	diagnostic comparison in reader-facing prose	The rule deletes word-final \emph{*z} in unstressed syllables, stated through two environments. The first clause covers polysyllables, where the final syllable 
Germanic/docs/sound_changes/reader_facing/reader_facing_local_section_20.md:1307	## SC020. West Germanic final \emph{*z}-deletion (`EAFFinalZDeletion`) {#rule-EAFFinalZDeletion}	*fadurz	pwgmc	diagnostic_comparator	no	yes	diagnostic comparison in reader-facing prose	The rule deletes word-final \emph{*z} in unstressed syllables, stated through two environments. The first clause covers polysyllables, where the final syllable 
Germanic/docs/sound_changes/reader_facing/reader_facing_local_section_20.md:1307	## SC020. West Germanic final \emph{*z}-deletion (`EAFFinalZDeletion`) {#rule-EAFFinalZDeletion}	*fríjōndz	pwgmc	diagnostic_comparator	yes	yes	diagnostic comparison in reader-facing prose	The rule deletes word-final \emph{*z} in unstressed syllables, stated through two environments. The first clause covers polysyllables, where the final syllable 
Germanic/docs/sound_changes/reader_facing/reader_facing_local_section_20.md:1307	## SC020. West Germanic final \emph{*z}-deletion (`EAFFinalZDeletion`) {#rule-EAFFinalZDeletion}	*fríundz	pwgmc	diagnostic_comparator	no	yes	diagnostic comparison in reader-facing prose	The rule deletes word-final \emph{*z} in unstressed syllables, stated through two environments. The first clause covers polysyllables, where the final syllable 
Germanic/docs/sound_changes/reader_facing/reader_facing_local_section_20.md:1307	## SC020. West Germanic final \emph{*z}-deletion (`EAFFinalZDeletion`) {#rule-EAFFinalZDeletion}	*rástōz	pwgmc	diagnostic_comparator	yes	yes	diagnostic comparison in reader-facing prose	The rule deletes word-final \emph{*z} in unstressed syllables, stated through two environments. The first clause covers polysyllables, where the final syllable 
Germanic/docs/sound_changes/reader_facing/reader_facing_local_section_20.md:1307	## SC020. West Germanic final \emph{*z}-deletion (`EAFFinalZDeletion`) {#rule-EAFFinalZDeletion}	*z	pwgmc	notation_or_segment	no	no	non-formlike fragment or segment	The rule deletes word-final \emph{*z} in unstressed syllables, stated through two environments. The first clause covers polysyllables, where the final syllable 
Germanic/docs/sound_changes/reader_facing/reader_facing_local_section_20.md:1307	## SC020. West Germanic final \emph{*z}-deletion (`EAFFinalZDeletion`) {#rule-EAFFinalZDeletion}	beard	pgmc	diagnostic_comparator	no	yes	diagnostic comparison in reader-facing prose	The rule deletes word-final \emph{*z} in unstressed syllables, stated through two environments. The first clause covers polysyllables, where the final syllable 
Germanic/docs/sound_changes/reader_facing/reader_facing_local_section_20.md:1309	## SC020. West Germanic final \emph{*z}-deletion (`EAFFinalZDeletion`) {#rule-EAFFinalZDeletion}	*z		notation_or_segment	no	no	non-formlike fragment or segment	The chronology of word-final \emph{*z}-loss is unusually well delimited: *ræste* 'rest' supplies its early boundary, while later weak syllables supply its late 
Germanic/docs/sound_changes/reader_facing/reader_facing_local_section_20.md:1311	## SC020. West Germanic final \emph{*z}-deletion (`EAFFinalZDeletion`) {#rule-EAFFinalZDeletion}	*befer	preoe	expected_output	no	yes	failure-pattern expected output	Before [SC019 PNWGmcFinalLongORaising](#rule-PNWGmcFinalLongORaising), PGmc [rástōz]{.recon} 'rest' yields [*rast*]{.pred} rather than expected OE *ræste* 'rest
Germanic/docs/sound_changes/reader_facing/reader_facing_local_section_20.md:1311	## SC020. West Germanic final \emph{*z}-deletion (`EAFFinalZDeletion`) {#rule-EAFFinalZDeletion}	*befro	preoe	yielded_output	no	yes	failure-pattern yielded output	Before [SC019 PNWGmcFinalLongORaising](#rule-PNWGmcFinalLongORaising), PGmc [rástōz]{.recon} 'rest' yields [*rast*]{.pred} rather than expected OE *ræste* 'rest
Germanic/docs/sound_changes/reader_facing/reader_facing_local_section_20.md:1311	## SC020. West Germanic final \emph{*z}-deletion (`EAFFinalZDeletion`) {#rule-EAFFinalZDeletion}	*bébruz	pgmc	example_input	yes	yes	failure-pattern selected input	Before [SC019 PNWGmcFinalLongORaising](#rule-PNWGmcFinalLongORaising), PGmc [rástōz]{.recon} 'rest' yields [*rast*]{.pred} rather than expected OE *ræste* 'rest
Germanic/docs/sound_changes/reader_facing/reader_facing_local_section_20.md:1311	## SC020. West Germanic final \emph{*z}-deletion (`EAFFinalZDeletion`) {#rule-EAFFinalZDeletion}	*cwedo	preoe	yielded_output	no	yes	failure-pattern yielded output	Before [SC019 PNWGmcFinalLongORaising](#rule-PNWGmcFinalLongORaising), PGmc [rástōz]{.recon} 'rest' yields [*rast*]{.pred} rather than expected OE *ræste* 'rest
Germanic/docs/sound_changes/reader_facing/reader_facing_local_section_20.md:1311	## SC020. West Germanic final \emph{*z}-deletion (`EAFFinalZDeletion`) {#rule-EAFFinalZDeletion}	*cwedu	preoe	expected_output	no	yes	failure-pattern expected output	Before [SC019 PNWGmcFinalLongORaising](#rule-PNWGmcFinalLongORaising), PGmc [rástōz]{.recon} 'rest' yields [*rast*]{.pred} rather than expected OE *ræste* 'rest
Germanic/docs/sound_changes/reader_facing/reader_facing_local_section_20.md:1311	## SC020. West Germanic final \emph{*z}-deletion (`EAFFinalZDeletion`) {#rule-EAFFinalZDeletion}	*feld	preoe	expected_output	no	yes	failure-pattern expected output	Before [SC019 PNWGmcFinalLongORaising](#rule-PNWGmcFinalLongORaising), PGmc [rástōz]{.recon} 'rest' yields [*rast*]{.pred} rather than expected OE *ræste* 'rest
Germanic/docs/sound_changes/reader_facing/reader_facing_local_section_20.md:1311	## SC020. West Germanic final \emph{*z}-deletion (`EAFFinalZDeletion`) {#rule-EAFFinalZDeletion}	*feldo	preoe	yielded_output	no	yes	failure-pattern yielded output	Before [SC019 PNWGmcFinalLongORaising](#rule-PNWGmcFinalLongORaising), PGmc [rástōz]{.recon} 'rest' yields [*rast*]{.pred} rather than expected OE *ræste* 'rest
Germanic/docs/sound_changes/reader_facing/reader_facing_local_section_20.md:1311	## SC020. West Germanic final \emph{*z}-deletion (`EAFFinalZDeletion`) {#rule-EAFFinalZDeletion}	*félθuz	pgmc	example_input	yes	yes	failure-pattern selected input	Before [SC019 PNWGmcFinalLongORaising](#rule-PNWGmcFinalLongORaising), PGmc [rástōz]{.recon} 'rest' yields [*rast*]{.pred} rather than expected OE *ræste* 'rest
Germanic/docs/sound_changes/reader_facing/reader_facing_local_section_20.md:1311	## SC020. West Germanic final \emph{*z}-deletion (`EAFFinalZDeletion`) {#rule-EAFFinalZDeletion}	*kwéðuz	pgmc	example_input	yes	yes	failure-pattern selected input	Before [SC019 PNWGmcFinalLongORaising](#rule-PNWGmcFinalLongORaising), PGmc [rástōz]{.recon} 'rest' yields [*rast*]{.pred} rather than expected OE *ræste* 'rest
Germanic/docs/sound_changes/reader_facing/reader_facing_local_section_20.md:1311	## SC020. West Germanic final \emph{*z}-deletion (`EAFFinalZDeletion`) {#rule-EAFFinalZDeletion}	*rast	preoe	yielded_output	no	yes	failure-pattern yielded output	Before [SC019 PNWGmcFinalLongORaising](#rule-PNWGmcFinalLongORaising), PGmc [rástōz]{.recon} 'rest' yields [*rast*]{.pred} rather than expected OE *ræste* 'rest
Germanic/docs/sound_changes/reader_facing/reader_facing_local_section_20.md:1311	## SC020. West Germanic final \emph{*z}-deletion (`EAFFinalZDeletion`) {#rule-EAFFinalZDeletion}	*rástōz	pgmc	example_input	yes	yes	failure-pattern selected input	Before [SC019 PNWGmcFinalLongORaising](#rule-PNWGmcFinalLongORaising), PGmc [rástōz]{.recon} 'rest' yields [*rast*]{.pred} rather than expected OE *ræste* 'rest
Germanic/docs/sound_changes/reader_facing/reader_facing_local_section_20.md:1311	## SC020. West Germanic final \emph{*z}-deletion (`EAFFinalZDeletion`) {#rule-EAFFinalZDeletion}	*ræste	preoe	expected_output	no	yes	failure-pattern expected output	Before [SC019 PNWGmcFinalLongORaising](#rule-PNWGmcFinalLongORaising), PGmc [rástōz]{.recon} 'rest' yields [*rast*]{.pred} rather than expected OE *ræste* 'rest
Germanic/docs/sound_changes/reader_facing/reader_facing_local_section_20.md:1311	## SC020. West Germanic final \emph{*z}-deletion (`EAFFinalZDeletion`) {#rule-EAFFinalZDeletion}	beaver	pgmc	expected_output	no	yes	expected outcome in explanatory prose	Before [SC019 PNWGmcFinalLongORaising](#rule-PNWGmcFinalLongORaising), PGmc [rástōz]{.recon} 'rest' yields [*rast*]{.pred} rather than expected OE *ræste* 'rest
Germanic/docs/sound_changes/reader_facing/reader_facing_local_section_20.md:1311	## SC020. West Germanic final \emph{*z}-deletion (`EAFFinalZDeletion`) {#rule-EAFFinalZDeletion}	cud	pgmc	expected_output	no	yes	expected outcome in explanatory prose	Before [SC019 PNWGmcFinalLongORaising](#rule-PNWGmcFinalLongORaising), PGmc [rástōz]{.recon} 'rest' yields [*rast*]{.pred} rather than expected OE *ræste* 'rest
Germanic/docs/sound_changes/reader_facing/reader_facing_local_section_20.md:1311	## SC020. West Germanic final \emph{*z}-deletion (`EAFFinalZDeletion`) {#rule-EAFFinalZDeletion}	field	pgmc	expected_output	no	yes	expected outcome in explanatory prose	Before [SC019 PNWGmcFinalLongORaising](#rule-PNWGmcFinalLongORaising), PGmc [rástōz]{.recon} 'rest' yields [*rast*]{.pred} rather than expected OE *ræste* 'rest
Germanic/docs/sound_changes/reader_facing/reader_facing_local_section_20.md:1311	## SC020. West Germanic final \emph{*z}-deletion (`EAFFinalZDeletion`) {#rule-EAFFinalZDeletion}	rest	pgmc	expected_output	no	yes	expected outcome in explanatory prose	Before [SC019 PNWGmcFinalLongORaising](#rule-PNWGmcFinalLongORaising), PGmc [rástōz]{.recon} 'rest' yields [*rast*]{.pred} rather than expected OE *ræste* 'rest
Germanic/docs/sound_changes/reader_facing/reader_facing_local_section_20.md:1311	## SC020. West Germanic final \emph{*z}-deletion (`EAFFinalZDeletion`) {#rule-EAFFinalZDeletion}	z	pgmc	notation_or_segment	no	no	non-formlike fragment or segment	Before [SC019 PNWGmcFinalLongORaising](#rule-PNWGmcFinalLongORaising), PGmc [rástōz]{.recon} 'rest' yields [*rast*]{.pred} rather than expected OE *ræste* 'rest
Germanic/docs/sound_changes/reader_facing/reader_facing_local_section_20.md:1313	## SC020. West Germanic final \emph{*z}-deletion (`EAFFinalZDeletion`) {#rule-EAFFinalZDeletion}	*rástōz		model_stage	yes	yes	development-chain modeled stage	The [rástōz]{.recon} 'rest' derivation fixes the local relation to [SC019 PNWGmcFinalLongORaising](#rule-PNWGmcFinalLongORaising). The distant boundary at [SC04
Germanic/docs/sound_changes/reader_facing/reader_facing_local_section_20.md:1313	## SC020. West Germanic final \emph{*z}-deletion (`EAFFinalZDeletion`) {#rule-EAFFinalZDeletion}	*z		notation_or_segment	no	no	non-formlike fragment or segment	The [rástōz]{.recon} 'rest' derivation fixes the local relation to [SC019 PNWGmcFinalLongORaising](#rule-PNWGmcFinalLongORaising). The distant boundary at [SC04
Germanic/docs/sound_changes/reader_facing/reader_facing_local_section_20.md:1313	## SC020. West Germanic final \emph{*z}-deletion (`EAFFinalZDeletion`) {#rule-EAFFinalZDeletion}	*ō		notation_or_segment	no	no	non-formlike fragment or segment	The [rástōz]{.recon} 'rest' derivation fixes the local relation to [SC019 PNWGmcFinalLongORaising](#rule-PNWGmcFinalLongORaising). The distant boundary at [SC04
Germanic/docs/sound_changes/reader_facing/reader_facing_local_section_20.md:1321	## Historical discussion	*-i	pwgmc	notation_or_segment	no	no	notation or compound expression	Alongside the regular loss of word-final short high vowels in third syllables ([SC006 PWGmcEarlyIApocope](#rule-PWGmcEarlyIApocope)), Ringe and Taylor identify 
Germanic/docs/sound_changes/reader_facing/reader_facing_local_section_20.md:1321	## Historical discussion	*fūri	pwgmc	notation_or_segment	yes	no	non-formlike fragment or segment	Alongside the regular loss of word-final short high vowels in third syllables ([SC006 PWGmcEarlyIApocope](#rule-PWGmcEarlyIApocope)), Ringe and Taylor identify 
Germanic/docs/sound_changes/reader_facing/reader_facing_local_section_20.md:1321	## Historical discussion	*gastiz	pwgmc	diagnostic_comparator	no	yes	diagnostic comparison in reader-facing prose	Alongside the regular loss of word-final short high vowels in third syllables ([SC006 PWGmcEarlyIApocope](#rule-PWGmcEarlyIApocope)), Ringe and Taylor identify 
Germanic/docs/sound_changes/reader_facing/reader_facing_local_section_20.md:1321	## Historical discussion	*ġiest	oe	diagnostic_comparator	no	yes	diagnostic comparison in reader-facing prose	Alongside the regular loss of word-final short high vowels in third syllables ([SC006 PWGmcEarlyIApocope](#rule-PWGmcEarlyIApocope)), Ringe and Taylor identify 
Germanic/docs/sound_changes/reader_facing/reader_facing_local_section_20.md:1323	## Historical discussion	*ymbe	oe	notation_or_segment	no	no	non-formlike fragment or segment	The conditioning is prosodic. Like Verner's law, the change is governed by accent: it applied in words unstressed in the sentence, and its apparent exceptions a
Germanic/docs/sound_changes/reader_facing/reader_facing_local_section_20.md:1323	## Historical discussion	umbi	ohg	diagnostic_comparator	no	yes	diagnostic comparison in reader-facing prose	The conditioning is prosodic. Like Verner's law, the change is governed by accent: it applied in words unstressed in the sentence, and its apparent exceptions a
Germanic/docs/sound_changes/reader_facing/reader_facing_local_section_20.md:1325	## Historical discussion	*-i	pwgmc	notation_or_segment	no	no	notation or compound expression	The diagnostic witness is the second-person plural pronoun. Ringe and Taylor print the Proto-West Germanic form as a doublet: PGmc \emph{*izwiz} (Gothic \emph{i
Germanic/docs/sound_changes/reader_facing/reader_facing_local_section_20.md:1325	## Historical discussion	*iuw	pwgmc	notation_or_segment	no	no	non-formlike fragment or segment	The diagnostic witness is the second-person plural pronoun. Ringe and Taylor print the Proto-West Germanic form as a doublet: PGmc \emph{*izwiz} (Gothic \emph{i
Germanic/docs/sound_changes/reader_facing/reader_facing_local_section_20.md:1325	## Historical discussion	*iuwi	pwgmc	notation_or_segment	no	no	non-formlike fragment or segment	The diagnostic witness is the second-person plural pronoun. Ringe and Taylor print the Proto-West Germanic form as a doublet: PGmc \emph{*izwiz} (Gothic \emph{i
Germanic/docs/sound_changes/reader_facing/reader_facing_local_section_20.md:1325	## Historical discussion	*iwwi	pwgmc	notation_or_segment	no	no	non-formlike fragment or segment	The diagnostic witness is the second-person plural pronoun. Ringe and Taylor print the Proto-West Germanic form as a doublet: PGmc \emph{*izwiz} (Gothic \emph{i
Germanic/docs/sound_changes/reader_facing/reader_facing_local_section_20.md:1325	## Historical discussion	*izwiz	pgmc	diagnostic_comparator	no	yes	diagnostic comparison in reader-facing prose	The diagnostic witness is the second-person plural pronoun. Ringe and Taylor print the Proto-West Germanic form as a doublet: PGmc \emph{*izwiz} (Gothic \emph{i
Germanic/docs/sound_changes/reader_facing/reader_facing_local_section_20.md:1325	## Historical discussion	*z	pwgmc	notation_or_segment	no	no	non-formlike fragment or segment	The diagnostic witness is the second-person plural pronoun. Ringe and Taylor print the Proto-West Germanic form as a doublet: PGmc \emph{*izwiz} (Gothic \emph{i
Germanic/docs/sound_changes/reader_facing/reader_facing_local_section_20.md:1325	## Historical discussion	iow	oe	diagnostic_comparator	no	yes	diagnostic comparison in reader-facing prose	The diagnostic witness is the second-person plural pronoun. Ringe and Taylor print the Proto-West Germanic form as a doublet: PGmc \emph{*izwiz} (Gothic \emph{i
Germanic/docs/sound_changes/reader_facing/reader_facing_local_section_20.md:1325	## Historical discussion	izwis	goth	diagnostic_comparator	yes	yes	diagnostic comparison in reader-facing prose	The diagnostic witness is the second-person plural pronoun. Ringe and Taylor print the Proto-West Germanic form as a doublet: PGmc \emph{*izwiz} (Gothic \emph{i
Germanic/docs/sound_changes/reader_facing/reader_facing_local_section_20.md:1344	## \CAPRRuleHeading{SC098. Early apocope in unstressed words}{PWGmcUnstressedWordFinalIApocope} {#rule-PWGmcUnstressedWordFinalIApocope}	reconstruction	pgmc	diagnostic_comparator	no	yes	diagnostic comparison in reader-facing prose	selected context. They do not alter the PGmc reconstruction, the selected
Germanic/docs/sound_changes/reader_facing/reader_facing_local_section_20.md:1352	## \CAPRRuleHeading{SC098. Early apocope in unstressed words}{PWGmcUnstressedWordFinalIApocope} {#rule-PWGmcUnstressedWordFinalIApocope}	*iwwiz		diagnostic_comparator	no	yes	diagnostic comparison in reader-facing prose	The worked history is \emph{*izwiz} → \emph{*iwwiz} by assimilation →
Germanic/docs/sound_changes/reader_facing/reader_facing_local_section_20.md:1352	## \CAPRRuleHeading{SC098. Early apocope in unstressed words}{PWGmcUnstressedWordFinalIApocope} {#rule-PWGmcUnstressedWordFinalIApocope}	*izwiz		diagnostic_comparator	no	yes	diagnostic comparison in reader-facing prose	The worked history is \emph{*izwiz} → \emph{*iwwiz} by assimilation →
Germanic/docs/sound_changes/reader_facing/reader_facing_local_section_20.md:1355	## \CAPRRuleHeading{SC098. Early apocope in unstressed words}{PWGmcUnstressedWordFinalIApocope} {#rule-PWGmcUnstressedWordFinalIApocope}	*ēow	oe	notation_or_segment	no	no	non-formlike fragment or segment	rule → OE *ēow*. The operation requires a heavy syllable and a
Germanic/docs/sound_changes/reader_facing/reader_facing_local_section_20.md:1359	## \CAPRRuleHeading{SC098. Early apocope in unstressed words}{PWGmcUnstressedWordFinalIApocope} {#rule-PWGmcUnstressedWordFinalIApocope}	i	oe	notation_or_segment	no	no	non-formlike fragment or segment	Loss of final \emph{z} still feeds it, and removal of \emph{i} bleeds
Germanic/docs/sound_changes/reader_facing/reader_facing_local_section_20.md:1359	## \CAPRRuleHeading{SC098. Early apocope in unstressed words}{PWGmcUnstressedWordFinalIApocope} {#rule-PWGmcUnstressedWordFinalIApocope}	z	oe	notation_or_segment	no	no	non-formlike fragment or segment	Loss of final \emph{z} still feeds it, and removal of \emph{i} bleeds
Germanic/docs/sound_changes/reader_facing/reader_facing_local_section_20.md:1360	## \CAPRRuleHeading{SC098. Early apocope in unstressed words}{PWGmcUnstressedWordFinalIApocope} {#rule-PWGmcUnstressedWordFinalIApocope}	placement	pwgmc	diagnostic_comparator	no	yes	diagnostic comparison in reader-facing prose	[SC055 OEIUmlaut](#rule-OEIUmlaut). Its PWGmc placement precedes the
Germanic/docs/sound_changes/reader_facing/reader_facing_local_section_20.md:1361	## \CAPRRuleHeading{SC098. Early apocope in unstressed words}{PWGmcUnstressedWordFinalIApocope} {#rule-PWGmcUnstressedWordFinalIApocope}	z	oe	notation_or_segment	no	no	non-formlike fragment or segment	later northern loss of stressed-monosyllabic final \emph{z}
Germanic/docs/sound_changes/reader_facing/reader_facing_local_section_20.md:1374	## \CAPRRuleHeading{SC098. Early apocope in unstressed words}{PWGmcUnstressedWordFinalIApocope} {#rule-PWGmcUnstressedWordFinalIApocope}	iu+w	oe	diagnostic_comparator	no	yes	diagnostic comparison in reader-facing prose	The corresponding English realization of \emph{iu+w} belongs to
Germanic/docs/sound_changes/reader_facing/reader_facing_local_section_20.md:1376	## \CAPRRuleHeading{SC098. Early apocope in unstressed words}{PWGmcUnstressedWordFinalIApocope} {#rule-PWGmcUnstressedWordFinalIApocope}	ww	oe	notation_or_segment	no	no	non-formlike fragment or segment	vocalization of retained \emph{ww}. The model's retained-i counterfactual
Germanic/docs/sound_changes/reader_facing/reader_facing_local_section_20.md:1378	## \CAPRRuleHeading{SC098. Early apocope in unstressed words}{PWGmcUnstressedWordFinalIApocope} {#rule-PWGmcUnstressedWordFinalIApocope}	form	oe	notation_or_segment	no	no	non-formlike fragment or segment	spelling is a computational prediction, not an attested strong OE form.
Germanic/docs/sound_changes/reader_facing/reader_facing_local_section_20.md:1390	## Historical discussion	*hwaz	nsgmc	notation_or_segment	no	no	non-formlike fragment or segment	Long after the Proto-West Germanic loss of final \emph{*z} in unstressed syllables ([SC020 EAFFinalZDeletion](#rule-EAFFinalZDeletion)), the northern West Germa
Germanic/docs/sound_changes/reader_facing/reader_facing_local_section_20.md:1390	## Historical discussion	*maiz	nsgmc	notation_or_segment	no	no	non-formlike fragment or segment	Long after the Proto-West Germanic loss of final \emph{*z} in unstressed syllables ([SC020 EAFFinalZDeletion](#rule-EAFFinalZDeletion)), the northern West Germa
Germanic/docs/sound_changes/reader_facing/reader_facing_local_section_20.md:1390	## Historical discussion	*mā	oe	notation_or_segment	no	no	non-formlike fragment or segment	Long after the Proto-West Germanic loss of final \emph{*z} in unstressed syllables ([SC020 EAFFinalZDeletion](#rule-EAFFinalZDeletion)), the northern West Germa
Germanic/docs/sound_changes/reader_facing/reader_facing_local_section_20.md:1390	## Historical discussion	*z	nsgmc	notation_or_segment	no	no	non-formlike fragment or segment	Long after the Proto-West Germanic loss of final \emph{*z} in unstressed syllables ([SC020 EAFFinalZDeletion](#rule-EAFFinalZDeletion)), the northern West Germa
Germanic/docs/sound_changes/reader_facing/reader_facing_local_section_20.md:1390	## Historical discussion	er	ohg	notation_or_segment	no	no	non-formlike fragment or segment	Long after the Proto-West Germanic loss of final \emph{*z} in unstressed syllables ([SC020 EAFFinalZDeletion](#rule-EAFFinalZDeletion)), the northern West Germa
Germanic/docs/sound_changes/reader_facing/reader_facing_local_section_20.md:1390	## Historical discussion	mir	ohg	diagnostic_comparator	no	yes	diagnostic comparison in reader-facing prose	Long after the Proto-West Germanic loss of final \emph{*z} in unstressed syllables ([SC020 EAFFinalZDeletion](#rule-EAFFinalZDeletion)), the northern West Germa
Germanic/docs/sound_changes/reader_facing/reader_facing_local_section_20.md:1390	## Historical discussion	mēr	ohg	diagnostic_comparator	no	yes	diagnostic comparison in reader-facing prose	Long after the Proto-West Germanic loss of final \emph{*z} in unstressed syllables ([SC020 EAFFinalZDeletion](#rule-EAFFinalZDeletion)), the northern West Germa
Germanic/docs/sound_changes/reader_facing/reader_facing_local_section_20.md:1390	## Historical discussion	wir	ohg	diagnostic_comparator	no	yes	diagnostic comparison in reader-facing prose	Long after the Proto-West Germanic loss of final \emph{*z} in unstressed syllables ([SC020 EAFFinalZDeletion](#rule-EAFFinalZDeletion)), the northern West Germa
Germanic/docs/sound_changes/reader_facing/reader_facing_local_section_20.md:1392	## Historical discussion	*hwaz		notation_or_segment	no	no	non-formlike fragment or segment	The scholarship disagrees about the exact conditioning, and the disagreement is worth recording. An older account, represented by Campbell and going back to Lui
Germanic/docs/sound_changes/reader_facing/reader_facing_local_section_20.md:1392	## Historical discussion	*z		notation_or_segment	no	no	non-formlike fragment or segment	The scholarship disagrees about the exact conditioning, and the disagreement is worth recording. An older account, represented by Campbell and going back to Lui
Germanic/docs/sound_changes/reader_facing/reader_facing_local_section_20.md:1394	## Historical discussion	*dēor	oe	notation_or_segment	no	no	non-formlike fragment or segment	Apparent counterexamples are analogical, not phonological: OE *dēor* 'deer', *ār* 'oar', and *gār* 'spear' show final \emph{-r} from levelling out of inflected 
Germanic/docs/sound_changes/reader_facing/reader_facing_local_section_20.md:1394	## Historical discussion	*z		notation_or_segment	no	no	non-formlike fragment or segment	Apparent counterexamples are analogical, not phonological: OE *dēor* 'deer', *ār* 'oar', and *gār* 'spear' show final \emph{-r} from levelling out of inflected 
Germanic/docs/sound_changes/reader_facing/reader_facing_local_section_20.md:1394	## Historical discussion	-r	oe	notation_or_segment	no	no	notation or compound expression	Apparent counterexamples are analogical, not phonological: OE *dēor* 'deer', *ār* 'oar', and *gār* 'spear' show final \emph{-r} from levelling out of inflected 
Germanic/docs/sound_changes/reader_facing/reader_facing_local_section_20.md:1396	## Historical discussion	*hwaz	pgmc	notation_or_segment	no	no	non-formlike fragment or segment	The corpus now witnesses this change directly. The interrogative pronoun 'who' is selected in its nominative singular masculine cell, PGmc \emph{*hwaz} (Gothic 
Germanic/docs/sound_changes/reader_facing/reader_facing_local_section_20.md:1396	## Historical discussion	*hwā	oe	notation_or_segment	no	no	non-formlike fragment or segment	The corpus now witnesses this change directly. The interrogative pronoun 'who' is selected in its nominative singular masculine cell, PGmc \emph{*hwaz} (Gothic 
Germanic/docs/sound_changes/reader_facing/reader_facing_local_section_20.md:1396	## Historical discussion	*hwǣ	pgmc	notation_or_segment	no	no	non-formlike fragment or segment	The corpus now witnesses this change directly. The interrogative pronoun 'who' is selected in its nominative singular masculine cell, PGmc \emph{*hwaz} (Gothic 
Germanic/docs/sound_changes/reader_facing/reader_facing_local_section_20.md:1396	## Historical discussion	*z	pgmc	notation_or_segment	no	no	non-formlike fragment or segment	The corpus now witnesses this change directly. The interrogative pronoun 'who' is selected in its nominative singular masculine cell, PGmc \emph{*hwaz} (Gothic 
Germanic/docs/sound_changes/reader_facing/reader_facing_local_section_20.md:1396	## Historical discussion	hwas	goth	diagnostic_comparator	no	yes	diagnostic comparison in reader-facing prose	The corpus now witnesses this change directly. The interrogative pronoun 'who' is selected in its nominative singular masculine cell, PGmc \emph{*hwaz} (Gothic 
Germanic/docs/sound_changes/reader_facing/reader_facing_local_section_20.md:141	## \CAPRRuleHeading{SC103. Proto-Germanic nasal loss before \*x}{PGmcNasalLossBeforeX} {#rule-PGmcNasalLossBeforeX}	*ą̄	pgmc	notation_or_segment	no	no	non-formlike fragment or segment	conditioning nasal. The low vowel is written [ą̄]{.recon} and the high vowels are
Germanic/docs/sound_changes/reader_facing/reader_facing_local_section_20.md:1416	## \CAPRRuleHeading{SC097. Northern monosyllabic final \emph{*z}-loss}{MonosyllabicFinalZLoss} {#rule-MonosyllabicFinalZLoss}	*ai		notation_or_segment	no	no	non-formlike fragment or segment	The rule first lengthens a short nucleus standing immediately before word-final \emph{*z} in a monosyllable, then deletes the \emph{*z} after any vowel in a mon
Germanic/docs/sound_changes/reader_facing/reader_facing_local_section_20.md:1416	## \CAPRRuleHeading{SC097. Northern monosyllabic final \emph{*z}-loss}{MonosyllabicFinalZLoss} {#rule-MonosyllabicFinalZLoss}	*hiz		notation_or_segment	no	no	non-formlike fragment or segment	The rule first lengthens a short nucleus standing immediately before word-final \emph{*z} in a monosyllable, then deletes the \emph{*z} after any vowel in a mon
Germanic/docs/sound_changes/reader_facing/reader_facing_local_section_20.md:1416	## \CAPRRuleHeading{SC097. Northern monosyllabic final \emph{*z}-loss}{MonosyllabicFinalZLoss} {#rule-MonosyllabicFinalZLoss}	*hwaz		notation_or_segment	no	no	non-formlike fragment or segment	The rule first lengthens a short nucleus standing immediately before word-final \emph{*z} in a monosyllable, then deletes the \emph{*z} after any vowel in a mon
Germanic/docs/sound_changes/reader_facing/reader_facing_local_section_20.md:1416	## \CAPRRuleHeading{SC097. Northern monosyllabic final \emph{*z}-loss}{MonosyllabicFinalZLoss} {#rule-MonosyllabicFinalZLoss}	*hwā		notation_or_segment	no	no	non-formlike fragment or segment	The rule first lengthens a short nucleus standing immediately before word-final \emph{*z} in a monosyllable, then deletes the \emph{*z} after any vowel in a mon
Germanic/docs/sound_changes/reader_facing/reader_facing_local_section_20.md:1416	## \CAPRRuleHeading{SC097. Northern monosyllabic final \emph{*z}-loss}{MonosyllabicFinalZLoss} {#rule-MonosyllabicFinalZLoss}	*hī		notation_or_segment	no	no	non-formlike fragment or segment	The rule first lengthens a short nucleus standing immediately before word-final \emph{*z} in a monosyllable, then deletes the \emph{*z} after any vowel in a mon
Germanic/docs/sound_changes/reader_facing/reader_facing_local_section_20.md:1416	## \CAPRRuleHeading{SC097. Northern monosyllabic final \emph{*z}-loss}{MonosyllabicFinalZLoss} {#rule-MonosyllabicFinalZLoss}	*kū		notation_or_segment	no	no	non-formlike fragment or segment	The rule first lengthens a short nucleus standing immediately before word-final \emph{*z} in a monosyllable, then deletes the \emph{*z} after any vowel in a mon
Germanic/docs/sound_changes/reader_facing/reader_facing_local_section_20.md:1416	## \CAPRRuleHeading{SC097. Northern monosyllabic final \emph{*z}-loss}{MonosyllabicFinalZLoss} {#rule-MonosyllabicFinalZLoss}	*kūz		notation_or_segment	no	no	non-formlike fragment or segment	The rule first lengthens a short nucleus standing immediately before word-final \emph{*z} in a monosyllable, then deletes the \emph{*z} after any vowel in a mon
Germanic/docs/sound_changes/reader_facing/reader_facing_local_section_20.md:1416	## \CAPRRuleHeading{SC097. Northern monosyllabic final \emph{*z}-loss}{MonosyllabicFinalZLoss} {#rule-MonosyllabicFinalZLoss}	*mai		notation_or_segment	no	no	non-formlike fragment or segment	The rule first lengthens a short nucleus standing immediately before word-final \emph{*z} in a monosyllable, then deletes the \emph{*z} after any vowel in a mon
Germanic/docs/sound_changes/reader_facing/reader_facing_local_section_20.md:1416	## \CAPRRuleHeading{SC097. Northern monosyllabic final \emph{*z}-loss}{MonosyllabicFinalZLoss} {#rule-MonosyllabicFinalZLoss}	*maiz		notation_or_segment	no	no	non-formlike fragment or segment	The rule first lengthens a short nucleus standing immediately before word-final \emph{*z} in a monosyllable, then deletes the \emph{*z} after any vowel in a mon
Germanic/docs/sound_changes/reader_facing/reader_facing_local_section_20.md:1416	## \CAPRRuleHeading{SC097. Northern monosyllabic final \emph{*z}-loss}{MonosyllabicFinalZLoss} {#rule-MonosyllabicFinalZLoss}	*mā	oe	notation_or_segment	no	no	non-formlike fragment or segment	The rule first lengthens a short nucleus standing immediately before word-final \emph{*z} in a monosyllable, then deletes the \emph{*z} after any vowel in a mon
Germanic/docs/sound_changes/reader_facing/reader_facing_local_section_20.md:1416	## \CAPRRuleHeading{SC097. Northern monosyllabic final \emph{*z}-loss}{MonosyllabicFinalZLoss} {#rule-MonosyllabicFinalZLoss}	*z		notation_or_segment	no	no	non-formlike fragment or segment	The rule first lengthens a short nucleus standing immediately before word-final \emph{*z} in a monosyllable, then deletes the \emph{*z} after any vowel in a mon
Germanic/docs/sound_changes/reader_facing/reader_facing_local_section_20.md:1416	## \CAPRRuleHeading{SC097. Northern monosyllabic final \emph{*z}-loss}{MonosyllabicFinalZLoss} {#rule-MonosyllabicFinalZLoss}	*ā		notation_or_segment	no	no	non-formlike fragment or segment	The rule first lengthens a short nucleus standing immediately before word-final \emph{*z} in a monosyllable, then deletes the \emph{*z} after any vowel in a mon
Germanic/docs/sound_changes/reader_facing/reader_facing_local_section_20.md:1418	## \CAPRRuleHeading{SC097. Northern monosyllabic final \emph{*z}-loss}{MonosyllabicFinalZLoss} {#rule-MonosyllabicFinalZLoss}	*-z	pwgmc	notation_or_segment	no	no	notation or compound expression	The corpus derivation of *hwā* 'who' now fixes this rule's position empirically as well as philologically. It stands after [SC020 EAFFinalZDeletion](#rule-EAFFi
Germanic/docs/sound_changes/reader_facing/reader_facing_local_section_20.md:1418	## \CAPRRuleHeading{SC097. Northern monosyllabic final \emph{*z}-loss}{MonosyllabicFinalZLoss} {#rule-MonosyllabicFinalZLoss}	*déuzą	pwgmc	diagnostic_comparator	yes	yes	diagnostic comparison in reader-facing prose	The corpus derivation of *hwā* 'who' now fixes this rule's position empirically as well as philologically. It stands after [SC020 EAFFinalZDeletion](#rule-EAFFi
Germanic/docs/sound_changes/reader_facing/reader_facing_local_section_20.md:1418	## \CAPRRuleHeading{SC097. Northern monosyllabic final \emph{*z}-loss}{MonosyllabicFinalZLoss} {#rule-MonosyllabicFinalZLoss}	*dēor	oe	notation_or_segment	no	no	non-formlike fragment or segment	The corpus derivation of *hwā* 'who' now fixes this rule's position empirically as well as philologically. It stands after [SC020 EAFFinalZDeletion](#rule-EAFFi
Germanic/docs/sound_changes/reader_facing/reader_facing_local_section_20.md:1418	## \CAPRRuleHeading{SC097. Northern monosyllabic final \emph{*z}-loss}{MonosyllabicFinalZLoss} {#rule-MonosyllabicFinalZLoss}	*hwar	pwgmc	notation_or_segment	no	no	non-formlike fragment or segment	The corpus derivation of *hwā* 'who' now fixes this rule's position empirically as well as philologically. It stands after [SC020 EAFFinalZDeletion](#rule-EAFFi
Germanic/docs/sound_changes/reader_facing/reader_facing_local_section_20.md:1418	## \CAPRRuleHeading{SC097. Northern monosyllabic final \emph{*z}-loss}{MonosyllabicFinalZLoss} {#rule-MonosyllabicFinalZLoss}	*hwaz	pwgmc	notation_or_segment	no	no	non-formlike fragment or segment	The corpus derivation of *hwā* 'who' now fixes this rule's position empirically as well as philologically. It stands after [SC020 EAFFinalZDeletion](#rule-EAFFi
Germanic/docs/sound_changes/reader_facing/reader_facing_local_section_20.md:1418	## \CAPRRuleHeading{SC097. Northern monosyllabic final \emph{*z}-loss}{MonosyllabicFinalZLoss} {#rule-MonosyllabicFinalZLoss}	*z	pwgmc	notation_or_segment	no	no	non-formlike fragment or segment	The corpus derivation of *hwā* 'who' now fixes this rule's position empirically as well as philologically. It stands after [SC020 EAFFinalZDeletion](#rule-EAFFi
Germanic/docs/sound_changes/reader_facing/reader_facing_local_section_20.md:1418	## \CAPRRuleHeading{SC097. Northern monosyllabic final \emph{*z}-loss}{MonosyllabicFinalZLoss} {#rule-MonosyllabicFinalZLoss}	-r	pgmc	notation_or_segment	no	no	notation or compound expression	The corpus derivation of *hwā* 'who' now fixes this rule's position empirically as well as philologically. It stands after [SC020 EAFFinalZDeletion](#rule-EAFFi
Germanic/docs/sound_changes/reader_facing/reader_facing_local_section_20.md:1418	## \CAPRRuleHeading{SC097. Northern monosyllabic final \emph{*z}-loss}{MonosyllabicFinalZLoss} {#rule-MonosyllabicFinalZLoss}	deer	pgmc	diagnostic_comparator	no	yes	diagnostic comparison in reader-facing prose	The corpus derivation of *hwā* 'who' now fixes this rule's position empirically as well as philologically. It stands after [SC020 EAFFinalZDeletion](#rule-EAFFi
Germanic/docs/sound_changes/reader_facing/reader_facing_local_section_20.md:142	## \CAPRRuleHeading{SC103. Proto-Germanic nasal loss before \*x}{PGmcNasalLossBeforeX} {#rule-PGmcNasalLossBeforeX}	*ī	pgmc	notation_or_segment	no	no	non-formlike fragment or segment	written [ī]{.recon} and [ū]{.recon}, because the nasality of the high vowels has
Germanic/docs/sound_changes/reader_facing/reader_facing_local_section_20.md:142	## \CAPRRuleHeading{SC103. Proto-Germanic nasal loss before \*x}{PGmcNasalLossBeforeX} {#rule-PGmcNasalLossBeforeX}	*ū	pgmc	notation_or_segment	no	no	non-formlike fragment or segment	written [ī]{.recon} and [ū]{.recon}, because the nasality of the high vowels has
Germanic/docs/sound_changes/reader_facing/reader_facing_local_section_20.md:1426	## Historical discussion	*r	pwgmc	notation_or_segment	no	no	non-formlike fragment or segment	Bammesberger states that Germanic \emph{*z} yielded \emph{*r} in intervocalic position in Old English, while final \emph{*z} was generally lost [@Bammesberger19
Germanic/docs/sound_changes/reader_facing/reader_facing_local_section_20.md:1426	## Historical discussion	*z	pwgmc	notation_or_segment	no	no	non-formlike fragment or segment	Bammesberger states that Germanic \emph{*z} yielded \emph{*r} in intervocalic position in Old English, while final \emph{*z} was generally lost [@Bammesberger19
Germanic/docs/sound_changes/reader_facing/reader_facing_local_section_20.md:1428	## Historical discussion	*r	pwgmc	notation_or_segment	no	no	non-formlike fragment or segment	The internal identifier [SC003 EAFRhotacism](#rule-EAFRhotacism) places the change in CAPR's Early Anglo-Frisian corridor, the operational post-Proto-West-Germa
Germanic/docs/sound_changes/reader_facing/reader_facing_local_section_20.md:1428	## Historical discussion	*z	pwgmc	notation_or_segment	no	no	non-formlike fragment or segment	The internal identifier [SC003 EAFRhotacism](#rule-EAFRhotacism) places the change in CAPR's Early Anglo-Frisian corridor, the operational post-Proto-West-Germa
Germanic/docs/sound_changes/reader_facing/reader_facing_local_section_20.md:1438	## SC003. West Germanic rhotacism (`EAFRhotacism`) {#rule-EAFRhotacism}	*liorna	preoe	expected_output	no	yes	failure-pattern expected output	Breaking supplies the decisive upper boundary. If rhotacism is delayed until after [SC044 OEBreaking](#rule-OEBreaking), PGmc [líznōjaną]{.recon} ‘learn’ yields
Germanic/docs/sound_changes/reader_facing/reader_facing_local_section_20.md:1438	## SC003. West Germanic rhotacism (`EAFRhotacism`) {#rule-EAFRhotacism}	*liornaþ	preoe	expected_output	no	yes	failure-pattern expected output	Breaking supplies the decisive upper boundary. If rhotacism is delayed until after [SC044 OEBreaking](#rule-OEBreaking), PGmc [líznōjaną]{.recon} ‘learn’ yields
Germanic/docs/sound_changes/reader_facing/reader_facing_local_section_20.md:1438	## SC003. West Germanic rhotacism (`EAFRhotacism`) {#rule-EAFRhotacism}	*liornian	preoe	expected_output	no	yes	failure-pattern expected output	Breaking supplies the decisive upper boundary. If rhotacism is delayed until after [SC044 OEBreaking](#rule-OEBreaking), PGmc [líznōjaną]{.recon} ‘learn’ yields
Germanic/docs/sound_changes/reader_facing/reader_facing_local_section_20.md:1438	## SC003. West Germanic rhotacism (`EAFRhotacism`) {#rule-EAFRhotacism}	*lirna	preoe	yielded_output	no	yes	failure-pattern yielded output	Breaking supplies the decisive upper boundary. If rhotacism is delayed until after [SC044 OEBreaking](#rule-OEBreaking), PGmc [líznōjaną]{.recon} ‘learn’ yields
Germanic/docs/sound_changes/reader_facing/reader_facing_local_section_20.md:1438	## SC003. West Germanic rhotacism (`EAFRhotacism`) {#rule-EAFRhotacism}	*lirnaþ	preoe	yielded_output	no	yes	failure-pattern yielded output	Breaking supplies the decisive upper boundary. If rhotacism is delayed until after [SC044 OEBreaking](#rule-OEBreaking), PGmc [líznōjaną]{.recon} ‘learn’ yields
Germanic/docs/sound_changes/reader_facing/reader_facing_local_section_20.md:1438	## SC003. West Germanic rhotacism (`EAFRhotacism`) {#rule-EAFRhotacism}	*lirnian	preoe	yielded_output	no	yes	failure-pattern yielded output	Breaking supplies the decisive upper boundary. If rhotacism is delayed until after [SC044 OEBreaking](#rule-OEBreaking), PGmc [líznōjaną]{.recon} ‘learn’ yields
Germanic/docs/sound_changes/reader_facing/reader_facing_local_section_20.md:1438	## SC003. West Germanic rhotacism (`EAFRhotacism`) {#rule-EAFRhotacism}	*líznô	pgmc	example_input	yes	yes	failure-pattern selected input	Breaking supplies the decisive upper boundary. If rhotacism is delayed until after [SC044 OEBreaking](#rule-OEBreaking), PGmc [líznōjaną]{.recon} ‘learn’ yields
Germanic/docs/sound_changes/reader_facing/reader_facing_local_section_20.md:1438	## SC003. West Germanic rhotacism (`EAFRhotacism`) {#rule-EAFRhotacism}	*líznōjaną	pgmc	example_input	yes	yes	failure-pattern selected input	Breaking supplies the decisive upper boundary. If rhotacism is delayed until after [SC044 OEBreaking](#rule-OEBreaking), PGmc [líznōjaną]{.recon} ‘learn’ yields
Germanic/docs/sound_changes/reader_facing/reader_facing_local_section_20.md:1438	## SC003. West Germanic rhotacism (`EAFRhotacism`) {#rule-EAFRhotacism}	*líznōθi	pgmc	example_input	yes	yes	failure-pattern selected input	Breaking supplies the decisive upper boundary. If rhotacism is delayed until after [SC044 OEBreaking](#rule-OEBreaking), PGmc [líznōjaną]{.recon} ‘learn’ yields
Germanic/docs/sound_changes/reader_facing/reader_facing_local_section_20.md:1438	## SC003. West Germanic rhotacism (`EAFRhotacism`) {#rule-EAFRhotacism}	*meorde	preoe	expected_output	no	yes	failure-pattern expected output	Breaking supplies the decisive upper boundary. If rhotacism is delayed until after [SC044 OEBreaking](#rule-OEBreaking), PGmc [líznōjaną]{.recon} ‘learn’ yields
Germanic/docs/sound_changes/reader_facing/reader_facing_local_section_20.md:1438	## SC003. West Germanic rhotacism (`EAFRhotacism`) {#rule-EAFRhotacism}	*merde	preoe	yielded_output	no	yes	failure-pattern yielded output	Breaking supplies the decisive upper boundary. If rhotacism is delayed until after [SC044 OEBreaking](#rule-OEBreaking), PGmc [líznōjaną]{.recon} ‘learn’ yields
Germanic/docs/sound_changes/reader_facing/reader_facing_local_section_20.md:1438	## SC003. West Germanic rhotacism (`EAFRhotacism`) {#rule-EAFRhotacism}	*mízdai	pgmc	example_input	yes	yes	failure-pattern selected input	Breaking supplies the decisive upper boundary. If rhotacism is delayed until after [SC044 OEBreaking](#rule-OEBreaking), PGmc [líznōjaną]{.recon} ‘learn’ yields
Germanic/docs/sound_changes/reader_facing/reader_facing_local_section_20.md:144	## \CAPRRuleHeading{SC103. Proto-Germanic nasal loss before \*x}{PGmcNasalLossBeforeX} {#rule-PGmcNasalLossBeforeX}	*ī	pgmc	notation_or_segment	no	no	non-formlike fragment or segment	[ī]{.recon} and [ū]{.recon} do [@Campbell1959, p. 47, §121]. The nasality of the
Germanic/docs/sound_changes/reader_facing/reader_facing_local_section_20.md:144	## \CAPRRuleHeading{SC103. Proto-Germanic nasal loss before \*x}{PGmcNasalLossBeforeX} {#rule-PGmcNasalLossBeforeX}	*ū	pgmc	notation_or_segment	no	no	non-formlike fragment or segment	[ī]{.recon} and [ū]{.recon} do [@Campbell1959, p. 47, §121]. The nasality of the
Germanic/docs/sound_changes/reader_facing/reader_facing_local_section_20.md:1440	## SC003. West Germanic rhotacism (`EAFRhotacism`) {#rule-EAFRhotacism}	*r		notation_or_segment	no	no	non-formlike fragment or segment	The lexical evidence thus supplies a terminus ante quem but no terminus post quem. The lower boundary rests on the historical analyses cited above: Ringe and Ta
Germanic/docs/sound_changes/reader_facing/reader_facing_local_section_20.md:1440	## SC003. West Germanic rhotacism (`EAFRhotacism`) {#rule-EAFRhotacism}	*z		notation_or_segment	no	no	non-formlike fragment or segment	The lexical evidence thus supplies a terminus ante quem but no terminus post quem. The lower boundary rests on the historical analyses cited above: Ringe and Ta
Germanic/docs/sound_changes/reader_facing/reader_facing_local_section_20.md:1448	## Historical discussion	n	oe	notation_or_segment	no	no	non-formlike fragment or segment	In the inherited \emph{n}-stem paradigm the zero-grade oblique cells brought
Germanic/docs/sound_changes/reader_facing/reader_facing_local_section_20.md:1450	## Historical discussion	mn	oe	notation_or_segment	no	no	non-formlike fragment or segment	labial nasal dissimilated to a labial spirant: \emph{mn} > \emph{βn} (surfacing
Germanic/docs/sound_changes/reader_facing/reader_facing_local_section_20.md:1450	## Historical discussion	βn	oe	diagnostic_comparator	no	yes	diagnostic comparison in reader-facing prose	labial nasal dissimilated to a labial spirant: \emph{mn} > \emph{βn} (surfacing
Germanic/docs/sound_changes/reader_facing/reader_facing_local_section_20.md:1451	## Historical discussion	fn	on	notation_or_segment	no	no	non-formlike fragment or segment	as \emph{fn}). Old Norse preserves the older paradigmatic distribution, with the
Germanic/docs/sound_changes/reader_facing/reader_facing_local_section_20.md:1452	## Historical discussion	himinn	oe	diagnostic_comparator	yes	yes	diagnostic comparison in reader-facing prose	labial confined to the oblique cluster (\emph{himinn} 'heaven' beside dative
Germanic/docs/sound_changes/reader_facing/reader_facing_local_section_20.md:1455	## Historical discussion	bn	oe	notation_or_segment	no	no	non-formlike fragment or segment	results are irregular and that reverse \emph{bn} > \emph{mn} is later well
Germanic/docs/sound_changes/reader_facing/reader_facing_local_section_20.md:1455	## Historical discussion	mn	oe	notation_or_segment	no	no	non-formlike fragment or segment	results are irregular and that reverse \emph{bn} > \emph{mn} is later well
Germanic/docs/sound_changes/reader_facing/reader_facing_local_section_20.md:1461	## Historical discussion	PNWGmc	pnwgmc	notation_or_segment	no	no	table metadata label	Germanic, not securely a pan-Northwest-Germanic innovation; `PNWGmc` remains a
Germanic/docs/sound_changes/reader_facing/reader_facing_local_section_20.md:1474	## SC022. Dissimilation of adjacent \emph{mn} (`PNWGmcMnDissimilation`) {#rule-PNWGmcMnDissimilation}	m	oe	notation_or_segment	no	no	non-formlike fragment or segment	The rule fires only where \emph{m} stands directly before \emph{n}. It supplies
Germanic/docs/sound_changes/reader_facing/reader_facing_local_section_20.md:1474	## SC022. Dissimilation of adjacent \emph{mn} (`PNWGmcMnDissimilation`) {#rule-PNWGmcMnDissimilation}	n	oe	notation_or_segment	no	no	non-formlike fragment or segment	The rule fires only where \emph{m} stands directly before \emph{n}. It supplies
Germanic/docs/sound_changes/reader_facing/reader_facing_local_section_20.md:1475	## SC022. Dissimilation of adjacent \emph{mn} (`PNWGmcMnDissimilation`) {#rule-PNWGmcMnDissimilation}	mn	oe	notation_or_segment	no	no	non-formlike fragment or segment	the labial of \emph{stefn} 'stem, trunk' from the \emph{mn}-cluster of the
Germanic/docs/sound_changes/reader_facing/reader_facing_local_section_20.md:1475	## SC022. Dissimilation of adjacent \emph{mn} (`PNWGmcMnDissimilation`) {#rule-PNWGmcMnDissimilation}	stefn	oe	diagnostic_comparator	yes	yes	diagnostic comparison in reader-facing prose	the labial of \emph{stefn} 'stem, trunk' from the \emph{mn}-cluster of the
Germanic/docs/sound_changes/reader_facing/reader_facing_local_section_20.md:1479	## SC022. Dissimilation of adjacent \emph{mn} (`PNWGmcMnDissimilation`) {#rule-PNWGmcMnDissimilation}	m	oe	notation_or_segment	no	no	non-formlike fragment or segment	cross-syllable formulation that labialized an intervocalic \emph{m} before a
Germanic/docs/sound_changes/reader_facing/reader_facing_local_section_20.md:148	## \CAPRRuleHeading{SC103. Proto-Germanic nasal loss before \*x}{PGmcNasalLossBeforeX} {#rule-PGmcNasalLossBeforeX}	*fúnxstiz	pgmc	diagnostic_comparator	yes	yes	diagnostic comparison in reader-facing prose	[fúnxstiz]{.recon} ‘fist’, which becomes [fū́xsti]{.recon} ‘fist’ and, after the loss of
Germanic/docs/sound_changes/reader_facing/reader_facing_local_section_20.md:148	## \CAPRRuleHeading{SC103. Proto-Germanic nasal loss before \*x}{PGmcNasalLossBeforeX} {#rule-PGmcNasalLossBeforeX}	*fū́xsti	pgmc	diagnostic_comparator	no	yes	diagnostic comparison in reader-facing prose	[fúnxstiz]{.recon} ‘fist’, which becomes [fū́xsti]{.recon} ‘fist’ and, after the loss of
Germanic/docs/sound_changes/reader_facing/reader_facing_local_section_20.md:1483	## SC022. Dissimilation of adjacent \emph{mn} (`PNWGmcMnDissimilation`) {#rule-PNWGmcMnDissimilation}	mn	oe	notation_or_segment	no	no	non-formlike fragment or segment	Moving [SC022 PNWGmcMnDissimilation](#rule-PNWGmcMnDissimilation) earlier or later leaves every output unchanged. Its executable place in this holding zone is t
Germanic/docs/sound_changes/reader_facing/reader_facing_local_section_20.md:149	## \CAPRRuleHeading{SC103. Proto-Germanic nasal loss before \*x}{PGmcNasalLossBeforeX} {#rule-PGmcNasalLossBeforeX}	*x	pgmc	notation_or_segment	no	no	non-formlike fragment or segment	[x]{.recon} before the cluster in
Germanic/docs/sound_changes/reader_facing/reader_facing_local_section_20.md:1491	## Historical discussion	*-ǭ	pwgmc	notation_or_segment	no	no	notation or compound expression	The change isolated here is far older than its position in the cascade suggests: it is the general (pre-)Proto-Germanic loss of word-final \emph{*n}, with nasal
Germanic/docs/sound_changes/reader_facing/reader_facing_local_section_20.md:1491	## Historical discussion	*dedǭ	pwgmc	notation_or_segment	no	no	non-formlike fragment or segment	The change isolated here is far older than its position in the cascade suggests: it is the general (pre-)Proto-Germanic loss of word-final \emph{*n}, with nasal
Germanic/docs/sound_changes/reader_facing/reader_facing_local_section_20.md:1491	## Historical discussion	*juką	pwgmc	notation_or_segment	no	no	non-formlike fragment or segment	The change isolated here is far older than its position in the cascade suggests: it is the general (pre-)Proto-Germanic loss of word-final \emph{*n}, with nasal
Germanic/docs/sound_changes/reader_facing/reader_facing_local_section_20.md:1491	## Historical discussion	*n	pwgmc	notation_or_segment	no	no	non-formlike fragment or segment	The change isolated here is far older than its position in the cascade suggests: it is the general (pre-)Proto-Germanic loss of word-final \emph{*n}, with nasal
Germanic/docs/sound_changes/reader_facing/reader_facing_local_section_20.md:1491	## Historical discussion	*tón	pwgmc	notation_or_segment	no	no	non-formlike fragment or segment	The change isolated here is far older than its position in the cascade suggests: it is the general (pre-)Proto-Germanic loss of word-final \emph{*n}, with nasal
Germanic/docs/sound_changes/reader_facing/reader_facing_local_section_20.md:1491	## Historical discussion	*yugón	pwgmc	model_stage	no	yes	development-chain modeled stage	The change isolated here is far older than its position in the cascade suggests: it is the general (pre-)Proto-Germanic loss of word-final \emph{*n}, with nasal
Germanic/docs/sound_changes/reader_facing/reader_facing_local_section_20.md:1491	## Historical discussion	*þanǭ	pwgmc	notation_or_segment	no	no	non-formlike fragment or segment	The change isolated here is far older than its position in the cascade suggests: it is the general (pre-)Proto-Germanic loss of word-final \emph{*n}, with nasal
Germanic/docs/sound_changes/reader_facing/reader_facing_local_section_20.md:1491	## Historical discussion	-e	oe	notation_or_segment	no	no	notation or compound expression	The change isolated here is far older than its position in the cascade suggests: it is the general (pre-)Proto-Germanic loss of word-final \emph{*n}, with nasal
Germanic/docs/sound_changes/reader_facing/reader_facing_local_section_20.md:1491	## Historical discussion	tuggo	goth	yielded_output	no	yes	yielded outcome in explanatory prose	The change isolated here is far older than its position in the cascade suggests: it is the general (pre-)Proto-Germanic loss of word-final \emph{*n}, with nasal
Germanic/docs/sound_changes/reader_facing/reader_facing_local_section_20.md:1493	## Historical discussion	*-n	pgmc	notation_or_segment	no	no	notation or compound expression	Within the present corpus the change surfaces in exactly one shape: the weak nouns are cited in the stem form \emph{*-ōn-}, and this rule carries them to the Pr
Germanic/docs/sound_changes/reader_facing/reader_facing_local_section_20.md:1493	## Historical discussion	*-ô	pgmc	notation_or_segment	no	no	notation or compound expression	Within the present corpus the change surfaces in exactly one shape: the weak nouns are cited in the stem form \emph{*-ōn-}, and this rule carries them to the Pr
Germanic/docs/sound_changes/reader_facing/reader_facing_local_section_20.md:1493	## Historical discussion	*-ōn	pgmc	notation_or_segment	no	no	notation or compound expression	Within the present corpus the change surfaces in exactly one shape: the weak nouns are cited in the stem form \emph{*-ōn-}, and this rule carries them to the Pr
Germanic/docs/sound_changes/reader_facing/reader_facing_local_section_20.md:1493	## Historical discussion	*-ōn-	pgmc	notation_or_segment	no	no	notation or compound expression	Within the present corpus the change surfaces in exactly one shape: the weak nouns are cited in the stem form \emph{*-ōn-}, and this rule carries them to the Pr
Germanic/docs/sound_changes/reader_facing/reader_facing_local_section_20.md:1493	## Historical discussion	*-ǭ	pgmc	notation_or_segment	no	no	notation or compound expression	Within the present corpus the change surfaces in exactly one shape: the weak nouns are cited in the stem form \emph{*-ōn-}, and this rule carries them to the Pr
Germanic/docs/sound_changes/reader_facing/reader_facing_local_section_20.md:1493	## Historical discussion	*nigun	pgmc	model_stage	no	yes	development-chain modeled stage	Within the present corpus the change surfaces in exactly one shape: the weak nouns are cited in the stem form \emph{*-ōn-}, and this rule carries them to the Pr
Germanic/docs/sound_changes/reader_facing/reader_facing_local_section_20.md:1493	## Historical discussion	*sebun	pgmc	model_stage	no	yes	development-chain modeled stage	Within the present corpus the change surfaces in exactly one shape: the weak nouns are cited in the stem form \emph{*-ōn-}, and this rule carries them to the Pr
Germanic/docs/sound_changes/reader_facing/reader_facing_local_section_20.md:1493	## Historical discussion	*tehun	pgmc	model_stage	no	yes	development-chain modeled stage	Within the present corpus the change surfaces in exactly one shape: the weak nouns are cited in the stem form \emph{*-ōn-}, and this rule carries them to the Pr
Germanic/docs/sound_changes/reader_facing/reader_facing_local_section_20.md:1493	## Historical discussion	*túngōn	pgmc	model_stage	yes	yes	development-chain modeled stage	Within the present corpus the change surfaces in exactly one shape: the weak nouns are cited in the stem form \emph{*-ōn-}, and this rule carries them to the Pr
Germanic/docs/sound_changes/reader_facing/reader_facing_local_section_20.md:1493	## Historical discussion	*túngǭ	pgmc	model_stage	no	yes	development-chain modeled stage	Within the present corpus the change surfaces in exactly one shape: the weak nouns are cited in the stem form \emph{*-ōn-}, and this rule carries them to the Pr
Germanic/docs/sound_changes/reader_facing/reader_facing_local_section_20.md:1493	## Historical discussion	-n	pgmc	notation_or_segment	no	no	notation or compound expression	Within the present corpus the change surfaces in exactly one shape: the weak nouns are cited in the stem form \emph{*-ōn-}, and this rule carries them to the Pr
Germanic/docs/sound_changes/reader_facing/reader_facing_local_section_20.md:1503	## SC023. Loss of word-final \emph{*n} after \emph{*ō} (`PNWGmcNStemNLoss`) {#rule-PNWGmcNStemNLoss}	*-n	pgmc	notation_or_segment	no	no	notation or compound expression	The verb *dōn* 'do' supplies the negative, counterfeeding witness for the chronology. PGmc [dōną]{.recon} 'do' passes this rule untouched; only [SC047 OEHeavySy
Germanic/docs/sound_changes/reader_facing/reader_facing_local_section_20.md:1503	## SC023. Loss of word-final \emph{*n} after \emph{*ō} (`PNWGmcNStemNLoss`) {#rule-PNWGmcNStemNLoss}	*-ōn	pgmc	notation_or_segment	no	no	notation or compound expression	The verb *dōn* 'do' supplies the negative, counterfeeding witness for the chronology. PGmc [dōną]{.recon} 'do' passes this rule untouched; only [SC047 OEHeavySy
Germanic/docs/sound_changes/reader_facing/reader_facing_local_section_20.md:1503	## SC023. Loss of word-final \emph{*n} after \emph{*ō} (`PNWGmcNStemNLoss`) {#rule-PNWGmcNStemNLoss}	*dōną	pgmc	notation_or_segment	yes	no	non-formlike fragment or segment	The verb *dōn* 'do' supplies the negative, counterfeeding witness for the chronology. PGmc [dōną]{.recon} 'do' passes this rule untouched; only [SC047 OEHeavySy
Germanic/docs/sound_changes/reader_facing/reader_facing_local_section_20.md:1503	## SC023. Loss of word-final \emph{*n} after \emph{*ō} (`PNWGmcNStemNLoss`) {#rule-PNWGmcNStemNLoss}	*ą	pgmc	notation_or_segment	no	no	non-formlike fragment or segment	The verb *dōn* 'do' supplies the negative, counterfeeding witness for the chronology. PGmc [dōną]{.recon} 'do' passes this rule untouched; only [SC047 OEHeavySy
Germanic/docs/sound_changes/reader_facing/reader_facing_local_section_20.md:1503	## SC023. Loss of word-final \emph{*n} after \emph{*ō} (`PNWGmcNStemNLoss`) {#rule-PNWGmcNStemNLoss}	+	pgmc	notation_or_segment	no	no	non-formlike fragment or segment	The verb *dōn* 'do' supplies the negative, counterfeeding witness for the chronology. PGmc [dōną]{.recon} 'do' passes this rule untouched; only [SC047 OEHeavySy
Germanic/docs/sound_changes/reader_facing/reader_facing_local_section_20.md:1503	## SC023. Loss of word-final \emph{*n} after \emph{*ō} (`PNWGmcNStemNLoss`) {#rule-PNWGmcNStemNLoss}	do	pgmc	notation_or_segment	no	no	non-formlike fragment or segment	The verb *dōn* 'do' supplies the negative, counterfeeding witness for the chronology. PGmc [dōną]{.recon} 'do' passes this rule untouched; only [SC047 OEHeavySy
Germanic/docs/sound_changes/reader_facing/reader_facing_local_section_20.md:1505	## SC023. Loss of word-final \emph{*n} after \emph{*ō} (`PNWGmcNStemNLoss`) {#rule-PNWGmcNStemNLoss}	-n	pgmc	notation_or_segment	no	no	notation or compound expression	The retained \emph{-n} of *dōn* 'do' therefore supplies a terminus ante quem for the loss — it must be dead before the apocope — while the seventeen weak nouns 
Germanic/docs/sound_changes/reader_facing/reader_facing_local_section_20.md:1520	## Historical discussion	*x	pgmc	notation_or_segment	no	no	non-formlike fragment or segment	this book, on the Proto-Germanic loss of a nasal before [x]{.recon}. Its results
Germanic/docs/sound_changes/reader_facing/reader_facing_local_section_20.md:1521	## Historical discussion	*a		notation_or_segment	no	no	non-formlike fragment or segment	are shared by every daughter language, and only [a]{.recon}, [i]{.recon} and
Germanic/docs/sound_changes/reader_facing/reader_facing_local_section_20.md:1521	## Historical discussion	*i		notation_or_segment	no	no	non-formlike fragment or segment	are shared by every daughter language, and only [a]{.recon}, [i]{.recon} and
Germanic/docs/sound_changes/reader_facing/reader_facing_local_section_20.md:1522	## Historical discussion	*u		notation_or_segment	no	no	non-formlike fragment or segment	[u]{.recon} occur in its input
Germanic/docs/sound_changes/reader_facing/reader_facing_local_section_20.md:1529	## Historical discussion	*mf		notation_or_segment	no	no	non-formlike fragment or segment	groups [mf]{.recon}, [ns]{.recon} and [nþ]{.recon} likewise reject the nasal with
Germanic/docs/sound_changes/reader_facing/reader_facing_local_section_20.md:1529	## Historical discussion	*ns		notation_or_segment	no	no	non-formlike fragment or segment	groups [mf]{.recon}, [ns]{.recon} and [nþ]{.recon} likewise reject the nasal with
Germanic/docs/sound_changes/reader_facing/reader_facing_local_section_20.md:1529	## Historical discussion	*nþ		notation_or_segment	no	no	non-formlike fragment or segment	groups [mf]{.recon}, [ns]{.recon} and [nþ]{.recon} likewise reject the nasal with
Germanic/docs/sound_changes/reader_facing/reader_facing_local_section_20.md:153	## \CAPRRuleHeading{SC103. Proto-Germanic nasal loss before \*x}{PGmcNasalLossBeforeX} {#rule-PGmcNasalLossBeforeX}	*xst	pgmc	notation_or_segment	no	no	non-formlike fragment or segment	[@Kroonen2013, p. 160]. The rule also supplies the [xst]{.recon} cluster on
Germanic/docs/sound_changes/reader_facing/reader_facing_local_section_20.md:1534	## Historical discussion	*gans		notation_or_segment	yes	no	non-formlike fragment or segment	[gans]{.recon} ‘goose’ and [jugunþi]{.recon} ‘youth’
Germanic/docs/sound_changes/reader_facing/reader_facing_local_section_20.md:1534	## Historical discussion	*jugunþi		diagnostic_comparator	yes	yes	diagnostic comparison in reader-facing prose	[gans]{.recon} ‘goose’ and [jugunþi]{.recon} ‘youth’
Germanic/docs/sound_changes/reader_facing/reader_facing_local_section_20.md:154	## \CAPRRuleHeading{SC103. Proto-Germanic nasal loss before \*x}{PGmcNasalLossBeforeX} {#rule-PGmcNasalLossBeforeX}	*x	pgmc	notation_or_segment	no	no	non-formlike fragment or segment	which the loss of [x]{.recon} before a consonant operates, so the two stand in a
Germanic/docs/sound_changes/reader_facing/reader_facing_local_section_20.md:1544	## Historical discussion	*funhsti-		notation_or_segment	no	no	notation or compound expression	‘goose’, *ōþer* ‘other’, *ġeoguþ* ‘youth’. On this test [funhsti-]{.recon}
Germanic/docs/sound_changes/reader_facing/reader_facing_local_section_20.md:1549	## Historical discussion	*a		notation_or_segment	no	no	non-formlike fragment or segment	Where the vowel was [a]{.recon}, the long nasalized vowel that this law produced
Germanic/docs/sound_changes/reader_facing/reader_facing_local_section_20.md:1560	## Historical discussion	*ai		notation_or_segment	no	no	non-formlike fragment or segment	from [ai]{.recon} [@Fulk2018, p. 55, §4.1]. Ringe and Taylor take the
Germanic/docs/sound_changes/reader_facing/reader_facing_local_section_20.md:157	## \CAPRRuleHeading{SC103. Proto-Germanic nasal loss before \*x}{PGmcNasalLossBeforeX} {#rule-PGmcNasalLossBeforeX}	*θánxtē	pgmc	diagnostic_comparator	yes	yes	diagnostic comparison in reader-facing prose	The low branch is [θánxtē]{.recon} ‘thought’, the preterite of the verb ‘to think’, whose
Germanic/docs/sound_changes/reader_facing/reader_facing_local_section_20.md:158	## \CAPRRuleHeading{SC103. Proto-Germanic nasal loss before \*x}{PGmcNasalLossBeforeX} {#rule-PGmcNasalLossBeforeX}	*þanhtē	pgmc	diagnostic_comparator	no	yes	diagnostic comparison in reader-facing prose	principal parts are reconstructed as [þankijaną]{.recon} ‘to think’, [þanhtē]{.recon} ‘thought’,
Germanic/docs/sound_changes/reader_facing/reader_facing_local_section_20.md:158	## \CAPRRuleHeading{SC103. Proto-Germanic nasal loss before \*x}{PGmcNasalLossBeforeX} {#rule-PGmcNasalLossBeforeX}	*þankijaną	pgmc	diagnostic_comparator	no	yes	diagnostic comparison in reader-facing prose	principal parts are reconstructed as [þankijaną]{.recon} ‘to think’, [þanhtē]{.recon} ‘thought’,
Germanic/docs/sound_changes/reader_facing/reader_facing_local_section_20.md:1589	## \CAPRRuleHeading{SC026. North Sea Germanic nasal-spirant law, first step}{EAFNasalSpirantLengthening} {#rule-EAFNasalSpirantLengthening}	*f		notation_or_segment	no	no	non-formlike fragment or segment	The environment is nasal plus [f]{.recon}, [þ]{.recon} or [s]{.recon}. The
Germanic/docs/sound_changes/reader_facing/reader_facing_local_section_20.md:1589	## \CAPRRuleHeading{SC026. North Sea Germanic nasal-spirant law, first step}{EAFNasalSpirantLengthening} {#rule-EAFNasalSpirantLengthening}	*s		notation_or_segment	no	no	non-formlike fragment or segment	The environment is nasal plus [f]{.recon}, [þ]{.recon} or [s]{.recon}. The
Germanic/docs/sound_changes/reader_facing/reader_facing_local_section_20.md:1589	## \CAPRRuleHeading{SC026. North Sea Germanic nasal-spirant law, first step}{EAFNasalSpirantLengthening} {#rule-EAFNasalSpirantLengthening}	*þ		notation_or_segment	no	no	non-formlike fragment or segment	The environment is nasal plus [f]{.recon}, [þ]{.recon} or [s]{.recon}. The
Germanic/docs/sound_changes/reader_facing/reader_facing_local_section_20.md:159	## \CAPRRuleHeading{SC103. Proto-Germanic nasal loss before \*x}{PGmcNasalLossBeforeX} {#rule-PGmcNasalLossBeforeX}	*þanhtaz	pgmc	diagnostic_comparator	no	yes	diagnostic comparison in reader-facing prose	[þanhtaz]{.recon} ‘thought (past participle)’ with the nasal still standing before the fricative
Germanic/docs/sound_changes/reader_facing/reader_facing_local_section_20.md:1590	## \CAPRRuleHeading{SC026. North Sea Germanic nasal-spirant law, first step}{EAFNasalSpirantLengthening} {#rule-EAFNasalSpirantLengthening}	*x		notation_or_segment	no	no	non-formlike fragment or segment	fricative [x]{.recon} is excluded: nasal loss before [x]{.recon} is the earlier
Germanic/docs/sound_changes/reader_facing/reader_facing_local_section_20.md:1593	## \CAPRRuleHeading{SC026. North Sea Germanic nasal-spirant law, first step}{EAFNasalSpirantLengthening} {#rule-EAFNasalSpirantLengthening}	*mf		notation_or_segment	no	no	non-formlike fragment or segment	groups [mf]{.recon}, [ns]{.recon} and [nþ]{.recon}, Fulk says the change affects
Germanic/docs/sound_changes/reader_facing/reader_facing_local_section_20.md:1593	## \CAPRRuleHeading{SC026. North Sea Germanic nasal-spirant law, first step}{EAFNasalSpirantLengthening} {#rule-EAFNasalSpirantLengthening}	*ns		notation_or_segment	no	no	non-formlike fragment or segment	groups [mf]{.recon}, [ns]{.recon} and [nþ]{.recon}, Fulk says the change affects
Germanic/docs/sound_changes/reader_facing/reader_facing_local_section_20.md:1593	## \CAPRRuleHeading{SC026. North Sea Germanic nasal-spirant law, first step}{EAFNasalSpirantLengthening} {#rule-EAFNasalSpirantLengthening}	*nþ		notation_or_segment	no	no	non-formlike fragment or segment	groups [mf]{.recon}, [ns]{.recon} and [nþ]{.recon}, Fulk says the change affects
Germanic/docs/sound_changes/reader_facing/reader_facing_local_section_20.md:1594	## \CAPRRuleHeading{SC026. North Sea Germanic nasal-spirant law, first step}{EAFNasalSpirantLengthening} {#rule-EAFNasalSpirantLengthening}	*mf		notation_or_segment	no	no	non-formlike fragment or segment	[mf]{.recon}, [ns]{.recon} and [nþ]{.recon}, Sievers and Brunner name the
Germanic/docs/sound_changes/reader_facing/reader_facing_local_section_20.md:1594	## \CAPRRuleHeading{SC026. North Sea Germanic nasal-spirant law, first step}{EAFNasalSpirantLengthening} {#rule-EAFNasalSpirantLengthening}	*ns		notation_or_segment	no	no	non-formlike fragment or segment	[mf]{.recon}, [ns]{.recon} and [nþ]{.recon}, Sievers and Brunner name the
Germanic/docs/sound_changes/reader_facing/reader_facing_local_section_20.md:1594	## \CAPRRuleHeading{SC026. North Sea Germanic nasal-spirant law, first step}{EAFNasalSpirantLengthening} {#rule-EAFNasalSpirantLengthening}	*nþ		notation_or_segment	no	no	non-formlike fragment or segment	[mf]{.recon}, [ns]{.recon} and [nþ]{.recon}, Sievers and Brunner name the
Germanic/docs/sound_changes/reader_facing/reader_facing_local_section_20.md:1595	## \CAPRRuleHeading{SC026. North Sea Germanic nasal-spirant law, first step}{EAFNasalSpirantLengthening} {#rule-EAFNasalSpirantLengthening}	*f		notation_or_segment	no	no	non-formlike fragment or segment	fricatives [f]{.recon}, [þ]{.recon} and [s]{.recon}, and no example in Ringe and
Germanic/docs/sound_changes/reader_facing/reader_facing_local_section_20.md:1595	## \CAPRRuleHeading{SC026. North Sea Germanic nasal-spirant law, first step}{EAFNasalSpirantLengthening} {#rule-EAFNasalSpirantLengthening}	*s		notation_or_segment	no	no	non-formlike fragment or segment	fricatives [f]{.recon}, [þ]{.recon} and [s]{.recon}, and no example in Ringe and
Germanic/docs/sound_changes/reader_facing/reader_facing_local_section_20.md:1595	## \CAPRRuleHeading{SC026. North Sea Germanic nasal-spirant law, first step}{EAFNasalSpirantLengthening} {#rule-EAFNasalSpirantLengthening}	*þ		notation_or_segment	no	no	non-formlike fragment or segment	fricatives [f]{.recon}, [þ]{.recon} and [s]{.recon}, and no example in Ringe and
Germanic/docs/sound_changes/reader_facing/reader_facing_local_section_20.md:1596	## \CAPRRuleHeading{SC026. North Sea Germanic nasal-spirant law, first step}{EAFNasalSpirantLengthening} {#rule-EAFNasalSpirantLengthening}	*x		notation_or_segment	no	no	non-formlike fragment or segment	Taylor's list contains [x]{.recon}
Germanic/docs/sound_changes/reader_facing/reader_facing_local_section_20.md:1599	## \CAPRRuleHeading{SC026. North Sea Germanic nasal-spirant law, first step}{EAFNasalSpirantLengthening} {#rule-EAFNasalSpirantLengthening}	*a		notation_or_segment	no	no	non-formlike fragment or segment	earlier change, only [a]{.recon}, [i]{.recon} and [u]{.recon} occur. The outcome
Germanic/docs/sound_changes/reader_facing/reader_facing_local_section_20.md:1599	## \CAPRRuleHeading{SC026. North Sea Germanic nasal-spirant law, first step}{EAFNasalSpirantLengthening} {#rule-EAFNasalSpirantLengthening}	*i		notation_or_segment	no	no	non-formlike fragment or segment	earlier change, only [a]{.recon}, [i]{.recon} and [u]{.recon} occur. The outcome
Germanic/docs/sound_changes/reader_facing/reader_facing_local_section_20.md:1599	## \CAPRRuleHeading{SC026. North Sea Germanic nasal-spirant law, first step}{EAFNasalSpirantLengthening} {#rule-EAFNasalSpirantLengthening}	*u		notation_or_segment	no	no	non-formlike fragment or segment	earlier change, only [a]{.recon}, [i]{.recon} and [u]{.recon} occur. The outcome
Germanic/docs/sound_changes/reader_facing/reader_facing_local_section_20.md:1600	## \CAPRRuleHeading{SC026. North Sea Germanic nasal-spirant law, first step}{EAFNasalSpirantLengthening} {#rule-EAFNasalSpirantLengthening}	*a		notation_or_segment	no	no	non-formlike fragment or segment	of [a]{.recon} is the long nasalized [ą̄]{.recon}, which
Germanic/docs/sound_changes/reader_facing/reader_facing_local_section_20.md:1600	## \CAPRRuleHeading{SC026. North Sea Germanic nasal-spirant law, first step}{EAFNasalSpirantLengthening} {#rule-EAFNasalSpirantLengthening}	*ą̄		notation_or_segment	no	no	non-formlike fragment or segment	of [a]{.recon} is the long nasalized [ą̄]{.recon}, which
Germanic/docs/sound_changes/reader_facing/reader_facing_local_section_20.md:1602	## \CAPRRuleHeading{SC026. North Sea Germanic nasal-spirant law, first step}{EAFNasalSpirantLengthening} {#rule-EAFNasalSpirantLengthening}	*i		notation_or_segment	no	no	non-formlike fragment or segment	outcomes of [i]{.recon} and [u]{.recon} are written [ī]{.recon} and [ū]{.recon},
Germanic/docs/sound_changes/reader_facing/reader_facing_local_section_20.md:1602	## \CAPRRuleHeading{SC026. North Sea Germanic nasal-spirant law, first step}{EAFNasalSpirantLengthening} {#rule-EAFNasalSpirantLengthening}	*u		notation_or_segment	no	no	non-formlike fragment or segment	outcomes of [i]{.recon} and [u]{.recon} are written [ī]{.recon} and [ū]{.recon},
Germanic/docs/sound_changes/reader_facing/reader_facing_local_section_20.md:1602	## \CAPRRuleHeading{SC026. North Sea Germanic nasal-spirant law, first step}{EAFNasalSpirantLengthening} {#rule-EAFNasalSpirantLengthening}	*ī		notation_or_segment	no	no	non-formlike fragment or segment	outcomes of [i]{.recon} and [u]{.recon} are written [ī]{.recon} and [ū]{.recon},
Germanic/docs/sound_changes/reader_facing/reader_facing_local_section_20.md:1602	## \CAPRRuleHeading{SC026. North Sea Germanic nasal-spirant law, first step}{EAFNasalSpirantLengthening} {#rule-EAFNasalSpirantLengthening}	*ū		notation_or_segment	no	no	non-formlike fragment or segment	outcomes of [i]{.recon} and [u]{.recon} are written [ī]{.recon} and [ū]{.recon},
Germanic/docs/sound_changes/reader_facing/reader_facing_local_section_20.md:1605	## \CAPRRuleHeading{SC026. North Sea Germanic nasal-spirant law, first step}{EAFNasalSpirantLengthening} {#rule-EAFNasalSpirantLengthening}	*gánsz	pgmc	diagnostic_comparator	yes	yes	diagnostic comparison in reader-facing prose	Two witnesses apply in the present corpus. PGmc [gánsz]{.recon} ‘goose’ becomes
Germanic/docs/sound_changes/reader_facing/reader_facing_local_section_20.md:1606	## \CAPRRuleHeading{SC026. North Sea Germanic nasal-spirant law, first step}{EAFNasalSpirantLengthening} {#rule-EAFNasalSpirantLengthening}	*gą̄ns	pgmc	diagnostic_comparator	no	yes	diagnostic comparison in reader-facing prose	[gą̄ns]{.recon} ‘goose’, and PGmc [júgunθ]{.recon} ‘youth’ becomes [júgūnθ]{.recon} ‘youth’. In
Germanic/docs/sound_changes/reader_facing/reader_facing_local_section_20.md:1606	## \CAPRRuleHeading{SC026. North Sea Germanic nasal-spirant law, first step}{EAFNasalSpirantLengthening} {#rule-EAFNasalSpirantLengthening}	*júgunθ	pgmc	diagnostic_comparator	yes	yes	diagnostic comparison in reader-facing prose	[gą̄ns]{.recon} ‘goose’, and PGmc [júgunθ]{.recon} ‘youth’ becomes [júgūnθ]{.recon} ‘youth’. In
Germanic/docs/sound_changes/reader_facing/reader_facing_local_section_20.md:1606	## \CAPRRuleHeading{SC026. North Sea Germanic nasal-spirant law, first step}{EAFNasalSpirantLengthening} {#rule-EAFNasalSpirantLengthening}	*júgūnθ	pgmc	diagnostic_comparator	no	yes	diagnostic comparison in reader-facing prose	[gą̄ns]{.recon} ‘goose’, and PGmc [júgunθ]{.recon} ‘youth’ becomes [júgūnθ]{.recon} ‘youth’. In
Germanic/docs/sound_changes/reader_facing/reader_facing_local_section_20.md:1609	## \CAPRRuleHeading{SC026. North Sea Germanic nasal-spirant law, first step}{EAFNasalSpirantLengthening} {#rule-EAFNasalSpirantLengthening}	*beranþi		example_input	no	yes	input stage in explanatory prose	Brunner note the same course in *beraþ* ‘they carry’ from [beranþi]{.recon} ‘they carry’
Germanic/docs/sound_changes/reader_facing/reader_facing_local_section_20.md:161	## \CAPRRuleHeading{SC103. Proto-Germanic nasal loss before \*x}{PGmcNasalLossBeforeX} {#rule-PGmcNasalLossBeforeX}	*θą̄xtē	pgmc	model_stage	no	yes	development-chain modeled stage	[θą̄xtē]{.recon} ‘thought’, and the nasalized low vowel is later rounded by
Germanic/docs/sound_changes/reader_facing/reader_facing_local_section_20.md:1610	## \CAPRRuleHeading{SC026. North Sea Germanic nasal-spirant law, first step}{EAFNasalSpirantLengthening} {#rule-EAFNasalSpirantLengthening}	*berōþ		diagnostic_comparator	no	yes	diagnostic comparison in reader-facing prose	through [berōþ]{.recon} ‘they carry’ [@SieversBrunner1965, p. 176, §186.1 Anm. 3;
Germanic/docs/sound_changes/reader_facing/reader_facing_local_section_20.md:1613	## \CAPRRuleHeading{SC026. North Sea Germanic nasal-spirant law, first step}{EAFNasalSpirantLengthening} {#rule-EAFNasalSpirantLengthening}	*gánsz	pgmc	model_stage	yes	yes	development-chain modeled stage	If the rule is stated after the loss of the nasal, PGmc [gánsz]{.recon} ‘goose’ yields
Germanic/docs/sound_changes/reader_facing/reader_facing_local_section_20.md:1614	## \CAPRRuleHeading{SC026. North Sea Germanic nasal-spirant law, first step}{EAFNasalSpirantLengthening} {#rule-EAFNasalSpirantLengthening}	*júgunθ	pgmc	model_stage	yes	yes	development-chain modeled stage	[*ġeas*]{.pred} in place of *gōs* ‘goose’, and PGmc [júgunθ]{.recon} ‘youth’ yields
Germanic/docs/sound_changes/reader_facing/reader_facing_local_section_20.md:1628	## \CAPRRuleHeading{SC027. North Sea Germanic nasal-spirant law, second step}{EAFNasalSpirantLoss} {#rule-EAFNasalSpirantLoss}	*gą̄s		notation_or_segment	no	no	non-formlike fragment or segment	[gą̄s]{.recon} ‘goose’ and [júgūθ]{.recon} ‘youth’. The rule completes the statement of the single
Germanic/docs/sound_changes/reader_facing/reader_facing_local_section_20.md:1628	## \CAPRRuleHeading{SC027. North Sea Germanic nasal-spirant law, second step}{EAFNasalSpirantLoss} {#rule-EAFNasalSpirantLoss}	*júgūθ		diagnostic_comparator	no	yes	diagnostic comparison in reader-facing prose	[gą̄s]{.recon} ‘goose’ and [júgūθ]{.recon} ‘youth’. The rule completes the statement of the single
Germanic/docs/sound_changes/reader_facing/reader_facing_local_section_20.md:164	## \CAPRRuleHeading{SC103. Proto-Germanic nasal loss before \*x}{PGmcNasalLossBeforeX} {#rule-PGmcNasalLossBeforeX}	*x	pgmc	notation_or_segment	no	no	non-formlike fragment or segment	the Anglo-Frisian rounding of the vowel produced here [@Fulk2018, p. 55, §4.1]. It does not enter the loss of [x]{.recon} before a
Germanic/docs/sound_changes/reader_facing/reader_facing_local_section_20.md:1641	## Historical discussion	*sāaną	pgmc	model_stage	no	yes	development-chain modeled stage	The small class of Germanic strong verbs whose roots ended in a vowel, the \emph{verba pura}, reached Northwest Germanic with a morphologically expected hiatus.
Germanic/docs/sound_changes/reader_facing/reader_facing_local_section_20.md:1641	## Historical discussion	*sēaną	pgmc	model_stage	no	yes	development-chain modeled stage	The small class of Germanic strong verbs whose roots ended in a vowel, the \emph{verba pura}, reached Northwest Germanic with a morphologically expected hiatus.
Germanic/docs/sound_changes/reader_facing/reader_facing_local_section_20.md:1641	## Historical discussion	*ē₁	pgmc	notation_or_segment	no	no	non-formlike fragment or segment	The small class of Germanic strong verbs whose roots ended in a vowel, the \emph{verba pura}, reached Northwest Germanic with a morphologically expected hiatus.
Germanic/docs/sound_changes/reader_facing/reader_facing_local_section_20.md:1641	## Historical discussion	j	os	notation_or_segment	no	no	non-formlike fragment or segment	The small class of Germanic strong verbs whose roots ended in a vowel, the \emph{verba pura}, reached Northwest Germanic with a morphologically expected hiatus.
Germanic/docs/sound_changes/reader_facing/reader_facing_local_section_20.md:1641	## Historical discussion	verba pura	os	notation_or_segment	no	no	notation or compound expression	The small class of Germanic strong verbs whose roots ended in a vowel, the \emph{verba pura}, reached Northwest Germanic with a morphologically expected hiatus.
Germanic/docs/sound_changes/reader_facing/reader_facing_local_section_20.md:1641	## Historical discussion	w	os	notation_or_segment	no	no	non-formlike fragment or segment	The small class of Germanic strong verbs whose roots ended in a vowel, the \emph{verba pura}, reached Northwest Germanic with a morphologically expected hiatus.
Germanic/docs/sound_changes/reader_facing/reader_facing_local_section_20.md:1643	## Historical discussion	*-um	pie	notation_or_segment	no	no	notation or compound expression	The origin of that \emph{w} is neither inherited nor morphological. Þórhallsdóttir, in the standard treatment of the problem, rejects in turn the derivation of 
Germanic/docs/sound_changes/reader_facing/reader_facing_local_section_20.md:1643	## Historical discussion	*-un	pie	notation_or_segment	no	no	notation or compound expression	The origin of that \emph{w} is neither inherited nor morphological. Þórhallsdóttir, in the standard treatment of the problem, rejects in turn the derivation of 
Germanic/docs/sound_changes/reader_facing/reader_facing_local_section_20.md:1643	## Historical discussion	*-uþ	pie	notation_or_segment	no	no	notation or compound expression	The origin of that \emph{w} is neither inherited nor morphological. Þórhallsdóttir, in the standard treatment of the problem, rejects in turn the derivation of 
Germanic/docs/sound_changes/reader_facing/reader_facing_local_section_20.md:1643	## Historical discussion	*seuwun	pie	example_input	no	yes	input stage in explanatory prose	The origin of that \emph{w} is neither inherited nor morphological. Þórhallsdóttir, in the standard treatment of the problem, rejects in turn the derivation of 
Germanic/docs/sound_changes/reader_facing/reader_facing_local_section_20.md:1643	## Historical discussion	*sā'anþ	pie	example_input	no	yes	input stage in explanatory prose	The origin of that \emph{w} is neither inherited nor morphological. Þórhallsdóttir, in the standard treatment of the problem, rejects in turn the derivation of 
Germanic/docs/sound_changes/reader_facing/reader_facing_local_section_20.md:1643	## Historical discussion	*sā'is	pie	example_input	no	yes	input stage in explanatory prose	The origin of that \emph{w} is neither inherited nor morphological. Þórhallsdóttir, in the standard treatment of the problem, rejects in turn the derivation of 
Germanic/docs/sound_changes/reader_facing/reader_facing_local_section_20.md:1643	## Historical discussion	*sā'iþ	pie	example_input	no	yes	input stage in explanatory prose	The origin of that \emph{w} is neither inherited nor morphological. Þórhallsdóttir, in the standard treatment of the problem, rejects in turn the derivation of 
Germanic/docs/sound_changes/reader_facing/reader_facing_local_section_20.md:1643	## Historical discussion	*sā'u	pie	notation_or_segment	no	no	non-formlike fragment or segment	The origin of that \emph{w} is neither inherited nor morphological. Þórhallsdóttir, in the standard treatment of the problem, rejects in turn the derivation of 
Germanic/docs/sound_changes/reader_facing/reader_facing_local_section_20.md:1643	## Historical discussion	*sā'um	pie	example_input	no	yes	input stage in explanatory prose	The origin of that \emph{w} is neither inherited nor morphological. Þórhallsdóttir, in the standard treatment of the problem, rejects in turn the derivation of 
Germanic/docs/sound_changes/reader_facing/reader_facing_local_section_20.md:1643	## Historical discussion	*u	pie	notation_or_segment	no	no	non-formlike fragment or segment	The origin of that \emph{w} is neither inherited nor morphological. Þórhallsdóttir, in the standard treatment of the problem, rejects in turn the derivation of 
Germanic/docs/sound_changes/reader_facing/reader_facing_local_section_20.md:1643	## Historical discussion	*ue/o	pie	notation_or_segment	no	no	notation or compound expression	The origin of that \emph{w} is neither inherited nor morphological. Þórhallsdóttir, in the standard treatment of the problem, rejects in turn the derivation of 
Germanic/docs/sound_changes/reader_facing/reader_facing_local_section_20.md:1643	## Historical discussion	u	pie	notation_or_segment	no	no	non-formlike fragment or segment	The origin of that \emph{w} is neither inherited nor morphological. Þórhallsdóttir, in the standard treatment of the problem, rejects in turn the derivation of 
Germanic/docs/sound_changes/reader_facing/reader_facing_local_section_20.md:1643	## Historical discussion	w	pie	notation_or_segment	no	no	non-formlike fragment or segment	The origin of that \emph{w} is neither inherited nor morphological. Þórhallsdóttir, in the standard treatment of the problem, rejects in turn the derivation of 
Germanic/docs/sound_changes/reader_facing/reader_facing_local_section_20.md:1645	## Historical discussion	*pleu-		notation_or_segment	no	no	notation or compound expression	From those few cells the \emph{w} was carried through the whole paradigm by analogy. Three forces converge. Levelling proceeded out of the \emph{*u}-cells thems
Germanic/docs/sound_changes/reader_facing/reader_facing_local_section_20.md:1645	## Historical discussion	*seuw		notation_or_segment	no	no	non-formlike fragment or segment	From those few cells the \emph{w} was carried through the whole paradigm by analogy. Three forces converge. Levelling proceeded out of the \emph{*u}-cells thems
Germanic/docs/sound_changes/reader_facing/reader_facing_local_section_20.md:1645	## Historical discussion	*seuwun		model_stage	no	yes	development-chain modeled stage	From those few cells the \emph{w} was carried through the whole paradigm by analogy. Three forces converge. Levelling proceeded out of the \emph{*u}-cells thems
Germanic/docs/sound_changes/reader_facing/reader_facing_local_section_20.md:1645	## Historical discussion	*sāwan		model_stage	no	yes	development-chain modeled stage	From those few cells the \emph{w} was carried through the whole paradigm by analogy. Three forces converge. Levelling proceeded out of the \emph{*u}-cells thems
Germanic/docs/sound_changes/reader_facing/reader_facing_local_section_20.md:1645	## Historical discussion	*sāwan-		notation_or_segment	no	no	notation or compound expression	From those few cells the \emph{w} was carried through the whole paradigm by analogy. Three forces converge. Levelling proceeded out of the \emph{*u}-cells thems
Germanic/docs/sound_changes/reader_facing/reader_facing_local_section_20.md:1645	## Historical discussion	*u		notation_or_segment	no	no	non-formlike fragment or segment	From those few cells the \emph{w} was carried through the whole paradigm by analogy. Three forces converge. Levelling proceeded out of the \emph{*u}-cells thems
Germanic/docs/sound_changes/reader_facing/reader_facing_local_section_20.md:1645	## Historical discussion	*w		notation_or_segment	no	no	non-formlike fragment or segment	From those few cells the \emph{w} was carried through the whole paradigm by analogy. Three forces converge. Levelling proceeded out of the \emph{*u}-cells thems
Germanic/docs/sound_changes/reader_facing/reader_facing_local_section_20.md:1645	## Historical discussion	w	oe	notation_or_segment	no	no	non-formlike fragment or segment	From those few cells the \emph{w} was carried through the whole paradigm by analogy. Three forces converge. Levelling proceeded out of the \emph{*u}-cells thems
Germanic/docs/sound_changes/reader_facing/reader_facing_local_section_20.md:1647	## Historical discussion	*sā'an		diagnostic_comparator	no	yes	diagnostic comparison in reader-facing prose	This layering matters for how the rule below should be read. Old English citation forms are infinitives, and the infinitive \emph{*sā'an} is precisely one of th
Germanic/docs/sound_changes/reader_facing/reader_facing_local_section_20.md:1647	## Historical discussion	w	oe	notation_or_segment	no	no	non-formlike fragment or segment	This layering matters for how the rule below should be read. Old English citation forms are infinitives, and the infinitive \emph{*sā'an} is precisely one of th
Germanic/docs/sound_changes/reader_facing/reader_facing_local_section_20.md:1647	## Historical discussion	ā	oe	notation_or_segment	no	no	non-formlike fragment or segment	This layering matters for how the rule below should be read. Old English citation forms are infinitives, and the infinitive \emph{*sā'an} is precisely one of th
Germanic/docs/sound_changes/reader_facing/reader_facing_local_section_20.md:1649	## Historical discussion	*w		notation_or_segment	no	no	non-formlike fragment or segment	The chronology is fixed on both sides by Ringe and Taylor. The \emph{w} must postdate the West Germanic loss of intervocalic \emph{*w}, or the new glide would i
Germanic/docs/sound_changes/reader_facing/reader_facing_local_section_20.md:1649	## Historical discussion	*ā		notation_or_segment	no	no	non-formlike fragment or segment	The chronology is fixed on both sides by Ringe and Taylor. The \emph{w} must postdate the West Germanic loss of intervocalic \emph{*w}, or the new glide would i
Germanic/docs/sound_changes/reader_facing/reader_facing_local_section_20.md:1649	## Historical discussion	w	oe	notation_or_segment	no	no	non-formlike fragment or segment	The chronology is fixed on both sides by Ringe and Taylor. The \emph{w} must postdate the West Germanic loss of intervocalic \emph{*w}, or the new glide would i
Germanic/docs/sound_changes/reader_facing/reader_facing_local_section_20.md:1649	## Historical discussion	ā	oe	notation_or_segment	no	no	non-formlike fragment or segment	The chronology is fixed on both sides by Ringe and Taylor. The \emph{w} must postdate the West Germanic loss of intervocalic \emph{*w}, or the new glide would i
Germanic/docs/sound_changes/reader_facing/reader_facing_local_section_20.md:1659	## \CAPRRuleHeading{SC102. Generalized hiatus-breaking \emph{w} after long \emph{ā}}{EAFHiatusWInsertion} {#rule-EAFHiatusWInsertion}	*sāaną		diagnostic_comparator	no	yes	diagnostic comparison in reader-facing prose	The rule is fed by [SC024 PNWGmcLongELowering](#rule-PNWGmcLongELowering), which creates the \emph{ā}-initial hiatus it repairs; [sḗaną]{.recon} 'to sow' passes
Germanic/docs/sound_changes/reader_facing/reader_facing_local_section_20.md:1659	## \CAPRRuleHeading{SC102. Generalized hiatus-breaking \emph{w} after long \emph{ā}}{EAFHiatusWInsertion} {#rule-EAFHiatusWInsertion}	*sāwaną		diagnostic_comparator	no	yes	diagnostic comparison in reader-facing prose	The rule is fed by [SC024 PNWGmcLongELowering](#rule-PNWGmcLongELowering), which creates the \emph{ā}-initial hiatus it repairs; [sḗaną]{.recon} 'to sow' passes
Germanic/docs/sound_changes/reader_facing/reader_facing_local_section_20.md:1659	## \CAPRRuleHeading{SC102. Generalized hiatus-breaking \emph{w} after long \emph{ā}}{EAFHiatusWInsertion} {#rule-EAFHiatusWInsertion}	*sḗaną		diagnostic_comparator	yes	yes	diagnostic comparison in reader-facing prose	The rule is fed by [SC024 PNWGmcLongELowering](#rule-PNWGmcLongELowering), which creates the \emph{ā}-initial hiatus it repairs; [sḗaną]{.recon} 'to sow' passes
Germanic/docs/sound_changes/reader_facing/reader_facing_local_section_20.md:1659	## \CAPRRuleHeading{SC102. Generalized hiatus-breaking \emph{w} after long \emph{ā}}{EAFHiatusWInsertion} {#rule-EAFHiatusWInsertion}	*ē		notation_or_segment	no	no	non-formlike fragment or segment	The rule is fed by [SC024 PNWGmcLongELowering](#rule-PNWGmcLongELowering), which creates the \emph{ā}-initial hiatus it repairs; [sḗaną]{.recon} 'to sow' passes
Germanic/docs/sound_changes/reader_facing/reader_facing_local_section_20.md:1659	## \CAPRRuleHeading{SC102. Generalized hiatus-breaking \emph{w} after long \emph{ā}}{EAFHiatusWInsertion} {#rule-EAFHiatusWInsertion}	ā	oe	notation_or_segment	no	no	non-formlike fragment or segment	The rule is fed by [SC024 PNWGmcLongELowering](#rule-PNWGmcLongELowering), which creates the \emph{ā}-initial hiatus it repairs; [sḗaną]{.recon} 'to sow' passes
Germanic/docs/sound_changes/reader_facing/reader_facing_local_section_20.md:1661	## \CAPRRuleHeading{SC102. Generalized hiatus-breaking \emph{w} after long \emph{ā}}{EAFHiatusWInsertion} {#rule-EAFHiatusWInsertion}	w	preoe	notation_or_segment	no	no	non-formlike fragment or segment	Its output in turn feeds the blocking environment of [SC101 EAFLongAFronting](#rule-EAFLongAFronting): the inserted \emph{w} is precisely what shields the \emph
Germanic/docs/sound_changes/reader_facing/reader_facing_local_section_20.md:1661	## \CAPRRuleHeading{SC102. Generalized hiatus-breaking \emph{w} after long \emph{ā}}{EAFHiatusWInsertion} {#rule-EAFHiatusWInsertion}	ā	preoe	notation_or_segment	no	no	non-formlike fragment or segment	Its output in turn feeds the blocking environment of [SC101 EAFLongAFronting](#rule-EAFLongAFronting): the inserted \emph{w} is precisely what shields the \emph
Germanic/docs/sound_changes/reader_facing/reader_facing_local_section_20.md:1669	## Historical discussion	*ā		notation_or_segment	no	no	non-formlike fragment or segment	In the dialects along the North Sea coast the long low vowel \emph{*ā} —
Germanic/docs/sound_changes/reader_facing/reader_facing_local_section_20.md:1670	## Historical discussion	*ē₁		notation_or_segment	no	no	non-formlike fragment or segment	centrally the vowel produced from \emph{*ē₁} by the Northwest Germanic lowering
Germanic/docs/sound_changes/reader_facing/reader_facing_local_section_20.md:1675	## Historical discussion	ǣ¹	oe	notation_or_segment	no	no	non-formlike fragment or segment	describes the split of Germanic \emph{ǣ¹} before nasals in these terms and
Germanic/docs/sound_changes/reader_facing/reader_facing_local_section_20.md:1677	## Historical discussion	*ą̄		notation_or_segment	no	no	non-formlike fragment or segment	[ą̄]{.recon} [@Campbell1959, p. 50, §127; p. 50, §128 n. 1]. Fulk places the
Germanic/docs/sound_changes/reader_facing/reader_facing_local_section_20.md:1678	## Historical discussion	*ǣ		notation_or_segment	no	no	non-formlike fragment or segment	rounded outcome of \emph{*ǣ} before nasals among the Anglo-Frisian changes and
Germanic/docs/sound_changes/reader_facing/reader_facing_local_section_20.md:1707	## \CAPRRuleHeading{SC025. Nasalization of long \emph{ā} before nasals}{EAFLongANasalRounding} {#rule-EAFLongANasalRounding}	*ā		notation_or_segment	no	no	non-formlike fragment or segment	The rule consumes the \emph{*ā} created by
Germanic/docs/sound_changes/reader_facing/reader_facing_local_section_20.md:1709	## \CAPRRuleHeading{SC025. Nasalization of long \emph{ā} before nasals}{EAFLongANasalRounding} {#rule-EAFLongANasalRounding}	*mḗnōθz		model_stage	yes	yes	development-chain modeled stage	after this rule leaves the nasalization without an input, and [mḗnōθz]{.recon}
Germanic/docs/sound_changes/reader_facing/reader_facing_local_section_20.md:1710	## \CAPRRuleHeading{SC025. Nasalization of long \emph{ā} before nasals}{EAFLongANasalRounding} {#rule-EAFLongANasalRounding}	*mōnaþ	oe	model_stage	no	yes	development-chain modeled stage	‘month’ surfaces as [*mānaþ*]{.pred} in place of OE *mōnaþ* ‘month’, [spḗnuz]{.recon}
Germanic/docs/sound_changes/reader_facing/reader_facing_local_section_20.md:1710	## \CAPRRuleHeading{SC025. Nasalization of long \emph{ā} before nasals}{EAFLongANasalRounding} {#rule-EAFLongANasalRounding}	*spḗnuz		model_stage	yes	yes	development-chain modeled stage	‘month’ surfaces as [*mānaþ*]{.pred} in place of OE *mōnaþ* ‘month’, [spḗnuz]{.recon}
Germanic/docs/sound_changes/reader_facing/reader_facing_local_section_20.md:1717	## \CAPRRuleHeading{SC025. Nasalization of long \emph{ā} before nasals}{EAFLongANasalRounding} {#rule-EAFLongANasalRounding}	ā	oe	notation_or_segment	no	no	non-formlike fragment or segment	creates a new long \emph{ā}, and that vowel was never nasalized and never
Germanic/docs/sound_changes/reader_facing/reader_facing_local_section_20.md:1718	## \CAPRRuleHeading{SC025. Nasalization of long \emph{ā} before nasals}{EAFLongANasalRounding} {#rule-EAFLongANasalRounding}	ā	oe	notation_or_segment	no	no	non-formlike fragment or segment	rounded before nasals: *stān* ‘stone’ and *hām* ‘home’ keep \emph{ā}. Stating
Germanic/docs/sound_changes/reader_facing/reader_facing_local_section_20.md:1723	## \CAPRRuleHeading{SC025. Nasalization of long \emph{ā} before nasals}{EAFLongANasalRounding} {#rule-EAFLongANasalRounding}	ai	oe	notation_or_segment	no	no	non-formlike fragment or segment	complete, or at least under way, before \emph{ai}-monophthongization supplied a
Germanic/docs/sound_changes/reader_facing/reader_facing_local_section_20.md:1734	## Historical discussion	*x		notation_or_segment	no	no	non-formlike fragment or segment	nasal before [x]{.recon}; the second is the North Sea Germanic nasal-spirant
Germanic/docs/sound_changes/reader_facing/reader_facing_local_section_20.md:1748	## Historical discussion	*ą̄		notation_or_segment	no	no	non-formlike fragment or segment	produced was therefore a nasalized [ą̄]{.recon}, and the rounding is a distinct
Germanic/docs/sound_changes/reader_facing/reader_facing_local_section_20.md:1775	## Historical discussion	*/anh/	pgmc	notation_or_segment	no	no	notation or compound expression	Proto-Germanic \emph{*/anh/} alike [@RingeTaylor2014, p. 142, §5.1.2]. The
Germanic/docs/sound_changes/reader_facing/reader_facing_local_section_20.md:1777	## Historical discussion	*ai		notation_or_segment	no	no	non-formlike fragment or segment	that Old English later won from [ai]{.recon} escapes: that vowel was oral, and
Germanic/docs/sound_changes/reader_facing/reader_facing_local_section_20.md:1781	## Historical discussion	*ai		notation_or_segment	no	no	non-formlike fragment or segment	[ai]{.recon} [@Fulk2018, p. 55, §4.1].
Germanic/docs/sound_changes/reader_facing/reader_facing_local_section_20.md:1802	## \CAPRRuleHeading{SC104. Rounding of the long nasalized low vowel}{EAFNasalizedLowRounding} {#rule-EAFNasalizedLowRounding}	*gánsz		example_input	yes	yes	input stage in explanatory prose	[gánsz]{.recon} ‘goose’ arrives as [gą̄s]{.recon} ‘goose’ from the North Sea Germanic
Germanic/docs/sound_changes/reader_facing/reader_facing_local_section_20.md:1802	## \CAPRRuleHeading{SC104. Rounding of the long nasalized low vowel}{EAFNasalizedLowRounding} {#rule-EAFNasalizedLowRounding}	*gą̄s		notation_or_segment	no	no	non-formlike fragment or segment	[gánsz]{.recon} ‘goose’ arrives as [gą̄s]{.recon} ‘goose’ from the North Sea Germanic
Germanic/docs/sound_changes/reader_facing/reader_facing_local_section_20.md:1803	## \CAPRRuleHeading{SC104. Rounding of the long nasalized low vowel}{EAFNasalizedLowRounding} {#rule-EAFNasalizedLowRounding}	*mą̄nōþ		model_stage	no	yes	development-chain modeled stage	law and gives *gōs* ‘goose’; [mḗnōθz]{.recon} ‘month’ arrives as [mą̄nōþ]{.recon} ‘month’ and
Germanic/docs/sound_changes/reader_facing/reader_facing_local_section_20.md:1803	## \CAPRRuleHeading{SC104. Rounding of the long nasalized low vowel}{EAFNasalizedLowRounding} {#rule-EAFNasalizedLowRounding}	*mḗnōθz		model_stage	yes	yes	development-chain modeled stage	law and gives *gōs* ‘goose’; [mḗnōθz]{.recon} ‘month’ arrives as [mą̄nōþ]{.recon} ‘month’ and
Germanic/docs/sound_changes/reader_facing/reader_facing_local_section_20.md:1804	## \CAPRRuleHeading{SC104. Rounding of the long nasalized low vowel}{EAFNasalizedLowRounding} {#rule-EAFNasalizedLowRounding}	*spą̄nu		model_stage	no	yes	development-chain modeled stage	gives *mōnaþ* ‘month’; [spḗnuz]{.recon} ‘spoon’ arrives as [spą̄nu]{.recon} ‘spoon’ and gives
Germanic/docs/sound_changes/reader_facing/reader_facing_local_section_20.md:1804	## \CAPRRuleHeading{SC104. Rounding of the long nasalized low vowel}{EAFNasalizedLowRounding} {#rule-EAFNasalizedLowRounding}	*spḗnuz		model_stage	yes	yes	development-chain modeled stage	gives *mōnaþ* ‘month’; [spḗnuz]{.recon} ‘spoon’ arrives as [spą̄nu]{.recon} ‘spoon’ and gives
Germanic/docs/sound_changes/reader_facing/reader_facing_local_section_20.md:1805	## \CAPRRuleHeading{SC104. Rounding of the long nasalized low vowel}{EAFNasalizedLowRounding} {#rule-EAFNasalizedLowRounding}	*θánxtē	pgmc	diagnostic_comparator	yes	yes	diagnostic comparison in reader-facing prose	*spōn* ‘spoon’. The Proto-Germanic law contributes [θánxtē]{.recon} ‘thought’, the preterite of
Germanic/docs/sound_changes/reader_facing/reader_facing_local_section_20.md:1806	## \CAPRRuleHeading{SC104. Rounding of the long nasalized low vowel}{EAFNasalizedLowRounding} {#rule-EAFNasalizedLowRounding}	*θą̄xtē		model_stage	no	yes	development-chain modeled stage	the verb ‘to think’, which arrives as [θą̄xtē]{.recon} ‘thought’ and gives *þōhte*
Germanic/docs/sound_changes/reader_facing/reader_facing_local_section_20.md:1813	## \CAPRRuleHeading{SC104. Rounding of the long nasalized low vowel}{EAFNasalizedLowRounding} {#rule-EAFNasalizedLowRounding}	*stáinaz		model_stage	yes	yes	development-chain modeled stage	The counterpart is what the rule leaves alone. [stáinaz]{.recon} ‘stone’ and
Germanic/docs/sound_changes/reader_facing/reader_facing_local_section_20.md:1814	## \CAPRRuleHeading{SC104. Rounding of the long nasalized low vowel}{EAFNasalizedLowRounding} {#rule-EAFNasalizedLowRounding}	*xáimaz		diagnostic_comparator	yes	yes	diagnostic comparison in reader-facing prose	[xáimaz]{.recon} ‘home’ acquire their long *ā* from
Germanic/docs/sound_changes/reader_facing/reader_facing_local_section_20.md:1829	## Historical discussion	*ā		notation_or_segment	no	no	non-formlike fragment or segment	Long after the Northwest Germanic lowering of \emph{*ē₁} to \emph{*ā}, the dialects of the North Sea coast fronted the surviving oral \emph{*ā} to a low front v
Germanic/docs/sound_changes/reader_facing/reader_facing_local_section_20.md:1829	## Historical discussion	*ē₁		notation_or_segment	no	no	non-formlike fragment or segment	Long after the Northwest Germanic lowering of \emph{*ē₁} to \emph{*ā}, the dialects of the North Sea coast fronted the surviving oral \emph{*ā} to a low front v
Germanic/docs/sound_changes/reader_facing/reader_facing_local_section_20.md:1829	## Historical discussion	ē	ofris	notation_or_segment	no	no	non-formlike fragment or segment	Long after the Northwest Germanic lowering of \emph{*ē₁} to \emph{*ā}, the dialects of the North Sea coast fronted the surviving oral \emph{*ā} to a low front v
Germanic/docs/sound_changes/reader_facing/reader_facing_local_section_20.md:1829	## Historical discussion	ǣ	os	notation_or_segment	no	no	non-formlike fragment or segment	Long after the Northwest Germanic lowering of \emph{*ē₁} to \emph{*ā}, the dialects of the North Sea coast fronted the surviving oral \emph{*ā} to a low front v
Germanic/docs/sound_changes/reader_facing/reader_facing_local_section_20.md:1831	## Historical discussion	*lēwijaną		model_stage	no	yes	development-chain modeled stage	The fronting affected stressed, non-nasalized \emph{*ā}; nasalized \emph{*ą̄} was instead rounded, as treated in the rounding chapter. Ringe and Taylor further 
Germanic/docs/sound_changes/reader_facing/reader_facing_local_section_20.md:1831	## Historical discussion	*w		notation_or_segment	no	no	non-formlike fragment or segment	The fronting affected stressed, non-nasalized \emph{*ā}; nasalized \emph{*ą̄} was instead rounded, as treated in the rounding chapter. Ringe and Taylor further 
Germanic/docs/sound_changes/reader_facing/reader_facing_local_section_20.md:1831	## Historical discussion	*ā		notation_or_segment	no	no	non-formlike fragment or segment	The fronting affected stressed, non-nasalized \emph{*ā}; nasalized \emph{*ą̄} was instead rounded, as treated in the rounding chapter. Ringe and Taylor further 
Germanic/docs/sound_changes/reader_facing/reader_facing_local_section_20.md:1831	## Historical discussion	*ą̄		notation_or_segment	no	no	non-formlike fragment or segment	The fronting affected stressed, non-nasalized \emph{*ā}; nasalized \emph{*ą̄} was instead rounded, as treated in the rounding chapter. Ringe and Taylor further 
Germanic/docs/sound_changes/reader_facing/reader_facing_local_section_20.md:1831	## Historical discussion	g	ohg	notation_or_segment	no	no	non-formlike fragment or segment	The fronting affected stressed, non-nasalized \emph{*ā}; nasalized \emph{*ą̄} was instead rounded, as treated in the rounding chapter. Ringe and Taylor further 
Germanic/docs/sound_changes/reader_facing/reader_facing_local_section_20.md:1831	## Historical discussion	w	ohg	notation_or_segment	no	no	non-formlike fragment or segment	The fronting affected stressed, non-nasalized \emph{*ā}; nasalized \emph{*ą̄} was instead rounded, as treated in the rounding chapter. Ringe and Taylor further 
Germanic/docs/sound_changes/reader_facing/reader_facing_local_section_20.md:1831	## Historical discussion	ā	ohg	notation_or_segment	no	no	non-formlike fragment or segment	The fronting affected stressed, non-nasalized \emph{*ā}; nasalized \emph{*ą̄} was instead rounded, as treated in the rounding chapter. Ringe and Taylor further 
Germanic/docs/sound_changes/reader_facing/reader_facing_local_section_20.md:1831	## Historical discussion	ē	ohg	notation_or_segment	no	no	non-formlike fragment or segment	The fronting affected stressed, non-nasalized \emph{*ā}; nasalized \emph{*ą̄} was instead rounded, as treated in the rounding chapter. Ringe and Taylor further 
Germanic/docs/sound_changes/reader_facing/reader_facing_local_section_20.md:1831	## Historical discussion	ǣ	ohg	notation_or_segment	no	no	non-formlike fragment or segment	The fronting affected stressed, non-nasalized \emph{*ā}; nasalized \emph{*ą̄} was instead rounded, as treated in the rounding chapter. Ringe and Taylor further 
Germanic/docs/sound_changes/reader_facing/reader_facing_local_section_20.md:1833	## Historical discussion	*ǣ		notation_or_segment	no	no	non-formlike fragment or segment	Whether this fronting restored a front vowel that had earlier been backed, or whether — as Fulk argues — the North Sea dialects simply retained an old front \em
Germanic/docs/sound_changes/reader_facing/reader_facing_local_section_20.md:1844	## \CAPRRuleHeading{SC101. Fronting of long \emph{ā} outside nasal and \emph{w} environments}{EAFLongAFronting} {#rule-EAFLongAFronting}	*i		notation_or_segment	no	no	non-formlike fragment or segment	The first clause fronts \emph{*ā} before any oral consonant other than \emph{*w}; the second admits the fronting before \emph{*w} exactly when a high front voca
Germanic/docs/sound_changes/reader_facing/reader_facing_local_section_20.md:1844	## \CAPRRuleHeading{SC101. Fronting of long \emph{ā} outside nasal and \emph{w} environments}{EAFLongAFronting} {#rule-EAFLongAFronting}	*lǣwijaną		model_stage	no	yes	development-chain modeled stage	The first clause fronts \emph{*ā} before any oral consonant other than \emph{*w}; the second admits the fronting before \emph{*w} exactly when a high front voca
Germanic/docs/sound_changes/reader_facing/reader_facing_local_section_20.md:1844	## \CAPRRuleHeading{SC101. Fronting of long \emph{ā} outside nasal and \emph{w} environments}{EAFLongAFronting} {#rule-EAFLongAFronting}	*lḗwijaną		model_stage	yes	yes	development-chain modeled stage	The first clause fronts \emph{*ā} before any oral consonant other than \emph{*w}; the second admits the fronting before \emph{*w} exactly when a high front voca
Germanic/docs/sound_changes/reader_facing/reader_facing_local_section_20.md:1844	## \CAPRRuleHeading{SC101. Fronting of long \emph{ā} outside nasal and \emph{w} environments}{EAFLongAFronting} {#rule-EAFLongAFronting}	*sāwaną		model_stage	no	yes	development-chain modeled stage	The first clause fronts \emph{*ā} before any oral consonant other than \emph{*w}; the second admits the fronting before \emph{*w} exactly when a high front voca
Germanic/docs/sound_changes/reader_facing/reader_facing_local_section_20.md:1844	## \CAPRRuleHeading{SC101. Fronting of long \emph{ā} outside nasal and \emph{w} environments}{EAFLongAFronting} {#rule-EAFLongAFronting}	*sḗaną		model_stage	yes	yes	development-chain modeled stage	The first clause fronts \emph{*ā} before any oral consonant other than \emph{*w}; the second admits the fronting before \emph{*w} exactly when a high front voca
Germanic/docs/sound_changes/reader_facing/reader_facing_local_section_20.md:1844	## \CAPRRuleHeading{SC101. Fronting of long \emph{ā} outside nasal and \emph{w} environments}{EAFLongAFronting} {#rule-EAFLongAFronting}	*w		notation_or_segment	no	no	non-formlike fragment or segment	The first clause fronts \emph{*ā} before any oral consonant other than \emph{*w}; the second admits the fronting before \emph{*w} exactly when a high front voca
Germanic/docs/sound_changes/reader_facing/reader_facing_local_section_20.md:1844	## \CAPRRuleHeading{SC101. Fronting of long \emph{ā} outside nasal and \emph{w} environments}{EAFLongAFronting} {#rule-EAFLongAFronting}	*ā		notation_or_segment	no	no	non-formlike fragment or segment	The first clause fronts \emph{*ā} before any oral consonant other than \emph{*w}; the second admits the fronting before \emph{*w} exactly when a high front voca
Germanic/docs/sound_changes/reader_facing/reader_facing_local_section_20.md:1844	## \CAPRRuleHeading{SC101. Fronting of long \emph{ā} outside nasal and \emph{w} environments}{EAFLongAFronting} {#rule-EAFLongAFronting}	w	oe	notation_or_segment	no	no	non-formlike fragment or segment	The first clause fronts \emph{*ā} before any oral consonant other than \emph{*w}; the second admits the fronting before \emph{*w} exactly when a high front voca
Germanic/docs/sound_changes/reader_facing/reader_facing_local_section_20.md:1845	## \CAPRRuleHeading{SC101. Fronting of long \emph{ā} outside nasal and \emph{w} environments}{EAFLongAFronting} {#rule-EAFLongAFronting}	*jḗrą		notation_or_segment	yes	no	non-formlike fragment or segment	The rule consumes the \emph{*ā} created by [SC024 PNWGmcLongELowering](#rule-PNWGmcLongELowering); displaced before the lowering, it has nothing to front, and [
Germanic/docs/sound_changes/reader_facing/reader_facing_local_section_20.md:1845	## \CAPRRuleHeading{SC101. Fronting of long \emph{ā} outside nasal and \emph{w} environments}{EAFLongAFronting} {#rule-EAFLongAFronting}	*skḗpą		model_stage	yes	yes	development-chain modeled stage	The rule consumes the \emph{*ā} created by [SC024 PNWGmcLongELowering](#rule-PNWGmcLongELowering); displaced before the lowering, it has nothing to front, and [
Germanic/docs/sound_changes/reader_facing/reader_facing_local_section_20.md:1845	## \CAPRRuleHeading{SC101. Fronting of long \emph{ā} outside nasal and \emph{w} environments}{EAFLongAFronting} {#rule-EAFLongAFronting}	*slḗpaną		model_stage	yes	yes	development-chain modeled stage	The rule consumes the \emph{*ā} created by [SC024 PNWGmcLongELowering](#rule-PNWGmcLongELowering); displaced before the lowering, it has nothing to front, and [
Germanic/docs/sound_changes/reader_facing/reader_facing_local_section_20.md:1845	## \CAPRRuleHeading{SC101. Fronting of long \emph{ā} outside nasal and \emph{w} environments}{EAFLongAFronting} {#rule-EAFLongAFronting}	*sċēap	oe	model_stage	no	yes	development-chain modeled stage	The rule consumes the \emph{*ā} created by [SC024 PNWGmcLongELowering](#rule-PNWGmcLongELowering); displaced before the lowering, it has nothing to front, and [
Germanic/docs/sound_changes/reader_facing/reader_facing_local_section_20.md:1845	## \CAPRRuleHeading{SC101. Fronting of long \emph{ā} outside nasal and \emph{w} environments}{EAFLongAFronting} {#rule-EAFLongAFronting}	*ā		notation_or_segment	no	no	non-formlike fragment or segment	The rule consumes the \emph{*ā} created by [SC024 PNWGmcLongELowering](#rule-PNWGmcLongELowering); displaced before the lowering, it has nothing to front, and [
Germanic/docs/sound_changes/reader_facing/reader_facing_local_section_20.md:1847	## \CAPRRuleHeading{SC101. Fronting of long \emph{ā} outside nasal and \emph{w} environments}{EAFLongAFronting} {#rule-EAFLongAFronting}	*ai		notation_or_segment	no	no	non-formlike fragment or segment	Two later boundaries carry real historical content. First, the fronting must precede the completion of [SC004 EAFAiMonophthongization](#rule-EAFAiMonophthongiza
Germanic/docs/sound_changes/reader_facing/reader_facing_local_section_20.md:1847	## \CAPRRuleHeading{SC101. Fronting of long \emph{ā} outside nasal and \emph{w} environments}{EAFLongAFronting} {#rule-EAFLongAFronting}	ā	oe	notation_or_segment	no	no	non-formlike fragment or segment	Two later boundaries carry real historical content. First, the fronting must precede the completion of [SC004 EAFAiMonophthongization](#rule-EAFAiMonophthongiza
Germanic/docs/sound_changes/reader_facing/reader_facing_local_section_20.md:1849	## \CAPRRuleHeading{SC101. Fronting of long \emph{ā} outside nasal and \emph{w} environments}{EAFLongAFronting} {#rule-EAFLongAFronting}	ēa	oe	notation_or_segment	no	no	non-formlike fragment or segment	Second, the fronting must precede [SC056 OEWsPalatalDiphthongization](#rule-OEWsPalatalDiphthongization), which operated on the already-fronted vowel: \emph{ǣ} 
Germanic/docs/sound_changes/reader_facing/reader_facing_local_section_20.md:1849	## \CAPRRuleHeading{SC101. Fronting of long \emph{ā} outside nasal and \emph{w} environments}{EAFLongAFronting} {#rule-EAFLongAFronting}	ǣ	oe	notation_or_segment	no	no	non-formlike fragment or segment	Second, the fronting must precede [SC056 OEWsPalatalDiphthongization](#rule-OEWsPalatalDiphthongization), which operated on the already-fronted vowel: \emph{ǣ} 
Germanic/docs/sound_changes/reader_facing/reader_facing_local_section_20.md:1892	## Chapter structure	*ai > *ā		notation_or_segment	no	no	notation or compound expression	Completed stressed \emph{*ai > *ā} is now adopted on the English daughter
Germanic/docs/sound_changes/reader_facing/reader_facing_local_section_20.md:190	## Scope and internal diversity	NWGmc	pnwgmc	diagnostic_comparator	no	yes	diagnostic comparison in reader-facing prose	and selected consonant cluster simplifications. Changes labelled `NWGmc` in the
Germanic/docs/sound_changes/reader_facing/reader_facing_local_section_20.md:1904	## Chapter structure	*au		notation_or_segment	no	no	non-formlike fragment or segment	The \emph{*awj} resolution, \emph{*au} fronting and diphthong operations
Germanic/docs/sound_changes/reader_facing/reader_facing_local_section_20.md:1904	## Chapter structure	*awj		notation_or_segment	no	no	non-formlike fragment or segment	The \emph{*awj} resolution, \emph{*au} fronting and diphthong operations
Germanic/docs/sound_changes/reader_facing/reader_facing_local_section_20.md:1913	## Chapter structure	*a		notation_or_segment	no	no	non-formlike fragment or segment	A coordinated formalization of ordinary \emph{*a} fronting and
Germanic/docs/sound_changes/reader_facing/reader_facing_local_section_20.md:1935	## Chapter structure	*sk		notation_or_segment	no	no	non-formlike fragment or segment	Velar palatalization (SC052), palatalization of `*sk` (SC051), j-cluster
Germanic/docs/sound_changes/reader_facing/reader_facing_local_section_20.md:1937	## Chapter structure	consonant	oe	diagnostic_comparator	no	yes	diagnostic comparison in reader-facing prose	Old English consonant phonemes. Hogg discusses these as OE consonant changes
Germanic/docs/sound_changes/reader_facing/reader_facing_local_section_20.md:1950	## Chapter structure	reconstruction	pgmc	diagnostic_comparator	no	yes	diagnostic comparison in reader-facing prose	vowel, following Ringe's explicitly PGmc reconstruction
Germanic/docs/sound_changes/reader_facing/reader_facing_local_section_20.md:197	## Scope and internal diversity	PWGmc	pwgmc	notation_or_segment	no	no	table metadata label	Norse. Changes labelled `PWGmc` in the CAPR rule names generally fall here.
Germanic/docs/sound_changes/reader_facing/reader_facing_local_section_20.md:199	## Scope and internal diversity	*j		notation_or_segment	no	no	non-formlike fragment or segment	West Germanic gemination of consonants before `*j`.
Germanic/docs/sound_changes/reader_facing/reader_facing_local_section_20.md:2015	## Early glide history and the English outcome	*iuwi		notation_or_segment	no	no	non-formlike fragment or segment	reconstruction. Thus \emph{*iuwi} loses the final vowel to give
Germanic/docs/sound_changes/reader_facing/reader_facing_local_section_20.md:203	## Major changes	*-z		notation_or_segment	no	no	notation or compound expression	The chapter opens with the root-noun nominative `*-z` loss (SC096), the
Germanic/docs/sound_changes/reader_facing/reader_facing_local_section_20.md:2037	## Early glide history and the English outcome	w	oe	notation_or_segment	no	no	non-formlike fragment or segment	analogically restored final \emph{w} in *cnēow* 'knee' remain a separate
Germanic/docs/sound_changes/reader_facing/reader_facing_local_section_20.md:207	## Major changes	*z		notation_or_segment	no	no	non-formlike fragment or segment	the earliest of the three historically distinct final-`*z` developments; the
Germanic/docs/sound_changes/reader_facing/reader_facing_local_section_20.md:210	## Major changes	*ai > *ē		notation_or_segment	no	no	notation or compound expression	The unstressed `*ai > *ē` development (SC014) represents one of the most
Germanic/docs/sound_changes/reader_facing/reader_facing_local_section_20.md:2114	## Palatal consonants and the key–day problem	*kājæ		notation_or_segment	no	no	non-formlike fragment or segment	At Hogg's pre-palatal, pre-OE checkpoint, key has \emph{*kājæ} and day
Germanic/docs/sound_changes/reader_facing/reader_facing_local_section_20.md:2114	## Palatal consonants and the key–day problem	checkpoint	oe	diagnostic_comparator	no	yes	diagnostic comparison in reader-facing prose	At Hogg's pre-palatal, pre-OE checkpoint, key has \emph{*kājæ} and day
Germanic/docs/sound_changes/reader_facing/reader_facing_local_section_20.md:2122	## Palatal consonants and the key–day problem	reconstructions	pgmc	diagnostic_comparator	no	yes	diagnostic comparison in reader-facing prose	PGmc reconstructions; the existing day nominative cannot substitute for them.
Germanic/docs/sound_changes/reader_facing/reader_facing_local_section_20.md:2152	## Three different mutation and diphthongization arguments	*gasti	pwgmc	diagnostic_comparator	no	yes	diagnostic comparison in reader-facing prose	with PGmc \emph{*gastiz} 'guest', continued as PWGmc \emph{*gasti} 'guest'.
Germanic/docs/sound_changes/reader_facing/reader_facing_local_section_20.md:2152	## Three different mutation and diphthongization arguments	*gastiz	pgmc	diagnostic_comparator	no	yes	diagnostic comparison in reader-facing prose	with PGmc \emph{*gastiz} 'guest', continued as PWGmc \emph{*gasti} 'guest'.
Germanic/docs/sound_changes/reader_facing/reader_facing_local_section_20.md:2153	## Three different mutation and diphthongization arguments	*a > *æ > *ea > *ie		notation_or_segment	no	no	notation or compound expression	The vowel history is \emph{*a > *æ > *ea > *ie}; final loss of the
Germanic/docs/sound_changes/reader_facing/reader_facing_local_section_20.md:2194	## Three different mutation and diphthongization arguments	*giftiz	pgmc	diagnostic_comparator	no	yes	diagnostic comparison in reader-facing prose	For gift, Ringe reconstructs PGmc \emph{*giftiz} 'gift', with the Old
Germanic/docs/sound_changes/reader_facing/reader_facing_local_section_20.md:2204	## Three different mutation and diphthongization arguments	dating	pgmc	diagnostic_comparator	no	yes	diagnostic comparison in reader-facing prose	and Ringe's qualified PGmc dating rather than claiming unanimous agreement.
Germanic/docs/sound_changes/reader_facing/reader_facing_local_section_20.md:2231	## Executable serialization and unresolved interfaces	*a	pwgmc	notation_or_segment	no	no	non-formlike fragment or segment	* SC041 (PWGmc Final Bare-`*a` Loss) and SC042 (Surviving Bimoric `*ō`
Germanic/docs/sound_changes/reader_facing/reader_facing_local_section_20.md:2231	## Executable serialization and unresolved interfaces	*ō	pwgmc	notation_or_segment	no	no	non-formlike fragment or segment	* SC041 (PWGmc Final Bare-`*a` Loss) and SC042 (Surviving Bimoric `*ō`
Germanic/docs/sound_changes/reader_facing/reader_facing_local_section_20.md:2231	## Executable serialization and unresolved interfaces	Final	pwgmc	diagnostic_comparator	no	yes	diagnostic comparison in reader-facing prose	* SC041 (PWGmc Final Bare-`*a` Loss) and SC042 (Surviving Bimoric `*ō`
Germanic/docs/sound_changes/reader_facing/reader_facing_local_section_20.md:2234	## Executable serialization and unresolved interfaces	*-n	pnwgmc	notation_or_segment	no	no	notation or compound expression	* SC064 (NWGmc `*-n` Stem `*n` Loss) carries a Northwest Germanic label but
Germanic/docs/sound_changes/reader_facing/reader_facing_local_section_20.md:2234	## Executable serialization and unresolved interfaces	*n	pnwgmc	notation_or_segment	no	no	non-formlike fragment or segment	* SC064 (NWGmc `*-n` Stem `*n` Loss) carries a Northwest Germanic label but
Germanic/docs/sound_changes/reader_facing/reader_facing_local_section_20.md:2235	## Executable serialization and unresolved interfaces	High-Vowel	oe	diagnostic_comparator	no	yes	diagnostic comparison in reader-facing prose	executes after OE High-Vowel Apocope (SC063).
Germanic/docs/sound_changes/reader_facing/reader_facing_local_section_20.md:2236	## Executable serialization and unresolved interfaces	B	pgmc	notation_or_segment	no	no	non-formlike fragment or segment	* SC049 (PGmc B Allophony) carries a Proto-Germanic label but executes here.
Germanic/docs/sound_changes/reader_facing/reader_facing_local_section_20.md:2254	## Historical discussion	*ái		notation_or_segment	no	no	non-formlike fragment or segment	Inherited stressed \emph{*ái} yields \emph{*ā} in English. Ringe and Taylor
Germanic/docs/sound_changes/reader_facing/reader_facing_local_section_20.md:2254	## Historical discussion	*ā		notation_or_segment	no	no	non-formlike fragment or segment	Inherited stressed \emph{*ái} yields \emph{*ā} in English. Ringe and Taylor
Germanic/docs/sound_changes/reader_facing/reader_facing_local_section_20.md:2256	## Historical discussion	*ā		notation_or_segment	no	no	non-formlike fragment or segment	The distinction between inherited long vowels and new \emph{*ā} requires
Germanic/docs/sound_changes/reader_facing/reader_facing_local_section_20.md:2280	## Historical discussion	*láimą		diagnostic_comparator	yes	yes	diagnostic comparison in reader-facing prose	stressed \emph{*ái}. Loam's selected \emph{*láimą} 'loam' is explicitly a
Germanic/docs/sound_changes/reader_facing/reader_facing_local_section_20.md:2280	## Historical discussion	*ái		notation_or_segment	no	no	non-formlike fragment or segment	stressed \emph{*ái}. Loam's selected \emph{*láimą} 'loam' is explicitly a
Germanic/docs/sound_changes/reader_facing/reader_facing_local_section_20.md:2283	## Historical discussion	*ai > *ē		notation_or_segment	no	no	notation or compound expression	is excluded from that census. The unstressed development \emph{*ai > *ē}
Germanic/docs/sound_changes/reader_facing/reader_facing_local_section_20.md:2295	## SC004. English stressed ai contraction (`EAFAiMonophthongization`) {#rule-EAFAiMonophthongization}	*sáiwalō	pgmc	example_input	yes	yes	failure-pattern selected input	The soul form fixes the relation to interstress raising. If the monophthongization is delayed until after that change, PGmc [sáiwalō]{.recon} 'soul' yields [*sā
Germanic/docs/sound_changes/reader_facing/reader_facing_local_section_20.md:2295	## SC004. English stressed ai contraction (`EAFAiMonophthongization`) {#rule-EAFAiMonophthongization}	*sāwel	preoe	yielded_output	no	yes	failure-pattern yielded output	The soul form fixes the relation to interstress raising. If the monophthongization is delayed until after that change, PGmc [sáiwalō]{.recon} 'soul' yields [*sā
Germanic/docs/sound_changes/reader_facing/reader_facing_local_section_20.md:2295	## SC004. English stressed ai contraction (`EAFAiMonophthongization`) {#rule-EAFAiMonophthongization}	*sāwol	preoe	expected_output	no	yes	failure-pattern expected output	The soul form fixes the relation to interstress raising. If the monophthongization is delayed until after that change, PGmc [sáiwalō]{.recon} 'soul' yields [*sā
Germanic/docs/sound_changes/reader_facing/reader_facing_local_section_20.md:2295	## SC004. English stressed ai contraction (`EAFAiMonophthongization`) {#rule-EAFAiMonophthongization}	soul	pgmc	expected_output	no	yes	expected outcome in explanatory prose	The soul form fixes the relation to interstress raising. If the monophthongization is delayed until after that change, PGmc [sáiwalō]{.recon} 'soul' yields [*sā
Germanic/docs/sound_changes/reader_facing/reader_facing_local_section_20.md:2297	## SC004. English stressed ai contraction (`EAFAiMonophthongization`) {#rule-EAFAiMonophthongization}	*ai > *ē		notation_or_segment	no	no	notation or compound expression	The unstressed development \emph{*ai > *ē} in final and nonfinal syllables is a separate and earlier change; see [SC014 PNWGmcUnstressedAiMonophthongization](#r
Germanic/docs/sound_changes/reader_facing/reader_facing_local_section_20.md:2305	## Historical discussion	*au	pgmc	notation_or_segment	no	no	non-formlike fragment or segment	Two changes stand between the Proto-Germanic diphthong \emph{*au} and its Old
Germanic/docs/sound_changes/reader_facing/reader_facing_local_section_20.md:2308	## Historical discussion	*au		notation_or_segment	no	no	non-formlike fragment or segment	first element of every \emph{*au}, whether inherited or newly created, and
Germanic/docs/sound_changes/reader_facing/reader_facing_local_section_20.md:2312	## Historical discussion	*j		notation_or_segment	no	no	non-formlike fragment or segment	handful of words in which \emph{*w} stood before \emph{*j}. The second concerns
Germanic/docs/sound_changes/reader_facing/reader_facing_local_section_20.md:2312	## Historical discussion	*w		notation_or_segment	no	no	non-formlike fragment or segment	handful of words in which \emph{*w} stood before \emph{*j}. The second concerns
Germanic/docs/sound_changes/reader_facing/reader_facing_local_section_20.md:2313	## Historical discussion	*au		notation_or_segment	no	no	non-formlike fragment or segment	the whole Old English history of \emph{*au}, for which *lēaf* ‘leaf’,
Germanic/docs/sound_changes/reader_facing/reader_facing_local_section_20.md:2324	## Historical discussion of the resolution of \emph{*awj}	auj	oe	diagnostic_comparator	no	yes	diagnostic comparison in reader-facing prose	[@Campbell1959, p. 46, §120.2]. Campbell writes the sequence as \emph{auj} >
Germanic/docs/sound_changes/reader_facing/reader_facing_local_section_20.md:2329	## Historical discussion of the resolution of \emph{*awj}	*wj		notation_or_segment	no	no	non-formlike fragment or segment	[@RingeTaylor2014, p. 53, §3.1.3]. They find the gemination of \emph{*wj}
Germanic/docs/sound_changes/reader_facing/reader_facing_local_section_20.md:2330	## Historical discussion of the resolution of \emph{*awj}	*i	pgmc	notation_or_segment	no	no	non-formlike fragment or segment	clearest where the preceding vowel was \emph{*i}, as in Proto-Germanic
Germanic/docs/sound_changes/reader_facing/reader_facing_local_section_20.md:2336	## Historical discussion of the resolution of \emph{*awj}	*hauj-	pgmc	notation_or_segment	no	no	notation or compound expression	Proto-Germanic \emph{*hawja} through \emph{*hauj-} to *hīeġ* ‘hay’, and
Germanic/docs/sound_changes/reader_facing/reader_facing_local_section_20.md:2336	## Historical discussion of the resolution of \emph{*awj}	*hawja	pgmc	diagnostic_comparator	no	yes	diagnostic comparison in reader-facing prose	Proto-Germanic \emph{*hawja} through \emph{*hauj-} to *hīeġ* ‘hay’, and
Germanic/docs/sound_changes/reader_facing/reader_facing_local_section_20.md:2337	## Historical discussion of the resolution of \emph{*awj}	*straujan	pgmc	diagnostic_comparator	no	yes	diagnostic comparison in reader-facing prose	Proto-Germanic \emph{*strawjaną} through \emph{*straujan} to Anglian
Germanic/docs/sound_changes/reader_facing/reader_facing_local_section_20.md:2337	## Historical discussion of the resolution of \emph{*awj}	*strawjaną	pgmc	diagnostic_comparator	no	yes	diagnostic comparison in reader-facing prose	Proto-Germanic \emph{*strawjaną} through \emph{*straujan} to Anglian
Germanic/docs/sound_changes/reader_facing/reader_facing_local_section_20.md:234	## Major changes	Ctx(...)	oe	notation_or_segment	no	no	notation or compound expression	The quoted definitions use `Ctx(...)` to carry selected sentence context
Germanic/docs/sound_changes/reader_facing/reader_facing_local_section_20.md:2341	## Historical discussion of the resolution of \emph{*awj}	*i		notation_or_segment	no	no	non-formlike fragment or segment	in which some cells had \emph{*j} in the ending and others had \emph{*i}. Only
Germanic/docs/sound_changes/reader_facing/reader_facing_local_section_20.md:2341	## Historical discussion of the resolution of \emph{*awj}	*j		notation_or_segment	no	no	non-formlike fragment or segment	in which some cells had \emph{*j} in the ending and others had \emph{*i}. Only
Germanic/docs/sound_changes/reader_facing/reader_facing_local_section_20.md:2350	## Historical discussion of the resolution of \emph{*awj}	*w		notation_or_segment	no	no	non-formlike fragment or segment	The resolution did not treat every doubled \emph{*w} alike, and the difference
Germanic/docs/sound_changes/reader_facing/reader_facing_local_section_20.md:2352	## Historical discussion of the resolution of \emph{*awj}	auj	oe	diagnostic_comparator	no	yes	diagnostic comparison in reader-facing prose	vowel types side by side: \emph{auj} becomes \emph{auuj} and then \emph{auj},
Germanic/docs/sound_changes/reader_facing/reader_facing_local_section_20.md:2352	## Historical discussion of the resolution of \emph{*awj}	auuj	oe	diagnostic_comparator	no	yes	diagnostic comparison in reader-facing prose	vowel types side by side: \emph{auj} becomes \emph{auuj} and then \emph{auj},
Germanic/docs/sound_changes/reader_facing/reader_facing_local_section_20.md:2353	## Historical discussion of the resolution of \emph{*awj}	iuj	oe	diagnostic_comparator	no	yes	diagnostic comparison in reader-facing prose	while \emph{iuj} becomes \emph{iuuj} and then \emph{iuj}. Thereafter they part
Germanic/docs/sound_changes/reader_facing/reader_facing_local_section_20.md:2353	## Historical discussion of the resolution of \emph{*awj}	iuuj	oe	diagnostic_comparator	no	yes	diagnostic comparison in reader-facing prose	while \emph{iuj} becomes \emph{iuuj} and then \emph{iuj}. Thereafter they part
Germanic/docs/sound_changes/reader_facing/reader_facing_local_section_20.md:2354	## Historical discussion of the resolution of \emph{*awj}	auuj	oe	diagnostic_comparator	no	yes	diagnostic comparison in reader-facing prose	company, since the \emph{u} of \emph{auuj} is generally lost while the \emph{j}
Germanic/docs/sound_changes/reader_facing/reader_facing_local_section_20.md:2354	## Historical discussion of the resolution of \emph{*awj}	j	oe	notation_or_segment	no	no	non-formlike fragment or segment	company, since the \emph{u} of \emph{auuj} is generally lost while the \emph{j}
Germanic/docs/sound_changes/reader_facing/reader_facing_local_section_20.md:2354	## Historical discussion of the resolution of \emph{*awj}	u	oe	notation_or_segment	no	no	non-formlike fragment or segment	company, since the \emph{u} of \emph{auuj} is generally lost while the \emph{j}
Germanic/docs/sound_changes/reader_facing/reader_facing_local_section_20.md:2355	## Historical discussion of the resolution of \emph{*awj}	iuuj	oe	diagnostic_comparator	no	yes	diagnostic comparison in reader-facing prose	of \emph{iuuj} is lost [@Campbell1959, p. 46, §120.2]. Old English *hīeġ* ‘hay’
Germanic/docs/sound_changes/reader_facing/reader_facing_local_section_20.md:2357	## Historical discussion of the resolution of \emph{*awj}	*j		notation_or_segment	no	no	non-formlike fragment or segment	with different survivors. *Hīeġ* keeps its \emph{*j}, written *ġ*, while *hīew*
Germanic/docs/sound_changes/reader_facing/reader_facing_local_section_20.md:2358	## Historical discussion of the resolution of \emph{*awj}	*w		notation_or_segment	no	no	non-formlike fragment or segment	keeps its \emph{*w}. Campbell’s other examples of the second type are *nīowe* ‘new’,
Germanic/docs/sound_changes/reader_facing/reader_facing_local_section_20.md:2361	## Historical discussion of the resolution of \emph{*awj}	*w		notation_or_segment	no	no	non-formlike fragment or segment	One qualification belongs in the record. Fulk holds that \emph{*w} was never
Germanic/docs/sound_changes/reader_facing/reader_facing_local_section_20.md:2362	## Historical discussion of the resolution of \emph{*awj}	*straujaną	pgmc	diagnostic_comparator	no	yes	diagnostic comparison in reader-facing prose	consonantal here, so that Proto-Germanic already had \emph{*straujaną} with
Germanic/docs/sound_changes/reader_facing/reader_facing_local_section_20.md:2367	## Historical discussion of the resolution of \emph{*awj}	*auj		notation_or_segment	no	no	non-formlike fragment or segment	Both accounts agree that \emph{*auj} is what enters Old English, and the
Germanic/docs/sound_changes/reader_facing/reader_facing_local_section_20.md:2379	## SC029. Resolution of \emph{*awj} to \emph{*auj} (`OEAwwjResolution`) {#rule-OEAwwjResolution}	*a	pgmc	notation_or_segment	no	no	non-formlike fragment or segment	The change is confined to the \emph{*a} type. PGmc [xáwją]{.recon} ‘hay’ is
Germanic/docs/sound_changes/reader_facing/reader_facing_local_section_20.md:2379	## SC029. Resolution of \emph{*awj} to \emph{*auj} (`OEAwwjResolution`) {#rule-OEAwwjResolution}	*xáwją	pgmc	diagnostic_comparator	yes	yes	diagnostic comparison in reader-facing prose	The change is confined to the \emph{*a} type. PGmc [xáwją]{.recon} ‘hay’ is
Germanic/docs/sound_changes/reader_facing/reader_facing_local_section_20.md:2380	## SC029. Resolution of \emph{*awj} to \emph{*auj} (`OEAwwjResolution`) {#rule-OEAwwjResolution}	*xáwwją		model_stage	no	yes	development-chain modeled stage	doubled to \emph{*xáwwją} by the West Germanic law and then resolved to
Germanic/docs/sound_changes/reader_facing/reader_facing_local_section_20.md:2383	## SC029. Resolution of \emph{*awj} to \emph{*auj} (`OEAwwjResolution`) {#rule-OEAwwjResolution}	i	oe	notation_or_segment	no	no	non-formlike fragment or segment	*strīeġan* ‘strew’ once the later diphthong changes and \emph{i}-umlaut have applied.
Germanic/docs/sound_changes/reader_facing/reader_facing_local_section_20.md:2384	## SC029. Resolution of \emph{*awj} to \emph{*auj} (`OEAwwjResolution`) {#rule-OEAwwjResolution}	*xéwją	pgmc	diagnostic_comparator	yes	yes	diagnostic comparison in reader-facing prose	PGmc [xéwją]{.recon} ‘form, hue’ is doubled by the same law, and there the
Germanic/docs/sound_changes/reader_facing/reader_facing_local_section_20.md:2390	## SC029. Resolution of \emph{*awj} to \emph{*auj} (`OEAwwjResolution`) {#rule-OEAwwjResolution}	*au		notation_or_segment	no	no	non-formlike fragment or segment	observe that these new instances of \emph{*au} went on to share the ordinary
Germanic/docs/sound_changes/reader_facing/reader_facing_local_section_20.md:2395	## Historical discussion of the brightening of \emph{*au}	*au		notation_or_segment	no	no	non-formlike fragment or segment	The fronting of \emph{*au} is the application to a diphthong of the same
Germanic/docs/sound_changes/reader_facing/reader_facing_local_section_20.md:2396	## Historical discussion of the brightening of \emph{*au}	*a		notation_or_segment	no	no	non-formlike fragment or segment	process that fronts plain \emph{*a}, the process usually called Anglo-Frisian
Germanic/docs/sound_changes/reader_facing/reader_facing_local_section_20.md:2399	## Historical discussion of the brightening of \emph{*au}	*au	pgmc	notation_or_segment	no	no	non-formlike fragment or segment	that the normal development of Proto-Germanic \emph{*au} to Old English *ēa*
Germanic/docs/sound_changes/reader_facing/reader_facing_local_section_20.md:2400	## Historical discussion of the brightening of \emph{*au}	a	oe	notation_or_segment	no	no	non-formlike fragment or segment	shows that the change of \emph{a} to \emph{æ} would affect the first element of
Germanic/docs/sound_changes/reader_facing/reader_facing_local_section_20.md:2400	## Historical discussion of the brightening of \emph{*au}	æ	oe	notation_or_segment	no	no	non-formlike fragment or segment	shows that the change of \emph{a} to \emph{æ} would affect the first element of
Germanic/docs/sound_changes/reader_facing/reader_facing_local_section_20.md:2402	## Historical discussion of the brightening of \emph{*au}	*au		notation_or_segment	no	no	non-formlike fragment or segment	West Germanic \emph{a} > Old English \emph{æ} and West Germanic \emph{*au} >
Germanic/docs/sound_changes/reader_facing/reader_facing_local_section_20.md:2402	## Historical discussion of the brightening of \emph{*au}	a	oe	notation_or_segment	no	no	non-formlike fragment or segment	West Germanic \emph{a} > Old English \emph{æ} and West Germanic \emph{*au} >
Germanic/docs/sound_changes/reader_facing/reader_facing_local_section_20.md:2402	## Historical discussion of the brightening of \emph{*au}	æ	oe	notation_or_segment	no	no	non-formlike fragment or segment	West Germanic \emph{a} > Old English \emph{æ} and West Germanic \emph{*au} >
Germanic/docs/sound_changes/reader_facing/reader_facing_local_section_20.md:2403	## Historical discussion of the brightening of \emph{*au}	*æu	oe	notation_or_segment	no	no	non-formlike fragment or segment	Old English \emph{*æu} in one and the same step. Fulk puts it in a single
Germanic/docs/sound_changes/reader_facing/reader_facing_local_section_20.md:2404	## Historical discussion of the brightening of \emph{*au}	a	oe	notation_or_segment	no	no	non-formlike fragment or segment	sentence, saying that this fronting of \emph{a} applied also to the diphthong
Germanic/docs/sound_changes/reader_facing/reader_facing_local_section_20.md:2411	## Historical discussion of the brightening of \emph{*au}	aeo	oe	notation_or_segment	no	no	non-formlike fragment or segment	*Eadbald* with an initial \emph{aeo} preserve the rounded offglide, and the
Germanic/docs/sound_changes/reader_facing/reader_facing_local_section_20.md:2417	## Historical discussion of the brightening of \emph{*au}	ā	ofris	notation_or_segment	no	no	non-formlike fragment or segment	plain one. Old Frisian shows no such fronting and has \emph{ā}, so that Old
Germanic/docs/sound_changes/reader_facing/reader_facing_local_section_20.md:2435	## SC030. Brightening of \emph{*au} to \emph{*æu} (`OEAuBrightening`) {#rule-OEAuBrightening}	*au		notation_or_segment	no	no	non-formlike fragment or segment	Most of the words that pass through the change carry \emph{*au} inherited
Germanic/docs/sound_changes/reader_facing/reader_facing_local_section_20.md:2436	## SC030. Brightening of \emph{*au} to \emph{*æu} (`OEAuBrightening`) {#rule-OEAuBrightening}	*láubą	pgmc	model_stage	yes	yes	development-chain modeled stage	straight from Proto-Germanic. PGmc [láubą]{.recon} ‘leaf’ gives *lēaf* ‘leaf’, PGmc
Germanic/docs/sound_changes/reader_facing/reader_facing_local_section_20.md:2437	## SC030. Brightening of \emph{*au} to \emph{*æu} (`OEAuBrightening`) {#rule-OEAuBrightening}	*bráudą	pgmc	model_stage	yes	yes	development-chain modeled stage	[stráumaz]{.recon} ‘stream’ gives *strēam* ‘stream’, PGmc [bráudą]{.recon} ‘bread’
Germanic/docs/sound_changes/reader_facing/reader_facing_local_section_20.md:2437	## SC030. Brightening of \emph{*au} to \emph{*æu} (`OEAuBrightening`) {#rule-OEAuBrightening}	*stráumaz	pgmc	model_stage	yes	yes	development-chain modeled stage	[stráumaz]{.recon} ‘stream’ gives *strēam* ‘stream’, PGmc [bráudą]{.recon} ‘bread’
Germanic/docs/sound_changes/reader_facing/reader_facing_local_section_20.md:2438	## SC030. Brightening of \emph{*au} to \emph{*æu} (`OEAuBrightening`) {#rule-OEAuBrightening}	*dráugmaz	pgmc	model_stage	yes	yes	development-chain modeled stage	gives *brēad* ‘bread’, and PGmc [dráugmaz]{.recon} ‘dream’ gives *drēam* ‘dream’. Where a
Germanic/docs/sound_changes/reader_facing/reader_facing_local_section_20.md:2439	## SC030. Brightening of \emph{*au} to \emph{*æu} (`OEAuBrightening`) {#rule-OEAuBrightening}	*i		notation_or_segment	no	no	non-formlike fragment or segment	following \emph{*j} or \emph{*i} survives long enough to cause \emph{i}-umlaut,
Germanic/docs/sound_changes/reader_facing/reader_facing_local_section_20.md:2439	## SC030. Brightening of \emph{*au} to \emph{*æu} (`OEAuBrightening`) {#rule-OEAuBrightening}	*j		notation_or_segment	no	no	non-formlike fragment or segment	following \emph{*j} or \emph{*i} survives long enough to cause \emph{i}-umlaut,
Germanic/docs/sound_changes/reader_facing/reader_facing_local_section_20.md:2439	## SC030. Brightening of \emph{*au} to \emph{*æu} (`OEAuBrightening`) {#rule-OEAuBrightening}	i	oe	notation_or_segment	no	no	non-formlike fragment or segment	following \emph{*j} or \emph{*i} survives long enough to cause \emph{i}-umlaut,
Germanic/docs/sound_changes/reader_facing/reader_facing_local_section_20.md:2441	## SC030. Brightening of \emph{*au} to \emph{*æu} (`OEAuBrightening`) {#rule-OEAuBrightening}	*galáubijaną	pgmc	example_input	yes	yes	input stage in explanatory prose	[galáubijaną]{.recon} ‘believe’ and *nīed* ‘need’ from PGmc [náudiz]{.recon} ‘need’
Germanic/docs/sound_changes/reader_facing/reader_facing_local_section_20.md:2441	## SC030. Brightening of \emph{*au} to \emph{*æu} (`OEAuBrightening`) {#rule-OEAuBrightening}	*náudiz	pgmc	example_input	yes	yes	input stage in explanatory prose	[galáubijaną]{.recon} ‘believe’ and *nīed* ‘need’ from PGmc [náudiz]{.recon} ‘need’
Germanic/docs/sound_changes/reader_facing/reader_facing_local_section_20.md:2447	## SC030. Brightening of \emph{*au} to \emph{*æu} (`OEAuBrightening`) {#rule-OEAuBrightening}	*au		notation_or_segment	no	no	non-formlike fragment or segment	treatment of \emph{*au}, to which the resolution of \emph{*awj} contributes two
Germanic/docs/sound_changes/reader_facing/reader_facing_local_section_20.md:2447	## SC030. Brightening of \emph{*au} to \emph{*æu} (`OEAuBrightening`) {#rule-OEAuBrightening}	*awj		notation_or_segment	no	no	non-formlike fragment or segment	treatment of \emph{*au}, to which the resolution of \emph{*awj} contributes two
Germanic/docs/sound_changes/reader_facing/reader_facing_local_section_20.md:2450	## SC030. Brightening of \emph{*au} to \emph{*æu} (`OEAuBrightening`) {#rule-OEAuBrightening}	*æu		notation_or_segment	no	no	non-formlike fragment or segment	The fronted \emph{*æu} has no independent life. It is taken up at once by the
Germanic/docs/sound_changes/reader_facing/reader_facing_local_section_20.md:2462	## Historical discussion	w	oe	notation_or_segment	no	no	non-formlike fragment or segment	Ordinary diphthongization before singleton \emph{w} must be distinguished
Germanic/docs/sound_changes/reader_facing/reader_facing_local_section_20.md:2464	## Historical discussion	wwj	oe	diagnostic_comparator	no	yes	diagnostic comparison in reader-facing prose	independently created \emph{wwj} sequences. Their similar Old English
Germanic/docs/sound_changes/reader_facing/reader_facing_local_section_20.md:2474	## Historical discussion	cneow-	oe	notation_or_segment	no	no	notation or compound expression	Ringe and Taylor likewise distinguish short \emph{cneow-} before
Germanic/docs/sound_changes/reader_facing/reader_facing_local_section_20.md:2481	## Historical discussion	*knéwai	pgmc	diagnostic_comparator	yes	yes	diagnostic comparison in reader-facing prose	constructed PGmc dative \emph{*knéwai}, while citation
Germanic/docs/sound_changes/reader_facing/reader_facing_local_section_20.md:2481	## Historical discussion	dative	pgmc	diagnostic_comparator	no	yes	diagnostic comparison in reader-facing prose	constructed PGmc dative \emph{*knéwai}, while citation
Germanic/docs/sound_changes/reader_facing/reader_facing_local_section_20.md:2483	## Historical discussion	*-ai		notation_or_segment	no	no	notation or compound expression	the \emph{*-ai} analysis for the West Germanic dative line but
Germanic/docs/sound_changes/reader_facing/reader_facing_local_section_20.md:2516	## \CAPRRuleHeading{SC033. Retained j-created long-diphthong representation}{OEEwLongDiphthong} {#rule-OEEwLongDiphthong}	w	oe	notation_or_segment	no	no	non-formlike fragment or segment	The conditioner is now restricted to the second \emph{w} followed
Germanic/docs/sound_changes/reader_facing/reader_facing_local_section_20.md:2517	## \CAPRRuleHeading{SC033. Retained j-created long-diphthong representation}{OEEwLongDiphthong} {#rule-OEEwLongDiphthong}	j	oe	notation_or_segment	no	no	non-formlike fragment or segment	by \emph{j}, not a general following vowel or weak ending:
Germanic/docs/sound_changes/reader_facing/reader_facing_local_section_20.md:2524	## \CAPRRuleHeading{SC033. Retained j-created long-diphthong representation}{OEEwLongDiphthong} {#rule-OEEwLongDiphthong}	iwj	oe	diagnostic_comparator	no	yes	diagnostic comparison in reader-facing prose	enter it. Campbell distinguishes the \emph{iwj} class from the
Germanic/docs/sound_changes/reader_facing/reader_facing_local_section_20.md:2525	## \CAPRRuleHeading{SC033. Retained j-created long-diphthong representation}{OEEwLongDiphthong} {#rule-OEEwLongDiphthong}	awj	oe	notation_or_segment	no	no	non-formlike fragment or segment	low-vowel \emph{awj} class and gives the West Saxon \emph{īew}
Germanic/docs/sound_changes/reader_facing/reader_facing_local_section_20.md:2525	## \CAPRRuleHeading{SC033. Retained j-created long-diphthong representation}{OEEwLongDiphthong} {#rule-OEEwLongDiphthong}	īew	oe	diagnostic_comparator	no	yes	diagnostic comparison in reader-facing prose	low-vowel \emph{awj} class and gives the West Saxon \emph{īew}
Germanic/docs/sound_changes/reader_facing/reader_facing_local_section_20.md:2529	## \CAPRRuleHeading{SC033. Retained j-created long-diphthong representation}{OEEwLongDiphthong} {#rule-OEEwLongDiphthong}	ew	oe	notation_or_segment	no	no	non-formlike fragment or segment	a newly established historical \emph{ew} to long \emph{ēow} law.
Germanic/docs/sound_changes/reader_facing/reader_facing_local_section_20.md:2529	## \CAPRRuleHeading{SC033. Retained j-created long-diphthong representation}{OEEwLongDiphthong} {#rule-OEEwLongDiphthong}	ēow	oe	diagnostic_comparator	yes	yes	diagnostic comparison in reader-facing prose	a newly established historical \emph{ew} to long \emph{ēow} law.
Germanic/docs/sound_changes/reader_facing/reader_facing_local_section_20.md:2545	## SC106. Retained j-created glide residual (`OEJWWSimplification`) {#rule-OEJWWSimplification}	wwj	oe	diagnostic_comparator	no	yes	diagnostic comparison in reader-facing prose	This technical component simplifies hue's remaining \emph{wwj}
Germanic/docs/sound_changes/reader_facing/reader_facing_local_section_20.md:255	## Major changes	PWGmc	pwgmc	notation_or_segment	no	no	table metadata label	models the reconstructed chronology itself. Several rules that carry `PWGmc`
Germanic/docs/sound_changes/reader_facing/reader_facing_local_section_20.md:256	## Major changes	*a		notation_or_segment	no	no	non-formlike fragment or segment	labels — final bare-`*a` loss (SC041), surviving bimoric `*ō` unrounding
Germanic/docs/sound_changes/reader_facing/reader_facing_local_section_20.md:256	## Major changes	*ō		notation_or_segment	no	no	non-formlike fragment or segment	labels — final bare-`*a` loss (SC041), surviving bimoric `*ō` unrounding
Germanic/docs/sound_changes/reader_facing/reader_facing_local_section_20.md:2567	## Historical discussion	*aeu		notation_or_segment	no	no	non-formlike fragment or segment	The atomic \emph{*aeu}, \emph{*eu} and \emph{*iu} clauses complete English
Germanic/docs/sound_changes/reader_facing/reader_facing_local_section_20.md:2567	## Historical discussion	*eu		notation_or_segment	no	no	non-formlike fragment or segment	The atomic \emph{*aeu}, \emph{*eu} and \emph{*iu} clauses complete English
Germanic/docs/sound_changes/reader_facing/reader_facing_local_section_20.md:2567	## Historical discussion	*iu		notation_or_segment	no	no	non-formlike fragment or segment	The atomic \emph{*aeu}, \emph{*eu} and \emph{*iu} clauses complete English
Germanic/docs/sound_changes/reader_facing/reader_facing_local_section_20.md:2571	## Historical discussion	*au		notation_or_segment	no	no	non-formlike fragment or segment	arrive through fronted \emph{*au}, whereas chew, four and you arrive through
Germanic/docs/sound_changes/reader_facing/reader_facing_local_section_20.md:2597	## SC032. Leveling of diphthongal outputs (`OEDiphthongLeveling`) {#rule-OEDiphthongLeveling}	*aeu		notation_or_segment	no	no	non-formlike fragment or segment	Earlier displacement tests that left \emph{*aeu} unrealized produced
Germanic/docs/sound_changes/reader_facing/reader_facing_local_section_20.md:2611	## Historical discussion	aw	oe	notation_or_segment	no	no	non-formlike fragment or segment	Singleton \emph{aw} before a following vowel develops into long \emph{ēaw},
Germanic/docs/sound_changes/reader_facing/reader_facing_local_section_20.md:2611	## Historical discussion	ēaw	oe	diagnostic_comparator	no	yes	diagnostic comparison in reader-facing prose	Singleton \emph{aw} before a following vowel develops into long \emph{ēaw},
Germanic/docs/sound_changes/reader_facing/reader_facing_local_section_20.md:2621	## Historical discussion	ēaw	oe	diagnostic_comparator	no	yes	diagnostic comparison in reader-facing prose	The resulting long diphthong is \emph{ēaw}.
Germanic/docs/sound_changes/reader_facing/reader_facing_local_section_20.md:265	## Major changes	SC002 PGmcGmSimplification	oe	notation_or_segment	no	no	notation or compound expression	(`SC002 PGmcGmSimplification`), precedes everything in this chapter as a
Germanic/docs/sound_changes/reader_facing/reader_facing_local_section_20.md:2654	## Historical discussion of prefixal \emph{*a}-reduction	*galaubijana		diagnostic_comparator	no	yes	diagnostic comparison in reader-facing prose	[galaubijana]{.recon} ‘believe’ supplies the comparative witness for the same development
Germanic/docs/sound_changes/reader_facing/reader_facing_local_section_20.md:2671	## SC035. Reduction of prefixal \emph{*a} (`OEPrefixAReduction`) {#rule-OEPrefixAReduction}	*ga-	pgmc	notation_or_segment	no	no	notation or compound expression	The prefix of *ġelīefan* 'believe' supplies the upper boundary for \emph{*ga-} > \emph{*ge-}. If [SC035 OEPrefixAReduction](#rule-OEPrefixAReduction) follows [S
Germanic/docs/sound_changes/reader_facing/reader_facing_local_section_20.md:2671	## SC035. Reduction of prefixal \emph{*a} (`OEPrefixAReduction`) {#rule-OEPrefixAReduction}	*galáubijaną	pgmc	example_input	yes	yes	failure-pattern selected input	The prefix of *ġelīefan* 'believe' supplies the upper boundary for \emph{*ga-} > \emph{*ge-}. If [SC035 OEPrefixAReduction](#rule-OEPrefixAReduction) follows [S
Germanic/docs/sound_changes/reader_facing/reader_facing_local_section_20.md:2671	## SC035. Reduction of prefixal \emph{*a} (`OEPrefixAReduction`) {#rule-OEPrefixAReduction}	*ge-	pgmc	notation_or_segment	no	no	notation or compound expression	The prefix of *ġelīefan* 'believe' supplies the upper boundary for \emph{*ga-} > \emph{*ge-}. If [SC035 OEPrefixAReduction](#rule-OEPrefixAReduction) follows [S
Germanic/docs/sound_changes/reader_facing/reader_facing_local_section_20.md:2671	## SC035. Reduction of prefixal \emph{*a} (`OEPrefixAReduction`) {#rule-OEPrefixAReduction}	*ġealīefan	preoe	yielded_output	no	yes	failure-pattern yielded output	The prefix of *ġelīefan* 'believe' supplies the upper boundary for \emph{*ga-} > \emph{*ge-}. If [SC035 OEPrefixAReduction](#rule-OEPrefixAReduction) follows [S
Germanic/docs/sound_changes/reader_facing/reader_facing_local_section_20.md:2671	## SC035. Reduction of prefixal \emph{*a} (`OEPrefixAReduction`) {#rule-OEPrefixAReduction}	*ġelīefan	preoe	expected_output	no	yes	failure-pattern expected output	The prefix of *ġelīefan* 'believe' supplies the upper boundary for \emph{*ga-} > \emph{*ge-}. If [SC035 OEPrefixAReduction](#rule-OEPrefixAReduction) follows [S
Germanic/docs/sound_changes/reader_facing/reader_facing_local_section_20.md:2675	## Historical discussion of inter-stress raising	*weorold	oe	diagnostic_comparator	no	yes	diagnostic comparison in reader-facing prose	[SC036 OEInterStressRaising](#rule-OEInterStressRaising) has the strongest evidence of the three. Campbell's discussion of *weorold* 'world' / *weoruld* 'world'
Germanic/docs/sound_changes/reader_facing/reader_facing_local_section_20.md:2675	## Historical discussion of inter-stress raising	*weraldu		diagnostic_comparator	no	yes	diagnostic comparison in reader-facing prose	[SC036 OEInterStressRaising](#rule-OEInterStressRaising) has the strongest evidence of the three. Campbell's discussion of *weorold* 'world' / *weoruld* 'world'
Germanic/docs/sound_changes/reader_facing/reader_facing_local_section_20.md:2675	## Historical discussion of inter-stress raising	*weruldu		diagnostic_comparator	no	yes	diagnostic comparison in reader-facing prose	[SC036 OEInterStressRaising](#rule-OEInterStressRaising) has the strongest evidence of the three. Campbell's discussion of *weorold* 'world' / *weoruld* 'world'
Germanic/docs/sound_changes/reader_facing/reader_facing_local_section_20.md:268	## Major changes	*draugma-		notation_or_segment	no	no	notation or compound expression	families: [draugma-]{.recon .iv lang=pgmc sort=draugma} 'dream' and
Germanic/docs/sound_changes/reader_facing/reader_facing_local_section_20.md:269	## Major changes	*taugma-		notation_or_segment	no	no	notation or compound expression	[taugma-]{.recon .iv lang=pgmc sort=taugma} 'team'; [@Kroonen2013, pp. 101, 511]).
Germanic/docs/sound_changes/reader_facing/reader_facing_local_section_20.md:2690	## \CAPRRuleHeading{SC036. Raising of medial \emph{*a} between stress peaks}{OEInterStressRaising} {#rule-OEInterStressRaising}	*a	pgmc	notation_or_segment	no	no	non-formlike fragment or segment	The two boundaries have unequal force. Before [SC019 PNWGmcFinalLongORaising](#rule-PNWGmcFinalLongORaising), PGmc [sáiwalō]{.recon} ‘soul’ yields [*sāwel*]{.pr
Germanic/docs/sound_changes/reader_facing/reader_facing_local_section_20.md:2690	## \CAPRRuleHeading{SC036. Raising of medial \emph{*a} between stress peaks}{OEInterStressRaising} {#rule-OEInterStressRaising}	*sáiwalō	pgmc	example_input	yes	yes	failure-pattern selected input	The two boundaries have unequal force. Before [SC019 PNWGmcFinalLongORaising](#rule-PNWGmcFinalLongORaising), PGmc [sáiwalō]{.recon} ‘soul’ yields [*sāwel*]{.pr
Germanic/docs/sound_changes/reader_facing/reader_facing_local_section_20.md:2690	## \CAPRRuleHeading{SC036. Raising of medial \emph{*a} between stress peaks}{OEInterStressRaising} {#rule-OEInterStressRaising}	*sāwel	preoe	yielded_output	no	yes	failure-pattern yielded output	The two boundaries have unequal force. Before [SC019 PNWGmcFinalLongORaising](#rule-PNWGmcFinalLongORaising), PGmc [sáiwalō]{.recon} ‘soul’ yields [*sāwel*]{.pr
Germanic/docs/sound_changes/reader_facing/reader_facing_local_section_20.md:2690	## \CAPRRuleHeading{SC036. Raising of medial \emph{*a} between stress peaks}{OEInterStressRaising} {#rule-OEInterStressRaising}	*sāwol	preoe	expected_output	no	yes	failure-pattern expected output	The two boundaries have unequal force. Before [SC019 PNWGmcFinalLongORaising](#rule-PNWGmcFinalLongORaising), PGmc [sáiwalō]{.recon} ‘soul’ yields [*sāwel*]{.pr
Germanic/docs/sound_changes/reader_facing/reader_facing_local_section_20.md:2690	## \CAPRRuleHeading{SC036. Raising of medial \emph{*a} between stress peaks}{OEInterStressRaising} {#rule-OEInterStressRaising}	*u	pgmc	notation_or_segment	no	no	non-formlike fragment or segment	The two boundaries have unequal force. Before [SC019 PNWGmcFinalLongORaising](#rule-PNWGmcFinalLongORaising), PGmc [sáiwalō]{.recon} ‘soul’ yields [*sāwel*]{.pr
Germanic/docs/sound_changes/reader_facing/reader_facing_local_section_20.md:2690	## \CAPRRuleHeading{SC036. Raising of medial \emph{*a} between stress peaks}{OEInterStressRaising} {#rule-OEInterStressRaising}	*wír-àldu	pgmc	model_stage	yes	yes	development-chain modeled stage	The two boundaries have unequal force. Before [SC019 PNWGmcFinalLongORaising](#rule-PNWGmcFinalLongORaising), PGmc [sáiwalō]{.recon} ‘soul’ yields [*sāwel*]{.pr
Germanic/docs/sound_changes/reader_facing/reader_facing_local_section_20.md:2690	## \CAPRRuleHeading{SC036. Raising of medial \emph{*a} between stress peaks}{OEInterStressRaising} {#rule-OEInterStressRaising}	o	pgmc	notation_or_segment	no	no	non-formlike fragment or segment	The two boundaries have unequal force. Before [SC019 PNWGmcFinalLongORaising](#rule-PNWGmcFinalLongORaising), PGmc [sáiwalō]{.recon} ‘soul’ yields [*sāwel*]{.pr
Germanic/docs/sound_changes/reader_facing/reader_facing_local_section_20.md:2690	## \CAPRRuleHeading{SC036. Raising of medial \emph{*a} between stress peaks}{OEInterStressRaising} {#rule-OEInterStressRaising}	soul	pgmc	expected_output	no	yes	expected outcome in explanatory prose	The two boundaries have unequal force. Before [SC019 PNWGmcFinalLongORaising](#rule-PNWGmcFinalLongORaising), PGmc [sáiwalō]{.recon} ‘soul’ yields [*sāwel*]{.pr
Germanic/docs/sound_changes/reader_facing/reader_facing_local_section_20.md:2690	## \CAPRRuleHeading{SC036. Raising of medial \emph{*a} between stress peaks}{OEInterStressRaising} {#rule-OEInterStressRaising}	u	pgmc	notation_or_segment	no	no	non-formlike fragment or segment	The two boundaries have unequal force. Before [SC019 PNWGmcFinalLongORaising](#rule-PNWGmcFinalLongORaising), PGmc [sáiwalō]{.recon} ‘soul’ yields [*sāwel*]{.pr
Germanic/docs/sound_changes/reader_facing/reader_facing_local_section_20.md:2690	## \CAPRRuleHeading{SC036. Raising of medial \emph{*a} between stress peaks}{OEInterStressRaising} {#rule-OEInterStressRaising}	world	pgmc	expected_output	yes	yes	expected outcome in explanatory prose	The two boundaries have unequal force. Before [SC019 PNWGmcFinalLongORaising](#rule-PNWGmcFinalLongORaising), PGmc [sáiwalō]{.recon} ‘soul’ yields [*sāwel*]{.pr
Germanic/docs/sound_changes/reader_facing/reader_facing_local_section_20.md:2711	## \CAPRRuleHeading{SC037. Syncope of compound linking vowels}{OECompoundLinkingSyncope} {#rule-OECompoundLinkingSyncope}	*reġnboga	preoe	expected_output	no	yes	failure-pattern expected output	The *reġnboga* 'rainbow' test exposes a bookkeeping dependency rather than a historical sound-change boundary. After SC038 OEStripSecondaryStress, PGmc [régna-b
Germanic/docs/sound_changes/reader_facing/reader_facing_local_section_20.md:2711	## \CAPRRuleHeading{SC037. Syncope of compound linking vowels}{OECompoundLinkingSyncope} {#rule-OECompoundLinkingSyncope}	*reġnefoga	preoe	yielded_output	no	yes	failure-pattern yielded output	The *reġnboga* 'rainbow' test exposes a bookkeeping dependency rather than a historical sound-change boundary. After SC038 OEStripSecondaryStress, PGmc [régna-b
Germanic/docs/sound_changes/reader_facing/reader_facing_local_section_20.md:2711	## \CAPRRuleHeading{SC037. Syncope of compound linking vowels}{OECompoundLinkingSyncope} {#rule-OECompoundLinkingSyncope}	*régna-bùgô	pgmc	example_input	no	yes	failure-pattern selected input	The *reġnboga* 'rainbow' test exposes a bookkeeping dependency rather than a historical sound-change boundary. After SC038 OEStripSecondaryStress, PGmc [régna-b
Germanic/docs/sound_changes/reader_facing/reader_facing_local_section_20.md:2731	## Historical discussion	w	oe	notation_or_segment	no	no	non-formlike fragment or segment	Initial \emph{w} conditions the first change.
Germanic/docs/sound_changes/reader_facing/reader_facing_local_section_20.md:2742	## SC039. Combinative \emph{*u}-umlaut in \emph{wi}-forms (`OEWICombinativeUUmlaut`) {#rule-OEWICombinativeUUmlaut}	*wudowe	preoe	yielded_output	no	yes	failure-pattern yielded output	The *wuduwe* ‘widow’ derivation answers one narrow question about \emph{wi}-forms. If [SC039 OEWICombinativeUUmlaut](#rule-OEWICombinativeUUmlaut) follows [SC04
Germanic/docs/sound_changes/reader_facing/reader_facing_local_section_20.md:2742	## SC039. Combinative \emph{*u}-umlaut in \emph{wi}-forms (`OEWICombinativeUUmlaut`) {#rule-OEWICombinativeUUmlaut}	*wuduwe	preoe	expected_output	no	yes	failure-pattern expected output	The *wuduwe* ‘widow’ derivation answers one narrow question about \emph{wi}-forms. If [SC039 OEWICombinativeUUmlaut](#rule-OEWICombinativeUUmlaut) follows [SC04
Germanic/docs/sound_changes/reader_facing/reader_facing_local_section_20.md:2742	## SC039. Combinative \emph{*u}-umlaut in \emph{wi}-forms (`OEWICombinativeUUmlaut`) {#rule-OEWICombinativeUUmlaut}	*wíduwōn	pgmc	example_input	yes	yes	failure-pattern selected input	The *wuduwe* ‘widow’ derivation answers one narrow question about \emph{wi}-forms. If [SC039 OEWICombinativeUUmlaut](#rule-OEWICombinativeUUmlaut) follows [SC04
Germanic/docs/sound_changes/reader_facing/reader_facing_local_section_20.md:2742	## SC039. Combinative \emph{*u}-umlaut in \emph{wi}-forms (`OEWICombinativeUUmlaut`) {#rule-OEWICombinativeUUmlaut}	wi	pgmc	notation_or_segment	no	no	non-formlike fragment or segment	The *wuduwe* ‘widow’ derivation answers one narrow question about \emph{wi}-forms. If [SC039 OEWICombinativeUUmlaut](#rule-OEWICombinativeUUmlaut) follows [SC04
Germanic/docs/sound_changes/reader_facing/reader_facing_local_section_20.md:2755	## \CAPRRuleHeading{SC040. Lowering of medial unstressed \emph{*u}}{OEMedUnstressedULowering} {#rule-OEMedUnstressedULowering}	*júgunθ	pgmc	example_input	yes	yes	failure-pattern selected input	The two witnesses date medial unstressed \emph{*u} > \emph{*o} at very different scales. Before [SC039 OEWICombinativeUUmlaut](#rule-OEWICombinativeUUmlaut), PG
Germanic/docs/sound_changes/reader_facing/reader_facing_local_section_20.md:2755	## \CAPRRuleHeading{SC040. Lowering of medial unstressed \emph{*u}}{OEMedUnstressedULowering} {#rule-OEMedUnstressedULowering}	*o	pgmc	notation_or_segment	no	no	non-formlike fragment or segment	The two witnesses date medial unstressed \emph{*u} > \emph{*o} at very different scales. Before [SC039 OEWICombinativeUUmlaut](#rule-OEWICombinativeUUmlaut), PG
Germanic/docs/sound_changes/reader_facing/reader_facing_local_section_20.md:2755	## \CAPRRuleHeading{SC040. Lowering of medial unstressed \emph{*u}}{OEMedUnstressedULowering} {#rule-OEMedUnstressedULowering}	*u	pgmc	notation_or_segment	no	no	non-formlike fragment or segment	The two witnesses date medial unstressed \emph{*u} > \emph{*o} at very different scales. Before [SC039 OEWICombinativeUUmlaut](#rule-OEWICombinativeUUmlaut), PG
Germanic/docs/sound_changes/reader_facing/reader_facing_local_section_20.md:2755	## \CAPRRuleHeading{SC040. Lowering of medial unstressed \emph{*u}}{OEMedUnstressedULowering} {#rule-OEMedUnstressedULowering}	*wudowe	preoe	yielded_output	no	yes	failure-pattern yielded output	The two witnesses date medial unstressed \emph{*u} > \emph{*o} at very different scales. Before [SC039 OEWICombinativeUUmlaut](#rule-OEWICombinativeUUmlaut), PG
Germanic/docs/sound_changes/reader_facing/reader_facing_local_section_20.md:2755	## \CAPRRuleHeading{SC040. Lowering of medial unstressed \emph{*u}}{OEMedUnstressedULowering} {#rule-OEMedUnstressedULowering}	*wuduwe	preoe	expected_output	no	yes	failure-pattern expected output	The two witnesses date medial unstressed \emph{*u} > \emph{*o} at very different scales. Before [SC039 OEWICombinativeUUmlaut](#rule-OEWICombinativeUUmlaut), PG
Germanic/docs/sound_changes/reader_facing/reader_facing_local_section_20.md:2755	## \CAPRRuleHeading{SC040. Lowering of medial unstressed \emph{*u}}{OEMedUnstressedULowering} {#rule-OEMedUnstressedULowering}	*wíduwōn	pgmc	example_input	yes	yes	failure-pattern selected input	The two witnesses date medial unstressed \emph{*u} > \emph{*o} at very different scales. Before [SC039 OEWICombinativeUUmlaut](#rule-OEWICombinativeUUmlaut), PG
Germanic/docs/sound_changes/reader_facing/reader_facing_local_section_20.md:2755	## \CAPRRuleHeading{SC040. Lowering of medial unstressed \emph{*u}}{OEMedUnstressedULowering} {#rule-OEMedUnstressedULowering}	*ġeogoþ	preoe	yielded_output	no	yes	failure-pattern yielded output	The two witnesses date medial unstressed \emph{*u} > \emph{*o} at very different scales. Before [SC039 OEWICombinativeUUmlaut](#rule-OEWICombinativeUUmlaut), PG
Germanic/docs/sound_changes/reader_facing/reader_facing_local_section_20.md:2755	## \CAPRRuleHeading{SC040. Lowering of medial unstressed \emph{*u}}{OEMedUnstressedULowering} {#rule-OEMedUnstressedULowering}	*ġeoguþ	preoe	expected_output	no	yes	failure-pattern expected output	The two witnesses date medial unstressed \emph{*u} > \emph{*o} at very different scales. Before [SC039 OEWICombinativeUUmlaut](#rule-OEWICombinativeUUmlaut), PG
Germanic/docs/sound_changes/reader_facing/reader_facing_local_section_20.md:2776	## SC041. Loss of final bare \emph{*a} (`PWGmcFinalBareALoss`) {#rule-PWGmcFinalBareALoss}	*beard	preoe	expected_output	no	yes	failure-pattern expected output	The two sides of final bare-\emph{a} loss rest on different evidence. Applied before final \emph{z}-deletion, the change gives the wrong outputs: PGmc [bárdaz]{
Germanic/docs/sound_changes/reader_facing/reader_facing_local_section_20.md:2776	## SC041. Loss of final bare \emph{*a} (`PWGmcFinalBareALoss`) {#rule-PWGmcFinalBareALoss}	*bearda	preoe	yielded_output	no	yes	failure-pattern yielded output	The two sides of final bare-\emph{a} loss rest on different evidence. Applied before final \emph{z}-deletion, the change gives the wrong outputs: PGmc [bárdaz]{
Germanic/docs/sound_changes/reader_facing/reader_facing_local_section_20.md:2776	## SC041. Loss of final bare \emph{*a} (`PWGmcFinalBareALoss`) {#rule-PWGmcFinalBareALoss}	*bárdaz	pgmc	example_input	yes	yes	failure-pattern selected input	The two sides of final bare-\emph{a} loss rest on different evidence. Applied before final \emph{z}-deletion, the change gives the wrong outputs: PGmc [bárdaz]{
Germanic/docs/sound_changes/reader_facing/reader_facing_local_section_20.md:2776	## SC041. Loss of final bare \emph{*a} (`PWGmcFinalBareALoss`) {#rule-PWGmcFinalBareALoss}	*camb	preoe	expected_output	no	yes	failure-pattern expected output	The two sides of final bare-\emph{a} loss rest on different evidence. Applied before final \emph{z}-deletion, the change gives the wrong outputs: PGmc [bárdaz]{
Germanic/docs/sound_changes/reader_facing/reader_facing_local_section_20.md:2776	## SC041. Loss of final bare \emph{*a} (`PWGmcFinalBareALoss`) {#rule-PWGmcFinalBareALoss}	*camba	preoe	yielded_output	no	yes	failure-pattern yielded output	The two sides of final bare-\emph{a} loss rest on different evidence. Applied before final \emph{z}-deletion, the change gives the wrong outputs: PGmc [bárdaz]{
Germanic/docs/sound_changes/reader_facing/reader_facing_local_section_20.md:2776	## SC041. Loss of final bare \emph{*a} (`PWGmcFinalBareALoss`) {#rule-PWGmcFinalBareALoss}	*craft	preoe	yielded_output	no	yes	failure-pattern yielded output	The two sides of final bare-\emph{a} loss rest on different evidence. Applied before final \emph{z}-deletion, the change gives the wrong outputs: PGmc [bárdaz]{
Germanic/docs/sound_changes/reader_facing/reader_facing_local_section_20.md:2776	## SC041. Loss of final bare \emph{*a} (`PWGmcFinalBareALoss`) {#rule-PWGmcFinalBareALoss}	*cræft	preoe	expected_output	no	yes	failure-pattern expected output	The two sides of final bare-\emph{a} loss rest on different evidence. Applied before final \emph{z}-deletion, the change gives the wrong outputs: PGmc [bárdaz]{
Germanic/docs/sound_changes/reader_facing/reader_facing_local_section_20.md:2776	## SC041. Loss of final bare \emph{*a} (`PWGmcFinalBareALoss`) {#rule-PWGmcFinalBareALoss}	*dag	preoe	yielded_output	no	yes	failure-pattern yielded output	The two sides of final bare-\emph{a} loss rest on different evidence. Applied before final \emph{z}-deletion, the change gives the wrong outputs: PGmc [bárdaz]{
Germanic/docs/sound_changes/reader_facing/reader_facing_local_section_20.md:2776	## SC041. Loss of final bare \emph{*a} (`PWGmcFinalBareALoss`) {#rule-PWGmcFinalBareALoss}	*dágaz	pgmc	example_input	yes	yes	failure-pattern selected input	The two sides of final bare-\emph{a} loss rest on different evidence. Applied before final \emph{z}-deletion, the change gives the wrong outputs: PGmc [bárdaz]{
Germanic/docs/sound_changes/reader_facing/reader_facing_local_section_20.md:2776	## SC041. Loss of final bare \emph{*a} (`PWGmcFinalBareALoss`) {#rule-PWGmcFinalBareALoss}	*dæġ	preoe	expected_output	no	yes	failure-pattern expected output	The two sides of final bare-\emph{a} loss rest on different evidence. Applied before final \emph{z}-deletion, the change gives the wrong outputs: PGmc [bárdaz]{
Germanic/docs/sound_changes/reader_facing/reader_facing_local_section_20.md:2776	## SC041. Loss of final bare \emph{*a} (`PWGmcFinalBareALoss`) {#rule-PWGmcFinalBareALoss}	*kráftaz	pgmc	example_input	yes	yes	failure-pattern selected input	The two sides of final bare-\emph{a} loss rest on different evidence. Applied before final \emph{z}-deletion, the change gives the wrong outputs: PGmc [bárdaz]{
Germanic/docs/sound_changes/reader_facing/reader_facing_local_section_20.md:2776	## SC041. Loss of final bare \emph{*a} (`PWGmcFinalBareALoss`) {#rule-PWGmcFinalBareALoss}	*kámbaz	pgmc	example_input	yes	yes	failure-pattern selected input	The two sides of final bare-\emph{a} loss rest on different evidence. Applied before final \emph{z}-deletion, the change gives the wrong outputs: PGmc [bárdaz]{
Germanic/docs/sound_changes/reader_facing/reader_facing_local_section_20.md:2776	## SC041. Loss of final bare \emph{*a} (`PWGmcFinalBareALoss`) {#rule-PWGmcFinalBareALoss}	a	pgmc	notation_or_segment	no	no	non-formlike fragment or segment	The two sides of final bare-\emph{a} loss rest on different evidence. Applied before final \emph{z}-deletion, the change gives the wrong outputs: PGmc [bárdaz]{
Germanic/docs/sound_changes/reader_facing/reader_facing_local_section_20.md:2776	## SC041. Loss of final bare \emph{*a} (`PWGmcFinalBareALoss`) {#rule-PWGmcFinalBareALoss}	z	pgmc	notation_or_segment	no	no	non-formlike fragment or segment	The two sides of final bare-\emph{a} loss rest on different evidence. Applied before final \emph{z}-deletion, the change gives the wrong outputs: PGmc [bárdaz]{
Germanic/docs/sound_changes/reader_facing/reader_facing_local_section_20.md:2785	## Historical discussion	*ō		notation_or_segment	no	no	non-formlike fragment or segment	The surviving bimoric \emph{*ō} in the pathway to *ræste* ‘rest’ nevertheless
Germanic/docs/sound_changes/reader_facing/reader_facing_local_section_20.md:2803	## \CAPRRuleHeading{SC042. Unrounding of the surviving bimoric \emph{*ō}}{PWGmcSurvivingBimoricOUnrounding} {#rule-PWGmcSurvivingBimoricOUnrounding}	*rasta	preoe	yielded_output	no	yes	failure-pattern yielded output	The single *ræste* ‘rest’ derivation carries the chronology of bimoric \emph{*ō} > \emph{*ā}. Before [SC020 EAFFinalZDeletion](#rule-EAFFinalZDeletion) or after
Germanic/docs/sound_changes/reader_facing/reader_facing_local_section_20.md:2803	## \CAPRRuleHeading{SC042. Unrounding of the surviving bimoric \emph{*ō}}{PWGmcSurvivingBimoricOUnrounding} {#rule-PWGmcSurvivingBimoricOUnrounding}	*rástōz	pgmc	example_input	yes	yes	failure-pattern selected input	The single *ræste* ‘rest’ derivation carries the chronology of bimoric \emph{*ō} > \emph{*ā}. Before [SC020 EAFFinalZDeletion](#rule-EAFFinalZDeletion) or after
Germanic/docs/sound_changes/reader_facing/reader_facing_local_section_20.md:2803	## \CAPRRuleHeading{SC042. Unrounding of the surviving bimoric \emph{*ō}}{PWGmcSurvivingBimoricOUnrounding} {#rule-PWGmcSurvivingBimoricOUnrounding}	*ræste	preoe	expected_output	no	yes	failure-pattern expected output	The single *ræste* ‘rest’ derivation carries the chronology of bimoric \emph{*ō} > \emph{*ā}. Before [SC020 EAFFinalZDeletion](#rule-EAFFinalZDeletion) or after
Germanic/docs/sound_changes/reader_facing/reader_facing_local_section_20.md:2803	## \CAPRRuleHeading{SC042. Unrounding of the surviving bimoric \emph{*ō}}{PWGmcSurvivingBimoricOUnrounding} {#rule-PWGmcSurvivingBimoricOUnrounding}	*ā	pgmc	notation_or_segment	no	no	non-formlike fragment or segment	The single *ræste* ‘rest’ derivation carries the chronology of bimoric \emph{*ō} > \emph{*ā}. Before [SC020 EAFFinalZDeletion](#rule-EAFFinalZDeletion) or after
Germanic/docs/sound_changes/reader_facing/reader_facing_local_section_20.md:2803	## \CAPRRuleHeading{SC042. Unrounding of the surviving bimoric \emph{*ō}}{PWGmcSurvivingBimoricOUnrounding} {#rule-PWGmcSurvivingBimoricOUnrounding}	*ō	pgmc	notation_or_segment	no	no	non-formlike fragment or segment	The single *ræste* ‘rest’ derivation carries the chronology of bimoric \emph{*ō} > \emph{*ā}. Before [SC020 EAFFinalZDeletion](#rule-EAFFinalZDeletion) or after
Germanic/docs/sound_changes/reader_facing/reader_facing_local_section_20.md:2803	## \CAPRRuleHeading{SC042. Unrounding of the surviving bimoric \emph{*ō}}{PWGmcSurvivingBimoricOUnrounding} {#rule-PWGmcSurvivingBimoricOUnrounding}	z	pgmc	notation_or_segment	no	no	non-formlike fragment or segment	The single *ræste* ‘rest’ derivation carries the chronology of bimoric \emph{*ō} > \emph{*ā}. Before [SC020 EAFFinalZDeletion](#rule-EAFFinalZDeletion) or after
Germanic/docs/sound_changes/reader_facing/reader_facing_local_section_20.md:2811	## Historical discussion	*a		notation_or_segment	no	no	non-formlike fragment or segment	Anglo-Frisian Brightening or First Fronting turns low \emph{*a} into fronted \emph{*æ}-type outcomes outside nasal environments. Later Old English developments 
Germanic/docs/sound_changes/reader_facing/reader_facing_local_section_20.md:2811	## Historical discussion	*æ		notation_or_segment	no	no	non-formlike fragment or segment	Anglo-Frisian Brightening or First Fronting turns low \emph{*a} into fronted \emph{*æ}-type outcomes outside nasal environments. Later Old English developments 
Germanic/docs/sound_changes/reader_facing/reader_facing_local_section_20.md:2895	## Historical discussion	eo	oe	notation_or_segment	no	no	non-formlike fragment or segment	Breaking creates \emph{eo}-type outputs before \emph{h}, \emph{rC}, and
Germanic/docs/sound_changes/reader_facing/reader_facing_local_section_20.md:2895	## Historical discussion	h	oe	notation_or_segment	no	no	non-formlike fragment or segment	Breaking creates \emph{eo}-type outputs before \emph{h}, \emph{rC}, and
Germanic/docs/sound_changes/reader_facing/reader_facing_local_section_20.md:2895	## Historical discussion	rC	oe	notation_or_segment	no	no	phonological environment notation	Breaking creates \emph{eo}-type outputs before \emph{h}, \emph{rC}, and
Germanic/docs/sound_changes/reader_facing/reader_facing_local_section_20.md:291	## A note on source terminology and subgrouping	NWGmc	pwgmc	diagnostic_comparator	no	yes	diagnostic comparison in reader-facing prose	CAPR uses `PWGmc` and `NWGmc` as organizing labels for this chapter without
Germanic/docs/sound_changes/reader_facing/reader_facing_local_section_20.md:291	## A note on source terminology and subgrouping	PWGmc	pwgmc	notation_or_segment	no	no	table metadata label	CAPR uses `PWGmc` and `NWGmc` as organizing labels for this chapter without
Germanic/docs/sound_changes/reader_facing/reader_facing_local_section_20.md:2915	## SC044. Breaking before \emph{h}, \emph{rC}, \emph{lC}, and conditioned \emph{w} (`OEBreaking`) {#rule-OEBreaking}	e	oe	notation_or_segment	no	no	non-formlike fragment or segment	Short \emph{e} and \emph{i} also develop short \emph{eo} and
Germanic/docs/sound_changes/reader_facing/reader_facing_local_section_20.md:2915	## SC044. Breaking before \emph{h}, \emph{rC}, \emph{lC}, and conditioned \emph{w} (`OEBreaking`) {#rule-OEBreaking}	eo	oe	notation_or_segment	no	no	non-formlike fragment or segment	Short \emph{e} and \emph{i} also develop short \emph{eo} and
Germanic/docs/sound_changes/reader_facing/reader_facing_local_section_20.md:2915	## SC044. Breaking before \emph{h}, \emph{rC}, \emph{lC}, and conditioned \emph{w} (`OEBreaking`) {#rule-OEBreaking}	i	oe	notation_or_segment	no	no	non-formlike fragment or segment	Short \emph{e} and \emph{i} also develop short \emph{eo} and
Germanic/docs/sound_changes/reader_facing/reader_facing_local_section_20.md:2917	## SC044. Breaking before \emph{h}, \emph{rC}, \emph{lC}, and conditioned \emph{w} (`OEBreaking`) {#rule-OEBreaking}	j	oe	notation_or_segment	no	no	non-formlike fragment or segment	or \emph{j} follows it. This is the regular pre-ending history of
Germanic/docs/sound_changes/reader_facing/reader_facing_local_section_20.md:2933	## SC044. Breaking before \emph{h}, \emph{rC}, \emph{lC}, and conditioned \emph{w} (`OEBreaking`) {#rule-OEBreaking}	w	oe	notation_or_segment	no	no	non-formlike fragment or segment	'knee' and the restored \emph{w} of *cnēow* 'knee' are separate paradigm
Germanic/docs/sound_changes/reader_facing/reader_facing_local_section_20.md:2939	## SC044. Breaking before \emph{h}, \emph{rC}, \emph{lC}, and conditioned \emph{w} (`OEBreaking`) {#rule-OEBreaking}	*fehtan	preoe	yielded_output	no	yes	failure-pattern yielded output	'cattle' and *feohtan* 'fight'. Before [SC043 EAFBrightening](#rule-EAFBrightening), PGmc [sláxaną]{.recon} ‘slay’ yields \emph{sleaan | slēaan} rather than exp
Germanic/docs/sound_changes/reader_facing/reader_facing_local_section_20.md:2939	## SC044. Breaking before \emph{h}, \emph{rC}, \emph{lC}, and conditioned \emph{w} (`OEBreaking`) {#rule-OEBreaking}	*fehu	preoe	yielded_output	no	yes	failure-pattern yielded output	'cattle' and *feohtan* 'fight'. Before [SC043 EAFBrightening](#rule-EAFBrightening), PGmc [sláxaną]{.recon} ‘slay’ yields \emph{sleaan | slēaan} rather than exp
Germanic/docs/sound_changes/reader_facing/reader_facing_local_section_20.md:2939	## SC044. Breaking before \emph{h}, \emph{rC}, \emph{lC}, and conditioned \emph{w} (`OEBreaking`) {#rule-OEBreaking}	*feoh	preoe	expected_output	no	yes	failure-pattern expected output	'cattle' and *feohtan* 'fight'. Before [SC043 EAFBrightening](#rule-EAFBrightening), PGmc [sláxaną]{.recon} ‘slay’ yields \emph{sleaan | slēaan} rather than exp
Germanic/docs/sound_changes/reader_facing/reader_facing_local_section_20.md:2939	## SC044. Breaking before \emph{h}, \emph{rC}, \emph{lC}, and conditioned \emph{w} (`OEBreaking`) {#rule-OEBreaking}	*feohtan	preoe	expected_output	no	yes	failure-pattern expected output	'cattle' and *feohtan* 'fight'. Before [SC043 EAFBrightening](#rule-EAFBrightening), PGmc [sláxaną]{.recon} ‘slay’ yields \emph{sleaan | slēaan} rather than exp
Germanic/docs/sound_changes/reader_facing/reader_facing_local_section_20.md:2939	## SC044. Breaking before \emph{h}, \emph{rC}, \emph{lC}, and conditioned \emph{w} (`OEBreaking`) {#rule-OEBreaking}	*féxtaną	pgmc	example_input	yes	yes	failure-pattern selected input	'cattle' and *feohtan* 'fight'. Before [SC043 EAFBrightening](#rule-EAFBrightening), PGmc [sláxaną]{.recon} ‘slay’ yields \emph{sleaan | slēaan} rather than exp
Germanic/docs/sound_changes/reader_facing/reader_facing_local_section_20.md:2939	## SC044. Breaking before \emph{h}, \emph{rC}, \emph{lC}, and conditioned \emph{w} (`OEBreaking`) {#rule-OEBreaking}	*féxu	pgmc	example_input	yes	yes	failure-pattern selected input	'cattle' and *feohtan* 'fight'. Before [SC043 EAFBrightening](#rule-EAFBrightening), PGmc [sláxaną]{.recon} ‘slay’ yields \emph{sleaan | slēaan} rather than exp
Germanic/docs/sound_changes/reader_facing/reader_facing_local_section_20.md:2939	## SC044. Breaking before \emph{h}, \emph{rC}, \emph{lC}, and conditioned \emph{w} (`OEBreaking`) {#rule-OEBreaking}	*sláxaną	pgmc	example_input	yes	yes	failure-pattern selected input	'cattle' and *feohtan* 'fight'. Before [SC043 EAFBrightening](#rule-EAFBrightening), PGmc [sláxaną]{.recon} ‘slay’ yields \emph{sleaan | slēaan} rather than exp
Germanic/docs/sound_changes/reader_facing/reader_facing_local_section_20.md:2939	## SC044. Breaking before \emph{h}, \emph{rC}, \emph{lC}, and conditioned \emph{w} (`OEBreaking`) {#rule-OEBreaking}	*slēan	preoe	expected_output	no	yes	failure-pattern expected output	'cattle' and *feohtan* 'fight'. Before [SC043 EAFBrightening](#rule-EAFBrightening), PGmc [sláxaną]{.recon} ‘slay’ yields \emph{sleaan | slēaan} rather than exp
Germanic/docs/sound_changes/reader_facing/reader_facing_local_section_20.md:2939	## SC044. Breaking before \emph{h}, \emph{rC}, \emph{lC}, and conditioned \emph{w} (`OEBreaking`) {#rule-OEBreaking}	sleaan | slēaan	pgmc	notation_or_segment	no	no	notation or compound expression	'cattle' and *feohtan* 'fight'. Before [SC043 EAFBrightening](#rule-EAFBrightening), PGmc [sláxaną]{.recon} ‘slay’ yields \emph{sleaan | slēaan} rather than exp
Germanic/docs/sound_changes/reader_facing/reader_facing_local_section_20.md:2966	## \CAPRRuleHeading{SC045. Palatalization of velar fricatives beside front vowels}{OEVelarFricativePalatalization} {#rule-OEVelarFricativePalatalization}	*séxs	pgmc	notation_or_segment	yes	no	non-formlike fragment or segment	PGmc [séxs]{.recon} ‘six’ yields [*sihs*]{.pred} rather than expected
Germanic/docs/sound_changes/reader_facing/reader_facing_local_section_20.md:2967	## \CAPRRuleHeading{SC045. Palatalization of velar fricatives beside front vowels}{OEVelarFricativePalatalization} {#rule-OEVelarFricativePalatalization}	*six	oe	notation_or_segment	no	no	non-formlike fragment or segment	OE *six*. Neither test dates voiced g. Its articulation and disputed
Germanic/docs/sound_changes/reader_facing/reader_facing_local_section_20.md:2979	## Historical discussion of A-restoration	a	oe	notation_or_segment	no	no	non-formlike fragment or segment	Campbell's restoration of \emph{a} before following back vowels and Ringe and Taylor's later retraction describe the same post-brightening development [@Campbel
Germanic/docs/sound_changes/reader_facing/reader_facing_local_section_20.md:2993	## \CAPRRuleHeading{SC046. Restoration of \emph{*a} before following back vowels}{OEARestoration} {#rule-OEARestoration}	*a	pgmc	notation_or_segment	no	no	non-formlike fragment or segment	Restoration must receive fronted \emph{*æ} and return \emph{*a} before the nasal-tail changes. Before [SC043 EAFBrightening](#rule-EAFBrightening), PGmc [bákaną
Germanic/docs/sound_changes/reader_facing/reader_facing_local_section_20.md:2993	## \CAPRRuleHeading{SC046. Restoration of \emph{*a} before following back vowels}{OEARestoration} {#rule-OEARestoration}	*bacan	preoe	expected_output	no	yes	failure-pattern expected output	Restoration must receive fronted \emph{*æ} and return \emph{*a} before the nasal-tail changes. Before [SC043 EAFBrightening](#rule-EAFBrightening), PGmc [bákaną
Germanic/docs/sound_changes/reader_facing/reader_facing_local_section_20.md:2993	## \CAPRRuleHeading{SC046. Restoration of \emph{*a} before following back vowels}{OEARestoration} {#rule-OEARestoration}	*bákaną	pgmc	example_input	yes	yes	failure-pattern selected input	Restoration must receive fronted \emph{*æ} and return \emph{*a} before the nasal-tail changes. Before [SC043 EAFBrightening](#rule-EAFBrightening), PGmc [bákaną
Germanic/docs/sound_changes/reader_facing/reader_facing_local_section_20.md:2993	## \CAPRRuleHeading{SC046. Restoration of \emph{*a} before following back vowels}{OEARestoration} {#rule-OEARestoration}	*bæcan	preoe	yielded_output	no	yes	failure-pattern yielded output	Restoration must receive fronted \emph{*æ} and return \emph{*a} before the nasal-tail changes. Before [SC043 EAFBrightening](#rule-EAFBrightening), PGmc [bákaną
Germanic/docs/sound_changes/reader_facing/reader_facing_local_section_20.md:2993	## \CAPRRuleHeading{SC046. Restoration of \emph{*a} before following back vowels}{OEARestoration} {#rule-OEARestoration}	*faran	preoe	expected_output	no	yes	failure-pattern expected output	Restoration must receive fronted \emph{*æ} and return \emph{*a} before the nasal-tail changes. Before [SC043 EAFBrightening](#rule-EAFBrightening), PGmc [bákaną
Germanic/docs/sound_changes/reader_facing/reader_facing_local_section_20.md:2993	## \CAPRRuleHeading{SC046. Restoration of \emph{*a} before following back vowels}{OEARestoration} {#rule-OEARestoration}	*fáraną	pgmc	example_input	yes	yes	failure-pattern selected input	Restoration must receive fronted \emph{*æ} and return \emph{*a} before the nasal-tail changes. Before [SC043 EAFBrightening](#rule-EAFBrightening), PGmc [bákaną
Germanic/docs/sound_changes/reader_facing/reader_facing_local_section_20.md:2993	## \CAPRRuleHeading{SC046. Restoration of \emph{*a} before following back vowels}{OEARestoration} {#rule-OEARestoration}	*færan	preoe	yielded_output	no	yes	failure-pattern yielded output	Restoration must receive fronted \emph{*æ} and return \emph{*a} before the nasal-tail changes. Before [SC043 EAFBrightening](#rule-EAFBrightening), PGmc [bákaną
Germanic/docs/sound_changes/reader_facing/reader_facing_local_section_20.md:2993	## \CAPRRuleHeading{SC046. Restoration of \emph{*a} before following back vowels}{OEARestoration} {#rule-OEARestoration}	*wadan	preoe	expected_output	no	yes	failure-pattern expected output	Restoration must receive fronted \emph{*æ} and return \emph{*a} before the nasal-tail changes. Before [SC043 EAFBrightening](#rule-EAFBrightening), PGmc [bákaną
Germanic/docs/sound_changes/reader_facing/reader_facing_local_section_20.md:2993	## \CAPRRuleHeading{SC046. Restoration of \emph{*a} before following back vowels}{OEARestoration} {#rule-OEARestoration}	*wádaną	pgmc	example_input	yes	yes	failure-pattern selected input	Restoration must receive fronted \emph{*æ} and return \emph{*a} before the nasal-tail changes. Before [SC043 EAFBrightening](#rule-EAFBrightening), PGmc [bákaną
Germanic/docs/sound_changes/reader_facing/reader_facing_local_section_20.md:2993	## \CAPRRuleHeading{SC046. Restoration of \emph{*a} before following back vowels}{OEARestoration} {#rule-OEARestoration}	*wædan	preoe	yielded_output	no	yes	failure-pattern yielded output	Restoration must receive fronted \emph{*æ} and return \emph{*a} before the nasal-tail changes. Before [SC043 EAFBrightening](#rule-EAFBrightening), PGmc [bákaną
Germanic/docs/sound_changes/reader_facing/reader_facing_local_section_20.md:2993	## \CAPRRuleHeading{SC046. Restoration of \emph{*a} before following back vowels}{OEARestoration} {#rule-OEARestoration}	*æ	pgmc	notation_or_segment	no	no	non-formlike fragment or segment	Restoration must receive fronted \emph{*æ} and return \emph{*a} before the nasal-tail changes. Before [SC043 EAFBrightening](#rule-EAFBrightening), PGmc [bákaną
Germanic/docs/sound_changes/reader_facing/reader_facing_local_section_20.md:2998	## Historical discussion of heavy-syllable nasal loss and secondary nasalization	a	oe	notation_or_segment	no	no	non-formlike fragment or segment	nasalization then marks the preceding \emph{a} before final \emph{n}. The
Germanic/docs/sound_changes/reader_facing/reader_facing_local_section_20.md:2998	## Historical discussion of heavy-syllable nasal loss and secondary nasalization	n	oe	notation_or_segment	no	no	non-formlike fragment or segment	nasalization then marks the preceding \emph{a} before final \emph{n}. The
Germanic/docs/sound_changes/reader_facing/reader_facing_local_section_20.md:300	## Rule names	NWGmc	pwgmc	diagnostic_comparator	no	yes	diagnostic comparison in reader-facing prose	Most CAPR rules in this chapter carry names beginning with `NWGmc` or `PWGmc`;
Germanic/docs/sound_changes/reader_facing/reader_facing_local_section_20.md:300	## Rule names	PWGmc	pwgmc	notation_or_segment	no	no	table metadata label	Most CAPR rules in this chapter carry names beginning with `NWGmc` or `PWGmc`;
Germanic/docs/sound_changes/reader_facing/reader_facing_local_section_20.md:301	## Rule names	OE	oe	notation_or_segment	no	no	table metadata label	the reformulated inherited-glide rule retains its older `OE` identifier.
Germanic/docs/sound_changes/reader_facing/reader_facing_local_section_20.md:3017	## \CAPRRuleHeading{SC047. Heavy-syllable nasal apocope of final \emph{*ą}}{OEHeavySyllableNasalApocope} {#rule-OEHeavySyllableNasalApocope}	*bacan	preoe	expected_output	no	yes	failure-pattern expected output	The evidence for final nasalized \emph{*ą} loss is sharply asymmetric. Before [SC034 OEAwLongDiphthong](#rule-OEAwLongDiphthong), the single PGmc witness [stráw
Germanic/docs/sound_changes/reader_facing/reader_facing_local_section_20.md:3017	## \CAPRRuleHeading{SC047. Heavy-syllable nasal apocope of final \emph{*ą}}{OEHeavySyllableNasalApocope} {#rule-OEHeavySyllableNasalApocope}	*bacen	preoe	yielded_output	no	yes	failure-pattern yielded output	The evidence for final nasalized \emph{*ą} loss is sharply asymmetric. Before [SC034 OEAwLongDiphthong](#rule-OEAwLongDiphthong), the single PGmc witness [stráw
Germanic/docs/sound_changes/reader_facing/reader_facing_local_section_20.md:3017	## \CAPRRuleHeading{SC047. Heavy-syllable nasal apocope of final \emph{*ą}}{OEHeavySyllableNasalApocope} {#rule-OEHeavySyllableNasalApocope}	*bindan	preoe	expected_output	no	yes	failure-pattern expected output	The evidence for final nasalized \emph{*ą} loss is sharply asymmetric. Before [SC034 OEAwLongDiphthong](#rule-OEAwLongDiphthong), the single PGmc witness [stráw
Germanic/docs/sound_changes/reader_facing/reader_facing_local_section_20.md:3017	## \CAPRRuleHeading{SC047. Heavy-syllable nasal apocope of final \emph{*ą}}{OEHeavySyllableNasalApocope} {#rule-OEHeavySyllableNasalApocope}	*binden	preoe	yielded_output	no	yes	failure-pattern yielded output	The evidence for final nasalized \emph{*ą} loss is sharply asymmetric. Before [SC034 OEAwLongDiphthong](#rule-OEAwLongDiphthong), the single PGmc witness [stráw
Germanic/docs/sound_changes/reader_facing/reader_facing_local_section_20.md:3017	## \CAPRRuleHeading{SC047. Heavy-syllable nasal apocope of final \emph{*ą}}{OEHeavySyllableNasalApocope} {#rule-OEHeavySyllableNasalApocope}	*bákaną	pgmc	example_input	yes	yes	failure-pattern selected input	The evidence for final nasalized \emph{*ą} loss is sharply asymmetric. Before [SC034 OEAwLongDiphthong](#rule-OEAwLongDiphthong), the single PGmc witness [stráw
Germanic/docs/sound_changes/reader_facing/reader_facing_local_section_20.md:3017	## \CAPRRuleHeading{SC047. Heavy-syllable nasal apocope of final \emph{*ą}}{OEHeavySyllableNasalApocope} {#rule-OEHeavySyllableNasalApocope}	*bíndaną	pgmc	example_input	yes	yes	failure-pattern selected input	The evidence for final nasalized \emph{*ą} loss is sharply asymmetric. Before [SC034 OEAwLongDiphthong](#rule-OEAwLongDiphthong), the single PGmc witness [stráw
Germanic/docs/sound_changes/reader_facing/reader_facing_local_section_20.md:3017	## \CAPRRuleHeading{SC047. Heavy-syllable nasal apocope of final \emph{*ą}}{OEHeavySyllableNasalApocope} {#rule-OEHeavySyllableNasalApocope}	*stráwą	pgmc	model_stage	yes	yes	development-chain modeled stage	The evidence for final nasalized \emph{*ą} loss is sharply asymmetric. Before [SC034 OEAwLongDiphthong](#rule-OEAwLongDiphthong), the single PGmc witness [stráw
Germanic/docs/sound_changes/reader_facing/reader_facing_local_section_20.md:3017	## \CAPRRuleHeading{SC047. Heavy-syllable nasal apocope of final \emph{*ą}}{OEHeavySyllableNasalApocope} {#rule-OEHeavySyllableNasalApocope}	*strēaw	oe	model_stage	no	yes	development-chain modeled stage	The evidence for final nasalized \emph{*ą} loss is sharply asymmetric. Before [SC034 OEAwLongDiphthong](#rule-OEAwLongDiphthong), the single PGmc witness [stráw
Germanic/docs/sound_changes/reader_facing/reader_facing_local_section_20.md:3017	## \CAPRRuleHeading{SC047. Heavy-syllable nasal apocope of final \emph{*ą}}{OEHeavySyllableNasalApocope} {#rule-OEHeavySyllableNasalApocope}	*ą	pgmc	notation_or_segment	no	no	non-formlike fragment or segment	The evidence for final nasalized \emph{*ą} loss is sharply asymmetric. Before [SC034 OEAwLongDiphthong](#rule-OEAwLongDiphthong), the single PGmc witness [stráw
Germanic/docs/sound_changes/reader_facing/reader_facing_local_section_20.md:3017	## \CAPRRuleHeading{SC047. Heavy-syllable nasal apocope of final \emph{*ą}}{OEHeavySyllableNasalApocope} {#rule-OEHeavySyllableNasalApocope}	-en	pgmc	notation_or_segment	no	no	notation or compound expression	The evidence for final nasalized \emph{*ą} loss is sharply asymmetric. Before [SC034 OEAwLongDiphthong](#rule-OEAwLongDiphthong), the single PGmc witness [stráw
Germanic/docs/sound_changes/reader_facing/reader_facing_local_section_20.md:3017	## \CAPRRuleHeading{SC047. Heavy-syllable nasal apocope of final \emph{*ą}}{OEHeavySyllableNasalApocope} {#rule-OEHeavySyllableNasalApocope}	witness	pgmc	expected_output	no	yes	expected outcome in explanatory prose	The evidence for final nasalized \emph{*ą} loss is sharply asymmetric. Before [SC034 OEAwLongDiphthong](#rule-OEAwLongDiphthong), the single PGmc witness [stráw
Germanic/docs/sound_changes/reader_facing/reader_facing_local_section_20.md:302	## Rule names	NWGmc	pnwgmc	diagnostic_comparator	no	yes	diagnostic comparison in reader-facing prose	These names are stable internal identifiers. A name beginning with `NWGmc` does
Germanic/docs/sound_changes/reader_facing/reader_facing_local_section_20.md:3027	## \CAPRRuleHeading{SC048. Secondary nasalization before final \emph{*n}}{OESecondaryNasalization} {#rule-OESecondaryNasalization}	*a	pgmc	notation_or_segment	no	no	non-formlike fragment or segment	The broad \emph{-an}/\emph{-en} split fixes the lower boundary of final \emph{*a} nasalization before \emph{n}. Before [SC047 OEHeavySyllableNasalApocope](#rule
Germanic/docs/sound_changes/reader_facing/reader_facing_local_section_20.md:3027	## \CAPRRuleHeading{SC048. Secondary nasalization before final \emph{*n}}{OESecondaryNasalization} {#rule-OESecondaryNasalization}	*bacan	preoe	expected_output	no	yes	failure-pattern expected output	The broad \emph{-an}/\emph{-en} split fixes the lower boundary of final \emph{*a} nasalization before \emph{n}. Before [SC047 OEHeavySyllableNasalApocope](#rule
Germanic/docs/sound_changes/reader_facing/reader_facing_local_section_20.md:3027	## \CAPRRuleHeading{SC048. Secondary nasalization before final \emph{*n}}{OESecondaryNasalization} {#rule-OESecondaryNasalization}	*bacen	preoe	yielded_output	no	yes	failure-pattern yielded output	The broad \emph{-an}/\emph{-en} split fixes the lower boundary of final \emph{*a} nasalization before \emph{n}. Before [SC047 OEHeavySyllableNasalApocope](#rule
Germanic/docs/sound_changes/reader_facing/reader_facing_local_section_20.md:3027	## \CAPRRuleHeading{SC048. Secondary nasalization before final \emph{*n}}{OESecondaryNasalization} {#rule-OESecondaryNasalization}	*bindan	preoe	expected_output	no	yes	failure-pattern expected output	The broad \emph{-an}/\emph{-en} split fixes the lower boundary of final \emph{*a} nasalization before \emph{n}. Before [SC047 OEHeavySyllableNasalApocope](#rule
Germanic/docs/sound_changes/reader_facing/reader_facing_local_section_20.md:3027	## \CAPRRuleHeading{SC048. Secondary nasalization before final \emph{*n}}{OESecondaryNasalization} {#rule-OESecondaryNasalization}	*binden	preoe	yielded_output	no	yes	failure-pattern yielded output	The broad \emph{-an}/\emph{-en} split fixes the lower boundary of final \emph{*a} nasalization before \emph{n}. Before [SC047 OEHeavySyllableNasalApocope](#rule
Germanic/docs/sound_changes/reader_facing/reader_facing_local_section_20.md:3027	## \CAPRRuleHeading{SC048. Secondary nasalization before final \emph{*n}}{OESecondaryNasalization} {#rule-OESecondaryNasalization}	*bákaną	pgmc	example_input	yes	yes	failure-pattern selected input	The broad \emph{-an}/\emph{-en} split fixes the lower boundary of final \emph{*a} nasalization before \emph{n}. Before [SC047 OEHeavySyllableNasalApocope](#rule
Germanic/docs/sound_changes/reader_facing/reader_facing_local_section_20.md:3027	## \CAPRRuleHeading{SC048. Secondary nasalization before final \emph{*n}}{OESecondaryNasalization} {#rule-OESecondaryNasalization}	*bíndaną	pgmc	example_input	yes	yes	failure-pattern selected input	The broad \emph{-an}/\emph{-en} split fixes the lower boundary of final \emph{*a} nasalization before \emph{n}. Before [SC047 OEHeavySyllableNasalApocope](#rule
Germanic/docs/sound_changes/reader_facing/reader_facing_local_section_20.md:3027	## \CAPRRuleHeading{SC048. Secondary nasalization before final \emph{*n}}{OESecondaryNasalization} {#rule-OESecondaryNasalization}	*stelan	preoe	expected_output	no	yes	failure-pattern expected output	The broad \emph{-an}/\emph{-en} split fixes the lower boundary of final \emph{*a} nasalization before \emph{n}. Before [SC047 OEHeavySyllableNasalApocope](#rule
Germanic/docs/sound_changes/reader_facing/reader_facing_local_section_20.md:3027	## \CAPRRuleHeading{SC048. Secondary nasalization before final \emph{*n}}{OESecondaryNasalization} {#rule-OESecondaryNasalization}	*steolan	preoe	yielded_output	no	yes	failure-pattern yielded output	The broad \emph{-an}/\emph{-en} split fixes the lower boundary of final \emph{*a} nasalization before \emph{n}. Before [SC047 OEHeavySyllableNasalApocope](#rule
Germanic/docs/sound_changes/reader_facing/reader_facing_local_section_20.md:3027	## \CAPRRuleHeading{SC048. Secondary nasalization before final \emph{*n}}{OESecondaryNasalization} {#rule-OESecondaryNasalization}	*stélaną	pgmc	example_input	yes	yes	failure-pattern selected input	The broad \emph{-an}/\emph{-en} split fixes the lower boundary of final \emph{*a} nasalization before \emph{n}. Before [SC047 OEHeavySyllableNasalApocope](#rule
Germanic/docs/sound_changes/reader_facing/reader_facing_local_section_20.md:3027	## \CAPRRuleHeading{SC048. Secondary nasalization before final \emph{*n}}{OESecondaryNasalization} {#rule-OESecondaryNasalization}	*wefan	preoe	expected_output	no	yes	failure-pattern expected output	The broad \emph{-an}/\emph{-en} split fixes the lower boundary of final \emph{*a} nasalization before \emph{n}. Before [SC047 OEHeavySyllableNasalApocope](#rule
Germanic/docs/sound_changes/reader_facing/reader_facing_local_section_20.md:3027	## \CAPRRuleHeading{SC048. Secondary nasalization before final \emph{*n}}{OESecondaryNasalization} {#rule-OESecondaryNasalization}	*weofan	preoe	yielded_output	no	yes	failure-pattern yielded output	The broad \emph{-an}/\emph{-en} split fixes the lower boundary of final \emph{*a} nasalization before \emph{n}. Before [SC047 OEHeavySyllableNasalApocope](#rule
Germanic/docs/sound_changes/reader_facing/reader_facing_local_section_20.md:3027	## \CAPRRuleHeading{SC048. Secondary nasalization before final \emph{*n}}{OESecondaryNasalization} {#rule-OESecondaryNasalization}	*wébaną	pgmc	example_input	yes	yes	failure-pattern selected input	The broad \emph{-an}/\emph{-en} split fixes the lower boundary of final \emph{*a} nasalization before \emph{n}. Before [SC047 OEHeavySyllableNasalApocope](#rule
Germanic/docs/sound_changes/reader_facing/reader_facing_local_section_20.md:3027	## \CAPRRuleHeading{SC048. Secondary nasalization before final \emph{*n}}{OESecondaryNasalization} {#rule-OESecondaryNasalization}	-an	pgmc	notation_or_segment	no	no	notation or compound expression	The broad \emph{-an}/\emph{-en} split fixes the lower boundary of final \emph{*a} nasalization before \emph{n}. Before [SC047 OEHeavySyllableNasalApocope](#rule
Germanic/docs/sound_changes/reader_facing/reader_facing_local_section_20.md:3027	## \CAPRRuleHeading{SC048. Secondary nasalization before final \emph{*n}}{OESecondaryNasalization} {#rule-OESecondaryNasalization}	-en	pgmc	notation_or_segment	no	no	notation or compound expression	The broad \emph{-an}/\emph{-en} split fixes the lower boundary of final \emph{*a} nasalization before \emph{n}. Before [SC047 OEHeavySyllableNasalApocope](#rule
Germanic/docs/sound_changes/reader_facing/reader_facing_local_section_20.md:3027	## \CAPRRuleHeading{SC048. Secondary nasalization before final \emph{*n}}{OESecondaryNasalization} {#rule-OESecondaryNasalization}	n	pgmc	notation_or_segment	no	no	non-formlike fragment or segment	The broad \emph{-an}/\emph{-en} split fixes the lower boundary of final \emph{*a} nasalization before \emph{n}. Before [SC047 OEHeavySyllableNasalApocope](#rule
Germanic/docs/sound_changes/reader_facing/reader_facing_local_section_20.md:3035	## Historical discussion	*b	pgmc	notation_or_segment	no	no	non-formlike fragment or segment	The positional alternation of Germanic \emph{*b} is a Proto-Germanic distributional feature. Hogg
Germanic/docs/sound_changes/reader_facing/reader_facing_local_section_20.md:3039	## Historical discussion	*b	pwgmc	notation_or_segment	no	no	non-formlike fragment or segment	the broader West Germanic background by treating Proto-West-Germanic \emph{*b} as a
Germanic/docs/sound_changes/reader_facing/reader_facing_local_section_20.md:304	## Rule names	PWGmc	pwgmc	notation_or_segment	no	no	table metadata label	beginning with `PWGmc` does not guarantee that it is absent from North Germanic.
Germanic/docs/sound_changes/reader_facing/reader_facing_local_section_20.md:3060	## \CAPRRuleHeading{SC049. Distribution of \emph{*b} after vowels and liquids}{PGmcBAllophony} {#rule-PGmcBAllophony}	*b		notation_or_segment	no	no	non-formlike fragment or segment	The handbooks describe \emph{*b}/\emph{*bb} as a positional alternation within the consonant system, and one compound supplies its chronological consequence. Be
Germanic/docs/sound_changes/reader_facing/reader_facing_local_section_20.md:3060	## \CAPRRuleHeading{SC049. Distribution of \emph{*b} after vowels and liquids}{PGmcBAllophony} {#rule-PGmcBAllophony}	*bb		notation_or_segment	no	no	non-formlike fragment or segment	The handbooks describe \emph{*b}/\emph{*bb} as a positional alternation within the consonant system, and one compound supplies its chronological consequence. Be
Germanic/docs/sound_changes/reader_facing/reader_facing_local_section_20.md:3060	## \CAPRRuleHeading{SC049. Distribution of \emph{*b} after vowels and liquids}{PGmcBAllophony} {#rule-PGmcBAllophony}	*reġnboga	oe	model_stage	no	yes	development-chain modeled stage	The handbooks describe \emph{*b}/\emph{*bb} as a positional alternation within the consonant system, and one compound supplies its chronological consequence. Be
Germanic/docs/sound_changes/reader_facing/reader_facing_local_section_20.md:3087	## SC050. Sievers-law syncope (`SieversLawSyncope`) {#rule-SieversLawSyncope}	*i	pgmc	notation_or_segment	no	no	non-formlike fragment or segment	The Sievers-law reduction \emph{*-CijV-*} > \emph{*-CjV-*}, including loss of \emph{*i} before \emph{*j}, must precede palatalization. If [SC050 SieversLawSynco
Germanic/docs/sound_changes/reader_facing/reader_facing_local_section_20.md:3087	## SC050. Sievers-law syncope (`SieversLawSyncope`) {#rule-SieversLawSyncope}	*j	pgmc	notation_or_segment	no	no	non-formlike fragment or segment	The Sievers-law reduction \emph{*-CijV-*} > \emph{*-CjV-*}, including loss of \emph{*i} before \emph{*j}, must precede palatalization. If [SC050 SieversLawSynco
Germanic/docs/sound_changes/reader_facing/reader_facing_local_section_20.md:3087	## SC050. Sievers-law syncope (`SieversLawSyncope`) {#rule-SieversLawSyncope}	*strecċan	preoe	yielded_output	no	yes	failure-pattern yielded output	The Sievers-law reduction \emph{*-CijV-*} > \emph{*-CjV-*}, including loss of \emph{*i} before \emph{*j}, must precede palatalization. If [SC050 SieversLawSynco
Germanic/docs/sound_changes/reader_facing/reader_facing_local_section_20.md:3087	## SC050. Sievers-law syncope (`SieversLawSyncope`) {#rule-SieversLawSyncope}	*streċċan	preoe	expected_output	no	yes	failure-pattern expected output	The Sievers-law reduction \emph{*-CijV-*} > \emph{*-CjV-*}, including loss of \emph{*i} before \emph{*j}, must precede palatalization. If [SC050 SieversLawSynco
Germanic/docs/sound_changes/reader_facing/reader_facing_local_section_20.md:3087	## SC050. Sievers-law syncope (`SieversLawSyncope`) {#rule-SieversLawSyncope}	*strákkijaną	pgmc	example_input	yes	yes	failure-pattern selected input	The Sievers-law reduction \emph{*-CijV-*} > \emph{*-CjV-*}, including loss of \emph{*i} before \emph{*j}, must precede palatalization. If [SC050 SieversLawSynco
Germanic/docs/sound_changes/reader_facing/reader_facing_local_section_20.md:3087	## SC050. Sievers-law syncope (`SieversLawSyncope`) {#rule-SieversLawSyncope}	-CijV-	pgmc	notation_or_segment	no	no	notation or compound expression	The Sievers-law reduction \emph{*-CijV-*} > \emph{*-CjV-*}, including loss of \emph{*i} before \emph{*j}, must precede palatalization. If [SC050 SieversLawSynco
Germanic/docs/sound_changes/reader_facing/reader_facing_local_section_20.md:3087	## SC050. Sievers-law syncope (`SieversLawSyncope`) {#rule-SieversLawSyncope}	-CjV-	pgmc	notation_or_segment	no	no	notation or compound expression	The Sievers-law reduction \emph{*-CijV-*} > \emph{*-CjV-*}, including loss of \emph{*i} before \emph{*j}, must precede palatalization. If [SC050 SieversLawSynco
Germanic/docs/sound_changes/reader_facing/reader_facing_local_section_20.md:3087	## SC050. Sievers-law syncope (`SieversLawSyncope`) {#rule-SieversLawSyncope}	stretch	pgmc	expected_output	no	yes	expected outcome in explanatory prose	The Sievers-law reduction \emph{*-CijV-*} > \emph{*-CjV-*}, including loss of \emph{*i} before \emph{*j}, must precede palatalization. If [SC050 SieversLawSynco
Germanic/docs/sound_changes/reader_facing/reader_facing_local_section_20.md:3095	## Historical discussion	*sc	oe	notation_or_segment	no	no	non-formlike fragment or segment	The palatalization of \emph{*sk} to Old English \emph{*sc} is one of the recognizable early
Germanic/docs/sound_changes/reader_facing/reader_facing_local_section_20.md:3095	## Historical discussion	*sk		notation_or_segment	no	no	non-formlike fragment or segment	The palatalization of \emph{*sk} to Old English \emph{*sc} is one of the recognizable early
Germanic/docs/sound_changes/reader_facing/reader_facing_local_section_20.md:3097	## Historical discussion	*sk		notation_or_segment	no	no	non-formlike fragment or segment	cluster from plain velars when he remarks that \emph{*sk} is especially prone to
Germanic/docs/sound_changes/reader_facing/reader_facing_local_section_20.md:3099	## Historical discussion	*sk		notation_or_segment	no	no	non-formlike fragment or segment	same change a clearer structural place by treating \emph{*sk} beside the palatalization
Germanic/docs/sound_changes/reader_facing/reader_facing_local_section_20.md:3102	## Historical discussion	*sk		notation_or_segment	no	no	non-formlike fragment or segment	explicit when they distinguish the earlier palatalization of velars and \emph{*sk} from
Germanic/docs/sound_changes/reader_facing/reader_facing_local_section_20.md:3109	## Historical discussion	*sc	oe	notation_or_segment	no	no	non-formlike fragment or segment	summary is the most concise warning against overextension: Old English \emph{*sc} is
Germanic/docs/sound_changes/reader_facing/reader_facing_local_section_20.md:312	## Historical discussion	*-s	pgmc	notation_or_segment	no	no	notation or compound expression	"The athematic consonant stems — the ""root nouns"" of the handbooks — attached the nominative-singular marker directly to a consonant-final root, and the Proto-Ge"
Germanic/docs/sound_changes/reader_facing/reader_facing_local_section_20.md:312	## Historical discussion	*-z	pgmc	notation_or_segment	no	no	notation or compound expression	"The athematic consonant stems — the ""root nouns"" of the handbooks — attached the nominative-singular marker directly to a consonant-final root, and the Proto-Ge"
Germanic/docs/sound_changes/reader_facing/reader_facing_local_section_20.md:312	## Historical discussion	*mūs	pgmc	notation_or_segment	yes	no	non-formlike fragment or segment	"The athematic consonant stems — the ""root nouns"" of the handbooks — attached the nominative-singular marker directly to a consonant-final root, and the Proto-Ge"
Germanic/docs/sound_changes/reader_facing/reader_facing_local_section_20.md:3130	## SC051. Palatalization of \emph{*sk} to \emph{*sc} (`OESkPalatalization`) {#rule-OESkPalatalization}	*flasce	oe	model_stage	no	yes	development-chain modeled stage	The non-fronted vowels of *flasce* ‘flask’ and *wascan* ‘wash’ fix the lower boundary of \emph{*sk} > \emph{*sc}. Before [SC046 OEARestoration](#rule-OEARestora
Germanic/docs/sound_changes/reader_facing/reader_facing_local_section_20.md:3130	## SC051. Palatalization of \emph{*sk} to \emph{*sc} (`OESkPalatalization`) {#rule-OESkPalatalization}	*sc		notation_or_segment	no	no	non-formlike fragment or segment	The non-fronted vowels of *flasce* ‘flask’ and *wascan* ‘wash’ fix the lower boundary of \emph{*sk} > \emph{*sc}. Before [SC046 OEARestoration](#rule-OEARestora
Germanic/docs/sound_changes/reader_facing/reader_facing_local_section_20.md:3130	## SC051. Palatalization of \emph{*sk} to \emph{*sc} (`OESkPalatalization`) {#rule-OESkPalatalization}	*sk		notation_or_segment	no	no	non-formlike fragment or segment	The non-fronted vowels of *flasce* ‘flask’ and *wascan* ‘wash’ fix the lower boundary of \emph{*sk} > \emph{*sc}. Before [SC046 OEARestoration](#rule-OEARestora
Germanic/docs/sound_changes/reader_facing/reader_facing_local_section_20.md:3132	## SC051. Palatalization of \emph{*sk} to \emph{*sc} (`OESkPalatalization`) {#rule-OESkPalatalization}	*sċea-* 'sea		notation_or_segment	no	no	notation or compound expression	Five witnesses establish the upper boundary collectively. The palatal cluster must already underlie *sċeaft* ‘shaft’, *sċēar* ‘shear’, *sċēaþ* ‘sheath’, *sċēap*
Germanic/docs/sound_changes/reader_facing/reader_facing_local_section_20.md:3132	## SC051. Palatalization of \emph{*sk} to \emph{*sc} (`OESkPalatalization`) {#rule-OESkPalatalization}	sċie-	oe	notation_or_segment	no	no	notation or compound expression	Five witnesses establish the upper boundary collectively. The palatal cluster must already underlie *sċeaft* ‘shaft’, *sċēar* ‘shear’, *sċēaþ* ‘sheath’, *sċēap*
Germanic/docs/sound_changes/reader_facing/reader_facing_local_section_20.md:314	## Historical discussion	*-z	goth	notation_or_segment	no	no	notation or compound expression	The dictionary traditions encode this situation in different notations, and the differences are conventions of citation rather than competing claims of fact. Or
Germanic/docs/sound_changes/reader_facing/reader_facing_local_section_20.md:314	## Historical discussion	*burgz	goth	diagnostic_comparator	no	yes	diagnostic comparison in reader-facing prose	The dictionary traditions encode this situation in different notations, and the differences are conventions of citation rather than competing claims of fact. Or
Germanic/docs/sound_changes/reader_facing/reader_facing_local_section_20.md:314	## Historical discussion	*bōk-	goth	notation_or_segment	yes	no	notation or compound expression	The dictionary traditions encode this situation in different notations, and the differences are conventions of citation rather than competing claims of fact. Or
Germanic/docs/sound_changes/reader_facing/reader_facing_local_section_20.md:314	## Historical discussion	*bōks	goth	notation_or_segment	yes	no	non-formlike fragment or segment	The dictionary traditions encode this situation in different notations, and the differences are conventions of citation rather than competing claims of fact. Or
Germanic/docs/sound_changes/reader_facing/reader_facing_local_section_20.md:314	## Historical discussion	*bōkz	goth	notation_or_segment	yes	no	non-formlike fragment or segment	The dictionary traditions encode this situation in different notations, and the differences are conventions of citation rather than competing claims of fact. Or
Germanic/docs/sound_changes/reader_facing/reader_facing_local_section_20.md:314	## Historical discussion	*frijōndz	goth	diagnostic_comparator	no	yes	diagnostic comparison in reader-facing prose	The dictionary traditions encode this situation in different notations, and the differences are conventions of citation rather than competing claims of fact. Or
Germanic/docs/sound_changes/reader_facing/reader_facing_local_section_20.md:314	## Historical discussion	*fōt-z	goth	diagnostic_comparator	no	yes	diagnostic comparison in reader-facing prose	The dictionary traditions encode this situation in different notations, and the differences are conventions of citation rather than competing claims of fact. Or
Germanic/docs/sound_changes/reader_facing/reader_facing_local_section_20.md:314	## Historical discussion	*gans-	goth	notation_or_segment	no	no	notation or compound expression	The dictionary traditions encode this situation in different notations, and the differences are conventions of citation rather than competing claims of fact. Or
Germanic/docs/sound_changes/reader_facing/reader_facing_local_section_20.md:314	## Historical discussion	*lūsz	goth	notation_or_segment	yes	no	non-formlike fragment or segment	The dictionary traditions encode this situation in different notations, and the differences are conventions of citation rather than competing claims of fact. Or
Germanic/docs/sound_changes/reader_facing/reader_facing_local_section_20.md:314	## Historical discussion	*ǥansz	goth	diagnostic_comparator	no	yes	diagnostic comparison in reader-facing prose	The dictionary traditions encode this situation in different notations, and the differences are conventions of citation rather than competing claims of fact. Or
Germanic/docs/sound_changes/reader_facing/reader_facing_local_section_20.md:314	## Historical discussion	-s	goth	notation_or_segment	no	no	notation or compound expression	The dictionary traditions encode this situation in different notations, and the differences are conventions of citation rather than competing claims of fact. Or
Germanic/docs/sound_changes/reader_facing/reader_facing_local_section_20.md:314	## Historical discussion	-z	goth	notation_or_segment	no	no	notation or compound expression	The dictionary traditions encode this situation in different notations, and the differences are conventions of citation rather than competing claims of fact. Or
Germanic/docs/sound_changes/reader_facing/reader_facing_local_section_20.md:314	## Historical discussion	baúrgs	goth	diagnostic_comparator	no	yes	diagnostic comparison in reader-facing prose	The dictionary traditions encode this situation in different notations, and the differences are conventions of citation rather than competing claims of fact. Or
Germanic/docs/sound_changes/reader_facing/reader_facing_local_section_20.md:314	## Historical discussion	frijonds	goth	diagnostic_comparator	no	yes	diagnostic comparison in reader-facing prose	The dictionary traditions encode this situation in different notations, and the differences are conventions of citation rather than competing claims of fact. Or
Germanic/docs/sound_changes/reader_facing/reader_facing_local_section_20.md:316	## Historical discussion	*ganz	pgmc	notation_or_segment	no	no	non-formlike fragment or segment	The three focal words are only superficially parallel. The root-final \emph{s} of 'louse' is itself an extension of \emph{*luw-} on the model of 'mouse' [@Bamme
Germanic/docs/sound_changes/reader_facing/reader_facing_local_section_20.md:316	## Historical discussion	*luw-	pgmc	notation_or_segment	yes	no	notation or compound expression	The three focal words are only superficially parallel. The root-final \emph{s} of 'louse' is itself an extension of \emph{*luw-} on the model of 'mouse' [@Bamme
Germanic/docs/sound_changes/reader_facing/reader_facing_local_section_20.md:316	## Historical discussion	*ǵʰanss	pgmc	model_stage	no	yes	development-chain modeled stage	The three focal words are only superficially parallel. The root-final \emph{s} of 'louse' is itself an extension of \emph{*luw-} on the model of 'mouse' [@Bamme
Germanic/docs/sound_changes/reader_facing/reader_facing_local_section_20.md:316	## Historical discussion	*ǵʰān	pgmc	notation_or_segment	no	no	non-formlike fragment or segment	The three focal words are only superficially parallel. The root-final \emph{s} of 'louse' is itself an extension of \emph{*luw-} on the model of 'mouse' [@Bamme
Germanic/docs/sound_changes/reader_facing/reader_facing_local_section_20.md:316	## Historical discussion	s	pgmc	notation_or_segment	no	no	non-formlike fragment or segment	The three focal words are only superficially parallel. The root-final \emph{s} of 'louse' is itself an extension of \emph{*luw-} on the model of 'mouse' [@Bamme
Germanic/docs/sound_changes/reader_facing/reader_facing_local_section_20.md:318	## Historical discussion	*-z	pwgmc	notation_or_segment	no	no	notation or compound expression	The branch evidence dates and localizes that generalization. Gothic keeps its sibilant throughout the class (\emph{baúrgs}, \emph{nahts}, \emph{reiks}) [@Fulk20
Germanic/docs/sound_changes/reader_facing/reader_facing_local_section_20.md:318	## Historical discussion	-r	on	notation_or_segment	no	no	notation or compound expression	The branch evidence dates and localizes that generalization. Gothic keeps its sibilant throughout the class (\emph{baúrgs}, \emph{nahts}, \emph{reiks}) [@Fulk20
Germanic/docs/sound_changes/reader_facing/reader_facing_local_section_20.md:318	## Historical discussion	baúrgs	on	diagnostic_comparator	no	yes	diagnostic comparison in reader-facing prose	The branch evidence dates and localizes that generalization. Gothic keeps its sibilant throughout the class (\emph{baúrgs}, \emph{nahts}, \emph{reiks}) [@Fulk20
Germanic/docs/sound_changes/reader_facing/reader_facing_local_section_20.md:318	## Historical discussion	fótr	on	diagnostic_comparator	no	yes	diagnostic comparison in reader-facing prose	The branch evidence dates and localizes that generalization. Gothic keeps its sibilant throughout the class (\emph{baúrgs}, \emph{nahts}, \emph{reiks}) [@Fulk20
Germanic/docs/sound_changes/reader_facing/reader_facing_local_section_20.md:318	## Historical discussion	geit	on	diagnostic_comparator	no	yes	diagnostic comparison in reader-facing prose	The branch evidence dates and localizes that generalization. Gothic keeps its sibilant throughout the class (\emph{baúrgs}, \emph{nahts}, \emph{reiks}) [@Fulk20
Germanic/docs/sound_changes/reader_facing/reader_facing_local_section_20.md:318	## Historical discussion	kýr	on	diagnostic_comparator	no	yes	diagnostic comparison in reader-facing prose	The branch evidence dates and localizes that generalization. Gothic keeps its sibilant throughout the class (\emph{baúrgs}, \emph{nahts}, \emph{reiks}) [@Fulk20
Germanic/docs/sound_changes/reader_facing/reader_facing_local_section_20.md:318	## Historical discussion	nahts	on	diagnostic_comparator	no	yes	diagnostic comparison in reader-facing prose	The branch evidence dates and localizes that generalization. Gothic keeps its sibilant throughout the class (\emph{baúrgs}, \emph{nahts}, \emph{reiks}) [@Fulk20
Germanic/docs/sound_changes/reader_facing/reader_facing_local_section_20.md:318	## Historical discussion	nótt	on	diagnostic_comparator	no	yes	diagnostic comparison in reader-facing prose	The branch evidence dates and localizes that generalization. Gothic keeps its sibilant throughout the class (\emph{baúrgs}, \emph{nahts}, \emph{reiks}) [@Fulk20
Germanic/docs/sound_changes/reader_facing/reader_facing_local_section_20.md:318	## Historical discussion	reiks	on	diagnostic_comparator	no	yes	diagnostic comparison in reader-facing prose	The branch evidence dates and localizes that generalization. Gothic keeps its sibilant throughout the class (\emph{baúrgs}, \emph{nahts}, \emph{reiks}) [@Fulk20
Germanic/docs/sound_changes/reader_facing/reader_facing_local_section_20.md:318	## Historical discussion	sýr	on	diagnostic_comparator	no	yes	diagnostic comparison in reader-facing prose	The branch evidence dates and localizes that generalization. Gothic keeps its sibilant throughout the class (\emph{baúrgs}, \emph{nahts}, \emph{reiks}) [@Fulk20
Germanic/docs/sound_changes/reader_facing/reader_facing_local_section_20.md:318	## Historical discussion	ær	on	diagnostic_comparator	no	yes	diagnostic comparison in reader-facing prose	The branch evidence dates and localizes that generalization. Gothic keeps its sibilant throughout the class (\emph{baúrgs}, \emph{nahts}, \emph{reiks}) [@Fulk20
Germanic/docs/sound_changes/reader_facing/reader_facing_local_section_20.md:320	## Historical discussion	*-z	pwgmc	notation_or_segment	no	no	notation or compound expression	This change is distinct from the two later final-\emph{*z} developments. It was complete before Proto-West Germanic, whereas the loss of \emph{*-z} in unstresse
Germanic/docs/sound_changes/reader_facing/reader_facing_local_section_20.md:320	## Historical discussion	*fadurz	pwgmc	model_stage	no	yes	development-chain modeled stage	This change is distinct from the two later final-\emph{*z} developments. It was complete before Proto-West Germanic, whereas the loss of \emph{*-z} in unstresse
Germanic/docs/sound_changes/reader_facing/reader_facing_local_section_20.md:320	## Historical discussion	*frijōndz	pwgmc	model_stage	no	yes	development-chain modeled stage	This change is distinct from the two later final-\emph{*z} developments. It was complete before Proto-West Germanic, whereas the loss of \emph{*-z} in unstresse
Germanic/docs/sound_changes/reader_facing/reader_facing_local_section_20.md:320	## Historical discussion	*hwaz	pwgmc	notation_or_segment	no	no	non-formlike fragment or segment	This change is distinct from the two later final-\emph{*z} developments. It was complete before Proto-West Germanic, whereas the loss of \emph{*-z} in unstresse
Germanic/docs/sound_changes/reader_facing/reader_facing_local_section_20.md:320	## Historical discussion	*melukz	pwgmc	model_stage	no	yes	development-chain modeled stage	This change is distinct from the two later final-\emph{*z} developments. It was complete before Proto-West Germanic, whereas the loss of \emph{*-z} in unstresse
Germanic/docs/sound_changes/reader_facing/reader_facing_local_section_20.md:320	## Historical discussion	*mēnōþz	pwgmc	model_stage	no	yes	development-chain modeled stage	This change is distinct from the two later final-\emph{*z} developments. It was complete before Proto-West Germanic, whereas the loss of \emph{*-z} in unstresse
Germanic/docs/sound_changes/reader_facing/reader_facing_local_section_20.md:320	## Historical discussion	*z	pwgmc	notation_or_segment	no	no	non-formlike fragment or segment	This change is distinct from the two later final-\emph{*z} developments. It was complete before Proto-West Germanic, whereas the loss of \emph{*-z} in unstresse
Germanic/docs/sound_changes/reader_facing/reader_facing_local_section_20.md:3268	### Key and day at the mutation checkpoint	under	oe	diagnostic_comparator	no	yes	diagnostic comparison in reader-facing prose	Premature merger instead predicts pre-OE [\emph{*dejæ}]{.pred} under
Germanic/docs/sound_changes/reader_facing/reader_facing_local_section_20.md:3303	## Historical discussion	*ngw		notation_or_segment	no	no	non-formlike fragment or segment	The first rule is a narrow loss of \emph{*w} after velars in the \emph{*ngw}
Germanic/docs/sound_changes/reader_facing/reader_facing_local_section_20.md:3303	## Historical discussion	*w		notation_or_segment	no	no	non-formlike fragment or segment	The first rule is a narrow loss of \emph{*w} after velars in the \emph{*ngw}
Germanic/docs/sound_changes/reader_facing/reader_facing_local_section_20.md:3304	## Historical discussion	*singwan	pgmc	diagnostic_comparator	no	yes	diagnostic comparison in reader-facing prose	sequence. Ringe and Taylor derive PGmc [singwan]{.recon} ‘sing’ to Old English *singan*
Germanic/docs/sound_changes/reader_facing/reader_facing_local_section_20.md:331	## SC096. Root-noun nominative \emph{*-z} loss (`RootNounNomZLoss`) {#rule-RootNounNomZLoss}	*-z	pwgmc	notation_or_segment	no	no	notation or compound expression	The rule deletes word-final \emph{*z} after a consonant in a monosyllable. Three claims of different kinds meet here and must be kept apart. The historical clai
Germanic/docs/sound_changes/reader_facing/reader_facing_local_section_20.md:331	## SC096. Root-noun nominative \emph{*-z} loss (`RootNounNomZLoss`) {#rule-RootNounNomZLoss}	*bōc	oe	notation_or_segment	no	no	non-formlike fragment or segment	The rule deletes word-final \emph{*z} after a consonant in a monosyllable. Three claims of different kinds meet here and must be kept apart. The historical clai
Germanic/docs/sound_changes/reader_facing/reader_facing_local_section_20.md:331	## SC096. Root-noun nominative \emph{*-z} loss (`RootNounNomZLoss`) {#rule-RootNounNomZLoss}	*bōkz	pwgmc	notation_or_segment	yes	no	non-formlike fragment or segment	The rule deletes word-final \emph{*z} after a consonant in a monosyllable. Three claims of different kinds meet here and must be kept apart. The historical clai
Germanic/docs/sound_changes/reader_facing/reader_facing_local_section_20.md:331	## SC096. Root-noun nominative \emph{*-z} loss (`RootNounNomZLoss`) {#rule-RootNounNomZLoss}	*flauxz	pwgmc	model_stage	no	yes	development-chain modeled stage	The rule deletes word-final \emph{*z} after a consonant in a monosyllable. Three claims of different kinds meet here and must be kept apart. The historical clai
Germanic/docs/sound_changes/reader_facing/reader_facing_local_section_20.md:331	## SC096. Root-noun nominative \emph{*-z} loss (`RootNounNomZLoss`) {#rule-RootNounNomZLoss}	*fláuxz	pwgmc	model_stage	yes	yes	development-chain modeled stage	The rule deletes word-final \emph{*z} after a consonant in a monosyllable. Three claims of different kinds meet here and must be kept apart. The historical clai
Germanic/docs/sound_changes/reader_facing/reader_facing_local_section_20.md:331	## SC096. Root-noun nominative \emph{*-z} loss (`RootNounNomZLoss`) {#rule-RootNounNomZLoss}	*gánsz	pwgmc	model_stage	yes	yes	development-chain modeled stage	The rule deletes word-final \emph{*z} after a consonant in a monosyllable. Three claims of different kinds meet here and must be kept apart. The historical clai
Germanic/docs/sound_changes/reader_facing/reader_facing_local_section_20.md:331	## SC096. Root-noun nominative \emph{*-z} loss (`RootNounNomZLoss`) {#rule-RootNounNomZLoss}	*lūsz	pwgmc	notation_or_segment	yes	no	non-formlike fragment or segment	The rule deletes word-final \emph{*z} after a consonant in a monosyllable. Three claims of different kinds meet here and must be kept apart. The historical clai
Germanic/docs/sound_changes/reader_facing/reader_facing_local_section_20.md:331	## SC096. Root-noun nominative \emph{*-z} loss (`RootNounNomZLoss`) {#rule-RootNounNomZLoss}	*z	pwgmc	notation_or_segment	no	no	non-formlike fragment or segment	The rule deletes word-final \emph{*z} after a consonant in a monosyllable. Three claims of different kinds meet here and must be kept apart. The historical clai
Germanic/docs/sound_changes/reader_facing/reader_facing_local_section_20.md:331	## SC096. Root-noun nominative \emph{*-z} loss (`RootNounNomZLoss`) {#rule-RootNounNomZLoss}	*ǥansz	pwgmc	model_stage	no	yes	development-chain modeled stage	The rule deletes word-final \emph{*z} after a consonant in a monosyllable. Three claims of different kinds meet here and must be kept apart. The historical clai
Germanic/docs/sound_changes/reader_facing/reader_facing_local_section_20.md:331	## SC096. Root-noun nominative \emph{*-z} loss (`RootNounNomZLoss`) {#rule-RootNounNomZLoss}	-z	pgmc	notation_or_segment	no	no	notation or compound expression	The rule deletes word-final \emph{*z} after a consonant in a monosyllable. Three claims of different kinds meet here and must be kept apart. The historical clai
Germanic/docs/sound_changes/reader_facing/reader_facing_local_section_20.md:331	## SC096. Root-noun nominative \emph{*-z} loss (`RootNounNomZLoss`) {#rule-RootNounNomZLoss}	book	pgmc	expected_output	no	yes	expected outcome in explanatory prose	The rule deletes word-final \emph{*z} after a consonant in a monosyllable. Three claims of different kinds meet here and must be kept apart. The historical clai
Germanic/docs/sound_changes/reader_facing/reader_facing_local_section_20.md:3310	## Historical discussion	*i		notation_or_segment	no	no	non-formlike fragment or segment	of \emph{*w} before \emph{*i} in unstressed position [@Campbell1959, p. 167, §406]. Ringe and Taylor
Germanic/docs/sound_changes/reader_facing/reader_facing_local_section_20.md:3310	## Historical discussion	*w		notation_or_segment	no	no	non-formlike fragment or segment	of \emph{*w} before \emph{*i} in unstressed position [@Campbell1959, p. 167, §406]. Ringe and Taylor
Germanic/docs/sound_changes/reader_facing/reader_facing_local_section_20.md:3311	## Historical discussion	*saiwi-		notation_or_segment	no	no	notation or compound expression	trace the development of *sǣ* ‘sea’ from earlier \emph{*saiwi-} / \emph{*sawi-}
Germanic/docs/sound_changes/reader_facing/reader_facing_local_section_20.md:3311	## Historical discussion	*sawi-		notation_or_segment	no	no	notation or compound expression	trace the development of *sǣ* ‘sea’ from earlier \emph{*saiwi-} / \emph{*sawi-}
Germanic/docs/sound_changes/reader_facing/reader_facing_local_section_20.md:3314	## Historical discussion	*ngw		notation_or_segment	no	no	non-formlike fragment or segment	the \emph{*ngw} sequence; the second has a specific lexical witness and defined
Germanic/docs/sound_changes/reader_facing/reader_facing_local_section_20.md:3325	## SC053. Loss of \emph{*w} after velars (`OEPostVelarWLoss`) {#rule-OEPostVelarWLoss}	*ngw		notation_or_segment	no	no	non-formlike fragment or segment	The comparative development `*singwan > singan` establishes narrow post-velar \emph{*w}-loss in the \emph{*ngw} sequence, yielding *singan* ‘sing’. Moving [SC05
Germanic/docs/sound_changes/reader_facing/reader_facing_local_section_20.md:3325	## SC053. Loss of \emph{*w} after velars (`OEPostVelarWLoss`) {#rule-OEPostVelarWLoss}	*singwan > singan		notation_or_segment	no	no	notation or compound expression	The comparative development `*singwan > singan` establishes narrow post-velar \emph{*w}-loss in the \emph{*ngw} sequence, yielding *singan* ‘sing’. Moving [SC05
Germanic/docs/sound_changes/reader_facing/reader_facing_local_section_20.md:3325	## SC053. Loss of \emph{*w} after velars (`OEPostVelarWLoss`) {#rule-OEPostVelarWLoss}	*w		notation_or_segment	no	no	non-formlike fragment or segment	The comparative development `*singwan > singan` establishes narrow post-velar \emph{*w}-loss in the \emph{*ngw} sequence, yielding *singan* ‘sing’. Moving [SC05
Germanic/docs/sound_changes/reader_facing/reader_facing_local_section_20.md:333	## SC096. Root-noun nominative \emph{*-z} loss (`RootNounNomZLoss`) {#rule-RootNounNomZLoss}	*friundz	pwgmc	model_stage	no	yes	development-chain modeled stage	The rule applies at the head of the English line, before [SC009 PWGmcIjContraction](#rule-PWGmcIjContraction). That ordering is fixed by the identity of the pro
Germanic/docs/sound_changes/reader_facing/reader_facing_local_section_20.md:333	## SC096. Root-noun nominative \emph{*-z} loss (`RootNounNomZLoss`) {#rule-RootNounNomZLoss}	*fríjōndz	pwgmc	model_stage	yes	yes	development-chain modeled stage	The rule applies at the head of the English line, before [SC009 PWGmcIjContraction](#rule-PWGmcIjContraction). That ordering is fixed by the identity of the pro
Germanic/docs/sound_changes/reader_facing/reader_facing_local_section_20.md:3335	## SC054. Loss of \emph{*w} before final \emph{*i} (`OEWLossBeforeI`) {#rule-OEWLossBeforeI}	*i		notation_or_segment	no	no	non-formlike fragment or segment	The history of *sǣ* ‘sea’ explains why non-initial \emph{*w} disappeared before final unstressed \emph{*i}. Campbell describes the loss, Ringe and Taylor derive
Germanic/docs/sound_changes/reader_facing/reader_facing_local_section_20.md:3335	## SC054. Loss of \emph{*w} before final \emph{*i} (`OEWLossBeforeI`) {#rule-OEWLossBeforeI}	*saiwi-		notation_or_segment	no	no	notation or compound expression	The history of *sǣ* ‘sea’ explains why non-initial \emph{*w} disappeared before final unstressed \emph{*i}. Campbell describes the loss, Ringe and Taylor derive
Germanic/docs/sound_changes/reader_facing/reader_facing_local_section_20.md:3335	## SC054. Loss of \emph{*w} before final \emph{*i} (`OEWLossBeforeI`) {#rule-OEWLossBeforeI}	*sawi-		notation_or_segment	no	no	notation or compound expression	The history of *sǣ* ‘sea’ explains why non-initial \emph{*w} disappeared before final unstressed \emph{*i}. Campbell describes the loss, Ringe and Taylor derive
Germanic/docs/sound_changes/reader_facing/reader_facing_local_section_20.md:3335	## SC054. Loss of \emph{*w} before final \emph{*i} (`OEWLossBeforeI`) {#rule-OEWLossBeforeI}	*w		notation_or_segment	no	no	non-formlike fragment or segment	The history of *sǣ* ‘sea’ explains why non-initial \emph{*w} disappeared before final unstressed \emph{*i}. Campbell describes the loss, Ringe and Taylor derive
Germanic/docs/sound_changes/reader_facing/reader_facing_local_section_20.md:3337	## SC054. Loss of \emph{*w} before final \emph{*i} (`OEWLossBeforeI`) {#rule-OEWLossBeforeI}	*sǣ	oe	notation_or_segment	no	no	non-formlike fragment or segment	The same witness supplies two distant limits. Before [SC020 EAFFinalZDeletion](#rule-EAFFinalZDeletion) or after [SC063 OEHighVowelApocope](#rule-OEHighVowelApo
Germanic/docs/sound_changes/reader_facing/reader_facing_local_section_20.md:3337	## SC054. Loss of \emph{*w} before final \emph{*i} (`OEWLossBeforeI`) {#rule-OEWLossBeforeI}	z	oe	notation_or_segment	no	no	non-formlike fragment or segment	The same witness supplies two distant limits. Before [SC020 EAFFinalZDeletion](#rule-EAFFinalZDeletion) or after [SC063 OEHighVowelApocope](#rule-OEHighVowelApo
Germanic/docs/sound_changes/reader_facing/reader_facing_local_section_20.md:335	## SC096. Root-noun nominative \emph{*-z} loss (`RootNounNomZLoss`) {#rule-RootNounNomZLoss}	*déuzą	pgmc	model_stage	yes	yes	development-chain modeled stage	Negative controls behave as the morphology predicts. Stressed monosyllables whose \emph{*z} follows a vowel — the domain of the later northern change — do not m
Germanic/docs/sound_changes/reader_facing/reader_facing_local_section_20.md:335	## SC096. Root-noun nominative \emph{*-z} loss (`RootNounNomZLoss`) {#rule-RootNounNomZLoss}	*dēor	oe	notation_or_segment	no	no	non-formlike fragment or segment	Negative controls behave as the morphology predicts. Stressed monosyllables whose \emph{*z} follows a vowel — the domain of the later northern change — do not m
Germanic/docs/sound_changes/reader_facing/reader_facing_local_section_20.md:335	## SC096. Root-noun nominative \emph{*-z} loss (`RootNounNomZLoss`) {#rule-RootNounNomZLoss}	*z	pgmc	notation_or_segment	no	no	non-formlike fragment or segment	Negative controls behave as the morphology predicts. Stressed monosyllables whose \emph{*z} follows a vowel — the domain of the later northern change — do not m
Germanic/docs/sound_changes/reader_facing/reader_facing_local_section_20.md:335	## SC096. Root-noun nominative \emph{*-z} loss (`RootNounNomZLoss`) {#rule-RootNounNomZLoss}	deer	pgmc	yielded_output	no	yes	yielded outcome in explanatory prose	Negative controls behave as the morphology predicts. Stressed monosyllables whose \emph{*z} follows a vowel — the domain of the later northern change — do not m
Germanic/docs/sound_changes/reader_facing/reader_facing_local_section_20.md:3356	## Historical discussion	i	oe	notation_or_segment	no	no	non-formlike fragment or segment	`i` or `j`, and he goes on to trace the consequences across much of the vowel
Germanic/docs/sound_changes/reader_facing/reader_facing_local_section_20.md:3356	## Historical discussion	j	oe	notation_or_segment	no	no	non-formlike fragment or segment	`i` or `j`, and he goes on to trace the consequences across much of the vowel
Germanic/docs/sound_changes/reader_facing/reader_facing_local_section_20.md:3382	## Historical discussion	*e		notation_or_segment	no	no	non-formlike fragment or segment	the raising of inherited Germanic \emph{*e} to \emph{*i} before a following
Germanic/docs/sound_changes/reader_facing/reader_facing_local_section_20.md:3382	## Historical discussion	*i		notation_or_segment	no	no	non-formlike fragment or segment	the raising of inherited Germanic \emph{*e} to \emph{*i} before a following
Germanic/docs/sound_changes/reader_facing/reader_facing_local_section_20.md:3384	## Historical discussion	*giftiz	pgmc	diagnostic_comparator	no	yes	diagnostic comparison in reader-facing prose	PGmc [giftiz]{.recon .iv lang=pgmc sort=giftiz} 'gift', with OE plural *ġifta*
Germanic/docs/sound_changes/reader_facing/reader_facing_local_section_20.md:3384	## Historical discussion	gift	pgmc	diagnostic_comparator	no	yes	diagnostic comparison in reader-facing prose	PGmc [giftiz]{.recon .iv lang=pgmc sort=giftiz} 'gift', with OE plural *ġifta*
Germanic/docs/sound_changes/reader_facing/reader_facing_local_section_20.md:3384	## Historical discussion	plural	oe	diagnostic_comparator	no	yes	diagnostic comparison in reader-facing prose	PGmc [giftiz]{.recon .iv lang=pgmc sort=giftiz} 'gift', with OE plural *ġifta*
Germanic/docs/sound_changes/reader_facing/reader_facing_local_section_20.md:3387	## Historical discussion	*e		notation_or_segment	no	no	non-formlike fragment or segment	raising of inherited \emph{*e} occurred hundreds of years before the Old
Germanic/docs/sound_changes/reader_facing/reader_facing_local_section_20.md:343	## Historical discussion	*ai		notation_or_segment	no	no	non-formlike fragment or segment	The first change monophthongizes unstressed \emph{*ai}; the second carries early unstressed front-vowel leveling farther in forms such as *weorold* 'world'. Bot
Germanic/docs/sound_changes/reader_facing/reader_facing_local_section_20.md:3460	## SC055. Fronting under i-umlaut (`OEIUmlautFronting`) {#rule-OEIUmlautFronting}	i	oe	notation_or_segment	no	no	non-formlike fragment or segment	The breadth of i-umlaut appears in lexical classes that share only a following high front vocoid. The forms *fylgan* ‘follow’, *gylden* ‘golden’, *wyrm* ‘worm’,
Germanic/docs/sound_changes/reader_facing/reader_facing_local_section_20.md:3460	## SC055. Fronting under i-umlaut (`OEIUmlautFronting`) {#rule-OEIUmlautFronting}	j	oe	notation_or_segment	no	no	non-formlike fragment or segment	The breadth of i-umlaut appears in lexical classes that share only a following high front vocoid. The forms *fylgan* ‘follow’, *gylden* ‘golden’, *wyrm* ‘worm’,
Germanic/docs/sound_changes/reader_facing/reader_facing_local_section_20.md:347	## Historical discussion of unstressed \emph{*ai} monophthongization	*ai		notation_or_segment	no	no	non-formlike fragment or segment	Ringe and Taylor describe the broad Northwest Germanic reduction of unstressed \emph{*ai} to a long mid vowel that merges with unstressed \emph{*e}, in final an
Germanic/docs/sound_changes/reader_facing/reader_facing_local_section_20.md:347	## Historical discussion of unstressed \emph{*ai} monophthongization	*e		notation_or_segment	no	no	non-formlike fragment or segment	Ringe and Taylor describe the broad Northwest Germanic reduction of unstressed \emph{*ai} to a long mid vowel that merges with unstressed \emph{*e}, in final an
Germanic/docs/sound_changes/reader_facing/reader_facing_local_section_20.md:347	## Historical discussion of unstressed \emph{*ai} monophthongization	*mízdai		diagnostic_comparator	yes	yes	diagnostic comparison in reader-facing prose	Ringe and Taylor describe the broad Northwest Germanic reduction of unstressed \emph{*ai} to a long mid vowel that merges with unstressed \emph{*e}, in final an
Germanic/docs/sound_changes/reader_facing/reader_facing_local_section_20.md:347	## Historical discussion of unstressed \emph{*ai} monophthongization	*spánnai		diagnostic_comparator	yes	yes	diagnostic comparison in reader-facing prose	Ringe and Taylor describe the broad Northwest Germanic reduction of unstressed \emph{*ai} to a long mid vowel that merges with unstressed \emph{*e}, in final an
Germanic/docs/sound_changes/reader_facing/reader_facing_local_section_20.md:347	## Historical discussion of unstressed \emph{*ai} monophthongization	*ái		notation_or_segment	no	no	non-formlike fragment or segment	Ringe and Taylor describe the broad Northwest Germanic reduction of unstressed \emph{*ai} to a long mid vowel that merges with unstressed \emph{*e}, in final an
Germanic/docs/sound_changes/reader_facing/reader_facing_local_section_20.md:347	## Historical discussion of unstressed \emph{*ai} monophthongization	*ā		notation_or_segment	no	no	non-formlike fragment or segment	Ringe and Taylor describe the broad Northwest Germanic reduction of unstressed \emph{*ai} to a long mid vowel that merges with unstressed \emph{*e}, in final an
Germanic/docs/sound_changes/reader_facing/reader_facing_local_section_20.md:3485	## SC055. Raising under i-umlaut (`OEIUmlautRaising`) {#rule-OEIUmlautRaising}	e	oe	notation_or_segment	no	no	non-formlike fragment or segment	Raising of umlauted `æ` to `e` continues the same assimilatory event as fronting and therefore shares the chronology of general i-umlaut.
Germanic/docs/sound_changes/reader_facing/reader_facing_local_section_20.md:3485	## SC055. Raising under i-umlaut (`OEIUmlautRaising`) {#rule-OEIUmlautRaising}	æ	oe	notation_or_segment	no	no	non-formlike fragment or segment	Raising of umlauted `æ` to `e` continues the same assimilatory event as fronting and therefore shares the chronology of general i-umlaut.
Germanic/docs/sound_changes/reader_facing/reader_facing_local_section_20.md:3489	## SC055. Raising under i-umlaut (`OEIUmlautRaising`) {#rule-OEIUmlautRaising}	*æ		notation_or_segment	no	no	non-formlike fragment or segment	changes in the fronting component, not in this \emph{*æ}-raising clause.
Germanic/docs/sound_changes/reader_facing/reader_facing_local_section_20.md:3496	## SC055. Raising under i-umlaut (`OEIUmlautRaising`) {#rule-OEIUmlautRaising}	m	oe	notation_or_segment	no	no	non-formlike fragment or segment	changes again before `m` and `n` in most dialects [@Campbell1959, p. 69, §190],
Germanic/docs/sound_changes/reader_facing/reader_facing_local_section_20.md:3496	## SC055. Raising under i-umlaut (`OEIUmlautRaising`) {#rule-OEIUmlautRaising}	n	oe	notation_or_segment	no	no	non-formlike fragment or segment	changes again before `m` and `n` in most dialects [@Campbell1959, p. 69, §190],
Germanic/docs/sound_changes/reader_facing/reader_facing_local_section_20.md:3518	## SC055. Diphthongal outcomes under i-umlaut (`OEIUmlautDiphthong`) {#rule-OEIUmlautDiphthong}	ie	oe	notation_or_segment	no	no	non-formlike fragment or segment	The relevant examples are the recurring West-Saxon `ie` forms cited in the
Germanic/docs/sound_changes/reader_facing/reader_facing_local_section_20.md:357	## \CAPRRuleHeading{SC014. Monophthongization of unstressed \emph{*ai}}{PNWGmcUnstressedAiMonophthongization} {#rule-PNWGmcUnstressedAiMonophthongization}	*mízdai	pgmc	model_stage	yes	yes	development-chain modeled stage	The dative-singular endings span [spánnai]{.recon} 'span' and meed [mízdai]{.recon} 'meed' carry this change; both give a final \emph{*ē}. If [SC014 PNWGmcUnstr
Germanic/docs/sound_changes/reader_facing/reader_facing_local_section_20.md:357	## \CAPRRuleHeading{SC014. Monophthongization of unstressed \emph{*ai}}{PNWGmcUnstressedAiMonophthongization} {#rule-PNWGmcUnstressedAiMonophthongization}	*spanne	preoe	expected_output	no	yes	failure-pattern expected output	The dative-singular endings span [spánnai]{.recon} 'span' and meed [mízdai]{.recon} 'meed' carry this change; both give a final \emph{*ē}. If [SC014 PNWGmcUnstr
Germanic/docs/sound_changes/reader_facing/reader_facing_local_section_20.md:357	## \CAPRRuleHeading{SC014. Monophthongization of unstressed \emph{*ai}}{PNWGmcUnstressedAiMonophthongization} {#rule-PNWGmcUnstressedAiMonophthongization}	*spannē	preoe	yielded_output	no	yes	failure-pattern yielded output	The dative-singular endings span [spánnai]{.recon} 'span' and meed [mízdai]{.recon} 'meed' carry this change; both give a final \emph{*ē}. If [SC014 PNWGmcUnstr
Germanic/docs/sound_changes/reader_facing/reader_facing_local_section_20.md:357	## \CAPRRuleHeading{SC014. Monophthongization of unstressed \emph{*ai}}{PNWGmcUnstressedAiMonophthongization} {#rule-PNWGmcUnstressedAiMonophthongization}	*spánnai	pgmc	example_input	yes	yes	failure-pattern selected input	The dative-singular endings span [spánnai]{.recon} 'span' and meed [mízdai]{.recon} 'meed' carry this change; both give a final \emph{*ē}. If [SC014 PNWGmcUnstr
Germanic/docs/sound_changes/reader_facing/reader_facing_local_section_20.md:357	## \CAPRRuleHeading{SC014. Monophthongization of unstressed \emph{*ai}}{PNWGmcUnstressedAiMonophthongization} {#rule-PNWGmcUnstressedAiMonophthongization}	*ē	pgmc	notation_or_segment	no	no	non-formlike fragment or segment	The dative-singular endings span [spánnai]{.recon} 'span' and meed [mízdai]{.recon} 'meed' carry this change; both give a final \emph{*ē}. If [SC014 PNWGmcUnstr
Germanic/docs/sound_changes/reader_facing/reader_facing_local_section_20.md:357	## \CAPRRuleHeading{SC014. Monophthongization of unstressed \emph{*ai}}{PNWGmcUnstressedAiMonophthongization} {#rule-PNWGmcUnstressedAiMonophthongization}	span	pgmc	expected_output	no	yes	expected outcome in explanatory prose	The dative-singular endings span [spánnai]{.recon} 'span' and meed [mízdai]{.recon} 'meed' carry this change; both give a final \emph{*ē}. If [SC014 PNWGmcUnstr
Germanic/docs/sound_changes/reader_facing/reader_facing_local_section_20.md:3574	## Historical discussion	*j		notation_or_segment	no	no	non-formlike fragment or segment	Only a small lexical group reveals the coalescence of velars with \emph{*j}.
Germanic/docs/sound_changes/reader_facing/reader_facing_local_section_20.md:3575	## Historical discussion	*sk		notation_or_segment	no	no	non-formlike fragment or segment	Plain-velar and \emph{*sk} palatalization must already have run before
Germanic/docs/sound_changes/reader_facing/reader_facing_local_section_20.md:359	## \CAPRRuleHeading{SC014. Monophthongization of unstressed \emph{*ai}}{PNWGmcUnstressedAiMonophthongization} {#rule-PNWGmcUnstressedAiMonophthongization}	*ai		notation_or_segment	no	no	non-formlike fragment or segment	Ringe and Taylor's merger of unstressed \emph{*ai} with long mid \emph{*ē} establishes the historical development, in final and nonfinal syllables alike. The st
Germanic/docs/sound_changes/reader_facing/reader_facing_local_section_20.md:359	## \CAPRRuleHeading{SC014. Monophthongization of unstressed \emph{*ai}}{PNWGmcUnstressedAiMonophthongization} {#rule-PNWGmcUnstressedAiMonophthongization}	*ái		notation_or_segment	no	no	non-formlike fragment or segment	Ringe and Taylor's merger of unstressed \emph{*ai} with long mid \emph{*ē} establishes the historical development, in final and nonfinal syllables alike. The st
Germanic/docs/sound_changes/reader_facing/reader_facing_local_section_20.md:359	## \CAPRRuleHeading{SC014. Monophthongization of unstressed \emph{*ai}}{PNWGmcUnstressedAiMonophthongization} {#rule-PNWGmcUnstressedAiMonophthongization}	*ā		notation_or_segment	no	no	non-formlike fragment or segment	Ringe and Taylor's merger of unstressed \emph{*ai} with long mid \emph{*ē} establishes the historical development, in final and nonfinal syllables alike. The st
Germanic/docs/sound_changes/reader_facing/reader_facing_local_section_20.md:359	## \CAPRRuleHeading{SC014. Monophthongization of unstressed \emph{*ai}}{PNWGmcUnstressedAiMonophthongization} {#rule-PNWGmcUnstressedAiMonophthongization}	*ē		notation_or_segment	no	no	non-formlike fragment or segment	Ringe and Taylor's merger of unstressed \emph{*ai} with long mid \emph{*ē} establishes the historical development, in final and nonfinal syllables alike. The st
Germanic/docs/sound_changes/reader_facing/reader_facing_local_section_20.md:3598	## SC057. Coalescence of velar + \emph{*j} clusters (`OEJClusterCoalescence`) {#rule-OEJClusterCoalescence}	*báugijaną	pgmc	example_input	yes	yes	failure-pattern selected input	zone. PGmc [báugijaną]{.recon} 'bow' yields [*bēaġan*]{.pred} rather than expected OE *bīeġan*,
Germanic/docs/sound_changes/reader_facing/reader_facing_local_section_20.md:3598	## SC057. Coalescence of velar + \emph{*j} clusters (`OEJClusterCoalescence`) {#rule-OEJClusterCoalescence}	*bēaġan	preoe	yielded_output	no	yes	failure-pattern yielded output	zone. PGmc [báugijaną]{.recon} 'bow' yields [*bēaġan*]{.pred} rather than expected OE *bīeġan*,
Germanic/docs/sound_changes/reader_facing/reader_facing_local_section_20.md:3598	## SC057. Coalescence of velar + \emph{*j} clusters (`OEJClusterCoalescence`) {#rule-OEJClusterCoalescence}	*bīeġan	preoe	expected_output	no	yes	failure-pattern expected output	zone. PGmc [báugijaną]{.recon} 'bow' yields [*bēaġan*]{.pred} rather than expected OE *bīeġan*,
Germanic/docs/sound_changes/reader_facing/reader_facing_local_section_20.md:3598	## SC057. Coalescence of velar + \emph{*j} clusters (`OEJClusterCoalescence`) {#rule-OEJClusterCoalescence}	bow	pgmc	expected_output	no	yes	expected outcome in explanatory prose	zone. PGmc [báugijaną]{.recon} 'bow' yields [*bēaġan*]{.pred} rather than expected OE *bīeġan*,
Germanic/docs/sound_changes/reader_facing/reader_facing_local_section_20.md:3599	## SC057. Coalescence of velar + \emph{*j} clusters (`OEJClusterCoalescence`) {#rule-OEJClusterCoalescence}	*sēċan	preoe	expected_output	no	yes	failure-pattern expected output	and PGmc [sōkijaną]{.recon} 'seek' yields [*sōċan*]{.pred} rather than expected *sēċan*. This
Germanic/docs/sound_changes/reader_facing/reader_facing_local_section_20.md:3599	## SC057. Coalescence of velar + \emph{*j} clusters (`OEJClusterCoalescence`) {#rule-OEJClusterCoalescence}	*sōkijaną	pgmc	example_input	yes	yes	failure-pattern selected input	and PGmc [sōkijaną]{.recon} 'seek' yields [*sōċan*]{.pred} rather than expected *sēċan*. This
Germanic/docs/sound_changes/reader_facing/reader_facing_local_section_20.md:3599	## SC057. Coalescence of velar + \emph{*j} clusters (`OEJClusterCoalescence`) {#rule-OEJClusterCoalescence}	*sōċan	preoe	yielded_output	no	yes	failure-pattern yielded output	and PGmc [sōkijaną]{.recon} 'seek' yields [*sōċan*]{.pred} rather than expected *sēċan*. This
Germanic/docs/sound_changes/reader_facing/reader_facing_local_section_20.md:3599	## SC057. Coalescence of velar + \emph{*j} clusters (`OEJClusterCoalescence`) {#rule-OEJClusterCoalescence}	seek	pgmc	expected_output	no	yes	expected outcome in explanatory prose	and PGmc [sōkijaną]{.recon} 'seek' yields [*sōċan*]{.pred} rather than expected *sēċan*. This
Germanic/docs/sound_changes/reader_facing/reader_facing_local_section_20.md:3634	## SC059. Back mutation before labials and liquids (`OEBackMutation`) {#rule-OEBackMutation}	*gébaną		diagnostic_comparator	yes	yes	diagnostic comparison in reader-facing prose	[gébaną]{.recon} ‘give’ produce *ġeofan* ‘give’; the
Germanic/docs/sound_changes/reader_facing/reader_facing_local_section_20.md:3635	## SC059. Back mutation before labials and liquids (`OEBackMutation`) {#rule-OEBackMutation}	*stélaną		model_stage	yes	yes	development-chain modeled stage	expected form is *ġiefan* ‘give’. [stélaną]{.recon} ‘steal’ likewise produces *steolan*
Germanic/docs/sound_changes/reader_facing/reader_facing_local_section_20.md:3639	## SC059. Back mutation before labials and liquids (`OEBackMutation`) {#rule-OEBackMutation}	*wébaną		expected_output	yes	yes	expected outcome in explanatory prose	[wébaną]{.recon} ‘weave’ yield *weofan* ‘weave’; the expected form is *wefan* ‘weave’.
Germanic/docs/sound_changes/reader_facing/reader_facing_local_section_20.md:3675	## \CAPRRuleHeading{SC060. West Saxon palatal umlaut before \emph{*h}-clusters}{OEWsPalatalUmlaut} {#rule-OEWsPalatalUmlaut}	*h		notation_or_segment	no	no	non-formlike fragment or segment	The change to \emph{*i} before \emph{*h}-clusters can be ordered only on its
Germanic/docs/sound_changes/reader_facing/reader_facing_local_section_20.md:3675	## \CAPRRuleHeading{SC060. West Saxon palatal umlaut before \emph{*h}-clusters}{OEWsPalatalUmlaut} {#rule-OEWsPalatalUmlaut}	*i		notation_or_segment	no	no	non-formlike fragment or segment	The change to \emph{*i} before \emph{*h}-clusters can be ordered only on its
Germanic/docs/sound_changes/reader_facing/reader_facing_local_section_20.md:3679	## \CAPRRuleHeading{SC060. West Saxon palatal umlaut before \emph{*h}-clusters}{OEWsPalatalUmlaut} {#rule-OEWsPalatalUmlaut}	*miht	oe	notation_or_segment	no	no	non-formlike fragment or segment	stage [*mieht*]{.pred} and [*nieht*]{.pred} rather than expected OE *miht* and *niht*.
Germanic/docs/sound_changes/reader_facing/reader_facing_local_section_20.md:3689	## Historical discussion	*dōną		notation_or_segment	yes	no	non-formlike fragment or segment	The pathway from [dōną]{.recon} ‘do’ to *dōn* ‘do’ supplies the sole lexical thread
Germanic/docs/sound_changes/reader_facing/reader_facing_local_section_20.md:3705	## \CAPRRuleHeading{SC061. Reduction of final nasal weak-tail endings}{OEWeakTailNasalLoss} {#rule-OEWeakTailNasalLoss}	*-mą		notation_or_segment	no	no	notation or compound expression	Final weak-tail \emph{*-ną} and \emph{*-mą} accordingly yield plain
Germanic/docs/sound_changes/reader_facing/reader_facing_local_section_20.md:3705	## \CAPRRuleHeading{SC061. Reduction of final nasal weak-tail endings}{OEWeakTailNasalLoss} {#rule-OEWeakTailNasalLoss}	*-ną		notation_or_segment	no	no	notation or compound expression	Final weak-tail \emph{*-ną} and \emph{*-mą} accordingly yield plain
Germanic/docs/sound_changes/reader_facing/reader_facing_local_section_20.md:3710	## \CAPRRuleHeading{SC061. Reduction of final nasal weak-tail endings}{OEWeakTailNasalLoss} {#rule-OEWeakTailNasalLoss}	*dōn	oe	notation_or_segment	no	no	non-formlike fragment or segment	OE *dōn* ‘do’. The older loss must therefore precede weak-tail nasal loss.
Germanic/docs/sound_changes/reader_facing/reader_facing_local_section_20.md:3777	## \CAPRRuleHeading{SC063. High-vowel apocope after heavy syllables and in trisyllables}{OEHighVowelApocope} {#rule-OEHighVowelApocope}	*i		notation_or_segment	no	no	non-formlike fragment or segment	Final \emph{*i}, \emph{*u}, and \emph{*ų} cannot disappear before completing
Germanic/docs/sound_changes/reader_facing/reader_facing_local_section_20.md:3777	## \CAPRRuleHeading{SC063. High-vowel apocope after heavy syllables and in trisyllables}{OEHighVowelApocope} {#rule-OEHighVowelApocope}	*u		notation_or_segment	no	no	non-formlike fragment or segment	Final \emph{*i}, \emph{*u}, and \emph{*ų} cannot disappear before completing
Germanic/docs/sound_changes/reader_facing/reader_facing_local_section_20.md:3777	## \CAPRRuleHeading{SC063. High-vowel apocope after heavy syllables and in trisyllables}{OEHighVowelApocope} {#rule-OEHighVowelApocope}	*ų		notation_or_segment	no	no	non-formlike fragment or segment	Final \emph{*i}, \emph{*u}, and \emph{*ų} cannot disappear before completing
Germanic/docs/sound_changes/reader_facing/reader_facing_local_section_20.md:3779	## \CAPRRuleHeading{SC063. High-vowel apocope after heavy syllables and in trisyllables}{OEHighVowelApocope} {#rule-OEHighVowelApocope}	*kūi	pgmc	notation_or_segment	yes	no	non-formlike fragment or segment	[SC055 OEIUmlaut](#rule-OEIUmlaut), PGmc [kūi]{.recon} ‘cow’ yields [*cū*]{.pred} rather than
Germanic/docs/sound_changes/reader_facing/reader_facing_local_section_20.md:378	## \CAPRRuleHeading{SC015. Leveling of early unstressed front vowels}{PNWGmcILowering} {#rule-PNWGmcILowering}	*weorold	preoe	expected_output	no	yes	failure-pattern expected output	The *weorold* 'world' and *weoruld* 'world' variants turn the general source claim into an ordering test. If [SC015 PNWGmcILowering](#rule-PNWGmcILowering) is d
Germanic/docs/sound_changes/reader_facing/reader_facing_local_section_20.md:378	## \CAPRRuleHeading{SC015. Leveling of early unstressed front vowels}{PNWGmcILowering} {#rule-PNWGmcILowering}	*wuruld	preoe	yielded_output	no	yes	failure-pattern yielded output	The *weorold* 'world' and *weoruld* 'world' variants turn the general source claim into an ordering test. If [SC015 PNWGmcILowering](#rule-PNWGmcILowering) is d
Germanic/docs/sound_changes/reader_facing/reader_facing_local_section_20.md:378	## \CAPRRuleHeading{SC015. Leveling of early unstressed front vowels}{PNWGmcILowering} {#rule-PNWGmcILowering}	*wír-àldu	pgmc	example_input	yes	yes	failure-pattern selected input	The *weorold* 'world' and *weoruld* 'world' variants turn the general source claim into an ordering test. If [SC015 PNWGmcILowering](#rule-PNWGmcILowering) is d
Germanic/docs/sound_changes/reader_facing/reader_facing_local_section_20.md:3780	## \CAPRRuleHeading{SC063. High-vowel apocope after heavy syllables and in trisyllables}{OEHighVowelApocope} {#rule-OEHighVowelApocope}	*brūdiz	pgmc	model_stage	yes	yes	development-chain modeled stage	expected OE *cȳ* ‘cow’, and PGmc [brūdiz]{.recon} ‘bride’ yields [*brūd*]{.pred} rather than
Germanic/docs/sound_changes/reader_facing/reader_facing_local_section_20.md:3780	## \CAPRRuleHeading{SC063. High-vowel apocope after heavy syllables and in trisyllables}{OEHighVowelApocope} {#rule-OEHighVowelApocope}	*cȳ	oe	notation_or_segment	no	no	non-formlike fragment or segment	expected OE *cȳ* ‘cow’, and PGmc [brūdiz]{.recon} ‘bride’ yields [*brūd*]{.pred} rather than
Germanic/docs/sound_changes/reader_facing/reader_facing_local_section_20.md:3781	## \CAPRRuleHeading{SC063. High-vowel apocope after heavy syllables and in trisyllables}{OEHighVowelApocope} {#rule-OEHighVowelApocope}	*brȳd	oe	notation_or_segment	no	no	non-formlike fragment or segment	expected OE *brȳd* ‘bride’. Conversely, if apocope waits until after
Germanic/docs/sound_changes/reader_facing/reader_facing_local_section_20.md:3783	## \CAPRRuleHeading{SC063. High-vowel apocope after heavy syllables and in trisyllables}{OEHighVowelApocope} {#rule-OEHighVowelApocope}	*fyrht	preoe	yielded_output	no	yes	failure-pattern yielded output	PGmc [fúrxtīnaz]{.recon} ‘fright’ yields [*fyrht*]{.pred} rather than expected OE *fyrhte*
Germanic/docs/sound_changes/reader_facing/reader_facing_local_section_20.md:3783	## \CAPRRuleHeading{SC063. High-vowel apocope after heavy syllables and in trisyllables}{OEHighVowelApocope} {#rule-OEHighVowelApocope}	*fyrhte	preoe	expected_output	no	yes	failure-pattern expected output	PGmc [fúrxtīnaz]{.recon} ‘fright’ yields [*fyrht*]{.pred} rather than expected OE *fyrhte*
Germanic/docs/sound_changes/reader_facing/reader_facing_local_section_20.md:3783	## \CAPRRuleHeading{SC063. High-vowel apocope after heavy syllables and in trisyllables}{OEHighVowelApocope} {#rule-OEHighVowelApocope}	*fúrxtīnaz	pgmc	example_input	yes	yes	failure-pattern selected input	PGmc [fúrxtīnaz]{.recon} ‘fright’ yields [*fyrht*]{.pred} rather than expected OE *fyrhte*
Germanic/docs/sound_changes/reader_facing/reader_facing_local_section_20.md:3794	## Historical discussion	faurhtei	goth	diagnostic_comparator	yes	yes	diagnostic comparison in reader-facing prose	feminine \emph{in}-stem represented by Gothic \emph{faurhtei}, OE \emph{fyrhtu},
Germanic/docs/sound_changes/reader_facing/reader_facing_local_section_20.md:3794	## Historical discussion	fyrhtu	oe	diagnostic_comparator	yes	yes	diagnostic comparison in reader-facing prose	feminine \emph{in}-stem represented by Gothic \emph{faurhtei}, OE \emph{fyrhtu},
Germanic/docs/sound_changes/reader_facing/reader_facing_local_section_20.md:3794	## Historical discussion	in	goth	notation_or_segment	no	no	non-formlike fragment or segment	feminine \emph{in}-stem represented by Gothic \emph{faurhtei}, OE \emph{fyrhtu},
Germanic/docs/sound_changes/reader_facing/reader_facing_local_section_20.md:3795	## Historical discussion	fyrhte	oe	diagnostic_comparator	yes	yes	diagnostic comparison in reader-facing prose	and oblique OE \emph{fyrhte} supplies the relevant evidence
Germanic/docs/sound_changes/reader_facing/reader_facing_local_section_20.md:3808	## SC064. Loss of stem-final \emph{*n} after long \emph{*ī} (`NWGmcInStemNLoss`) {#rule-NWGmcInStemNLoss}	*n		notation_or_segment	no	no	non-formlike fragment or segment	Only final \emph{*n} after long \emph{*ī} is at issue, as in the inherited
Germanic/docs/sound_changes/reader_facing/reader_facing_local_section_20.md:3808	## SC064. Loss of stem-final \emph{*n} after long \emph{*ī} (`NWGmcInStemNLoss`) {#rule-NWGmcInStemNLoss}	*ī		notation_or_segment	no	no	non-formlike fragment or segment	Only final \emph{*n} after long \emph{*ī} is at issue, as in the inherited
Germanic/docs/sound_changes/reader_facing/reader_facing_local_section_20.md:3811	## SC064. Loss of stem-final \emph{*n} after long \emph{*ī} (`NWGmcInStemNLoss`) {#rule-NWGmcInStemNLoss}	form	oe	notation_or_segment	no	no	non-formlike fragment or segment	CAPR models the oblique OE form through the Proto-Germanic genitive singular
Germanic/docs/sound_changes/reader_facing/reader_facing_local_section_20.md:3812	## SC064. Loss of stem-final \emph{*n} after long \emph{*ī} (`NWGmcInStemNLoss`) {#rule-NWGmcInStemNLoss}	*fúrxtīnaz		diagnostic_comparator	yes	yes	diagnostic comparison in reader-facing prose	[fúrxtīnaz]{.recon} 'fright', following the project convention of using an appropriate
Germanic/docs/sound_changes/reader_facing/reader_facing_local_section_20.md:3817	## SC064. Loss of stem-final \emph{*n} after long \emph{*ī} (`NWGmcInStemNLoss`) {#rule-NWGmcInStemNLoss}	*fyrhte	oe	model_stage	no	yes	development-chain modeled stage	[fúrxtīnaz]{.recon} ‘fright’ yields [*fyrhten*]{.pred} rather than expected OE *fyrhte* ‘fright’.
Germanic/docs/sound_changes/reader_facing/reader_facing_local_section_20.md:3817	## SC064. Loss of stem-final \emph{*n} after long \emph{*ī} (`NWGmcInStemNLoss`) {#rule-NWGmcInStemNLoss}	*fúrxtīnaz		model_stage	yes	yes	development-chain modeled stage	[fúrxtīnaz]{.recon} ‘fright’ yields [*fyrhten*]{.pred} rather than expected OE *fyrhte* ‘fright’.
Germanic/docs/sound_changes/reader_facing/reader_facing_local_section_20.md:3820	## SC064. Loss of stem-final \emph{*n} after long \emph{*ī} (`NWGmcInStemNLoss`) {#rule-NWGmcInStemNLoss}	*fúrxtīnaz		model_stage	yes	yes	development-chain modeled stage	[fúrxtīnaz]{.recon} again yields [*fyrhten*]{.pred} rather than expected *fyrhte* 'fright'. I
Germanic/docs/sound_changes/reader_facing/reader_facing_local_section_20.md:3827	## \CAPRRuleHeading{SC065. Medial syncope before dentals after heavy syllables}{OEMedialSyncope} {#rule-OEMedialSyncope}	*i		notation_or_segment	no	no	non-formlike fragment or segment	Loss of medial \emph{*i} before dentals belongs to the late weak-tail history
Germanic/docs/sound_changes/reader_facing/reader_facing_local_section_20.md:3872	## \CAPRRuleHeading{SC066. L-adjacent syncope in medial syllables}{OELAdjacentSyncope} {#rule-OELAdjacentSyncope}	*i		notation_or_segment	no	no	non-formlike fragment or segment	The loss of medial \emph{*i} before \emph{*l} is late enough to preserve
Germanic/docs/sound_changes/reader_facing/reader_facing_local_section_20.md:3872	## \CAPRRuleHeading{SC066. L-adjacent syncope in medial syllables}{OELAdjacentSyncope} {#rule-OELAdjacentSyncope}	*l		notation_or_segment	no	no	non-formlike fragment or segment	The loss of medial \emph{*i} before \emph{*l} is late enough to preserve
Germanic/docs/sound_changes/reader_facing/reader_facing_local_section_20.md:3875	## \CAPRRuleHeading{SC066. L-adjacent syncope in medial syllables}{OELAdjacentSyncope} {#rule-OELAdjacentSyncope}	*nátilōn	pgmc	model_stage	yes	yes	development-chain modeled stage	Placed before i-umlaut, PGmc [nátilōn]{.recon} ‘nettle’ yields [*nætle*]{.pred} rather than
Germanic/docs/sound_changes/reader_facing/reader_facing_local_section_20.md:3876	## \CAPRRuleHeading{SC066. L-adjacent syncope in medial syllables}{OELAdjacentSyncope} {#rule-OELAdjacentSyncope}	*netle	oe	model_stage	no	yes	development-chain modeled stage	expected OE *netle* ‘nettle’, and PGmc [spénnilō]{.recon} ‘spindle’ yields [*spenl*]{.pred} rather
Germanic/docs/sound_changes/reader_facing/reader_facing_local_section_20.md:3876	## \CAPRRuleHeading{SC066. L-adjacent syncope in medial syllables}{OELAdjacentSyncope} {#rule-OELAdjacentSyncope}	*spénnilō	pgmc	model_stage	yes	yes	development-chain modeled stage	expected OE *netle* ‘nettle’, and PGmc [spénnilō]{.recon} ‘spindle’ yields [*spenl*]{.pred} rather
Germanic/docs/sound_changes/reader_facing/reader_facing_local_section_20.md:3878	## \CAPRRuleHeading{SC066. L-adjacent syncope in medial syllables}{OELAdjacentSyncope} {#rule-OELAdjacentSyncope}	*spénnilō		model_stage	yes	yes	development-chain modeled stage	[spénnilō]{.recon} yields [*spinnl*]{.pred} rather than expected *spinl*. The witnesses
Germanic/docs/sound_changes/reader_facing/reader_facing_local_section_20.md:3892	## \CAPRRuleHeading{SC067. Dental assimilation in newly formed clusters}{OEDentalAssimilation} {#rule-OEDentalAssimilation}	*t		notation_or_segment	no	no	non-formlike fragment or segment	Loss of \emph{*θ} after \emph{*t} resolves a dental cluster produced by syncope
Germanic/docs/sound_changes/reader_facing/reader_facing_local_section_20.md:3892	## \CAPRRuleHeading{SC067. Dental assimilation in newly formed clusters}{OEDentalAssimilation} {#rule-OEDentalAssimilation}	*θ		notation_or_segment	no	no	non-formlike fragment or segment	Loss of \emph{*θ} after \emph{*t} resolves a dental cluster produced by syncope
Germanic/docs/sound_changes/reader_facing/reader_facing_local_section_20.md:390	## Historical discussion	*o		notation_or_segment	no	no	non-formlike fragment or segment	Campbell notes that unstressed \emph{u} is especially well preserved before \emph{m}, with dat.pl. \emph{-um} and related endings as the clearest evidence [@Cam
Germanic/docs/sound_changes/reader_facing/reader_facing_local_section_20.md:390	## Historical discussion	-um	oe	notation_or_segment	no	no	notation or compound expression	Campbell notes that unstressed \emph{u} is especially well preserved before \emph{m}, with dat.pl. \emph{-um} and related endings as the clearest evidence [@Cam
Germanic/docs/sound_changes/reader_facing/reader_facing_local_section_20.md:390	## Historical discussion	m	oe	notation_or_segment	no	no	non-formlike fragment or segment	Campbell notes that unstressed \emph{u} is especially well preserved before \emph{m}, with dat.pl. \emph{-um} and related endings as the clearest evidence [@Cam
Germanic/docs/sound_changes/reader_facing/reader_facing_local_section_20.md:390	## Historical discussion	u	oe	notation_or_segment	no	no	non-formlike fragment or segment	Campbell notes that unstressed \emph{u} is especially well preserved before \emph{m}, with dat.pl. \emph{-um} and related endings as the clearest evidence [@Cam
Germanic/docs/sound_changes/reader_facing/reader_facing_local_section_20.md:3906	## \CAPRRuleHeading{SC068. Preconsonantal degemination before sonorants}{OEPreconsonantalDegemination} {#rule-OEPreconsonantalDegemination}	*nn		notation_or_segment	no	no	non-formlike fragment or segment	Preconsonantal \emph{*tt} and \emph{*nn} simplify only after syncope has
Germanic/docs/sound_changes/reader_facing/reader_facing_local_section_20.md:3906	## \CAPRRuleHeading{SC068. Preconsonantal degemination before sonorants}{OEPreconsonantalDegemination} {#rule-OEPreconsonantalDegemination}	*tt		notation_or_segment	no	no	non-formlike fragment or segment	Preconsonantal \emph{*tt} and \emph{*nn} simplify only after syncope has
Germanic/docs/sound_changes/reader_facing/reader_facing_local_section_20.md:3910	## \CAPRRuleHeading{SC068. Preconsonantal degemination before sonorants}{OEPreconsonantalDegemination} {#rule-OEPreconsonantalDegemination}	*spénnilō	pgmc	model_stage	yes	yes	development-chain modeled stage	Placed before l-adjacent syncope, PGmc [spénnilō]{.recon} ‘spindle’ yields [*spinnl*]{.pred} rather
Germanic/docs/sound_changes/reader_facing/reader_facing_local_section_20.md:3911	## \CAPRRuleHeading{SC068. Preconsonantal degemination before sonorants}{OEPreconsonantalDegemination} {#rule-OEPreconsonantalDegemination}	*spinl	oe	expected_output	no	yes	expected outcome in explanatory prose	than expected OE *spinl* ‘spindle’. Syncope must therefore create the cluster
Germanic/docs/sound_changes/reader_facing/reader_facing_local_section_20.md:392	## Historical discussion	*m		notation_or_segment	no	no	non-formlike fragment or segment	I restrict the change to unstressed vowels in inflectional material because the strongest evidence concerns noninitial unstressed material before final \emph{*m
Germanic/docs/sound_changes/reader_facing/reader_facing_local_section_20.md:393	## Historical discussion	*m		notation_or_segment	no	no	non-formlike fragment or segment	Final \emph{*m} conditions the raising.
Germanic/docs/sound_changes/reader_facing/reader_facing_local_section_20.md:3942	## \CAPRRuleHeading{SC069. Early shortening of unstressed \emph{*ō} before nasals}{OEEarlyOShortening} {#rule-OEEarlyOShortening}	*a		notation_or_segment	no	no	non-formlike fragment or segment	The rule shortens unstressed long \emph{*ō} before a following nasal. Because this shortening happens early, the resulting \emph{*a} can still participate in th
Germanic/docs/sound_changes/reader_facing/reader_facing_local_section_20.md:3942	## \CAPRRuleHeading{SC069. Early shortening of unstressed \emph{*ō} before nasals}{OEEarlyOShortening} {#rule-OEEarlyOShortening}	*ō		notation_or_segment	no	no	non-formlike fragment or segment	The rule shortens unstressed long \emph{*ō} before a following nasal. Because this shortening happens early, the resulting \emph{*a} can still participate in th
Germanic/docs/sound_changes/reader_facing/reader_facing_local_section_20.md:3945	## \CAPRRuleHeading{SC069. Early shortening of unstressed \emph{*ō} before nasals}{OEEarlyOShortening} {#rule-OEEarlyOShortening}	*nḗdrōn	pgmc	model_stage	yes	yes	development-chain modeled stage	[SC023 PNWGmcNStemNLoss](#rule-PNWGmcNStemNLoss), PGmc [nḗdrōn]{.recon} ‘adder’ yields
Germanic/docs/sound_changes/reader_facing/reader_facing_local_section_20.md:3946	## \CAPRRuleHeading{SC069. Early shortening of unstressed \emph{*ō} before nasals}{OEEarlyOShortening} {#rule-OEEarlyOShortening}	*nǣdre	oe	model_stage	no	yes	development-chain modeled stage	[*nǣdran*]{.pred} rather than expected OE *nǣdre* ‘adder’, PGmc [érθōn]{.recon} ‘earth’ yields
Germanic/docs/sound_changes/reader_facing/reader_facing_local_section_20.md:3946	## \CAPRRuleHeading{SC069. Early shortening of unstressed \emph{*ō} before nasals}{OEEarlyOShortening} {#rule-OEEarlyOShortening}	*érθōn	pgmc	model_stage	yes	yes	development-chain modeled stage	[*nǣdran*]{.pred} rather than expected OE *nǣdre* ‘adder’, PGmc [érθōn]{.recon} ‘earth’ yields
Germanic/docs/sound_changes/reader_facing/reader_facing_local_section_20.md:3947	## \CAPRRuleHeading{SC069. Early shortening of unstressed \emph{*ō} before nasals}{OEEarlyOShortening} {#rule-OEEarlyOShortening}	*fláskōn	pgmc	model_stage	yes	yes	development-chain modeled stage	[*eorþan*]{.pred} rather than expected *eorþe* ‘earth’, and PGmc [fláskōn]{.recon} ‘flask’ yields
Germanic/docs/sound_changes/reader_facing/reader_facing_local_section_20.md:3983	## \CAPRRuleHeading{SC070. Early fronting of unstressed \emph{*a}}{OEUnstressedFrontingEarly} {#rule-OEUnstressedFrontingEarly}	*a		notation_or_segment	no	no	non-formlike fragment or segment	The rule fronts unstressed \emph{*a} to \emph{*æ} after the earlier shortening
Germanic/docs/sound_changes/reader_facing/reader_facing_local_section_20.md:3983	## \CAPRRuleHeading{SC070. Early fronting of unstressed \emph{*a}}{OEUnstressedFrontingEarly} {#rule-OEUnstressedFrontingEarly}	*æ		notation_or_segment	no	no	non-formlike fragment or segment	The rule fronts unstressed \emph{*a} to \emph{*æ} after the earlier shortening
Germanic/docs/sound_changes/reader_facing/reader_facing_local_section_20.md:3987	## \CAPRRuleHeading{SC070. Early fronting of unstressed \emph{*a}}{OEUnstressedFrontingEarly} {#rule-OEUnstressedFrontingEarly}	*boraþ	preoe	expected_output	no	yes	failure-pattern expected output	If the rule is moved before [SC052 OEVelarPalatalization](#rule-OEVelarPalatalization), PGmc [lúnganjō]{.recon} ‘lungs’ yields [*lunġen*]{.pred} rather than exp
Germanic/docs/sound_changes/reader_facing/reader_facing_local_section_20.md:3987	## \CAPRRuleHeading{SC070. Early fronting of unstressed \emph{*a}}{OEUnstressedFrontingEarly} {#rule-OEUnstressedFrontingEarly}	*boreþ	preoe	yielded_output	no	yes	failure-pattern yielded output	If the rule is moved before [SC052 OEVelarPalatalization](#rule-OEVelarPalatalization), PGmc [lúnganjō]{.recon} ‘lungs’ yields [*lunġen*]{.pred} rather than exp
Germanic/docs/sound_changes/reader_facing/reader_facing_local_section_20.md:3987	## \CAPRRuleHeading{SC070. Early fronting of unstressed \emph{*a}}{OEUnstressedFrontingEarly} {#rule-OEUnstressedFrontingEarly}	*búrōθi	pgmc	example_input	yes	yes	failure-pattern selected input	If the rule is moved before [SC052 OEVelarPalatalization](#rule-OEVelarPalatalization), PGmc [lúnganjō]{.recon} ‘lungs’ yields [*lunġen*]{.pred} rather than exp
Germanic/docs/sound_changes/reader_facing/reader_facing_local_section_20.md:3987	## \CAPRRuleHeading{SC070. Early fronting of unstressed \emph{*a}}{OEUnstressedFrontingEarly} {#rule-OEUnstressedFrontingEarly}	*lungen	preoe	expected_output	no	yes	failure-pattern expected output	If the rule is moved before [SC052 OEVelarPalatalization](#rule-OEVelarPalatalization), PGmc [lúnganjō]{.recon} ‘lungs’ yields [*lunġen*]{.pred} rather than exp
Germanic/docs/sound_changes/reader_facing/reader_facing_local_section_20.md:3987	## \CAPRRuleHeading{SC070. Early fronting of unstressed \emph{*a}}{OEUnstressedFrontingEarly} {#rule-OEUnstressedFrontingEarly}	*lunġen	preoe	yielded_output	no	yes	failure-pattern yielded output	If the rule is moved before [SC052 OEVelarPalatalization](#rule-OEVelarPalatalization), PGmc [lúnganjō]{.recon} ‘lungs’ yields [*lunġen*]{.pred} rather than exp
Germanic/docs/sound_changes/reader_facing/reader_facing_local_section_20.md:3987	## \CAPRRuleHeading{SC070. Early fronting of unstressed \emph{*a}}{OEUnstressedFrontingEarly} {#rule-OEUnstressedFrontingEarly}	*lúnganjō	pgmc	example_input	yes	yes	failure-pattern selected input	If the rule is moved before [SC052 OEVelarPalatalization](#rule-OEVelarPalatalization), PGmc [lúnganjō]{.recon} ‘lungs’ yields [*lunġen*]{.pred} rather than exp
Germanic/docs/sound_changes/reader_facing/reader_facing_local_section_20.md:3987	## \CAPRRuleHeading{SC070. Early fronting of unstressed \emph{*a}}{OEUnstressedFrontingEarly} {#rule-OEUnstressedFrontingEarly}	*mōnaþ	preoe	expected_output	no	yes	failure-pattern expected output	If the rule is moved before [SC052 OEVelarPalatalization](#rule-OEVelarPalatalization), PGmc [lúnganjō]{.recon} ‘lungs’ yields [*lunġen*]{.pred} rather than exp
Germanic/docs/sound_changes/reader_facing/reader_facing_local_section_20.md:3987	## \CAPRRuleHeading{SC070. Early fronting of unstressed \emph{*a}}{OEUnstressedFrontingEarly} {#rule-OEUnstressedFrontingEarly}	*mōneþ	preoe	yielded_output	no	yes	failure-pattern yielded output	If the rule is moved before [SC052 OEVelarPalatalization](#rule-OEVelarPalatalization), PGmc [lúnganjō]{.recon} ‘lungs’ yields [*lunġen*]{.pred} rather than exp
Germanic/docs/sound_changes/reader_facing/reader_facing_local_section_20.md:3987	## \CAPRRuleHeading{SC070. Early fronting of unstressed \emph{*a}}{OEUnstressedFrontingEarly} {#rule-OEUnstressedFrontingEarly}	*mḗnōθz	pgmc	example_input	yes	yes	failure-pattern selected input	If the rule is moved before [SC052 OEVelarPalatalization](#rule-OEVelarPalatalization), PGmc [lúnganjō]{.recon} ‘lungs’ yields [*lunġen*]{.pred} rather than exp
Germanic/docs/sound_changes/reader_facing/reader_facing_local_section_20.md:40	## What this chapter contains	*x		notation_or_segment	no	no	non-formlike fragment or segment	loss of a nasal before \emph{*x} (`SC103 PGmcNasalLossBeforeX`), with
Germanic/docs/sound_changes/reader_facing/reader_facing_local_section_20.md:40	## What this chapter contains	SC103 PGmcNasalLossBeforeX	oe	notation_or_segment	no	no	notation or compound expression	loss of a nasal before \emph{*x} (`SC103 PGmcNasalLossBeforeX`), with
Germanic/docs/sound_changes/reader_facing/reader_facing_local_section_20.md:4004	## SC071. Later shortening of unstressed \emph{*ō} (`OELateOShortening`) {#rule-OELateOShortening}	*ō		notation_or_segment	no	no	non-formlike fragment or segment	The rule shortens the remaining unstressed long \emph{*ō} after fronting. The
Germanic/docs/sound_changes/reader_facing/reader_facing_local_section_20.md:4006	## SC071. Later shortening of unstressed \emph{*ō} (`OELateOShortening`) {#rule-OELateOShortening}	a	oe	notation_or_segment	no	no	non-formlike fragment or segment	not directly as \emph{a} [@StauslandJohnsen2015, pp. 28--31].
Germanic/docs/sound_changes/reader_facing/reader_facing_local_section_20.md:4008	## SC071. Later shortening of unstressed \emph{*ō} (`OELateOShortening`) {#rule-OELateOShortening}	*boraþ	oe	expected_output	no	yes	expected outcome in explanatory prose	Moving the rule before [SC070 OEUnstressedFrontingEarly](#rule-OEUnstressedFrontingEarly) makes PGmc [búrōθi]{.recon} ‘bears’ yield [*boreþ*]{.pred} rather than
Germanic/docs/sound_changes/reader_facing/reader_facing_local_section_20.md:4008	## SC071. Later shortening of unstressed \emph{*ō} (`OELateOShortening`) {#rule-OELateOShortening}	*búrōθi	pgmc	expected_output	yes	yes	expected outcome in explanatory prose	Moving the rule before [SC070 OEUnstressedFrontingEarly](#rule-OEUnstressedFrontingEarly) makes PGmc [búrōθi]{.recon} ‘bears’ yield [*boreþ*]{.pred} rather than
Germanic/docs/sound_changes/reader_facing/reader_facing_local_section_20.md:4008	## SC071. Later shortening of unstressed \emph{*ō} (`OELateOShortening`) {#rule-OELateOShortening}	*líznōθi	pgmc	expected_output	yes	yes	expected outcome in explanatory prose	Moving the rule before [SC070 OEUnstressedFrontingEarly](#rule-OEUnstressedFrontingEarly) makes PGmc [búrōθi]{.recon} ‘bears’ yield [*boreþ*]{.pred} rather than
Germanic/docs/sound_changes/reader_facing/reader_facing_local_section_20.md:4018	## \CAPRRuleHeading{SC099. Medial raising of shortened unstressed \emph{*o}}{OEMedUnstressedORaising} {#rule-OEMedUnstressedORaising}	u	oe	notation_or_segment	no	no	non-formlike fragment or segment	After [SC071 OELateOShortening](#rule-OELateOShortening), the shortened vowel gives \emph{u} in an unstressed medial
Germanic/docs/sound_changes/reader_facing/reader_facing_local_section_20.md:4020	## \CAPRRuleHeading{SC099. Medial raising of shortened unstressed \emph{*o}}{OEMedUnstressedORaising} {#rule-OEMedUnstressedORaising}	*o		notation_or_segment	no	no	non-formlike fragment or segment	of West Saxon ō-verb pasts, not a general rule for inherited short \emph{*o}
Germanic/docs/sound_changes/reader_facing/reader_facing_local_section_20.md:4022	## \CAPRRuleHeading{SC099. Medial raising of shortened unstressed \emph{*o}}{OEMedUnstressedORaising} {#rule-OEMedUnstressedORaising}	*wúndōdē	pgmc	diagnostic_comparator	yes	yes	diagnostic comparison in reader-facing prose	diagnostic derivation is PGmc [wúndōdē]{.recon} ‘wounded’ > [wundode]{.pred}
Germanic/docs/sound_changes/reader_facing/reader_facing_local_section_20.md:403	## SC005. Unstressed \emph{*a}-raising before final \emph{*m} (`PNWGmcAToUBeforeM`) {#rule-PNWGmcAToUBeforeM}	*skúldramiz	pgmc	example_input	yes	yes	failure-pattern selected input	Here the witness word and the comparative evidence serve different purposes. If raising is delayed until after [SC017 PNWGmcULowering](#rule-PNWGmcULowering), P
Germanic/docs/sound_changes/reader_facing/reader_facing_local_section_20.md:403	## SC005. Unstressed \emph{*a}-raising before final \emph{*m} (`PNWGmcAToUBeforeM`) {#rule-PNWGmcAToUBeforeM}	*sċoldrum	preoe	yielded_output	no	yes	failure-pattern yielded output	Here the witness word and the comparative evidence serve different purposes. If raising is delayed until after [SC017 PNWGmcULowering](#rule-PNWGmcULowering), P
Germanic/docs/sound_changes/reader_facing/reader_facing_local_section_20.md:403	## SC005. Unstressed \emph{*a}-raising before final \emph{*m} (`PNWGmcAToUBeforeM`) {#rule-PNWGmcAToUBeforeM}	*sċuldrum	preoe	expected_output	no	yes	failure-pattern expected output	Here the witness word and the comparative evidence serve different purposes. If raising is delayed until after [SC017 PNWGmcULowering](#rule-PNWGmcULowering), P
Germanic/docs/sound_changes/reader_facing/reader_facing_local_section_20.md:403	## SC005. Unstressed \emph{*a}-raising before final \emph{*m} (`PNWGmcAToUBeforeM`) {#rule-PNWGmcAToUBeforeM}	-am	goth	notation_or_segment	no	no	notation or compound expression	Here the witness word and the comparative evidence serve different purposes. If raising is delayed until after [SC017 PNWGmcULowering](#rule-PNWGmcULowering), P
Germanic/docs/sound_changes/reader_facing/reader_facing_local_section_20.md:403	## SC005. Unstressed \emph{*a}-raising before final \emph{*m} (`PNWGmcAToUBeforeM`) {#rule-PNWGmcAToUBeforeM}	-um	goth	notation_or_segment	no	no	notation or compound expression	Here the witness word and the comparative evidence serve different purposes. If raising is delayed until after [SC017 PNWGmcULowering](#rule-PNWGmcULowering), P
Germanic/docs/sound_changes/reader_facing/reader_facing_local_section_20.md:403	## SC005. Unstressed \emph{*a}-raising before final \emph{*m} (`PNWGmcAToUBeforeM`) {#rule-PNWGmcAToUBeforeM}	days	goth	expected_output	no	yes	expected outcome in explanatory prose	Here the witness word and the comparative evidence serve different purposes. If raising is delayed until after [SC017 PNWGmcULowering](#rule-PNWGmcULowering), P
Germanic/docs/sound_changes/reader_facing/reader_facing_local_section_20.md:403	## SC005. Unstressed \emph{*a}-raising before final \emph{*m} (`PNWGmcAToUBeforeM`) {#rule-PNWGmcAToUBeforeM}	good	goth	expected_output	no	yes	expected outcome in explanatory prose	Here the witness word and the comparative evidence serve different purposes. If raising is delayed until after [SC017 PNWGmcULowering](#rule-PNWGmcULowering), P
Germanic/docs/sound_changes/reader_facing/reader_facing_local_section_20.md:403	## SC005. Unstressed \emph{*a}-raising before final \emph{*m} (`PNWGmcAToUBeforeM`) {#rule-PNWGmcAToUBeforeM}	shoulders	goth	expected_output	no	yes	expected outcome in explanatory prose	Here the witness word and the comparative evidence serve different purposes. If raising is delayed until after [SC017 PNWGmcULowering](#rule-PNWGmcULowering), P
Germanic/docs/sound_changes/reader_facing/reader_facing_local_section_20.md:403	## SC005. Unstressed \emph{*a}-raising before final \emph{*m} (`PNWGmcAToUBeforeM`) {#rule-PNWGmcAToUBeforeM}	we	goth	notation_or_segment	no	no	non-formlike fragment or segment	Here the witness word and the comparative evidence serve different purposes. If raising is delayed until after [SC017 PNWGmcULowering](#rule-PNWGmcULowering), P
Germanic/docs/sound_changes/reader_facing/reader_facing_local_section_20.md:4033	## \CAPRRuleHeading{SC100. Final lowering of shortened unstressed \emph{*o}}{OEFinalUnstressedOLowering} {#rule-OEFinalUnstressedOLowering}	a	oe	notation_or_segment	no	no	non-formlike fragment or segment	In a final syllable the same shortened vowel gives \emph{a}. Thus the existing
Germanic/docs/sound_changes/reader_facing/reader_facing_local_section_20.md:4034	## \CAPRRuleHeading{SC100. Final lowering of shortened unstressed \emph{*o}}{OEFinalUnstressedOLowering} {#rule-OEFinalUnstressedOLowering}	*mḗnōθz	pgmc	diagnostic_comparator	yes	yes	diagnostic comparison in reader-facing prose	month control continues PGmc [mḗnōθz]{.recon} ‘month’ through shortened
Germanic/docs/sound_changes/reader_facing/reader_facing_local_section_20.md:4049	## Historical discussion	*e		notation_or_segment	no	no	non-formlike fragment or segment	merger of unstressed \emph{*æ} with \emph{*e}
Germanic/docs/sound_changes/reader_facing/reader_facing_local_section_20.md:4049	## Historical discussion	*æ		notation_or_segment	no	no	non-formlike fragment or segment	merger of unstressed \emph{*æ} with \emph{*e}
Germanic/docs/sound_changes/reader_facing/reader_facing_local_section_20.md:4076	## \CAPRRuleHeading{SC072. Shortening of unstressed long vowels}{OEUnstressedLongVowelShortening} {#rule-OEUnstressedLongVowelShortening}	*fyrhte	preoe	expected_output	no	yes	failure-pattern expected output	If the rule is moved before [SC064 NWGmcInStemNLoss](#rule-NWGmcInStemNLoss), PGmc [fúrxtīnaz]{.recon} ‘fright’ yields [*fyrhten*]{.pred} rather than expected O
Germanic/docs/sound_changes/reader_facing/reader_facing_local_section_20.md:4076	## \CAPRRuleHeading{SC072. Shortening of unstressed long vowels}{OEUnstressedLongVowelShortening} {#rule-OEUnstressedLongVowelShortening}	*fyrhten	preoe	yielded_output	no	yes	failure-pattern yielded output	If the rule is moved before [SC064 NWGmcInStemNLoss](#rule-NWGmcInStemNLoss), PGmc [fúrxtīnaz]{.recon} ‘fright’ yields [*fyrhten*]{.pred} rather than expected O
Germanic/docs/sound_changes/reader_facing/reader_facing_local_section_20.md:4076	## \CAPRRuleHeading{SC072. Shortening of unstressed long vowels}{OEUnstressedLongVowelShortening} {#rule-OEUnstressedLongVowelShortening}	*fádēr	pgmc	example_input	yes	yes	failure-pattern selected input	If the rule is moved before [SC064 NWGmcInStemNLoss](#rule-NWGmcInStemNLoss), PGmc [fúrxtīnaz]{.recon} ‘fright’ yields [*fyrhten*]{.pred} rather than expected O
Germanic/docs/sound_changes/reader_facing/reader_facing_local_section_20.md:4076	## \CAPRRuleHeading{SC072. Shortening of unstressed long vowels}{OEUnstressedLongVowelShortening} {#rule-OEUnstressedLongVowelShortening}	*fæder	preoe	expected_output	no	yes	failure-pattern expected output	If the rule is moved before [SC064 NWGmcInStemNLoss](#rule-NWGmcInStemNLoss), PGmc [fúrxtīnaz]{.recon} ‘fright’ yields [*fyrhten*]{.pred} rather than expected O
Germanic/docs/sound_changes/reader_facing/reader_facing_local_section_20.md:4076	## \CAPRRuleHeading{SC072. Shortening of unstressed long vowels}{OEUnstressedLongVowelShortening} {#rule-OEUnstressedLongVowelShortening}	*fædær	preoe	yielded_output	no	yes	failure-pattern yielded output	If the rule is moved before [SC064 NWGmcInStemNLoss](#rule-NWGmcInStemNLoss), PGmc [fúrxtīnaz]{.recon} ‘fright’ yields [*fyrhten*]{.pred} rather than expected O
Germanic/docs/sound_changes/reader_facing/reader_facing_local_section_20.md:4076	## \CAPRRuleHeading{SC072. Shortening of unstressed long vowels}{OEUnstressedLongVowelShortening} {#rule-OEUnstressedLongVowelShortening}	*fúrxtīnaz	pgmc	example_input	yes	yes	failure-pattern selected input	If the rule is moved before [SC064 NWGmcInStemNLoss](#rule-NWGmcInStemNLoss), PGmc [fúrxtīnaz]{.recon} ‘fright’ yields [*fyrhten*]{.pred} rather than expected O
Germanic/docs/sound_changes/reader_facing/reader_facing_local_section_20.md:4076	## \CAPRRuleHeading{SC072. Shortening of unstressed long vowels}{OEUnstressedLongVowelShortening} {#rule-OEUnstressedLongVowelShortening}	*nǣdre	preoe	expected_output	no	yes	failure-pattern expected output	If the rule is moved before [SC064 NWGmcInStemNLoss](#rule-NWGmcInStemNLoss), PGmc [fúrxtīnaz]{.recon} ‘fright’ yields [*fyrhten*]{.pred} rather than expected O
Germanic/docs/sound_changes/reader_facing/reader_facing_local_section_20.md:4076	## \CAPRRuleHeading{SC072. Shortening of unstressed long vowels}{OEUnstressedLongVowelShortening} {#rule-OEUnstressedLongVowelShortening}	*nǣdræ	preoe	yielded_output	no	yes	failure-pattern yielded output	If the rule is moved before [SC064 NWGmcInStemNLoss](#rule-NWGmcInStemNLoss), PGmc [fúrxtīnaz]{.recon} ‘fright’ yields [*fyrhten*]{.pred} rather than expected O
Germanic/docs/sound_changes/reader_facing/reader_facing_local_section_20.md:4076	## \CAPRRuleHeading{SC072. Shortening of unstressed long vowels}{OEUnstressedLongVowelShortening} {#rule-OEUnstressedLongVowelShortening}	*nḗdrōn	pgmc	example_input	yes	yes	failure-pattern selected input	If the rule is moved before [SC064 NWGmcInStemNLoss](#rule-NWGmcInStemNLoss), PGmc [fúrxtīnaz]{.recon} ‘fright’ yields [*fyrhten*]{.pred} rather than expected O
Germanic/docs/sound_changes/reader_facing/reader_facing_local_section_20.md:4089	## SC073. Merger of unstressed \emph{*æ} with \emph{*e} (`OEUnstressedAEMerger`) {#rule-OEUnstressedAEMerger}	*e		notation_or_segment	no	no	non-formlike fragment or segment	The rule merges unstressed \emph{*æ} with \emph{*e} after shortening has
Germanic/docs/sound_changes/reader_facing/reader_facing_local_section_20.md:4089	## SC073. Merger of unstressed \emph{*æ} with \emph{*e} (`OEUnstressedAEMerger`) {#rule-OEUnstressedAEMerger}	*æ		notation_or_segment	no	no	non-formlike fragment or segment	The rule merges unstressed \emph{*æ} with \emph{*e} after shortening has
Germanic/docs/sound_changes/reader_facing/reader_facing_local_section_20.md:4090	## SC073. Merger of unstressed \emph{*æ} with \emph{*e} (`OEUnstressedAEMerger`) {#rule-OEUnstressedAEMerger}	-e	oe	notation_or_segment	no	no	notation or compound expression	produced the weak final vowels, yielding the ordinary OE \emph{-e} spellings.
Germanic/docs/sound_changes/reader_facing/reader_facing_local_section_20.md:4092	## SC073. Merger of unstressed \emph{*æ} with \emph{*e} (`OEUnstressedAEMerger`) {#rule-OEUnstressedAEMerger}	*fádēr	pgmc	example_input	yes	yes	failure-pattern selected input	Its earlier and later relations are both concrete. If the rule is moved before [SC072 OEUnstressedLongVowelShortening](#rule-OEUnstressedLongVowelShortening), P
Germanic/docs/sound_changes/reader_facing/reader_facing_local_section_20.md:4092	## SC073. Merger of unstressed \emph{*æ} with \emph{*e} (`OEUnstressedAEMerger`) {#rule-OEUnstressedAEMerger}	*fæder	preoe	expected_output	no	yes	failure-pattern expected output	Its earlier and later relations are both concrete. If the rule is moved before [SC072 OEUnstressedLongVowelShortening](#rule-OEUnstressedLongVowelShortening), P
Germanic/docs/sound_changes/reader_facing/reader_facing_local_section_20.md:4092	## SC073. Merger of unstressed \emph{*æ} with \emph{*e} (`OEUnstressedAEMerger`) {#rule-OEUnstressedAEMerger}	*fædær	preoe	yielded_output	no	yes	failure-pattern yielded output	Its earlier and later relations are both concrete. If the rule is moved before [SC072 OEUnstressedLongVowelShortening](#rule-OEUnstressedLongVowelShortening), P
Germanic/docs/sound_changes/reader_facing/reader_facing_local_section_20.md:4092	## SC073. Merger of unstressed \emph{*æ} with \emph{*e} (`OEUnstressedAEMerger`) {#rule-OEUnstressedAEMerger}	*nǣdre	preoe	expected_output	no	yes	failure-pattern expected output	Its earlier and later relations are both concrete. If the rule is moved before [SC072 OEUnstressedLongVowelShortening](#rule-OEUnstressedLongVowelShortening), P
Germanic/docs/sound_changes/reader_facing/reader_facing_local_section_20.md:4092	## SC073. Merger of unstressed \emph{*æ} with \emph{*e} (`OEUnstressedAEMerger`) {#rule-OEUnstressedAEMerger}	*nǣdræ	preoe	yielded_output	no	yes	failure-pattern yielded output	Its earlier and later relations are both concrete. If the rule is moved before [SC072 OEUnstressedLongVowelShortening](#rule-OEUnstressedLongVowelShortening), P
Germanic/docs/sound_changes/reader_facing/reader_facing_local_section_20.md:4092	## SC073. Merger of unstressed \emph{*æ} with \emph{*e} (`OEUnstressedAEMerger`) {#rule-OEUnstressedAEMerger}	*nḗdrōn	pgmc	example_input	yes	yes	failure-pattern selected input	Its earlier and later relations are both concrete. If the rule is moved before [SC072 OEUnstressedLongVowelShortening](#rule-OEUnstressedLongVowelShortening), P
Germanic/docs/sound_changes/reader_facing/reader_facing_local_section_20.md:4092	## SC073. Merger of unstressed \emph{*æ} with \emph{*e} (`OEUnstressedAEMerger`) {#rule-OEUnstressedAEMerger}	*táixōn	pgmc	example_input	yes	yes	failure-pattern selected input	Its earlier and later relations are both concrete. If the rule is moved before [SC072 OEUnstressedLongVowelShortening](#rule-OEUnstressedLongVowelShortening), P
Germanic/docs/sound_changes/reader_facing/reader_facing_local_section_20.md:4092	## SC073. Merger of unstressed \emph{*æ} with \emph{*e} (`OEUnstressedAEMerger`) {#rule-OEUnstressedAEMerger}	*tā	oe	notation_or_segment	no	no	non-formlike fragment or segment	Its earlier and later relations are both concrete. If the rule is moved before [SC072 OEUnstressedLongVowelShortening](#rule-OEUnstressedLongVowelShortening), P
Germanic/docs/sound_changes/reader_facing/reader_facing_local_section_20.md:4092	## SC073. Merger of unstressed \emph{*æ} with \emph{*e} (`OEUnstressedAEMerger`) {#rule-OEUnstressedAEMerger}	*tāæ	preoe	yielded_output	no	yes	failure-pattern yielded output	Its earlier and later relations are both concrete. If the rule is moved before [SC072 OEUnstressedLongVowelShortening](#rule-OEUnstressedLongVowelShortening), P
Germanic/docs/sound_changes/reader_facing/reader_facing_local_section_20.md:4108	## Historical discussion	i	oe	notation_or_segment	no	no	non-formlike fragment or segment	medial unstressed \emph{i}; [SC075 OEMedUnstressedILowering](#rule-OEMedUnstressedILowering)
Germanic/docs/sound_changes/reader_facing/reader_facing_local_section_20.md:4109	## Historical discussion	*ng		notation_or_segment	no	no	non-formlike fragment or segment	preserves \emph{i} before \emph{*ng} in words of the *sċilling* ‘shilling’
Germanic/docs/sound_changes/reader_facing/reader_facing_local_section_20.md:4109	## Historical discussion	i	oe	notation_or_segment	no	no	non-formlike fragment or segment	preserves \emph{i} before \emph{*ng} in words of the *sċilling* ‘shilling’
Germanic/docs/sound_changes/reader_facing/reader_facing_local_section_20.md:411	## Historical discussion	*sāðō	pgmc	notation_or_segment	no	no	non-formlike fragment or segment	Proto-Germanic \emph{*ē₁} (the long mid vowel of PIE origin, as against the later \emph{*ē₂}) split East Germanic from the rest of the family. Gothic keeps a mi
Germanic/docs/sound_changes/reader_facing/reader_facing_local_section_20.md:411	## Historical discussion	*sēðō-	pgmc	notation_or_segment	no	no	notation or compound expression	Proto-Germanic \emph{*ē₁} (the long mid vowel of PIE origin, as against the later \emph{*ē₂}) split East Germanic from the rest of the family. Gothic keeps a mi
Germanic/docs/sound_changes/reader_facing/reader_facing_local_section_20.md:411	## Historical discussion	*ā	pgmc	notation_or_segment	no	no	non-formlike fragment or segment	Proto-Germanic \emph{*ē₁} (the long mid vowel of PIE origin, as against the later \emph{*ē₂}) split East Germanic from the rest of the family. Gothic keeps a mi
Germanic/docs/sound_changes/reader_facing/reader_facing_local_section_20.md:411	## Historical discussion	*ē	pgmc	notation_or_segment	no	no	non-formlike fragment or segment	Proto-Germanic \emph{*ē₁} (the long mid vowel of PIE origin, as against the later \emph{*ē₂}) split East Germanic from the rest of the family. Gothic keeps a mi
Germanic/docs/sound_changes/reader_facing/reader_facing_local_section_20.md:411	## Historical discussion	*ē₁	pgmc	notation_or_segment	no	no	non-formlike fragment or segment	Proto-Germanic \emph{*ē₁} (the long mid vowel of PIE origin, as against the later \emph{*ē₂}) split East Germanic from the rest of the family. Gothic keeps a mi
Germanic/docs/sound_changes/reader_facing/reader_facing_local_section_20.md:411	## Historical discussion	*ē₂	pgmc	notation_or_segment	no	no	non-formlike fragment or segment	Proto-Germanic \emph{*ē₁} (the long mid vowel of PIE origin, as against the later \emph{*ē₂}) split East Germanic from the rest of the family. Gothic keeps a mi
Germanic/docs/sound_changes/reader_facing/reader_facing_local_section_20.md:411	## Historical discussion	mākija	on	diagnostic_comparator	no	yes	diagnostic comparison in reader-facing prose	Proto-Germanic \emph{*ē₁} (the long mid vowel of PIE origin, as against the later \emph{*ē₂}) split East Germanic from the rest of the family. Gothic keeps a mi
Germanic/docs/sound_changes/reader_facing/reader_facing_local_section_20.md:411	## Historical discussion	ā	on	notation_or_segment	no	no	non-formlike fragment or segment	Proto-Germanic \emph{*ē₁} (the long mid vowel of PIE origin, as against the later \emph{*ē₂}) split East Germanic from the rest of the family. Gothic keeps a mi
Germanic/docs/sound_changes/reader_facing/reader_facing_local_section_20.md:4112	## Historical discussion	*ng		notation_or_segment	no	no	non-formlike fragment or segment	General lowering precedes the restricted restoration before \emph{*ng}. The
Germanic/docs/sound_changes/reader_facing/reader_facing_local_section_20.md:4125	## \CAPRRuleHeading{SC074. First medial unstressed-\emph{i} lowering}{OEMedUnstressedILowering1} {#rule-OEMedUnstressedILowering1}	*e		notation_or_segment	no	no	non-formlike fragment or segment	The rule lowers medial unstressed \emph{*i} to \emph{*e} after a preceding
Germanic/docs/sound_changes/reader_facing/reader_facing_local_section_20.md:4125	## \CAPRRuleHeading{SC074. First medial unstressed-\emph{i} lowering}{OEMedUnstressedILowering1} {#rule-OEMedUnstressedILowering1}	*i		notation_or_segment	no	no	non-formlike fragment or segment	The rule lowers medial unstressed \emph{*i} to \emph{*e} after a preceding
Germanic/docs/sound_changes/reader_facing/reader_facing_local_section_20.md:4126	## \CAPRRuleHeading{SC074. First medial unstressed-\emph{i} lowering}{OEMedUnstressedILowering1} {#rule-OEMedUnstressedILowering1}	e	oe	notation_or_segment	no	no	non-formlike fragment or segment	vocalic syllable. The resulting \emph{e}-outcome is reversed before
Germanic/docs/sound_changes/reader_facing/reader_facing_local_section_20.md:4129	## \CAPRRuleHeading{SC074. First medial unstressed-\emph{i} lowering}{OEMedUnstressedILowering1} {#rule-OEMedUnstressedILowering1}	*fyrhte	preoe	expected_output	no	yes	failure-pattern expected output	If the rule is moved before [SC072 OEUnstressedLongVowelShortening](#rule-OEUnstressedLongVowelShortening), PGmc [fúrxtīnaz]{.recon} ‘fright’ yields [*fyrhti*]{
Germanic/docs/sound_changes/reader_facing/reader_facing_local_section_20.md:4129	## \CAPRRuleHeading{SC074. First medial unstressed-\emph{i} lowering}{OEMedUnstressedILowering1} {#rule-OEMedUnstressedILowering1}	*fyrhti	preoe	yielded_output	no	yes	failure-pattern yielded output	If the rule is moved before [SC072 OEUnstressedLongVowelShortening](#rule-OEUnstressedLongVowelShortening), PGmc [fúrxtīnaz]{.recon} ‘fright’ yields [*fyrhti*]{
Germanic/docs/sound_changes/reader_facing/reader_facing_local_section_20.md:4129	## \CAPRRuleHeading{SC074. First medial unstressed-\emph{i} lowering}{OEMedUnstressedILowering1} {#rule-OEMedUnstressedILowering1}	*fúrxtīnaz	pgmc	example_input	yes	yes	failure-pattern selected input	If the rule is moved before [SC072 OEUnstressedLongVowelShortening](#rule-OEUnstressedLongVowelShortening), PGmc [fúrxtīnaz]{.recon} ‘fright’ yields [*fyrhti*]{
Germanic/docs/sound_changes/reader_facing/reader_facing_local_section_20.md:4129	## \CAPRRuleHeading{SC074. First medial unstressed-\emph{i} lowering}{OEMedUnstressedILowering1} {#rule-OEMedUnstressedILowering1}	*skíllingaz	pgmc	example_input	yes	yes	failure-pattern selected input	If the rule is moved before [SC072 OEUnstressedLongVowelShortening](#rule-OEUnstressedLongVowelShortening), PGmc [fúrxtīnaz]{.recon} ‘fright’ yields [*fyrhti*]{
Germanic/docs/sound_changes/reader_facing/reader_facing_local_section_20.md:4129	## \CAPRRuleHeading{SC074. First medial unstressed-\emph{i} lowering}{OEMedUnstressedILowering1} {#rule-OEMedUnstressedILowering1}	*sċilleng	preoe	yielded_output	no	yes	failure-pattern yielded output	If the rule is moved before [SC072 OEUnstressedLongVowelShortening](#rule-OEUnstressedLongVowelShortening), PGmc [fúrxtīnaz]{.recon} ‘fright’ yields [*fyrhti*]{
Germanic/docs/sound_changes/reader_facing/reader_facing_local_section_20.md:4129	## \CAPRRuleHeading{SC074. First medial unstressed-\emph{i} lowering}{OEMedUnstressedILowering1} {#rule-OEMedUnstressedILowering1}	*sċilling	preoe	expected_output	no	yes	failure-pattern expected output	If the rule is moved before [SC072 OEUnstressedLongVowelShortening](#rule-OEUnstressedLongVowelShortening), PGmc [fúrxtīnaz]{.recon} ‘fright’ yields [*fyrhti*]{
Germanic/docs/sound_changes/reader_facing/reader_facing_local_section_20.md:413	## Historical discussion	*-i		notation_or_segment	no	no	notation or compound expression	The change affected stressed syllables only. Ringe and Taylor restrict it explicitly: unstressed \emph{*ē} did not lower but was eventually shortened, as in \em
Germanic/docs/sound_changes/reader_facing/reader_facing_local_section_20.md:413	## Historical discussion	*fader		model_stage	no	yes	development-chain modeled stage	The change affected stressed syllables only. Ringe and Taylor restrict it explicitly: unstressed \emph{*ē} did not lower but was eventually shortened, as in \em
Germanic/docs/sound_changes/reader_facing/reader_facing_local_section_20.md:413	## Historical discussion	*fadēr		model_stage	no	yes	development-chain modeled stage	The change affected stressed syllables only. Ringe and Taylor restrict it explicitly: unstressed \emph{*ē} did not lower but was eventually shortened, as in \em
Germanic/docs/sound_changes/reader_facing/reader_facing_local_section_20.md:413	## Historical discussion	*mānō		notation_or_segment	no	no	non-formlike fragment or segment	The change affected stressed syllables only. Ringe and Taylor restrict it explicitly: unstressed \emph{*ē} did not lower but was eventually shortened, as in \em
Germanic/docs/sound_changes/reader_facing/reader_facing_local_section_20.md:413	## Historical discussion	*mānōþ-		notation_or_segment	no	no	notation or compound expression	The change affected stressed syllables only. Ringe and Taylor restrict it explicitly: unstressed \emph{*ē} did not lower but was eventually shortened, as in \em
Germanic/docs/sound_changes/reader_facing/reader_facing_local_section_20.md:413	## Historical discussion	*spānuz		model_stage	no	yes	development-chain modeled stage	The change affected stressed syllables only. Ringe and Taylor restrict it explicitly: unstressed \emph{*ē} did not lower but was eventually shortened, as in \em
Germanic/docs/sound_changes/reader_facing/reader_facing_local_section_20.md:413	## Historical discussion	*ā		notation_or_segment	no	no	non-formlike fragment or segment	The change affected stressed syllables only. Ringe and Taylor restrict it explicitly: unstressed \emph{*ē} did not lower but was eventually shortened, as in \em
Germanic/docs/sound_changes/reader_facing/reader_facing_local_section_20.md:413	## Historical discussion	*ē		notation_or_segment	no	no	non-formlike fragment or segment	The change affected stressed syllables only. Ringe and Taylor restrict it explicitly: unstressed \emph{*ē} did not lower but was eventually shortened, as in \em
Germanic/docs/sound_changes/reader_facing/reader_facing_local_section_20.md:4132	## \CAPRRuleHeading{SC074. First medial unstressed-\emph{i} lowering}{OEMedUnstressedILowering1} {#rule-OEMedUnstressedILowering1}	*ng		notation_or_segment	no	no	non-formlike fragment or segment	shortening and precedes the more specific \emph{*ng} preservation.
Germanic/docs/sound_changes/reader_facing/reader_facing_local_section_20.md:4136	## \CAPRRuleHeading{SC075. Preservation of medial unstressed \emph{*i} before \emph{*ng}}{OEMedUnstressedILowering} {#rule-OEMedUnstressedILowering}	*ng		notation_or_segment	no	no	non-formlike fragment or segment	The following rule reverses the lowering before \emph{*ng}.
Germanic/docs/sound_changes/reader_facing/reader_facing_local_section_20.md:4144	## \CAPRRuleHeading{SC075. Preservation of medial unstressed \emph{*i} before \emph{*ng}}{OEMedUnstressedILowering} {#rule-OEMedUnstressedILowering}	*i		notation_or_segment	no	no	non-formlike fragment or segment	The rule restores \emph{*i} before \emph{*ng}, preventing the broader lowering from producing the wrong medial vowel in forms such as *sċilling* ‘shilling’.
Germanic/docs/sound_changes/reader_facing/reader_facing_local_section_20.md:4144	## \CAPRRuleHeading{SC075. Preservation of medial unstressed \emph{*i} before \emph{*ng}}{OEMedUnstressedILowering} {#rule-OEMedUnstressedILowering}	*ng		notation_or_segment	no	no	non-formlike fragment or segment	The rule restores \emph{*i} before \emph{*ng}, preventing the broader lowering from producing the wrong medial vowel in forms such as *sċilling* ‘shilling’.
Germanic/docs/sound_changes/reader_facing/reader_facing_local_section_20.md:4146	## \CAPRRuleHeading{SC075. Preservation of medial unstressed \emph{*i} before \emph{*ng}}{OEMedUnstressedILowering} {#rule-OEMedUnstressedILowering}	*skíllingaz	pgmc	model_stage	yes	yes	development-chain modeled stage	Moving the rule before [SC074 OEMedUnstressedILowering1](#rule-OEMedUnstressedILowering1) makes PGmc [skíllingaz]{.recon} ‘shilling’ yield [*sċilleng*]{.pred} r
Germanic/docs/sound_changes/reader_facing/reader_facing_local_section_20.md:4146	## \CAPRRuleHeading{SC075. Preservation of medial unstressed \emph{*i} before \emph{*ng}}{OEMedUnstressedILowering} {#rule-OEMedUnstressedILowering}	*sċilling	oe	model_stage	no	yes	development-chain modeled stage	Moving the rule before [SC074 OEMedUnstressedILowering1](#rule-OEMedUnstressedILowering1) makes PGmc [skíllingaz]{.recon} ‘shilling’ yield [*sċilleng*]{.pred} r
Germanic/docs/sound_changes/reader_facing/reader_facing_local_section_20.md:415	## Historical discussion	*ā	pgmc	notation_or_segment	no	no	non-formlike fragment or segment	The reconstruction of the intermediate value is disputed. The objection is an old one: Bennett observed that the received account obliges Gothic to move \emph{ē
Germanic/docs/sound_changes/reader_facing/reader_facing_local_section_20.md:415	## Historical discussion	*ǣ	pgmc	notation_or_segment	no	no	non-formlike fragment or segment	The reconstruction of the intermediate value is disputed. The objection is an old one: Bennett observed that the received account obliges Gothic to move \emph{ē
Germanic/docs/sound_changes/reader_facing/reader_facing_local_section_20.md:415	## Historical discussion	ā	ofris	notation_or_segment	no	no	non-formlike fragment or segment	The reconstruction of the intermediate value is disputed. The objection is an old one: Bennett observed that the received account obliges Gothic to move \emph{ē
Germanic/docs/sound_changes/reader_facing/reader_facing_local_section_20.md:415	## Historical discussion	ē	ofris	notation_or_segment	no	no	non-formlike fragment or segment	The reconstruction of the intermediate value is disputed. The objection is an old one: Bennett observed that the received account obliges Gothic to move \emph{ē
Germanic/docs/sound_changes/reader_facing/reader_facing_local_section_20.md:415	## Historical discussion	ē > ǣ > ā > ǣ > ē	ofris	notation_or_segment	no	no	notation or compound expression	The reconstruction of the intermediate value is disputed. The objection is an old one: Bennett observed that the received account obliges Gothic to move \emph{ē
Germanic/docs/sound_changes/reader_facing/reader_facing_local_section_20.md:415	## Historical discussion	ǣ	pgmc	notation_or_segment	no	no	non-formlike fragment or segment	The reconstruction of the intermediate value is disputed. The objection is an old one: Bennett observed that the received account obliges Gothic to move \emph{ē
Germanic/docs/sound_changes/reader_facing/reader_facing_local_section_20.md:4172	## \CAPRRuleHeading{SC076. Reduction of prefixal \emph{*i} in unstressed position}{OEPrefixIReduction} {#rule-OEPrefixIReduction}	*i		notation_or_segment	no	no	non-formlike fragment or segment	The rule reduces unstressed prefixal \emph{*i} to a weaker vowel in the
Germanic/docs/sound_changes/reader_facing/reader_facing_local_section_20.md:4207	## \CAPRRuleHeading{SC078. Reduction of remaining weak-tail vowels}{OEWeakTailReduction} {#rule-OEWeakTailReduction}	*bacan	oe	model_stage	no	yes	development-chain modeled stage	[bákaną]{.recon} ‘bake’ yields [*bacen*]{.pred} rather than expected OE *bacan* ‘bake’, and PGmc
Germanic/docs/sound_changes/reader_facing/reader_facing_local_section_20.md:4207	## \CAPRRuleHeading{SC078. Reduction of remaining weak-tail vowels}{OEWeakTailReduction} {#rule-OEWeakTailReduction}	*bákaną	pgmc	model_stage	yes	yes	development-chain modeled stage	[bákaną]{.recon} ‘bake’ yields [*bacen*]{.pred} rather than expected OE *bacan* ‘bake’, and PGmc
Germanic/docs/sound_changes/reader_facing/reader_facing_local_section_20.md:4208	## \CAPRRuleHeading{SC078. Reduction of remaining weak-tail vowels}{OEWeakTailReduction} {#rule-OEWeakTailReduction}	*bíndaną		model_stage	yes	yes	development-chain modeled stage	[bíndaną]{.recon} ‘bind’ yields [*binden*]{.pred} rather than expected *bindan* ‘bind’, alongside
Germanic/docs/sound_changes/reader_facing/reader_facing_local_section_20.md:4209	## \CAPRRuleHeading{SC078. Reduction of remaining weak-tail vowels}{OEWeakTailReduction} {#rule-OEWeakTailReduction}	-en	oe	notation_or_segment	no	no	notation or compound expression	a much wider set of comparable \emph{-en} failures. If the rule is delayed until
Germanic/docs/sound_changes/reader_facing/reader_facing_local_section_20.md:4210	## \CAPRRuleHeading{SC078. Reduction of remaining weak-tail vowels}{OEWeakTailReduction} {#rule-OEWeakTailReduction}	*fléuxaną	pgmc	model_stage	yes	yes	development-chain modeled stage	after [SC086 OEContraction](#rule-OEContraction), PGmc [fléuxaną]{.recon} ‘flee’ yields
Germanic/docs/sound_changes/reader_facing/reader_facing_local_section_20.md:4211	## \CAPRRuleHeading{SC078. Reduction of remaining weak-tail vowels}{OEWeakTailReduction} {#rule-OEWeakTailReduction}	*flēon	oe	expected_output	no	yes	expected outcome in explanatory prose	[*flēoan*]{.pred} rather than expected OE *flēon* ‘flee’, and PGmc [sláxaną]{.recon} ‘slay’
Germanic/docs/sound_changes/reader_facing/reader_facing_local_section_20.md:4211	## \CAPRRuleHeading{SC078. Reduction of remaining weak-tail vowels}{OEWeakTailReduction} {#rule-OEWeakTailReduction}	*sláxaną	pgmc	expected_output	yes	yes	expected outcome in explanatory prose	[*flēoan*]{.pred} rather than expected OE *flēon* ‘flee’, and PGmc [sláxaną]{.recon} ‘slay’
Germanic/docs/sound_changes/reader_facing/reader_facing_local_section_20.md:4225	## Historical discussion	*j		notation_or_segment	no	no	non-formlike fragment or segment	After [SC079 OEJLossAfterHeavy](#rule-OEJLossAfterHeavy) removes \emph{*j} in
Germanic/docs/sound_changes/reader_facing/reader_facing_local_section_20.md:4233	## Historical discussion	nn	oe	notation_or_segment	no	no	non-formlike fragment or segment	fixed only by the final \emph{nn} outcome in the following derivation.
Germanic/docs/sound_changes/reader_facing/reader_facing_local_section_20.md:4244	## SC079. Loss of \emph{*j} after heavy syllables (`OEJLossAfterHeavy`) {#rule-OEJLossAfterHeavy}	*j		notation_or_segment	no	no	non-formlike fragment or segment	The rule removes \emph{*j} after the relevant heavy-syllable configurations,
Germanic/docs/sound_changes/reader_facing/reader_facing_local_section_20.md:4246	## SC079. Loss of \emph{*j} after heavy syllables (`OEJLossAfterHeavy`) {#rule-OEJLossAfterHeavy}	*j		notation_or_segment	no	no	non-formlike fragment or segment	The affected glide is \emph{*j}.
Germanic/docs/sound_changes/reader_facing/reader_facing_local_section_20.md:4248	## SC079. Loss of \emph{*j} after heavy syllables (`OEJLossAfterHeavy`) {#rule-OEJLossAfterHeavy}	*báugijaną	pgmc	example_input	yes	yes	failure-pattern selected input	If the rule is moved before [SC055 OEIUmlaut](#rule-OEIUmlaut), PGmc [galáubijaną]{.recon} ‘believe’ yields [*ġelēafan*]{.pred} rather than expected OE *ġelīefa
Germanic/docs/sound_changes/reader_facing/reader_facing_local_section_20.md:4248	## SC079. Loss of \emph{*j} after heavy syllables (`OEJLossAfterHeavy`) {#rule-OEJLossAfterHeavy}	*bēaġan	preoe	yielded_output	no	yes	failure-pattern yielded output	If the rule is moved before [SC055 OEIUmlaut](#rule-OEIUmlaut), PGmc [galáubijaną]{.recon} ‘believe’ yields [*ġelēafan*]{.pred} rather than expected OE *ġelīefa
Germanic/docs/sound_changes/reader_facing/reader_facing_local_section_20.md:4248	## SC079. Loss of \emph{*j} after heavy syllables (`OEJLossAfterHeavy`) {#rule-OEJLossAfterHeavy}	*bīeġan	preoe	expected_output	no	yes	failure-pattern expected output	If the rule is moved before [SC055 OEIUmlaut](#rule-OEIUmlaut), PGmc [galáubijaną]{.recon} ‘believe’ yields [*ġelēafan*]{.pred} rather than expected OE *ġelīefa
Germanic/docs/sound_changes/reader_facing/reader_facing_local_section_20.md:4248	## SC079. Loss of \emph{*j} after heavy syllables (`OEJLossAfterHeavy`) {#rule-OEJLossAfterHeavy}	*fulġan	preoe	yielded_output	no	yes	failure-pattern yielded output	If the rule is moved before [SC055 OEIUmlaut](#rule-OEIUmlaut), PGmc [galáubijaną]{.recon} ‘believe’ yields [*ġelēafan*]{.pred} rather than expected OE *ġelīefa
Germanic/docs/sound_changes/reader_facing/reader_facing_local_section_20.md:4248	## SC079. Loss of \emph{*j} after heavy syllables (`OEJLossAfterHeavy`) {#rule-OEJLossAfterHeavy}	*fylġan	preoe	expected_output	no	yes	failure-pattern expected output	If the rule is moved before [SC055 OEIUmlaut](#rule-OEIUmlaut), PGmc [galáubijaną]{.recon} ‘believe’ yields [*ġelēafan*]{.pred} rather than expected OE *ġelīefa
Germanic/docs/sound_changes/reader_facing/reader_facing_local_section_20.md:4248	## SC079. Loss of \emph{*j} after heavy syllables (`OEJLossAfterHeavy`) {#rule-OEJLossAfterHeavy}	*fúlgijaną	pgmc	example_input	yes	yes	failure-pattern selected input	If the rule is moved before [SC055 OEIUmlaut](#rule-OEIUmlaut), PGmc [galáubijaną]{.recon} ‘believe’ yields [*ġelēafan*]{.pred} rather than expected OE *ġelīefa
Germanic/docs/sound_changes/reader_facing/reader_facing_local_section_20.md:4248	## SC079. Loss of \emph{*j} after heavy syllables (`OEJLossAfterHeavy`) {#rule-OEJLossAfterHeavy}	*galáubijaną	pgmc	example_input	yes	yes	failure-pattern selected input	If the rule is moved before [SC055 OEIUmlaut](#rule-OEIUmlaut), PGmc [galáubijaną]{.recon} ‘believe’ yields [*ġelēafan*]{.pred} rather than expected OE *ġelīefa
Germanic/docs/sound_changes/reader_facing/reader_facing_local_section_20.md:4248	## SC079. Loss of \emph{*j} after heavy syllables (`OEJLossAfterHeavy`) {#rule-OEJLossAfterHeavy}	*lungen	preoe	expected_output	no	yes	failure-pattern expected output	If the rule is moved before [SC055 OEIUmlaut](#rule-OEIUmlaut), PGmc [galáubijaną]{.recon} ‘believe’ yields [*ġelēafan*]{.pred} rather than expected OE *ġelīefa
Germanic/docs/sound_changes/reader_facing/reader_facing_local_section_20.md:4248	## SC079. Loss of \emph{*j} after heavy syllables (`OEJLossAfterHeavy`) {#rule-OEJLossAfterHeavy}	*lungenn	preoe	yielded_output	no	yes	failure-pattern yielded output	If the rule is moved before [SC055 OEIUmlaut](#rule-OEIUmlaut), PGmc [galáubijaną]{.recon} ‘believe’ yields [*ġelēafan*]{.pred} rather than expected OE *ġelīefa
Germanic/docs/sound_changes/reader_facing/reader_facing_local_section_20.md:4248	## SC079. Loss of \emph{*j} after heavy syllables (`OEJLossAfterHeavy`) {#rule-OEJLossAfterHeavy}	*lúnganjō	pgmc	example_input	yes	yes	failure-pattern selected input	If the rule is moved before [SC055 OEIUmlaut](#rule-OEIUmlaut), PGmc [galáubijaną]{.recon} ‘believe’ yields [*ġelēafan*]{.pred} rather than expected OE *ġelīefa
Germanic/docs/sound_changes/reader_facing/reader_facing_local_section_20.md:4248	## SC079. Loss of \emph{*j} after heavy syllables (`OEJLossAfterHeavy`) {#rule-OEJLossAfterHeavy}	*ġelēafan	preoe	yielded_output	no	yes	failure-pattern yielded output	If the rule is moved before [SC055 OEIUmlaut](#rule-OEIUmlaut), PGmc [galáubijaną]{.recon} ‘believe’ yields [*ġelēafan*]{.pred} rather than expected OE *ġelīefa
Germanic/docs/sound_changes/reader_facing/reader_facing_local_section_20.md:4248	## SC079. Loss of \emph{*j} after heavy syllables (`OEJLossAfterHeavy`) {#rule-OEJLossAfterHeavy}	*ġelīefan	preoe	expected_output	no	yes	failure-pattern expected output	If the rule is moved before [SC055 OEIUmlaut](#rule-OEIUmlaut), PGmc [galáubijaną]{.recon} ‘believe’ yields [*ġelēafan*]{.pred} rather than expected OE *ġelīefa
Germanic/docs/sound_changes/reader_facing/reader_facing_local_section_20.md:425	## SC024. Lowering of stressed long \emph{ē} (`PNWGmcLongELowering`) {#rule-PNWGmcLongELowering}	*fadēr		model_stage	no	yes	development-chain modeled stage	The rule reads the stressed tier \emph{*ḗ} only, in keeping with the stress restriction; unstressed \emph{*ē}, as in \emph{*fadēr} 'father', is left for the uns
Germanic/docs/sound_changes/reader_facing/reader_facing_local_section_20.md:425	## SC024. Lowering of stressed long \emph{ē} (`PNWGmcLongELowering`) {#rule-PNWGmcLongELowering}	*mānōþ-		notation_or_segment	no	no	notation or compound expression	The rule reads the stressed tier \emph{*ḗ} only, in keeping with the stress restriction; unstressed \emph{*ē}, as in \emph{*fadēr} 'father', is left for the uns
Germanic/docs/sound_changes/reader_facing/reader_facing_local_section_20.md:425	## SC024. Lowering of stressed long \emph{ē} (`PNWGmcLongELowering`) {#rule-PNWGmcLongELowering}	*mḗnōþz		model_stage	no	yes	development-chain modeled stage	The rule reads the stressed tier \emph{*ḗ} only, in keeping with the stress restriction; unstressed \emph{*ē}, as in \emph{*fadēr} 'father', is left for the uns
Germanic/docs/sound_changes/reader_facing/reader_facing_local_section_20.md:425	## SC024. Lowering of stressed long \emph{ē} (`PNWGmcLongELowering`) {#rule-PNWGmcLongELowering}	*spānuz		model_stage	no	yes	development-chain modeled stage	The rule reads the stressed tier \emph{*ḗ} only, in keeping with the stress restriction; unstressed \emph{*ē}, as in \emph{*fadēr} 'father', is left for the uns
Germanic/docs/sound_changes/reader_facing/reader_facing_local_section_20.md:425	## SC024. Lowering of stressed long \emph{ē} (`PNWGmcLongELowering`) {#rule-PNWGmcLongELowering}	*spḗnuz		model_stage	yes	yes	development-chain modeled stage	The rule reads the stressed tier \emph{*ḗ} only, in keeping with the stress restriction; unstressed \emph{*ē}, as in \emph{*fadēr} 'father', is left for the uns
Germanic/docs/sound_changes/reader_facing/reader_facing_local_section_20.md:425	## SC024. Lowering of stressed long \emph{ē} (`PNWGmcLongELowering`) {#rule-PNWGmcLongELowering}	*ē		notation_or_segment	no	no	non-formlike fragment or segment	The rule reads the stressed tier \emph{*ḗ} only, in keeping with the stress restriction; unstressed \emph{*ē}, as in \emph{*fadēr} 'father', is left for the uns
Germanic/docs/sound_changes/reader_facing/reader_facing_local_section_20.md:425	## SC024. Lowering of stressed long \emph{ē} (`PNWGmcLongELowering`) {#rule-PNWGmcLongELowering}	*ḗ		notation_or_segment	no	no	non-formlike fragment or segment	The rule reads the stressed tier \emph{*ḗ} only, in keeping with the stress restriction; unstressed \emph{*ē}, as in \emph{*fadēr} 'father', is left for the uns
Germanic/docs/sound_changes/reader_facing/reader_facing_local_section_20.md:4265	## \CAPRRuleHeading{SC080. Simplification of final geminates}{OEFinalGeminateSimplification} {#rule-OEFinalGeminateSimplification}	*lungen	oe	model_stage	no	yes	development-chain modeled stage	Moving the rule before [SC079 OEJLossAfterHeavy](#rule-OEJLossAfterHeavy) makes PGmc [lúnganjō]{.recon} ‘lungs’ yield [*lungenn*]{.pred} rather than expected OE
Germanic/docs/sound_changes/reader_facing/reader_facing_local_section_20.md:4265	## \CAPRRuleHeading{SC080. Simplification of final geminates}{OEFinalGeminateSimplification} {#rule-OEFinalGeminateSimplification}	*lúnganjō	pgmc	model_stage	yes	yes	development-chain modeled stage	Moving the rule before [SC079 OEJLossAfterHeavy](#rule-OEJLossAfterHeavy) makes PGmc [lúnganjō]{.recon} ‘lungs’ yield [*lungenn*]{.pred} rather than expected OE
Germanic/docs/sound_changes/reader_facing/reader_facing_local_section_20.md:427	## SC024. Lowering of stressed long \emph{ē} (`PNWGmcLongELowering`) {#rule-PNWGmcLongELowering}	*ij		notation_or_segment	no	no	non-formlike fragment or segment	The rule stands near the head of the cascade, before the genuinely West Germanic innovations such as early \emph{i}-apocope, \emph{*ij}-contraction, and \emph{j
Germanic/docs/sound_changes/reader_facing/reader_facing_local_section_20.md:427	## SC024. Lowering of stressed long \emph{ē} (`PNWGmcLongELowering`) {#rule-PNWGmcLongELowering}	*mōnaþ	oe	model_stage	no	yes	development-chain modeled stage	The rule stands near the head of the cascade, before the genuinely West Germanic innovations such as early \emph{i}-apocope, \emph{*ij}-contraction, and \emph{j
Germanic/docs/sound_changes/reader_facing/reader_facing_local_section_20.md:427	## SC024. Lowering of stressed long \emph{ē} (`PNWGmcLongELowering`) {#rule-PNWGmcLongELowering}	*mḗnōθz		model_stage	yes	yes	development-chain modeled stage	The rule stands near the head of the cascade, before the genuinely West Germanic innovations such as early \emph{i}-apocope, \emph{*ij}-contraction, and \emph{j
Germanic/docs/sound_changes/reader_facing/reader_facing_local_section_20.md:427	## SC024. Lowering of stressed long \emph{ē} (`PNWGmcLongELowering`) {#rule-PNWGmcLongELowering}	*skḗpą		model_stage	yes	yes	development-chain modeled stage	The rule stands near the head of the cascade, before the genuinely West Germanic innovations such as early \emph{i}-apocope, \emph{*ij}-contraction, and \emph{j
Germanic/docs/sound_changes/reader_facing/reader_facing_local_section_20.md:427	## SC024. Lowering of stressed long \emph{ē} (`PNWGmcLongELowering`) {#rule-PNWGmcLongELowering}	*sḗaną		model_stage	yes	yes	development-chain modeled stage	The rule stands near the head of the cascade, before the genuinely West Germanic innovations such as early \emph{i}-apocope, \emph{*ij}-contraction, and \emph{j
Germanic/docs/sound_changes/reader_facing/reader_facing_local_section_20.md:427	## SC024. Lowering of stressed long \emph{ē} (`PNWGmcLongELowering`) {#rule-PNWGmcLongELowering}	*ā		notation_or_segment	no	no	non-formlike fragment or segment	The rule stands near the head of the cascade, before the genuinely West Germanic innovations such as early \emph{i}-apocope, \emph{*ij}-contraction, and \emph{j
Germanic/docs/sound_changes/reader_facing/reader_facing_local_section_20.md:427	## SC024. Lowering of stressed long \emph{ē} (`PNWGmcLongELowering`) {#rule-PNWGmcLongELowering}	i	oe	notation_or_segment	no	no	non-formlike fragment or segment	The rule stands near the head of the cascade, before the genuinely West Germanic innovations such as early \emph{i}-apocope, \emph{*ij}-contraction, and \emph{j
Germanic/docs/sound_changes/reader_facing/reader_facing_local_section_20.md:427	## SC024. Lowering of stressed long \emph{ē} (`PNWGmcLongELowering`) {#rule-PNWGmcLongELowering}	j	oe	notation_or_segment	no	no	non-formlike fragment or segment	The rule stands near the head of the cascade, before the genuinely West Germanic innovations such as early \emph{i}-apocope, \emph{*ij}-contraction, and \emph{j
Germanic/docs/sound_changes/reader_facing/reader_facing_local_section_20.md:427	## SC024. Lowering of stressed long \emph{ē} (`PNWGmcLongELowering`) {#rule-PNWGmcLongELowering}	w	oe	notation_or_segment	no	no	non-formlike fragment or segment	The rule stands near the head of the cascade, before the genuinely West Germanic innovations such as early \emph{i}-apocope, \emph{*ij}-contraction, and \emph{j
Germanic/docs/sound_changes/reader_facing/reader_facing_local_section_20.md:4276	## Historical discussion	*j		notation_or_segment	no	no	non-formlike fragment or segment	normalizes part of the inherited intervocalic \emph{*j} domain, and
Germanic/docs/sound_changes/reader_facing/reader_facing_local_section_20.md:4278	## Historical discussion	ei	oe	notation_or_segment	no	no	non-formlike fragment or segment	resulting \emph{ei}-like sequence in weak verbal endings.
Germanic/docs/sound_changes/reader_facing/reader_facing_local_section_20.md:4296	## \CAPRRuleHeading{SC081. Strengthening of \emph{*j} after front diphthongs}{OEJStrengtheningAfterFrontDiphthong} {#rule-OEJStrengtheningAfterFrontDiphthong}	*j		notation_or_segment	no	no	non-formlike fragment or segment	After the relevant front diphthongs, \emph{*j} first strengthened to a consonantal outcome; otherwise it would have vocalized too early.
Germanic/docs/sound_changes/reader_facing/reader_facing_local_section_20.md:4298	## \CAPRRuleHeading{SC081. Strengthening of \emph{*j} after front diphthongs}{OEJStrengtheningAfterFrontDiphthong} {#rule-OEJStrengtheningAfterFrontDiphthong}	*stráwjaną	pgmc	example_input	yes	yes	failure-pattern selected input	If the rule is moved before [SC055 OEIUmlaut](#rule-OEIUmlaut), PGmc [stráwjaną]{.recon} ‘strew’ yields [*strēaġan*]{.pred} rather than expected OE *strīeġan* ‘
Germanic/docs/sound_changes/reader_facing/reader_facing_local_section_20.md:4298	## \CAPRRuleHeading{SC081. Strengthening of \emph{*j} after front diphthongs}{OEJStrengtheningAfterFrontDiphthong} {#rule-OEJStrengtheningAfterFrontDiphthong}	*strēaġan	preoe	yielded_output	no	yes	failure-pattern yielded output	If the rule is moved before [SC055 OEIUmlaut](#rule-OEIUmlaut), PGmc [stráwjaną]{.recon} ‘strew’ yields [*strēaġan*]{.pred} rather than expected OE *strīeġan* ‘
Germanic/docs/sound_changes/reader_facing/reader_facing_local_section_20.md:4298	## \CAPRRuleHeading{SC081. Strengthening of \emph{*j} after front diphthongs}{OEJStrengtheningAfterFrontDiphthong} {#rule-OEJStrengtheningAfterFrontDiphthong}	*strīeġan	preoe	expected_output	no	yes	failure-pattern expected output	If the rule is moved before [SC055 OEIUmlaut](#rule-OEIUmlaut), PGmc [stráwjaną]{.recon} ‘strew’ yields [*strēaġan*]{.pred} rather than expected OE *strīeġan* ‘
Germanic/docs/sound_changes/reader_facing/reader_facing_local_section_20.md:4298	## \CAPRRuleHeading{SC081. Strengthening of \emph{*j} after front diphthongs}{OEJStrengtheningAfterFrontDiphthong} {#rule-OEJStrengtheningAfterFrontDiphthong}	form	pgmc	notation_or_segment	no	no	non-formlike fragment or segment	If the rule is moved before [SC055 OEIUmlaut](#rule-OEIUmlaut), PGmc [stráwjaną]{.recon} ‘strew’ yields [*strēaġan*]{.pred} rather than expected OE *strīeġan* ‘
Germanic/docs/sound_changes/reader_facing/reader_facing_local_section_20.md:4333	## \CAPRRuleHeading{SC082. Bounded inherited-j normalization}{OEIntervocalicJVocalization} {#rule-OEIntervocalicJVocalization}	*borian	oe	model_stage	no	yes	development-chain modeled stage	Moving the rule before [SC081 OEJStrengtheningAfterFrontDiphthong](#rule-OEJStrengtheningAfterFrontDiphthong) makes PGmc [stráwjaną]{.recon} ‘strew’ yield [*str
Germanic/docs/sound_changes/reader_facing/reader_facing_local_section_20.md:4333	## \CAPRRuleHeading{SC082. Bounded inherited-j normalization}{OEIntervocalicJVocalization} {#rule-OEIntervocalicJVocalization}	*búrōjaną	pgmc	model_stage	yes	yes	development-chain modeled stage	Moving the rule before [SC081 OEJStrengtheningAfterFrontDiphthong](#rule-OEJStrengtheningAfterFrontDiphthong) makes PGmc [stráwjaną]{.recon} ‘strew’ yield [*str
Germanic/docs/sound_changes/reader_facing/reader_facing_local_section_20.md:4333	## \CAPRRuleHeading{SC082. Bounded inherited-j normalization}{OEIntervocalicJVocalization} {#rule-OEIntervocalicJVocalization}	*mákōjaną	pgmc	model_stage	yes	yes	development-chain modeled stage	Moving the rule before [SC081 OEJStrengtheningAfterFrontDiphthong](#rule-OEJStrengtheningAfterFrontDiphthong) makes PGmc [stráwjaną]{.recon} ‘strew’ yield [*str
Germanic/docs/sound_changes/reader_facing/reader_facing_local_section_20.md:4333	## \CAPRRuleHeading{SC082. Bounded inherited-j normalization}{OEIntervocalicJVocalization} {#rule-OEIntervocalicJVocalization}	*stráwjaną	pgmc	model_stage	yes	yes	development-chain modeled stage	Moving the rule before [SC081 OEJStrengtheningAfterFrontDiphthong](#rule-OEJStrengtheningAfterFrontDiphthong) makes PGmc [stráwjaną]{.recon} ‘strew’ yield [*str
Germanic/docs/sound_changes/reader_facing/reader_facing_local_section_20.md:4333	## \CAPRRuleHeading{SC082. Bounded inherited-j normalization}{OEIntervocalicJVocalization} {#rule-OEIntervocalicJVocalization}	*strīeġan	oe	model_stage	no	yes	development-chain modeled stage	Moving the rule before [SC081 OEJStrengtheningAfterFrontDiphthong](#rule-OEJStrengtheningAfterFrontDiphthong) makes PGmc [stráwjaną]{.recon} ‘strew’ yield [*str
Germanic/docs/sound_changes/reader_facing/reader_facing_local_section_20.md:4333	## \CAPRRuleHeading{SC082. Bounded inherited-j normalization}{OEIntervocalicJVocalization} {#rule-OEIntervocalicJVocalization}	*xándlōjaną	pgmc	model_stage	yes	yes	development-chain modeled stage	Moving the rule before [SC081 OEJStrengtheningAfterFrontDiphthong](#rule-OEJStrengtheningAfterFrontDiphthong) makes PGmc [stráwjaną]{.recon} ‘strew’ yield [*str
Germanic/docs/sound_changes/reader_facing/reader_facing_local_section_20.md:4340	## SC083. Contraction of unstressed \emph{ei} (`OEUnstressedEIContraction`) {#rule-OEUnstressedEIContraction}	e	oe	notation_or_segment	no	no	non-formlike fragment or segment	The final rule removes the extra unstressed \emph{e} before \emph{i}.
Germanic/docs/sound_changes/reader_facing/reader_facing_local_section_20.md:4340	## SC083. Contraction of unstressed \emph{ei} (`OEUnstressedEIContraction`) {#rule-OEUnstressedEIContraction}	i	oe	notation_or_segment	no	no	non-formlike fragment or segment	The final rule removes the extra unstressed \emph{e} before \emph{i}.
Germanic/docs/sound_changes/reader_facing/reader_facing_local_section_20.md:4348	## SC083. Contraction of unstressed \emph{ei} (`OEUnstressedEIContraction`) {#rule-OEUnstressedEIContraction}	ei	oe	notation_or_segment	no	no	non-formlike fragment or segment	The rule contracts the unstressed \emph{ei}-like sequence that the preceding vocalization would otherwise leave behind in forms such as *borian* ‘bore’ and *lic
Germanic/docs/sound_changes/reader_facing/reader_facing_local_section_20.md:435	## Historical discussion	*i		notation_or_segment	no	no	non-formlike fragment or segment	Sievers/Brunner treats the early loss of final \emph{*i} after unstressed syllables as established by the fact that these endings no longer trigger later i-umla
Germanic/docs/sound_changes/reader_facing/reader_facing_local_section_20.md:4350	## SC083. Contraction of unstressed \emph{ei} (`OEUnstressedEIContraction`) {#rule-OEUnstressedEIContraction}	*borian	oe	model_stage	no	yes	development-chain modeled stage	Moving the rule before [SC082 OEIntervocalicJVocalization](#rule-OEIntervocalicJVocalization) makes PGmc [búrōjaną]{.recon} ‘bore’ yield [*boreian*]{.pred} rath
Germanic/docs/sound_changes/reader_facing/reader_facing_local_section_20.md:4350	## SC083. Contraction of unstressed \emph{ei} (`OEUnstressedEIContraction`) {#rule-OEUnstressedEIContraction}	*búrōjaną	pgmc	model_stage	yes	yes	development-chain modeled stage	Moving the rule before [SC082 OEIntervocalicJVocalization](#rule-OEIntervocalicJVocalization) makes PGmc [búrōjaną]{.recon} ‘bore’ yield [*boreian*]{.pred} rath
Germanic/docs/sound_changes/reader_facing/reader_facing_local_section_20.md:4350	## SC083. Contraction of unstressed \emph{ei} (`OEUnstressedEIContraction`) {#rule-OEUnstressedEIContraction}	*líkkōjaną	pgmc	model_stage	yes	yes	development-chain modeled stage	Moving the rule before [SC082 OEIntervocalicJVocalization](#rule-OEIntervocalicJVocalization) makes PGmc [búrōjaną]{.recon} ‘bore’ yield [*boreian*]{.pred} rath
Germanic/docs/sound_changes/reader_facing/reader_facing_local_section_20.md:4350	## SC083. Contraction of unstressed \emph{ei} (`OEUnstressedEIContraction`) {#rule-OEUnstressedEIContraction}	*líznōjaną	pgmc	model_stage	yes	yes	development-chain modeled stage	Moving the rule before [SC082 OEIntervocalicJVocalization](#rule-OEIntervocalicJVocalization) makes PGmc [búrōjaną]{.recon} ‘bore’ yield [*boreian*]{.pred} rath
Germanic/docs/sound_changes/reader_facing/reader_facing_local_section_20.md:4358	## Historical discussion	*h		notation_or_segment	no	no	non-formlike fragment or segment	When [SC085 OEHLoss](#rule-OEHLoss) removes intervocalic \emph{*h}, it creates
Germanic/docs/sound_changes/reader_facing/reader_facing_local_section_20.md:4362	## Historical discussion	h	oe	notation_or_segment	no	no	non-formlike fragment or segment	Ringe and Taylor describe this late sequence of \emph{h}-loss and contraction
Germanic/docs/sound_changes/reader_facing/reader_facing_local_section_20.md:4375	## SC085. Loss of intervocalic \emph{*h} (`OEHLoss`) {#rule-OEHLoss}	*h		notation_or_segment	no	no	non-formlike fragment or segment	The rule removes intervocalic \emph{*h}, creating the hiatus that later contraction must resolve.
Germanic/docs/sound_changes/reader_facing/reader_facing_local_section_20.md:4377	## SC085. Loss of intervocalic \emph{*h} (`OEHLoss`) {#rule-OEHLoss}	*fléuxaną	pgmc	example_input	yes	yes	failure-pattern selected input	If the rule is moved before [SC073 OEUnstressedAEMerger](#rule-OEUnstressedAEMerger), PGmc [táixōn]{.recon} ‘toe’ yields [*tāæ*]{.pred} rather than expected OE 
Germanic/docs/sound_changes/reader_facing/reader_facing_local_section_20.md:4377	## SC085. Loss of intervocalic \emph{*h} (`OEHLoss`) {#rule-OEHLoss}	*flēoan	preoe	yielded_output	no	yes	failure-pattern yielded output	If the rule is moved before [SC073 OEUnstressedAEMerger](#rule-OEUnstressedAEMerger), PGmc [táixōn]{.recon} ‘toe’ yields [*tāæ*]{.pred} rather than expected OE 
Germanic/docs/sound_changes/reader_facing/reader_facing_local_section_20.md:4377	## SC085. Loss of intervocalic \emph{*h} (`OEHLoss`) {#rule-OEHLoss}	*flēon	preoe	expected_output	no	yes	failure-pattern expected output	If the rule is moved before [SC073 OEUnstressedAEMerger](#rule-OEUnstressedAEMerger), PGmc [táixōn]{.recon} ‘toe’ yields [*tāæ*]{.pred} rather than expected OE 
Germanic/docs/sound_changes/reader_facing/reader_facing_local_section_20.md:4377	## SC085. Loss of intervocalic \emph{*h} (`OEHLoss`) {#rule-OEHLoss}	*sleaan	preoe	yielded_output	no	yes	failure-pattern yielded output	If the rule is moved before [SC073 OEUnstressedAEMerger](#rule-OEUnstressedAEMerger), PGmc [táixōn]{.recon} ‘toe’ yields [*tāæ*]{.pred} rather than expected OE 
Germanic/docs/sound_changes/reader_facing/reader_facing_local_section_20.md:4377	## SC085. Loss of intervocalic \emph{*h} (`OEHLoss`) {#rule-OEHLoss}	*sláxaną	pgmc	example_input	yes	yes	failure-pattern selected input	If the rule is moved before [SC073 OEUnstressedAEMerger](#rule-OEUnstressedAEMerger), PGmc [táixōn]{.recon} ‘toe’ yields [*tāæ*]{.pred} rather than expected OE 
Germanic/docs/sound_changes/reader_facing/reader_facing_local_section_20.md:4377	## SC085. Loss of intervocalic \emph{*h} (`OEHLoss`) {#rule-OEHLoss}	*slēan	preoe	expected_output	no	yes	failure-pattern expected output	If the rule is moved before [SC073 OEUnstressedAEMerger](#rule-OEUnstressedAEMerger), PGmc [táixōn]{.recon} ‘toe’ yields [*tāæ*]{.pred} rather than expected OE 
Germanic/docs/sound_changes/reader_facing/reader_facing_local_section_20.md:4377	## SC085. Loss of intervocalic \emph{*h} (`OEHLoss`) {#rule-OEHLoss}	*teoon	preoe	yielded_output	no	yes	failure-pattern yielded output	If the rule is moved before [SC073 OEUnstressedAEMerger](#rule-OEUnstressedAEMerger), PGmc [táixōn]{.recon} ‘toe’ yields [*tāæ*]{.pred} rather than expected OE 
Germanic/docs/sound_changes/reader_facing/reader_facing_local_section_20.md:4377	## SC085. Loss of intervocalic \emph{*h} (`OEHLoss`) {#rule-OEHLoss}	*táixōn	pgmc	example_input	yes	yes	failure-pattern selected input	If the rule is moved before [SC073 OEUnstressedAEMerger](#rule-OEUnstressedAEMerger), PGmc [táixōn]{.recon} ‘toe’ yields [*tāæ*]{.pred} rather than expected OE 
Germanic/docs/sound_changes/reader_facing/reader_facing_local_section_20.md:4377	## SC085. Loss of intervocalic \emph{*h} (`OEHLoss`) {#rule-OEHLoss}	*téxun	pgmc	example_input	yes	yes	failure-pattern selected input	If the rule is moved before [SC073 OEUnstressedAEMerger](#rule-OEUnstressedAEMerger), PGmc [táixōn]{.recon} ‘toe’ yields [*tāæ*]{.pred} rather than expected OE 
Germanic/docs/sound_changes/reader_facing/reader_facing_local_section_20.md:4377	## SC085. Loss of intervocalic \emph{*h} (`OEHLoss`) {#rule-OEHLoss}	*tā	oe	notation_or_segment	no	no	non-formlike fragment or segment	If the rule is moved before [SC073 OEUnstressedAEMerger](#rule-OEUnstressedAEMerger), PGmc [táixōn]{.recon} ‘toe’ yields [*tāæ*]{.pred} rather than expected OE 
Germanic/docs/sound_changes/reader_facing/reader_facing_local_section_20.md:4377	## SC085. Loss of intervocalic \emph{*h} (`OEHLoss`) {#rule-OEHLoss}	*tāe	preoe	yielded_output	no	yes	failure-pattern yielded output	If the rule is moved before [SC073 OEUnstressedAEMerger](#rule-OEUnstressedAEMerger), PGmc [táixōn]{.recon} ‘toe’ yields [*tāæ*]{.pred} rather than expected OE 
Germanic/docs/sound_changes/reader_facing/reader_facing_local_section_20.md:4377	## SC085. Loss of intervocalic \emph{*h} (`OEHLoss`) {#rule-OEHLoss}	*tāæ	preoe	yielded_output	no	yes	failure-pattern yielded output	If the rule is moved before [SC073 OEUnstressedAEMerger](#rule-OEUnstressedAEMerger), PGmc [táixōn]{.recon} ‘toe’ yields [*tāæ*]{.pred} rather than expected OE 
Germanic/docs/sound_changes/reader_facing/reader_facing_local_section_20.md:4377	## SC085. Loss of intervocalic \emph{*h} (`OEHLoss`) {#rule-OEHLoss}	*tēon	preoe	expected_output	no	yes	failure-pattern expected output	If the rule is moved before [SC073 OEUnstressedAEMerger](#rule-OEUnstressedAEMerger), PGmc [táixōn]{.recon} ‘toe’ yields [*tāæ*]{.pred} rather than expected OE 
Germanic/docs/sound_changes/reader_facing/reader_facing_local_section_20.md:4377	## SC085. Loss of intervocalic \emph{*h} (`OEHLoss`) {#rule-OEHLoss}	yields	pgmc	expected_output	no	yes	expected outcome in explanatory prose	If the rule is moved before [SC073 OEUnstressedAEMerger](#rule-OEUnstressedAEMerger), PGmc [táixōn]{.recon} ‘toe’ yields [*tāæ*]{.pred} rather than expected OE 
Germanic/docs/sound_changes/reader_facing/reader_facing_local_section_20.md:4418	## SC086. Contraction of the resulting hiatus (`OEContraction`) {#rule-OEContraction}	h	oe	notation_or_segment	no	no	non-formlike fragment or segment	The rule contracts the vowel sequences created after \emph{h}-loss, producing
Germanic/docs/sound_changes/reader_facing/reader_facing_local_section_20.md:4421	## SC086. Contraction of the resulting hiatus (`OEContraction`) {#rule-OEContraction}	*fléuxaną	pgmc	model_stage	yes	yes	development-chain modeled stage	Moving contraction before [SC085 OEHLoss](#rule-OEHLoss) makes PGmc [fléuxaną]{.recon} ‘flee’ yield [*flēoan*]{.pred} rather than expected OE *flēon* 'flee', PG
Germanic/docs/sound_changes/reader_facing/reader_facing_local_section_20.md:4421	## SC086. Contraction of the resulting hiatus (`OEContraction`) {#rule-OEContraction}	*flēon	oe	model_stage	no	yes	development-chain modeled stage	Moving contraction before [SC085 OEHLoss](#rule-OEHLoss) makes PGmc [fléuxaną]{.recon} ‘flee’ yield [*flēoan*]{.pred} rather than expected OE *flēon* 'flee', PG
Germanic/docs/sound_changes/reader_facing/reader_facing_local_section_20.md:4421	## SC086. Contraction of the resulting hiatus (`OEContraction`) {#rule-OEContraction}	*sláxaną	pgmc	model_stage	yes	yes	development-chain modeled stage	Moving contraction before [SC085 OEHLoss](#rule-OEHLoss) makes PGmc [fléuxaną]{.recon} ‘flee’ yield [*flēoan*]{.pred} rather than expected OE *flēon* 'flee', PG
Germanic/docs/sound_changes/reader_facing/reader_facing_local_section_20.md:4421	## SC086. Contraction of the resulting hiatus (`OEContraction`) {#rule-OEContraction}	*táixōn	pgmc	model_stage	yes	yes	development-chain modeled stage	Moving contraction before [SC085 OEHLoss](#rule-OEHLoss) makes PGmc [fléuxaną]{.recon} ‘flee’ yield [*flēoan*]{.pred} rather than expected OE *flēon* 'flee', PG
Germanic/docs/sound_changes/reader_facing/reader_facing_local_section_20.md:4421	## SC086. Contraction of the resulting hiatus (`OEContraction`) {#rule-OEContraction}	*téxun	pgmc	model_stage	yes	yes	development-chain modeled stage	Moving contraction before [SC085 OEHLoss](#rule-OEHLoss) makes PGmc [fléuxaną]{.recon} ‘flee’ yield [*flēoan*]{.pred} rather than expected OE *flēon* 'flee', PG
Germanic/docs/sound_changes/reader_facing/reader_facing_local_section_20.md:4457	## \CAPRRuleHeading{SC087. Metathesis of \emph{*r} with a following short vowel}{OERMetathesis} {#rule-OERMetathesis}	*r		notation_or_segment	no	no	non-formlike fragment or segment	The rule moves \emph{*r} across a following short vowel in the relevant late clusters, producing forms such as *berstan* ‘burst’ where an earlier order would st
Germanic/docs/sound_changes/reader_facing/reader_facing_local_section_20.md:4459	## \CAPRRuleHeading{SC087. Metathesis of \emph{*r} with a following short vowel}{OERMetathesis} {#rule-OERMetathesis}	*berstan	oe	model_stage	no	yes	development-chain modeled stage	Moving the rule before [SC044 OEBreaking](#rule-OEBreaking) makes PGmc [bréstaną]{.recon} ‘burst’ yield [*beorstan*]{.pred} rather than expected OE *berstan* ‘b
Germanic/docs/sound_changes/reader_facing/reader_facing_local_section_20.md:4459	## \CAPRRuleHeading{SC087. Metathesis of \emph{*r} with a following short vowel}{OERMetathesis} {#rule-OERMetathesis}	*bréstaną	pgmc	model_stage	yes	yes	development-chain modeled stage	Moving the rule before [SC044 OEBreaking](#rule-OEBreaking) makes PGmc [bréstaną]{.recon} ‘burst’ yield [*beorstan*]{.pred} rather than expected OE *berstan* ‘b
Germanic/docs/sound_changes/reader_facing/reader_facing_local_section_20.md:4471	## Historical discussion	*-ag-		notation_or_segment	no	no	notation or compound expression	The late history of unstressed \emph{*-ag-} differs from prehistoric
Germanic/docs/sound_changes/reader_facing/reader_facing_local_section_20.md:4473	## Historical discussion	-ig-	oe	notation_or_segment	no	no	notation or compound expression	raising to \emph{-ig-}, explicitly placing its final stage long after
Germanic/docs/sound_changes/reader_facing/reader_facing_local_section_20.md:448	## SC006. Early i-apocope (`PWGmcEarlyIApocope`) {#rule-PWGmcEarlyIApocope}	*skáwōθi	pgmc	example_input	yes	yes	failure-pattern selected input	The absence of umlaut in *geoguþ* ‘youth’ provides the historical argument for early deletion. The ordered derivation supplies a different test: if apocope is d
Germanic/docs/sound_changes/reader_facing/reader_facing_local_section_20.md:448	## SC006. Early i-apocope (`PWGmcEarlyIApocope`) {#rule-PWGmcEarlyIApocope}	*sċēawaþ	preoe	expected_output	no	yes	failure-pattern expected output	The absence of umlaut in *geoguþ* ‘youth’ provides the historical argument for early deletion. The ordered derivation supplies a different test: if apocope is d
Germanic/docs/sound_changes/reader_facing/reader_facing_local_section_20.md:448	## SC006. Early i-apocope (`PWGmcEarlyIApocope`) {#rule-PWGmcEarlyIApocope}	*sċēaweþ	preoe	yielded_output	no	yes	failure-pattern yielded output	The absence of umlaut in *geoguþ* ‘youth’ provides the historical argument for early deletion. The ordered derivation supplies a different test: if apocope is d
Germanic/docs/sound_changes/reader_facing/reader_facing_local_section_20.md:4556	## Historical discussion	o	oe	notation_or_segment	no	no	non-formlike fragment or segment	the \emph{u}-cases (*ġeong*, *ġeoguþ*) from the \emph{o}-cases (*ġioc* 'yoke',
Germanic/docs/sound_changes/reader_facing/reader_facing_local_section_20.md:4556	## Historical discussion	u	oe	notation_or_segment	no	no	non-formlike fragment or segment	the \emph{u}-cases (*ġeong*, *ġeoguþ*) from the \emph{o}-cases (*ġioc* 'yoke',
Germanic/docs/sound_changes/reader_facing/reader_facing_local_section_20.md:4558	## Historical discussion	ju	oe	notation_or_segment	no	no	non-formlike fragment or segment	*iuguð* 'youth' and *iuc* under \emph{ju} but derives *ġioc*, *ġeoc* from West
Germanic/docs/sound_changes/reader_facing/reader_facing_local_section_20.md:4559	## Historical discussion	*jok		notation_or_segment	no	no	non-formlike fragment or segment	Germanic \emph{*jok} [@Bulbring1902, p. 120, §§298--299]; and Luick groups
Germanic/docs/sound_changes/reader_facing/reader_facing_local_section_20.md:4576	## Historical discussion	o	oe	notation_or_segment	no	no	non-formlike fragment or segment	Its position also settles a relative chronology. The \emph{o} of *ġeoc* 'yoke'
Germanic/docs/sound_changes/reader_facing/reader_facing_local_section_20.md:4579	## Historical discussion	*joh	ohg	notation_or_segment	no	no	non-formlike fragment or segment	regular lowering example beside OIcel *ok* and OHG *joh*
Germanic/docs/sound_changes/reader_facing/reader_facing_local_section_20.md:458	## Historical discussion	*fader	pwgmc	diagnostic_comparator	no	yes	diagnostic comparison in reader-facing prose	Ringe and Taylor separate two points here: a broader shortening of vowels before word-final \emph{*r} in unstressed syllables (for which kinship \emph{*r}-stems
Germanic/docs/sound_changes/reader_facing/reader_facing_local_section_20.md:458	## Historical discussion	*fadér	pgmc	diagnostic_comparator	no	yes	diagnostic comparison in reader-facing prose	Ringe and Taylor separate two points here: a broader shortening of vowels before word-final \emph{*r} in unstressed syllables (for which kinship \emph{*r}-stems
Germanic/docs/sound_changes/reader_facing/reader_facing_local_section_20.md:458	## Historical discussion	*fedwōr	pwgmc	diagnostic_comparator	no	yes	diagnostic comparison in reader-facing prose	Ringe and Taylor separate two points here: a broader shortening of vowels before word-final \emph{*r} in unstressed syllables (for which kinship \emph{*r}-stems
Germanic/docs/sound_changes/reader_facing/reader_facing_local_section_20.md:458	## Historical discussion	*r	pwgmc	notation_or_segment	no	no	non-formlike fragment or segment	Ringe and Taylor separate two points here: a broader shortening of vowels before word-final \emph{*r} in unstressed syllables (for which kinship \emph{*r}-stems
Germanic/docs/sound_changes/reader_facing/reader_facing_local_section_20.md:458	## Historical discussion	*watōr	pwgmc	diagnostic_comparator	no	yes	diagnostic comparison in reader-facing prose	Ringe and Taylor separate two points here: a broader shortening of vowels before word-final \emph{*r} in unstressed syllables (for which kinship \emph{*r}-stems
Germanic/docs/sound_changes/reader_facing/reader_facing_local_section_20.md:458	## Historical discussion	*ō	pwgmc	notation_or_segment	no	no	non-formlike fragment or segment	Ringe and Taylor separate two points here: a broader shortening of vowels before word-final \emph{*r} in unstressed syllables (for which kinship \emph{*r}-stems
Germanic/docs/sound_changes/reader_facing/reader_facing_local_section_20.md:458	## Historical discussion	four	ofris	diagnostic_comparator	no	yes	diagnostic comparison in reader-facing prose	Ringe and Taylor separate two points here: a broader shortening of vowels before word-final \emph{*r} in unstressed syllables (for which kinship \emph{*r}-stems
Germanic/docs/sound_changes/reader_facing/reader_facing_local_section_20.md:458	## Historical discussion	water	ofris	diagnostic_comparator	no	yes	diagnostic comparison in reader-facing prose	Ringe and Taylor separate two points here: a broader shortening of vowels before word-final \emph{*r} in unstressed syllables (for which kinship \emph{*r}-stems
Germanic/docs/sound_changes/reader_facing/reader_facing_local_section_20.md:4582	## Historical discussion	*jok-		notation_or_segment	no	no	notation or compound expression	therefore feeds the spelling: first \emph{*juk-} became \emph{*jok-} in
Germanic/docs/sound_changes/reader_facing/reader_facing_local_section_20.md:4582	## Historical discussion	*juk-		notation_or_segment	no	no	notation or compound expression	therefore feeds the spelling: first \emph{*juk-} became \emph{*jok-} in
Germanic/docs/sound_changes/reader_facing/reader_facing_local_section_20.md:4585	## Historical discussion	u	oe	notation_or_segment	no	no	non-formlike fragment or segment	whose root \emph{u} was protected by the high vowel of the following
Germanic/docs/sound_changes/reader_facing/reader_facing_local_section_20.md:4586	## Historical discussion	u	oe	notation_or_segment	no	no	non-formlike fragment or segment	syllable, the same convention wrote the retained \emph{u} with the same
Germanic/docs/sound_changes/reader_facing/reader_facing_local_section_20.md:460	## Historical discussion	*r		notation_or_segment	no	no	non-formlike fragment or segment	The rule is historically secure but narrow: final or pre-final \emph{*ō} before word-final \emph{*r}. The clearest evidence remains concentrated in the `four` a
Germanic/docs/sound_changes/reader_facing/reader_facing_local_section_20.md:460	## Historical discussion	*ō		notation_or_segment	no	no	non-formlike fragment or segment	The rule is historically secure but narrow: final or pre-final \emph{*ō} before word-final \emph{*r}. The clearest evidence remains concentrated in the `four` a
Germanic/docs/sound_changes/reader_facing/reader_facing_local_section_20.md:460	## Historical discussion	four	oe	diagnostic_comparator	no	yes	diagnostic comparison in reader-facing prose	The rule is historically secure but narrow: final or pre-final \emph{*ō} before word-final \emph{*r}. The clearest evidence remains concentrated in the `four` a
Germanic/docs/sound_changes/reader_facing/reader_facing_local_section_20.md:460	## Historical discussion	water	oe	diagnostic_comparator	no	yes	diagnostic comparison in reader-facing prose	The rule is historically secure but narrow: final or pre-final \emph{*ō} before word-final \emph{*r}. The clearest evidence remains concentrated in the `four` a
Germanic/docs/sound_changes/reader_facing/reader_facing_local_section_20.md:4600	## \CAPRRuleHeading{SC016. West Saxon palatal-glide spelling before back vowels}{OEWsPalatalGlide} {#rule-OEWsPalatalGlide}	ġ	oe	notation_or_segment	no	no	non-formlike fragment or segment	The rule rewrites a back vowel after word-initial \emph{ġ} as the digraph
Germanic/docs/sound_changes/reader_facing/reader_facing_local_section_20.md:4601	## \CAPRRuleHeading{SC016. West Saxon palatal-glide spelling before back vowels}{OEWsPalatalGlide} {#rule-OEWsPalatalGlide}	o	oe	notation_or_segment	no	no	non-formlike fragment or segment	spelling, covering both the lowered \emph{o}-cases (*ġeoc* 'yoke') and the
Germanic/docs/sound_changes/reader_facing/reader_facing_local_section_20.md:4602	## \CAPRRuleHeading{SC016. West Saxon palatal-glide spelling before back vowels}{OEWsPalatalGlide} {#rule-OEWsPalatalGlide}	u	oe	notation_or_segment	no	no	non-formlike fragment or segment	retained \emph{u}-cases (*ġeoguþ* 'youth'). Because it is a convention of the
Germanic/docs/sound_changes/reader_facing/reader_facing_local_section_20.md:4605	## \CAPRRuleHeading{SC016. West Saxon palatal-glide spelling before back vowels}{OEWsPalatalGlide} {#rule-OEWsPalatalGlide}	o	oe	notation_or_segment	no	no	non-formlike fragment or segment	which supplies the \emph{o} of *ġeoc*. If the spelling rule were placed
Germanic/docs/sound_changes/reader_facing/reader_facing_local_section_20.md:461	## Historical discussion	*ō		notation_or_segment	no	no	non-formlike fragment or segment	No broader environment for \emph{*ō} is attested.
Germanic/docs/sound_changes/reader_facing/reader_facing_local_section_20.md:4611	## \CAPRRuleHeading{SC016. West Saxon palatal-glide spelling before back vowels}{OEWsPalatalGlide} {#rule-OEWsPalatalGlide}	a	oe	notation_or_segment	no	no	non-formlike fragment or segment	(it also includes \emph{a}/\emph{ā}/\emph{ō} contexts after word-initial
Germanic/docs/sound_changes/reader_facing/reader_facing_local_section_20.md:4611	## \CAPRRuleHeading{SC016. West Saxon palatal-glide spelling before back vowels}{OEWsPalatalGlide} {#rule-OEWsPalatalGlide}	ā	oe	notation_or_segment	no	no	non-formlike fragment or segment	(it also includes \emph{a}/\emph{ā}/\emph{ō} contexts after word-initial
Germanic/docs/sound_changes/reader_facing/reader_facing_local_section_20.md:4611	## \CAPRRuleHeading{SC016. West Saxon palatal-glide spelling before back vowels}{OEWsPalatalGlide} {#rule-OEWsPalatalGlide}	ō	oe	notation_or_segment	no	no	non-formlike fragment or segment	(it also includes \emph{a}/\emph{ā}/\emph{ō} contexts after word-initial
Germanic/docs/sound_changes/reader_facing/reader_facing_local_section_20.md:471	## \CAPRRuleHeading{SC007. Lowering of final bimoric \emph{*ō} before \emph{*r}}{PWGmcFinalOrLowering} {#rule-PWGmcFinalOrLowering}	*water	preoe	yielded_output	no	yes	failure-pattern yielded output	OE *wæter* ‘water’ reveals why lowering must precede [SC043 EAFBrightening](#rule-EAFBrightening). If [SC007 PWGmcFinalOrLowering](#rule-PWGmcFinalOrLowering) i
Germanic/docs/sound_changes/reader_facing/reader_facing_local_section_20.md:471	## \CAPRRuleHeading{SC007. Lowering of final bimoric \emph{*ō} before \emph{*r}}{PWGmcFinalOrLowering} {#rule-PWGmcFinalOrLowering}	*wátōr	pgmc	example_input	yes	yes	failure-pattern selected input	OE *wæter* ‘water’ reveals why lowering must precede [SC043 EAFBrightening](#rule-EAFBrightening). If [SC007 PWGmcFinalOrLowering](#rule-PWGmcFinalOrLowering) i
Germanic/docs/sound_changes/reader_facing/reader_facing_local_section_20.md:471	## \CAPRRuleHeading{SC007. Lowering of final bimoric \emph{*ō} before \emph{*r}}{PWGmcFinalOrLowering} {#rule-PWGmcFinalOrLowering}	*wæter	preoe	expected_output	no	yes	failure-pattern expected output	OE *wæter* ‘water’ reveals why lowering must precede [SC043 EAFBrightening](#rule-EAFBrightening). If [SC007 PWGmcFinalOrLowering](#rule-PWGmcFinalOrLowering) i
Germanic/docs/sound_changes/reader_facing/reader_facing_local_section_20.md:473	## \CAPRRuleHeading{SC007. Lowering of final bimoric \emph{*ō} before \emph{*r}}{PWGmcFinalOrLowering} {#rule-PWGmcFinalOrLowering}	*a		notation_or_segment	no	no	non-formlike fragment or segment	The witness thus supplies a terminus ante quem at brightening but no earlier boundary. Comparative support for the \emph{*ō}-before-\emph{*r} rule comes from th
Germanic/docs/sound_changes/reader_facing/reader_facing_local_section_20.md:473	## \CAPRRuleHeading{SC007. Lowering of final bimoric \emph{*ō} before \emph{*r}}{PWGmcFinalOrLowering} {#rule-PWGmcFinalOrLowering}	*fedwōr		example_input	no	yes	input stage in explanatory prose	The witness thus supplies a terminus ante quem at brightening but no earlier boundary. Comparative support for the \emph{*ō}-before-\emph{*r} rule comes from th
Germanic/docs/sound_changes/reader_facing/reader_facing_local_section_20.md:473	## \CAPRRuleHeading{SC007. Lowering of final bimoric \emph{*ō} before \emph{*r}}{PWGmcFinalOrLowering} {#rule-PWGmcFinalOrLowering}	*r		notation_or_segment	no	no	non-formlike fragment or segment	The witness thus supplies a terminus ante quem at brightening but no earlier boundary. Comparative support for the \emph{*ō}-before-\emph{*r} rule comes from th
Germanic/docs/sound_changes/reader_facing/reader_facing_local_section_20.md:473	## \CAPRRuleHeading{SC007. Lowering of final bimoric \emph{*ō} before \emph{*r}}{PWGmcFinalOrLowering} {#rule-PWGmcFinalOrLowering}	*watōr		example_input	no	yes	input stage in explanatory prose	The witness thus supplies a terminus ante quem at brightening but no earlier boundary. Comparative support for the \emph{*ō}-before-\emph{*r} rule comes from th
Germanic/docs/sound_changes/reader_facing/reader_facing_local_section_20.md:473	## \CAPRRuleHeading{SC007. Lowering of final bimoric \emph{*ō} before \emph{*r}}{PWGmcFinalOrLowering} {#rule-PWGmcFinalOrLowering}	*ō		notation_or_segment	no	no	non-formlike fragment or segment	The witness thus supplies a terminus ante quem at brightening but no earlier boundary. Comparative support for the \emph{*ō}-before-\emph{*r} rule comes from th
Germanic/docs/sound_changes/reader_facing/reader_facing_local_section_20.md:481	## Historical discussion	*dw	pwgmc	notation_or_segment	no	no	non-formlike fragment or segment	Ringe and Taylor treat the assimilation of \emph{*dw} and \emph{*zw} to \emph{*ww} as a shared Proto-West-Germanic innovation supported by one example of each i
Germanic/docs/sound_changes/reader_facing/reader_facing_local_section_20.md:481	## Historical discussion	*fewwar	pwgmc	diagnostic_comparator	no	yes	diagnostic comparison in reader-facing prose	Ringe and Taylor treat the assimilation of \emph{*dw} and \emph{*zw} to \emph{*ww} as a shared Proto-West-Germanic innovation supported by one example of each i
Germanic/docs/sound_changes/reader_facing/reader_facing_local_section_20.md:481	## Historical discussion	*feðwor	pgmc	diagnostic_comparator	no	yes	diagnostic comparison in reader-facing prose	Ringe and Taylor treat the assimilation of \emph{*dw} and \emph{*zw} to \emph{*ww} as a shared Proto-West-Germanic innovation supported by one example of each i
Germanic/docs/sound_changes/reader_facing/reader_facing_local_section_20.md:481	## Historical discussion	*izweraz	pgmc	diagnostic_comparator	no	yes	diagnostic comparison in reader-facing prose	Ringe and Taylor treat the assimilation of \emph{*dw} and \emph{*zw} to \emph{*ww} as a shared Proto-West-Germanic innovation supported by one example of each i
Germanic/docs/sound_changes/reader_facing/reader_facing_local_section_20.md:481	## Historical discussion	*izwiz	pgmc	diagnostic_comparator	no	yes	diagnostic comparison in reader-facing prose	Ringe and Taylor treat the assimilation of \emph{*dw} and \emph{*zw} to \emph{*ww} as a shared Proto-West-Germanic innovation supported by one example of each i
Germanic/docs/sound_changes/reader_facing/reader_facing_local_section_20.md:481	## Historical discussion	*ww	pwgmc	notation_or_segment	no	no	non-formlike fragment or segment	Ringe and Taylor treat the assimilation of \emph{*dw} and \emph{*zw} to \emph{*ww} as a shared Proto-West-Germanic innovation supported by one example of each i
Germanic/docs/sound_changes/reader_facing/reader_facing_local_section_20.md:481	## Historical discussion	*zw	pwgmc	notation_or_segment	no	no	non-formlike fragment or segment	Ringe and Taylor treat the assimilation of \emph{*dw} and \emph{*zw} to \emph{*ww} as a shared Proto-West-Germanic innovation supported by one example of each i
Germanic/docs/sound_changes/reader_facing/reader_facing_local_section_20.md:481	## Historical discussion	eow	oe	diagnostic_comparator	no	yes	diagnostic comparison in reader-facing prose	Ringe and Taylor treat the assimilation of \emph{*dw} and \emph{*zw} to \emph{*ww} as a shared Proto-West-Germanic innovation supported by one example of each i
Germanic/docs/sound_changes/reader_facing/reader_facing_local_section_20.md:481	## Historical discussion	eower	oe	diagnostic_comparator	no	yes	diagnostic comparison in reader-facing prose	Ringe and Taylor treat the assimilation of \emph{*dw} and \emph{*zw} to \emph{*ww} as a shared Proto-West-Germanic innovation supported by one example of each i
Germanic/docs/sound_changes/reader_facing/reader_facing_local_section_20.md:481	## Historical discussion	fidwor	goth	diagnostic_comparator	no	yes	diagnostic comparison in reader-facing prose	Ringe and Taylor treat the assimilation of \emph{*dw} and \emph{*zw} to \emph{*ww} as a shared Proto-West-Germanic innovation supported by one example of each i
Germanic/docs/sound_changes/reader_facing/reader_facing_local_section_20.md:481	## Historical discussion	fiuwar	os	diagnostic_comparator	yes	yes	diagnostic comparison in reader-facing prose	Ringe and Taylor treat the assimilation of \emph{*dw} and \emph{*zw} to \emph{*ww} as a shared Proto-West-Germanic innovation supported by one example of each i
Germanic/docs/sound_changes/reader_facing/reader_facing_local_section_20.md:481	## Historical discussion	fiuwer	ofris	diagnostic_comparator	yes	yes	diagnostic comparison in reader-facing prose	Ringe and Taylor treat the assimilation of \emph{*dw} and \emph{*zw} to \emph{*ww} as a shared Proto-West-Germanic innovation supported by one example of each i
Germanic/docs/sound_changes/reader_facing/reader_facing_local_section_20.md:481	## Historical discussion	fēower	oe	diagnostic_comparator	yes	yes	diagnostic comparison in reader-facing prose	Ringe and Taylor treat the assimilation of \emph{*dw} and \emph{*zw} to \emph{*ww} as a shared Proto-West-Germanic innovation supported by one example of each i
Germanic/docs/sound_changes/reader_facing/reader_facing_local_section_20.md:481	## Historical discussion	iu	os	notation_or_segment	no	no	non-formlike fragment or segment	Ringe and Taylor treat the assimilation of \emph{*dw} and \emph{*zw} to \emph{*ww} as a shared Proto-West-Germanic innovation supported by one example of each i
Germanic/docs/sound_changes/reader_facing/reader_facing_local_section_20.md:481	## Historical discussion	iuwer	ohg	diagnostic_comparator	no	yes	diagnostic comparison in reader-facing prose	Ringe and Taylor treat the assimilation of \emph{*dw} and \emph{*zw} to \emph{*ww} as a shared Proto-West-Germanic innovation supported by one example of each i
Germanic/docs/sound_changes/reader_facing/reader_facing_local_section_20.md:481	## Historical discussion	izwara	goth	diagnostic_comparator	no	yes	diagnostic comparison in reader-facing prose	Ringe and Taylor treat the assimilation of \emph{*dw} and \emph{*zw} to \emph{*ww} as a shared Proto-West-Germanic innovation supported by one example of each i
Germanic/docs/sound_changes/reader_facing/reader_facing_local_section_20.md:481	## Historical discussion	izwis	goth	diagnostic_comparator	yes	yes	diagnostic comparison in reader-facing prose	Ringe and Taylor treat the assimilation of \emph{*dw} and \emph{*zw} to \emph{*ww} as a shared Proto-West-Germanic innovation supported by one example of each i
Germanic/docs/sound_changes/reader_facing/reader_facing_local_section_20.md:483	## Historical discussion	*dw		notation_or_segment	no	no	non-formlike fragment or segment	The historical support rests on a small witness set. Both coronal inputs assimilate before \emph{*w}, but the evidence for each cluster is confined: the numeral
Germanic/docs/sound_changes/reader_facing/reader_facing_local_section_20.md:483	## Historical discussion	*iww		notation_or_segment	no	no	non-formlike fragment or segment	The historical support rests on a small witness set. Both coronal inputs assimilate before \emph{*w}, but the evidence for each cluster is confined: the numeral
Germanic/docs/sound_changes/reader_facing/reader_facing_local_section_20.md:483	## Historical discussion	*iwwi		notation_or_segment	no	no	non-formlike fragment or segment	The historical support rests on a small witness set. Both coronal inputs assimilate before \emph{*w}, but the evidence for each cluster is confined: the numeral
Germanic/docs/sound_changes/reader_facing/reader_facing_local_section_20.md:483	## Historical discussion	*izwiz		diagnostic_comparator	no	yes	diagnostic comparison in reader-facing prose	The historical support rests on a small witness set. Both coronal inputs assimilate before \emph{*w}, but the evidence for each cluster is confined: the numeral
Germanic/docs/sound_changes/reader_facing/reader_facing_local_section_20.md:483	## Historical discussion	*w		notation_or_segment	no	no	non-formlike fragment or segment	The historical support rests on a small witness set. Both coronal inputs assimilate before \emph{*w}, but the evidence for each cluster is confined: the numeral
Germanic/docs/sound_changes/reader_facing/reader_facing_local_section_20.md:483	## Historical discussion	*zw		notation_or_segment	no	no	non-formlike fragment or segment	The historical support rests on a small witness set. Both coronal inputs assimilate before \emph{*w}, but the evidence for each cluster is confined: the numeral
Germanic/docs/sound_changes/reader_facing/reader_facing_local_section_20.md:483	## Historical discussion	*ēow	oe	notation_or_segment	no	no	non-formlike fragment or segment	The historical support rests on a small witness set. Both coronal inputs assimilate before \emph{*w}, but the evidence for each cluster is confined: the numeral
Germanic/docs/sound_changes/reader_facing/reader_facing_local_section_20.md:49	## What this chapter contains	*b	pgmc	notation_or_segment	no	no	non-formlike fragment or segment	Proto-Germanic \emph{*b} (`SC049 PGmcBAllophony`), executes late in the
Germanic/docs/sound_changes/reader_facing/reader_facing_local_section_20.md:49	## What this chapter contains	SC049 PGmcBAllophony	pgmc	notation_or_segment	no	no	notation or compound expression	Proto-Germanic \emph{*b} (`SC049 PGmcBAllophony`), executes late in the
Germanic/docs/sound_changes/reader_facing/reader_facing_local_section_20.md:494	## \CAPRRuleHeading{SC008. Assimilation of coronal consonants before \emph{*w}}{PWGmcCoronalWAssimilation} {#rule-PWGmcCoronalWAssimilation}	*fēower	oe	model_stage	no	yes	development-chain modeled stage	OE *fēower* ‘four’ exposes a feeding relation: coronal assimilation creates the \emph{*ww} input of the early reanalysis in [SC031 OEWWSimplification](#rule-OEW
Germanic/docs/sound_changes/reader_facing/reader_facing_local_section_20.md:494	## \CAPRRuleHeading{SC008. Assimilation of coronal consonants before \emph{*w}}{PWGmcCoronalWAssimilation} {#rule-PWGmcCoronalWAssimilation}	*ww		notation_or_segment	no	no	non-formlike fragment or segment	OE *fēower* ‘four’ exposes a feeding relation: coronal assimilation creates the \emph{*ww} input of the early reanalysis in [SC031 OEWWSimplification](#rule-OEW
Germanic/docs/sound_changes/reader_facing/reader_facing_local_section_20.md:496	## \CAPRRuleHeading{SC008. Assimilation of coronal consonants before \emph{*w}}{PWGmcCoronalWAssimilation} {#rule-PWGmcCoronalWAssimilation}	*dw		notation_or_segment	no	no	non-formlike fragment or segment	The numeral fixes that relative order. The pronoun now fixes a second one: assimilation must precede rhotacism ([SC003 EAFRhotacism](#rule-EAFRhotacism)). The \
Germanic/docs/sound_changes/reader_facing/reader_facing_local_section_20.md:496	## \CAPRRuleHeading{SC008. Assimilation of coronal consonants before \emph{*w}}{PWGmcCoronalWAssimilation} {#rule-PWGmcCoronalWAssimilation}	*izwiz		example_input	no	yes	input stage in explanatory prose	The numeral fixes that relative order. The pronoun now fixes a second one: assimilation must precede rhotacism ([SC003 EAFRhotacism](#rule-EAFRhotacism)). The \
Germanic/docs/sound_changes/reader_facing/reader_facing_local_section_20.md:496	## \CAPRRuleHeading{SC008. Assimilation of coronal consonants before \emph{*w}}{PWGmcCoronalWAssimilation} {#rule-PWGmcCoronalWAssimilation}	*w		notation_or_segment	no	no	non-formlike fragment or segment	The numeral fixes that relative order. The pronoun now fixes a second one: assimilation must precede rhotacism ([SC003 EAFRhotacism](#rule-EAFRhotacism)). The \
Germanic/docs/sound_changes/reader_facing/reader_facing_local_section_20.md:496	## \CAPRRuleHeading{SC008. Assimilation of coronal consonants before \emph{*w}}{PWGmcCoronalWAssimilation} {#rule-PWGmcCoronalWAssimilation}	*z		notation_or_segment	no	no	non-formlike fragment or segment	The numeral fixes that relative order. The pronoun now fixes a second one: assimilation must precede rhotacism ([SC003 EAFRhotacism](#rule-EAFRhotacism)). The \
Germanic/docs/sound_changes/reader_facing/reader_facing_local_section_20.md:496	## \CAPRRuleHeading{SC008. Assimilation of coronal consonants before \emph{*w}}{PWGmcCoronalWAssimilation} {#rule-PWGmcCoronalWAssimilation}	*ēow	oe	notation_or_segment	no	no	non-formlike fragment or segment	The numeral fixes that relative order. The pronoun now fixes a second one: assimilation must precede rhotacism ([SC003 EAFRhotacism](#rule-EAFRhotacism)). The \
Germanic/docs/sound_changes/reader_facing/reader_facing_local_section_20.md:514	## Historical discussion	eu+w	oe	diagnostic_comparator	no	yes	diagnostic comparison in reader-facing prose	the geminate that becomes \emph{eu+w} or \emph{iu+w}. Inherited geminates
Germanic/docs/sound_changes/reader_facing/reader_facing_local_section_20.md:514	## Historical discussion	iu+w	oe	diagnostic_comparator	no	yes	diagnostic comparison in reader-facing prose	the geminate that becomes \emph{eu+w} or \emph{iu+w}. Inherited geminates
Germanic/docs/sound_changes/reader_facing/reader_facing_local_section_20.md:521	## Historical discussion	uww	oe	diagnostic_comparator	no	yes	diagnostic comparison in reader-facing prose	Homorganic \emph{uww} requires a separate quantity decision. We adopt
Germanic/docs/sound_changes/reader_facing/reader_facing_local_section_20.md:522	## Historical discussion	u	oe	notation_or_segment	no	no	non-formlike fragment or segment	Ringe and Taylor's preferred long-\emph{u} account for *sċūwa* 'shadow',
Germanic/docs/sound_changes/reader_facing/reader_facing_local_section_20.md:527	## Historical discussion	jj	oe	notation_or_segment	no	no	non-formlike fragment or segment	parallel inherited \emph{jj} development is independently governed and
Germanic/docs/sound_changes/reader_facing/reader_facing_local_section_20.md:56	## What this chapter contains	SC002 PGmcGmSimplification	oe	notation_or_segment	no	no	notation or compound expression	(`SC002 PGmcGmSimplification`), is documented in the book-entry plan and
Germanic/docs/sound_changes/reader_facing/reader_facing_local_section_20.md:561	## SC031. Inherited short-Vww reanalysis (`OEWWSimplification`) {#rule-OEWWSimplification}	iu+w	oe	diagnostic_comparator	no	yes	diagnostic comparison in reader-facing prose	For you, early \emph{iu+w} now reaches
Germanic/docs/sound_changes/reader_facing/reader_facing_local_section_20.md:563	## SC031. Inherited short-Vww reanalysis (`OEWWSimplification`) {#rule-OEWWSimplification}	ww	oe	notation_or_segment	no	no	non-formlike fragment or segment	Its weak-final context, not the former presence of literal \emph{ww},
Germanic/docs/sound_changes/reader_facing/reader_facing_local_section_20.md:574	## Historical discussion	*frijōnd-	pwgmc	notation_or_segment	no	no	notation or compound expression	Ringe and Taylor describe a change of \emph{*ijo} to \emph{*iu} in the ancestor of \emph{friend}, with the pathway PGmc \emph{*frijōnd-} (Gothic \emph{frijonds}
Germanic/docs/sound_changes/reader_facing/reader_facing_local_section_20.md:574	## Historical discussion	*friund	pwgmc	diagnostic_comparator	no	yes	diagnostic comparison in reader-facing prose	Ringe and Taylor describe a change of \emph{*ijo} to \emph{*iu} in the ancestor of \emph{friend}, with the pathway PGmc \emph{*frijōnd-} (Gothic \emph{frijonds}
Germanic/docs/sound_changes/reader_facing/reader_facing_local_section_20.md:574	## Historical discussion	*ijo	pwgmc	notation_or_segment	no	no	non-formlike fragment or segment	Ringe and Taylor describe a change of \emph{*ijo} to \emph{*iu} in the ancestor of \emph{friend}, with the pathway PGmc \emph{*frijōnd-} (Gothic \emph{frijonds}
Germanic/docs/sound_changes/reader_facing/reader_facing_local_section_20.md:574	## Historical discussion	*iu	pwgmc	notation_or_segment	no	no	non-formlike fragment or segment	Ringe and Taylor describe a change of \emph{*ijo} to \emph{*iu} in the ancestor of \emph{friend}, with the pathway PGmc \emph{*frijōnd-} (Gothic \emph{frijonds}
Germanic/docs/sound_changes/reader_facing/reader_facing_local_section_20.md:574	## Historical discussion	friend	os	diagnostic_comparator	no	yes	diagnostic comparison in reader-facing prose	Ringe and Taylor describe a change of \emph{*ijo} to \emph{*iu} in the ancestor of \emph{friend}, with the pathway PGmc \emph{*frijōnd-} (Gothic \emph{frijonds}
Germanic/docs/sound_changes/reader_facing/reader_facing_local_section_20.md:574	## Historical discussion	frijonds	goth	diagnostic_comparator	no	yes	diagnostic comparison in reader-facing prose	Ringe and Taylor describe a change of \emph{*ijo} to \emph{*iu} in the ancestor of \emph{friend}, with the pathway PGmc \emph{*frijōnd-} (Gothic \emph{frijonds}
Germanic/docs/sound_changes/reader_facing/reader_facing_local_section_20.md:574	## Historical discussion	friund	os	diagnostic_comparator	no	yes	diagnostic comparison in reader-facing prose	Ringe and Taylor describe a change of \emph{*ijo} to \emph{*iu} in the ancestor of \emph{friend}, with the pathway PGmc \emph{*frijōnd-} (Gothic \emph{frijonds}
Germanic/docs/sound_changes/reader_facing/reader_facing_local_section_20.md:574	## Historical discussion	friunt	ohg	diagnostic_comparator	no	yes	diagnostic comparison in reader-facing prose	Ringe and Taylor describe a change of \emph{*ijo} to \emph{*iu} in the ancestor of \emph{friend}, with the pathway PGmc \emph{*frijōnd-} (Gothic \emph{frijonds}
Germanic/docs/sound_changes/reader_facing/reader_facing_local_section_20.md:574	## Historical discussion	frēond	oe	diagnostic_comparator	no	yes	diagnostic comparison in reader-facing prose	Ringe and Taylor describe a change of \emph{*ijo} to \emph{*iu} in the ancestor of \emph{friend}, with the pathway PGmc \emph{*frijōnd-} (Gothic \emph{frijonds}
Germanic/docs/sound_changes/reader_facing/reader_facing_local_section_20.md:574	## Historical discussion	frīund	ofris	diagnostic_comparator	no	yes	diagnostic comparison in reader-facing prose	Ringe and Taylor describe a change of \emph{*ijo} to \emph{*iu} in the ancestor of \emph{friend}, with the pathway PGmc \emph{*frijōnd-} (Gothic \emph{frijonds}
Germanic/docs/sound_changes/reader_facing/reader_facing_local_section_20.md:574	## Historical discussion	iu	os	notation_or_segment	no	no	non-formlike fragment or segment	Ringe and Taylor describe a change of \emph{*ijo} to \emph{*iu} in the ancestor of \emph{friend}, with the pathway PGmc \emph{*frijōnd-} (Gothic \emph{frijonds}
Germanic/docs/sound_changes/reader_facing/reader_facing_local_section_20.md:574	## Historical discussion	j	os	notation_or_segment	no	no	non-formlike fragment or segment	Ringe and Taylor describe a change of \emph{*ijo} to \emph{*iu} in the ancestor of \emph{friend}, with the pathway PGmc \emph{*frijōnd-} (Gothic \emph{frijonds}
Germanic/docs/sound_changes/reader_facing/reader_facing_local_section_20.md:576	## Historical discussion	*frijōnd-		notation_or_segment	no	no	notation or compound expression	The change concerns a rare sequence attested only in the \emph{*frijōnd-} etymon and cannot safely be generalized into a broadly productive rule.
Germanic/docs/sound_changes/reader_facing/reader_facing_local_section_20.md:58	## What this chapter contains	*draugma-		notation_or_segment	no	no	notation or compound expression	families: [draugma-]{.recon .iv lang=pgmc sort=draugma} 'dream' and
Germanic/docs/sound_changes/reader_facing/reader_facing_local_section_20.md:587	## SC009. \emph{ij}-contraction in \emph{friend} (`PWGmcIjContraction`) {#rule-PWGmcIjContraction}	*frijōnd-	pgmc	notation_or_segment	no	no	notation or compound expression	Only the \emph{*frijōnd-} etymon tests this contraction. If the rare \emph{*ijō} sequence survives until after [SC032 OEDiphthongLeveling](#rule-OEDiphthongLeve
Germanic/docs/sound_changes/reader_facing/reader_facing_local_section_20.md:587	## SC009. \emph{ij}-contraction in \emph{friend} (`PWGmcIjContraction`) {#rule-PWGmcIjContraction}	*friund	preoe	yielded_output	no	yes	failure-pattern yielded output	Only the \emph{*frijōnd-} etymon tests this contraction. If the rare \emph{*ijō} sequence survives until after [SC032 OEDiphthongLeveling](#rule-OEDiphthongLeve
Germanic/docs/sound_changes/reader_facing/reader_facing_local_section_20.md:587	## SC009. \emph{ij}-contraction in \emph{friend} (`PWGmcIjContraction`) {#rule-PWGmcIjContraction}	*fríjōndz	pgmc	example_input	yes	yes	failure-pattern selected input	Only the \emph{*frijōnd-} etymon tests this contraction. If the rare \emph{*ijō} sequence survives until after [SC032 OEDiphthongLeveling](#rule-OEDiphthongLeve
Germanic/docs/sound_changes/reader_facing/reader_facing_local_section_20.md:587	## SC009. \emph{ij}-contraction in \emph{friend} (`PWGmcIjContraction`) {#rule-PWGmcIjContraction}	*frēond	preoe	expected_output	no	yes	failure-pattern expected output	Only the \emph{*frijōnd-} etymon tests this contraction. If the rare \emph{*ijō} sequence survives until after [SC032 OEDiphthongLeveling](#rule-OEDiphthongLeve
Germanic/docs/sound_changes/reader_facing/reader_facing_local_section_20.md:587	## SC009. \emph{ij}-contraction in \emph{friend} (`PWGmcIjContraction`) {#rule-PWGmcIjContraction}	*ijō	pgmc	notation_or_segment	no	no	non-formlike fragment or segment	Only the \emph{*frijōnd-} etymon tests this contraction. If the rare \emph{*ijō} sequence survives until after [SC032 OEDiphthongLeveling](#rule-OEDiphthongLeve
Germanic/docs/sound_changes/reader_facing/reader_facing_local_section_20.md:589	## SC009. \emph{ij}-contraction in \emph{friend} (`PWGmcIjContraction`) {#rule-PWGmcIjContraction}	*frijōnd-		notation_or_segment	no	no	notation or compound expression	That single contrast places [SC009 PWGmcIjContraction](#rule-PWGmcIjContraction) before diphthong leveling but gives no lower boundary. It cannot establish a pr
Germanic/docs/sound_changes/reader_facing/reader_facing_local_section_20.md:59	## What this chapter contains	*taugma-		notation_or_segment	no	no	notation or compound expression	[taugma-]{.recon .iv lang=pgmc sort=taugma} 'team'; [@Kroonen2013, pp. 101, 511]).
Germanic/docs/sound_changes/reader_facing/reader_facing_local_section_20.md:597	## Historical discussion	*j		notation_or_segment	no	no	non-formlike fragment or segment	Fulk treats West Germanic consonant gemination before `*j` after a short vowel as a regular development and illustrates it with forms such as OE *settan* 'set' 
Germanic/docs/sound_changes/reader_facing/reader_facing_local_section_20.md:597	## Historical discussion	*settan	oe	diagnostic_comparator	no	yes	diagnostic comparison in reader-facing prose	Fulk treats West Germanic consonant gemination before `*j` after a short vowel as a regular development and illustrates it with forms such as OE *settan* 'set' 
Germanic/docs/sound_changes/reader_facing/reader_facing_local_section_20.md:599	## Historical discussion	*j		notation_or_segment	no	no	non-formlike fragment or segment	The change applies specifically after a short vowel before \emph{*j}, not to geminate consonants generally.
Germanic/docs/sound_changes/reader_facing/reader_facing_local_section_20.md:621	## SC010. West Germanic j-gemination (`PWGmcJGemination`) {#rule-PWGmcJGemination}	*nete	preoe	yielded_output	no	yes	failure-pattern yielded output	OE *nett* 'net' fixes the order because the syllabic-\emph{j} development would remove the glide that conditions gemination. If [SC011 PWGmcSyllabicJ](#rule-PWG
Germanic/docs/sound_changes/reader_facing/reader_facing_local_section_20.md:621	## SC010. West Germanic j-gemination (`PWGmcJGemination`) {#rule-PWGmcJGemination}	*nett	preoe	expected_output	no	yes	failure-pattern expected output	OE *nett* 'net' fixes the order because the syllabic-\emph{j} development would remove the glide that conditions gemination. If [SC011 PWGmcSyllabicJ](#rule-PWG
Germanic/docs/sound_changes/reader_facing/reader_facing_local_section_20.md:621	## SC010. West Germanic j-gemination (`PWGmcJGemination`) {#rule-PWGmcJGemination}	*nátją	pgmc	example_input	yes	yes	failure-pattern selected input	OE *nett* 'net' fixes the order because the syllabic-\emph{j} development would remove the glide that conditions gemination. If [SC011 PWGmcSyllabicJ](#rule-PWG
Germanic/docs/sound_changes/reader_facing/reader_facing_local_section_20.md:621	## SC010. West Germanic j-gemination (`PWGmcJGemination`) {#rule-PWGmcJGemination}	j	pgmc	notation_or_segment	no	no	non-formlike fragment or segment	OE *nett* 'net' fixes the order because the syllabic-\emph{j} development would remove the glide that conditions gemination. If [SC011 PWGmcSyllabicJ](#rule-PWG
Germanic/docs/sound_changes/reader_facing/reader_facing_local_section_20.md:623	## SC010. West Germanic j-gemination (`PWGmcJGemination`) {#rule-PWGmcJGemination}	*j		notation_or_segment	no	no	non-formlike fragment or segment	The chronology is phonologically transparent: the consonant must geminate before \emph{*j} ceases to be consonantal. The witness establishes no earlier boundary
Germanic/docs/sound_changes/reader_facing/reader_facing_local_section_20.md:631	## Historical discussion	*a		notation_or_segment	no	no	non-formlike fragment or segment	Ringe and Taylor state directly that after final unstressed `*a` and `*ą` were lost, postconsonantal `*j` became syllabic `*i`, with outcomes behind OE *here* '
Germanic/docs/sound_changes/reader_facing/reader_facing_local_section_20.md:631	## Historical discussion	*here	oe	notation_or_segment	no	no	non-formlike fragment or segment	Ringe and Taylor state directly that after final unstressed `*a` and `*ą` were lost, postconsonantal `*j` became syllabic `*i`, with outcomes behind OE *here* '
Germanic/docs/sound_changes/reader_facing/reader_facing_local_section_20.md:631	## Historical discussion	*i		notation_or_segment	no	no	non-formlike fragment or segment	Ringe and Taylor state directly that after final unstressed `*a` and `*ą` were lost, postconsonantal `*j` became syllabic `*i`, with outcomes behind OE *here* '
Germanic/docs/sound_changes/reader_facing/reader_facing_local_section_20.md:631	## Historical discussion	*j		notation_or_segment	no	no	non-formlike fragment or segment	Ringe and Taylor state directly that after final unstressed `*a` and `*ą` were lost, postconsonantal `*j` became syllabic `*i`, with outcomes behind OE *here* '
Germanic/docs/sound_changes/reader_facing/reader_facing_local_section_20.md:631	## Historical discussion	*ą		notation_or_segment	no	no	non-formlike fragment or segment	Ringe and Taylor state directly that after final unstressed `*a` and `*ą` were lost, postconsonantal `*j` became syllabic `*i`, with outcomes behind OE *here* '
Germanic/docs/sound_changes/reader_facing/reader_facing_local_section_20.md:646	## SC011. Syllabic \emph{*j} after final-vowel loss (`PWGmcSyllabicJ`) {#rule-PWGmcSyllabicJ}	*nett	oe	notation_or_segment	no	no	non-formlike fragment or segment	The same PGmc [nátją]{.recon} ‘net’ witness supplies the only firm boundary. Placing [SC011 PWGmcSyllabicJ](#rule-PWGmcSyllabicJ) before [SC010 PWGmcJGemination
Germanic/docs/sound_changes/reader_facing/reader_facing_local_section_20.md:646	## SC011. Syllabic \emph{*j} after final-vowel loss (`PWGmcSyllabicJ`) {#rule-PWGmcSyllabicJ}	*nátją	pgmc	model_stage	yes	yes	development-chain modeled stage	The same PGmc [nátją]{.recon} ‘net’ witness supplies the only firm boundary. Placing [SC011 PWGmcSyllabicJ](#rule-PWGmcSyllabicJ) before [SC010 PWGmcJGemination
Germanic/docs/sound_changes/reader_facing/reader_facing_local_section_20.md:648	## SC011. Syllabic \emph{*j} after final-vowel loss (`PWGmcSyllabicJ`) {#rule-PWGmcSyllabicJ}	*a		notation_or_segment	no	no	non-formlike fragment or segment	Comparative evidence establishes postconsonantal \emph{*j} to syllabic \emph{*i} after final unstressed \emph{*a} or \emph{*ą} loss, with *here* 'army' and *ric
Germanic/docs/sound_changes/reader_facing/reader_facing_local_section_20.md:648	## SC011. Syllabic \emph{*j} after final-vowel loss (`PWGmcSyllabicJ`) {#rule-PWGmcSyllabicJ}	*i		notation_or_segment	no	no	non-formlike fragment or segment	Comparative evidence establishes postconsonantal \emph{*j} to syllabic \emph{*i} after final unstressed \emph{*a} or \emph{*ą} loss, with *here* 'army' and *ric
Germanic/docs/sound_changes/reader_facing/reader_facing_local_section_20.md:648	## SC011. Syllabic \emph{*j} after final-vowel loss (`PWGmcSyllabicJ`) {#rule-PWGmcSyllabicJ}	*j		notation_or_segment	no	no	non-formlike fragment or segment	Comparative evidence establishes postconsonantal \emph{*j} to syllabic \emph{*i} after final unstressed \emph{*a} or \emph{*ą} loss, with *here* 'army' and *ric
Germanic/docs/sound_changes/reader_facing/reader_facing_local_section_20.md:648	## SC011. Syllabic \emph{*j} after final-vowel loss (`PWGmcSyllabicJ`) {#rule-PWGmcSyllabicJ}	*ą		notation_or_segment	no	no	non-formlike fragment or segment	Comparative evidence establishes postconsonantal \emph{*j} to syllabic \emph{*i} after final unstressed \emph{*a} or \emph{*ą} loss, with *here* 'army' and *ric
Germanic/docs/sound_changes/reader_facing/reader_facing_local_section_20.md:656	## Historical discussion	*s		notation_or_segment	no	no	non-formlike fragment or segment	The change treated here is narrow. When \emph{*x} stood before \emph{*s} and
Germanic/docs/sound_changes/reader_facing/reader_facing_local_section_20.md:656	## Historical discussion	*x		notation_or_segment	no	no	non-formlike fragment or segment	The change treated here is narrow. When \emph{*x} stood before \emph{*s} and
Germanic/docs/sound_changes/reader_facing/reader_facing_local_section_20.md:657	## Historical discussion	*s		notation_or_segment	no	no	non-formlike fragment or segment	that \emph{*s} was itself followed by a further consonant, the \emph{*x} was
Germanic/docs/sound_changes/reader_facing/reader_facing_local_section_20.md:657	## Historical discussion	*x		notation_or_segment	no	no	non-formlike fragment or segment	that \emph{*s} was itself followed by a further consonant, the \emph{*x} was
Germanic/docs/sound_changes/reader_facing/reader_facing_local_section_20.md:659	## Historical discussion	*xs		notation_or_segment	no	no	non-formlike fragment or segment	terms, that when a consonant follows, \emph{*xs} becomes *s*, and he illustrates
Germanic/docs/sound_changes/reader_facing/reader_facing_local_section_20.md:670	## Historical discussion	*xs		notation_or_segment	no	no	non-formlike fragment or segment	clusters show that the restriction is real. Where \emph{*xs} stood with no
Germanic/docs/sound_changes/reader_facing/reader_facing_local_section_20.md:671	## Historical discussion	*x		notation_or_segment	no	no	non-formlike fragment or segment	consonant after it, the \emph{*x} was not lost at all. It survived long enough
Germanic/docs/sound_changes/reader_facing/reader_facing_local_section_20.md:674	## Historical discussion	*x		notation_or_segment	no	no	non-formlike fragment or segment	[@Campbell1959, p. 170, §416]. Where \emph{*x} stood before a single consonant
Germanic/docs/sound_changes/reader_facing/reader_facing_local_section_20.md:675	## Historical discussion	*xs		notation_or_segment	no	no	non-formlike fragment or segment	it was likewise kept. Campbell observes that once \emph{*xs} had become [ks],
Germanic/docs/sound_changes/reader_facing/reader_facing_local_section_20.md:676	## Historical discussion	*x		notation_or_segment	no	no	non-formlike fragment or segment	the only group in which \emph{*x} still stood before a voiceless consonant in
Germanic/docs/sound_changes/reader_facing/reader_facing_local_section_20.md:677	## Historical discussion	*xt		notation_or_segment	no	no	non-formlike fragment or segment	earliest Old English was \emph{*xt}, and that this group remained, as in
Germanic/docs/sound_changes/reader_facing/reader_facing_local_section_20.md:682	## Historical discussion	*laxtra-		notation_or_segment	no	no	notation or compound expression	*leahtor* comes from \emph{*laxtra-} with the \emph{*x} kept before \emph{*t}
Germanic/docs/sound_changes/reader_facing/reader_facing_local_section_20.md:682	## Historical discussion	*t		notation_or_segment	no	no	non-formlike fragment or segment	*leahtor* comes from \emph{*laxtra-} with the \emph{*x} kept before \emph{*t}
Germanic/docs/sound_changes/reader_facing/reader_facing_local_section_20.md:682	## Historical discussion	*x		notation_or_segment	no	no	non-formlike fragment or segment	*leahtor* comes from \emph{*laxtra-} with the \emph{*x} kept before \emph{*t}
Germanic/docs/sound_changes/reader_facing/reader_facing_local_section_20.md:685	## Historical discussion	*h	pgmc	notation_or_segment	no	no	non-formlike fragment or segment	The change is not Proto-Germanic. Gothic keeps the \emph{*h} of this cluster in
Germanic/docs/sound_changes/reader_facing/reader_facing_local_section_20.md:694	## Historical discussion	*sehstō		diagnostic_comparator	no	yes	diagnostic comparison in reader-facing prose	*nēosan* ‘to seek out, to visit’, and \emph{*sehstō} to Northumbrian *sesta*, and they take the Old
Germanic/docs/sound_changes/reader_facing/reader_facing_local_section_20.md:697	## Historical discussion	*x		notation_or_segment	no	no	non-formlike fragment or segment	and *þīsl* ‘pole’ in early Mercian, the survival of \emph{*x} in *eaxl* ‘shoulder’ from
Germanic/docs/sound_changes/reader_facing/reader_facing_local_section_20.md:699	## Historical discussion	*h		notation_or_segment	no	no	non-formlike fragment or segment	Their conclusion is that the \emph{*h} was lost, possibly variably and possibly
Germanic/docs/sound_changes/reader_facing/reader_facing_local_section_20.md:707	## Historical discussion	*-CijV-	pwgmc	notation_or_segment	no	no	notation or compound expression	the Proto-West Germanic syncope of \emph{*-CijV-}, since it is that syncope
Germanic/docs/sound_changes/reader_facing/reader_facing_local_section_20.md:708	## Historical discussion	*j		notation_or_segment	no	no	non-formlike fragment or segment	which brings the \emph{*s} and the \emph{*j} of \emph{*niuhsjan} together
Germanic/docs/sound_changes/reader_facing/reader_facing_local_section_20.md:708	## Historical discussion	*niuhsjan		diagnostic_comparator	no	yes	diagnostic comparison in reader-facing prose	which brings the \emph{*s} and the \emph{*j} of \emph{*niuhsjan} together
Germanic/docs/sound_changes/reader_facing/reader_facing_local_section_20.md:708	## Historical discussion	*s		notation_or_segment	no	no	non-formlike fragment or segment	which brings the \emph{*s} and the \emph{*j} of \emph{*niuhsjan} together
Germanic/docs/sound_changes/reader_facing/reader_facing_local_section_20.md:711	## Historical discussion	*h		notation_or_segment	no	no	non-formlike fragment or segment	supposing that these \emph{*h} were lost before breaking took place
Germanic/docs/sound_changes/reader_facing/reader_facing_local_section_20.md:716	## Historical discussion	*x	pgmc	notation_or_segment	no	no	non-formlike fragment or segment	having been produced by the Proto-Germanic loss of a nasal before \emph{*x}
Germanic/docs/sound_changes/reader_facing/reader_facing_local_section_20.md:718	## Historical discussion	*st		notation_or_segment	no	no	non-formlike fragment or segment	cluster \emph{*xst} is then reduced to \emph{*st}, and the word continues to Old
Germanic/docs/sound_changes/reader_facing/reader_facing_local_section_20.md:718	## Historical discussion	*xst		notation_or_segment	no	no	non-formlike fragment or segment	cluster \emph{*xst} is then reduced to \emph{*st}, and the word continues to Old
Germanic/docs/sound_changes/reader_facing/reader_facing_local_section_20.md:726	## Historical discussion	*θánxtē	pgmc	diagnostic_comparator	yes	yes	diagnostic comparison in reader-facing prose	The word *thought* is the control. Proto-Germanic \emph{*θánxtē} also passes
Germanic/docs/sound_changes/reader_facing/reader_facing_local_section_20.md:729	## Historical discussion	*s		notation_or_segment	no	no	non-formlike fragment or segment	before \emph{*s}, so the present rule does not touch it and Old English has
Germanic/docs/sound_changes/reader_facing/reader_facing_local_section_20.md:738	## Historical discussion	*funxstiz		model_stage	no	yes	development-chain modeled stage	removing the \emph{*x} from \emph{*funxstiz} leaves a nasal before *s*, and that
Germanic/docs/sound_changes/reader_facing/reader_facing_local_section_20.md:738	## Historical discussion	*x		notation_or_segment	no	no	non-formlike fragment or segment	removing the \emph{*x} from \emph{*funxstiz} leaves a nasal before *s*, and that
Germanic/docs/sound_changes/reader_facing/reader_facing_local_section_20.md:751	## \CAPRRuleHeading{SC028. Simplification of \emph{*xs} before a consonant}{PNWGmcPreconsonantalXLoss} {#rule-PNWGmcPreconsonantalXLoss}	*s		notation_or_segment	no	no	non-formlike fragment or segment	The \emph{*s} in the structural description carries the whole weight of the
Germanic/docs/sound_changes/reader_facing/reader_facing_local_section_20.md:752	## \CAPRRuleHeading{SC028. Simplification of \emph{*xs} before a consonant}{PNWGmcPreconsonantalXLoss} {#rule-PNWGmcPreconsonantalXLoss}	*x		notation_or_segment	no	no	non-formlike fragment or segment	rule. Without it the rule would delete \emph{*x} before any two consonants, and
Germanic/docs/sound_changes/reader_facing/reader_facing_local_section_20.md:753	## \CAPRRuleHeading{SC028. Simplification of \emph{*xs} before a consonant}{PNWGmcPreconsonantalXLoss} {#rule-PNWGmcPreconsonantalXLoss}	*xx		notation_or_segment	no	no	non-formlike fragment or segment	it would then wrongly remove the first element of a geminate \emph{*xx} before
Germanic/docs/sound_changes/reader_facing/reader_facing_local_section_20.md:769	## Historical discussion	*ld	nsgmc	notation_or_segment	no	no	non-formlike fragment or segment	Ringe and Taylor treat word-internal \emph{*lþ} > \emph{*ld} as a regular sound change in northern West Germanic and illustrate it with forms such as *fealdan* 
Germanic/docs/sound_changes/reader_facing/reader_facing_local_section_20.md:769	## Historical discussion	*lþ	nsgmc	notation_or_segment	no	no	non-formlike fragment or segment	Ringe and Taylor treat word-internal \emph{*lþ} > \emph{*ld} as a regular sound change in northern West Germanic and illustrate it with forms such as *fealdan* 
Germanic/docs/sound_changes/reader_facing/reader_facing_local_section_20.md:771	## Historical discussion	lþ > ld	oe	notation_or_segment	no	no	notation or compound expression	The comparative evidence supports \emph{lþ > ld} most clearly in northern West
Germanic/docs/sound_changes/reader_facing/reader_facing_local_section_20.md:772	## Historical discussion	development	pwgmc	notation_or_segment	no	no	non-formlike fragment or segment	Germanic, not as an unqualified pan-PWGmc development.
Germanic/docs/sound_changes/reader_facing/reader_facing_local_section_20.md:782	## SC012. Northern West Germanic \emph{lþ}-voicing (`EAFLThVoicing`) {#rule-EAFLThVoicing}	*ld	nsgmc	notation_or_segment	no	no	non-formlike fragment or segment	The `field`, `fold`, `gold`, and `wold` families preserve \emph{*lþ} to \emph{*ld}, but none dates the change against a neighboring rule. Every output remains u
Germanic/docs/sound_changes/reader_facing/reader_facing_local_section_20.md:782	## SC012. Northern West Germanic \emph{lþ}-voicing (`EAFLThVoicing`) {#rule-EAFLThVoicing}	*lþ	nsgmc	notation_or_segment	no	no	non-formlike fragment or segment	The `field`, `fold`, `gold`, and `wold` families preserve \emph{*lþ} to \emph{*ld}, but none dates the change against a neighboring rule. Every output remains u
Germanic/docs/sound_changes/reader_facing/reader_facing_local_section_20.md:782	## SC012. Northern West Germanic \emph{lþ}-voicing (`EAFLThVoicing`) {#rule-EAFLThVoicing}	field	nsgmc	diagnostic_comparator	no	yes	diagnostic comparison in reader-facing prose	The `field`, `fold`, `gold`, and `wold` families preserve \emph{*lþ} to \emph{*ld}, but none dates the change against a neighboring rule. Every output remains u
Germanic/docs/sound_changes/reader_facing/reader_facing_local_section_20.md:782	## SC012. Northern West Germanic \emph{lþ}-voicing (`EAFLThVoicing`) {#rule-EAFLThVoicing}	fold	nsgmc	diagnostic_comparator	no	yes	diagnostic comparison in reader-facing prose	The `field`, `fold`, `gold`, and `wold` families preserve \emph{*lþ} to \emph{*ld}, but none dates the change against a neighboring rule. Every output remains u
Germanic/docs/sound_changes/reader_facing/reader_facing_local_section_20.md:782	## SC012. Northern West Germanic \emph{lþ}-voicing (`EAFLThVoicing`) {#rule-EAFLThVoicing}	gold	nsgmc	diagnostic_comparator	yes	yes	diagnostic comparison in reader-facing prose	The `field`, `fold`, `gold`, and `wold` families preserve \emph{*lþ} to \emph{*ld}, but none dates the change against a neighboring rule. Every output remains u
Germanic/docs/sound_changes/reader_facing/reader_facing_local_section_20.md:782	## SC012. Northern West Germanic \emph{lþ}-voicing (`EAFLThVoicing`) {#rule-EAFLThVoicing}	wold	nsgmc	diagnostic_comparator	yes	yes	diagnostic comparison in reader-facing prose	The `field`, `fold`, `gold`, and `wold` families preserve \emph{*lþ} to \emph{*ld}, but none dates the change against a neighboring rule. Every output remains u
Germanic/docs/sound_changes/reader_facing/reader_facing_local_section_20.md:784	## SC012. Northern West Germanic \emph{lþ}-voicing (`EAFLThVoicing`) {#rule-EAFLThVoicing}	attribution	pwgmc	diagnostic_comparator	no	yes	diagnostic comparison in reader-facing prose	Comparative reconstruction therefore establishes northern West Germanic \emph{lþ > ld}, but the witness forms fix no date. Neither a pan-PWGmc attribution nor a
Germanic/docs/sound_changes/reader_facing/reader_facing_local_section_20.md:784	## SC012. Northern West Germanic \emph{lþ}-voicing (`EAFLThVoicing`) {#rule-EAFLThVoicing}	lþ > ld	pwgmc	notation_or_segment	no	no	notation or compound expression	Comparative reconstruction therefore establishes northern West Germanic \emph{lþ > ld}, but the witness forms fix no date. Neither a pan-PWGmc attribution nor a
Germanic/docs/sound_changes/reader_facing/reader_facing_local_section_20.md:792	## Historical discussion	*d	pwgmc	notation_or_segment	no	no	non-formlike fragment or segment	Ringe and Taylor state directly that in PWGmc voiced dental fricative `*ð` became stop `*d` in all positions [@RingeTaylor2014, p. 43].
Germanic/docs/sound_changes/reader_facing/reader_facing_local_section_20.md:792	## Historical discussion	*ð	pwgmc	notation_or_segment	no	no	non-formlike fragment or segment	Ringe and Taylor state directly that in PWGmc voiced dental fricative `*ð` became stop `*d` in all positions [@RingeTaylor2014, p. 43].
Germanic/docs/sound_changes/reader_facing/reader_facing_local_section_20.md:792	## Historical discussion	voiced	pwgmc	notation_or_segment	no	no	non-formlike fragment or segment	Ringe and Taylor state directly that in PWGmc voiced dental fricative `*ð` became stop `*d` in all positions [@RingeTaylor2014, p. 43].
Germanic/docs/sound_changes/reader_facing/reader_facing_local_section_20.md:805	## SC013. Dental hardening (`PWGmcDentalHardening`) {#rule-PWGmcDentalHardening}	*d		notation_or_segment	no	no	non-formlike fragment or segment	Dental hardening has systemic scope: voiced fricative \emph{*ð} became stop \emph{*d} throughout early West Germanic. Moving [SC013 PWGmcDentalHardening](#rule-
Germanic/docs/sound_changes/reader_facing/reader_facing_local_section_20.md:805	## SC013. Dental hardening (`PWGmcDentalHardening`) {#rule-PWGmcDentalHardening}	*ð		notation_or_segment	no	no	non-formlike fragment or segment	Dental hardening has systemic scope: voiced fricative \emph{*ð} became stop \emph{*d} throughout early West Germanic. Moving [SC013 PWGmcDentalHardening](#rule-
Germanic/docs/sound_changes/reader_facing/reader_facing_local_section_20.md:81	## A note on the rule names	PGmc	pgmc	notation_or_segment	no	no	table metadata label	The CAPR rules implemented in this chapter carry names beginning with `PGmc`.
Germanic/docs/sound_changes/reader_facing/reader_facing_local_section_20.md:815	## Historical discussion	*o		notation_or_segment	no	no	non-formlike fragment or segment	Northwest Germanic lowered \emph{*u} to \emph{*o} when the following
Germanic/docs/sound_changes/reader_facing/reader_facing_local_section_20.md:815	## Historical discussion	*u		notation_or_segment	no	no	non-formlike fragment or segment	Northwest Germanic lowered \emph{*u} to \emph{*o} when the following
Germanic/docs/sound_changes/reader_facing/reader_facing_local_section_20.md:819	## Historical discussion	joh	ohg	diagnostic_comparator	no	yes	diagnostic comparison in reader-facing prose	"geoc, OHG joh beside juh and OS juk"" — and notes the paradigmatic"
Germanic/docs/sound_changes/reader_facing/reader_facing_local_section_20.md:821	## Historical discussion	*j		notation_or_segment	no	no	non-formlike fragment or segment	produced [@Fulk2018, p. 56, §4.3]. A word-initial \emph{*j} does not block
Germanic/docs/sound_changes/reader_facing/reader_facing_local_section_20.md:822	## Historical discussion	j	oe	notation_or_segment	no	no	non-formlike fragment or segment	the change: the blocking effect of \emph{j} concerns only a consonantal
Germanic/docs/sound_changes/reader_facing/reader_facing_local_section_20.md:83	## A note on the rule names	PGmcX	oe	diagnostic_comparator	no	yes	diagnostic comparison in reader-facing prose	the precise historical stage of every rule so labelled. A rule named `PGmcX`
Germanic/docs/sound_changes/reader_facing/reader_facing_local_section_20.md:831	## Historical discussion	u	oe	notation_or_segment	no	no	non-formlike fragment or segment	high vowel the lowering did not apply, as in *ġeoguþ* 'youth', whose root \emph{u}
Germanic/docs/sound_changes/reader_facing/reader_facing_local_section_20.md:849	## \CAPRRuleHeading{SC017. Lowering of \emph{*u} before following non-high vowels}{PNWGmcULowering} {#rule-PNWGmcULowering}	o	oe	notation_or_segment	no	no	non-formlike fragment or segment	Lowering of \emph{u} to \emph{o} is fixed on both sides by *ġeoc* 'yoke',
Germanic/docs/sound_changes/reader_facing/reader_facing_local_section_20.md:849	## \CAPRRuleHeading{SC017. Lowering of \emph{*u} before following non-high vowels}{PNWGmcULowering} {#rule-PNWGmcULowering}	u	oe	notation_or_segment	no	no	non-formlike fragment or segment	Lowering of \emph{u} to \emph{o} is fixed on both sides by *ġeoc* 'yoke',
Germanic/docs/sound_changes/reader_facing/reader_facing_local_section_20.md:853	## \CAPRRuleHeading{SC017. Lowering of \emph{*u} before following non-high vowels}{PNWGmcULowering} {#rule-PNWGmcULowering}	o	oe	notation_or_segment	no	no	non-formlike fragment or segment	([SC016 OEWsPalatalGlide](#rule-OEWsPalatalGlide)): the \emph{o} that the
Germanic/docs/sound_changes/reader_facing/reader_facing_local_section_20.md:855	## \CAPRRuleHeading{SC017. Lowering of \emph{*u} before following non-high vowels}{PNWGmcULowering} {#rule-PNWGmcULowering}	*joką		notation_or_segment	no	no	non-formlike fragment or segment	[júką]{.recon} 'yoke' passes through \emph{*joką} on its way to the
Germanic/docs/sound_changes/reader_facing/reader_facing_local_section_20.md:855	## \CAPRRuleHeading{SC017. Lowering of \emph{*u} before following non-high vowels}{PNWGmcULowering} {#rule-PNWGmcULowering}	*júką		notation_or_segment	yes	no	non-formlike fragment or segment	[júką]{.recon} 'yoke' passes through \emph{*joką} on its way to the
Germanic/docs/sound_changes/reader_facing/reader_facing_local_section_20.md:858	## \CAPRRuleHeading{SC017. Lowering of \emph{*u} before following non-high vowels}{PNWGmcULowering} {#rule-PNWGmcULowering}	*núsō		notation_or_segment	yes	no	non-formlike fragment or segment	[núsō]{.recon} 'nose' yields [*nusu*]{.pred} rather than expected *nosu*,
Germanic/docs/sound_changes/reader_facing/reader_facing_local_section_20.md:859	## \CAPRRuleHeading{SC017. Lowering of \emph{*u} before following non-high vowels}{PNWGmcULowering} {#rule-PNWGmcULowering}	*skúflō	pgmc	model_stage	yes	yes	development-chain modeled stage	PGmc [skúflō]{.recon} 'shovel' yields [*sċufl*]{.pred} rather than expected
Germanic/docs/sound_changes/reader_facing/reader_facing_local_section_20.md:859	## \CAPRRuleHeading{SC017. Lowering of \emph{*u} before following non-high vowels}{PNWGmcULowering} {#rule-PNWGmcULowering}	shovel	pgmc	expected_output	no	yes	expected outcome in explanatory prose	PGmc [skúflō]{.recon} 'shovel' yields [*sċufl*]{.pred} rather than expected
Germanic/docs/sound_changes/reader_facing/reader_facing_local_section_20.md:860	## \CAPRRuleHeading{SC017. Lowering of \emph{*u} before following non-high vowels}{PNWGmcULowering} {#rule-PNWGmcULowering}	*súrgō	pgmc	model_stage	yes	yes	development-chain modeled stage	*sċofl* 'shovel', and PGmc [súrgō]{.recon} 'sorrow' yields [*surg*]{.pred} rather
Germanic/docs/sound_changes/reader_facing/reader_facing_local_section_20.md:860	## \CAPRRuleHeading{SC017. Lowering of \emph{*u} before following non-high vowels}{PNWGmcULowering} {#rule-PNWGmcULowering}	sorrow	pgmc	yielded_output	no	yes	yielded outcome in explanatory prose	*sċofl* 'shovel', and PGmc [súrgō]{.recon} 'sorrow' yields [*surg*]{.pred} rather
Germanic/docs/sound_changes/reader_facing/reader_facing_local_section_20.md:862	## \CAPRRuleHeading{SC017. Lowering of \emph{*u} before following non-high vowels}{PNWGmcULowering} {#rule-PNWGmcULowering}	o	oe	notation_or_segment	no	no	non-formlike fragment or segment	[SC017 PNWGmcULowering](#rule-PNWGmcULowering) before final long-\emph{o}
Germanic/docs/sound_changes/reader_facing/reader_facing_local_section_20.md:872	## Historical discussion	ō	oe	notation_or_segment	no	no	non-formlike fragment or segment	Campbell treats the development of final accented \emph{ō} to \emph{ū} in stressed monosyllables directly, with the familiar outcomes behind *cū* ‘cow’, *hū* ‘h
Germanic/docs/sound_changes/reader_facing/reader_facing_local_section_20.md:872	## Historical discussion	ū	oe	notation_or_segment	no	no	non-formlike fragment or segment	Campbell treats the development of final accented \emph{ō} to \emph{ū} in stressed monosyllables directly, with the familiar outcomes behind *cū* ‘cow’, *hū* ‘h
Germanic/docs/sound_changes/reader_facing/reader_facing_local_section_20.md:875	## Historical discussion	*ō		notation_or_segment	no	no	non-formlike fragment or segment	Its input is final \emph{*ō} in a stressed monosyllable.
Germanic/docs/sound_changes/reader_facing/reader_facing_local_section_20.md:885	## \CAPRRuleHeading{SC018. Raising of final stressed monosyllabic \emph{*ō}}{PNWGmcStressedMonosyllableORaising} {#rule-PNWGmcStressedMonosyllableORaising}	*ō		notation_or_segment	no	no	non-formlike fragment or segment	Campbell's *cū* 'cow', *hū* 'how', and *tū* 'two' establish final stressed monosyllabic \emph{*ō} > \emph{*ū}.
Germanic/docs/sound_changes/reader_facing/reader_facing_local_section_20.md:885	## \CAPRRuleHeading{SC018. Raising of final stressed monosyllabic \emph{*ō}}{PNWGmcStressedMonosyllableORaising} {#rule-PNWGmcStressedMonosyllableORaising}	*ū		notation_or_segment	no	no	non-formlike fragment or segment	Campbell's *cū* 'cow', *hū* 'how', and *tū* 'two' establish final stressed monosyllabic \emph{*ō} > \emph{*ū}.
Germanic/docs/sound_changes/reader_facing/reader_facing_local_section_20.md:898	## Historical discussion	*z		notation_or_segment	no	no	non-formlike fragment or segment	as the subsequent loss of word-final \emph{*z}. The derivation of *ræste*
Germanic/docs/sound_changes/reader_facing/reader_facing_local_section_20.md:900	## Historical discussion	*z		notation_or_segment	no	no	non-formlike fragment or segment	must still see final \emph{*ō}, and word-final \emph{*z}-deletion removes the following
Germanic/docs/sound_changes/reader_facing/reader_facing_local_section_20.md:900	## Historical discussion	*ō		notation_or_segment	no	no	non-formlike fragment or segment	must still see final \emph{*ō}, and word-final \emph{*z}-deletion removes the following
Germanic/docs/sound_changes/reader_facing/reader_facing_local_section_20.md:916	## \CAPRRuleHeading{SC019. Raising of final unstressed long \emph{*ō}}{PNWGmcFinalLongORaising} {#rule-PNWGmcFinalLongORaising}	*u		notation_or_segment	no	no	non-formlike fragment or segment	Two groups of witnesses confine final unstressed long \emph{*ō} > \emph{*u}. The forms *nosu* 'nose', *sċofl* 'shovel', and *sorg* 'sorrow' fix its lower bounda
Germanic/docs/sound_changes/reader_facing/reader_facing_local_section_20.md:916	## \CAPRRuleHeading{SC019. Raising of final unstressed long \emph{*ō}}{PNWGmcFinalLongORaising} {#rule-PNWGmcFinalLongORaising}	*ō		notation_or_segment	no	no	non-formlike fragment or segment	Two groups of witnesses confine final unstressed long \emph{*ō} > \emph{*u}. The forms *nosu* 'nose', *sċofl* 'shovel', and *sorg* 'sorrow' fix its lower bounda
Germanic/docs/sound_changes/reader_facing/reader_facing_local_section_20.md:918	## \CAPRRuleHeading{SC019. Raising of final unstressed long \emph{*ō}}{PNWGmcFinalLongORaising} {#rule-PNWGmcFinalLongORaising}	*nosu	preoe	expected_output	no	yes	failure-pattern expected output	Before [SC017 PNWGmcULowering](#rule-PNWGmcULowering), PGmc [núsō]{.recon} 'nose' yields [*nusu*]{.pred} rather than expected OE *nosu* 'nose', PGmc [skúflō]{.r
Germanic/docs/sound_changes/reader_facing/reader_facing_local_section_20.md:918	## \CAPRRuleHeading{SC019. Raising of final unstressed long \emph{*ō}}{PNWGmcFinalLongORaising} {#rule-PNWGmcFinalLongORaising}	*nusu	preoe	yielded_output	no	yes	failure-pattern yielded output	Before [SC017 PNWGmcULowering](#rule-PNWGmcULowering), PGmc [núsō]{.recon} 'nose' yields [*nusu*]{.pred} rather than expected OE *nosu* 'nose', PGmc [skúflō]{.r
Germanic/docs/sound_changes/reader_facing/reader_facing_local_section_20.md:918	## \CAPRRuleHeading{SC019. Raising of final unstressed long \emph{*ō}}{PNWGmcFinalLongORaising} {#rule-PNWGmcFinalLongORaising}	*núsō	pgmc	example_input	yes	yes	failure-pattern selected input	Before [SC017 PNWGmcULowering](#rule-PNWGmcULowering), PGmc [núsō]{.recon} 'nose' yields [*nusu*]{.pred} rather than expected OE *nosu* 'nose', PGmc [skúflō]{.r
Germanic/docs/sound_changes/reader_facing/reader_facing_local_section_20.md:918	## \CAPRRuleHeading{SC019. Raising of final unstressed long \emph{*ō}}{PNWGmcFinalLongORaising} {#rule-PNWGmcFinalLongORaising}	*rast	preoe	yielded_output	no	yes	failure-pattern yielded output	Before [SC017 PNWGmcULowering](#rule-PNWGmcULowering), PGmc [núsō]{.recon} 'nose' yields [*nusu*]{.pred} rather than expected OE *nosu* 'nose', PGmc [skúflō]{.r
Germanic/docs/sound_changes/reader_facing/reader_facing_local_section_20.md:918	## \CAPRRuleHeading{SC019. Raising of final unstressed long \emph{*ō}}{PNWGmcFinalLongORaising} {#rule-PNWGmcFinalLongORaising}	*rástōz	pgmc	example_input	yes	yes	failure-pattern selected input	Before [SC017 PNWGmcULowering](#rule-PNWGmcULowering), PGmc [núsō]{.recon} 'nose' yields [*nusu*]{.pred} rather than expected OE *nosu* 'nose', PGmc [skúflō]{.r
Germanic/docs/sound_changes/reader_facing/reader_facing_local_section_20.md:918	## \CAPRRuleHeading{SC019. Raising of final unstressed long \emph{*ō}}{PNWGmcFinalLongORaising} {#rule-PNWGmcFinalLongORaising}	*ræste	preoe	expected_output	no	yes	failure-pattern expected output	Before [SC017 PNWGmcULowering](#rule-PNWGmcULowering), PGmc [núsō]{.recon} 'nose' yields [*nusu*]{.pred} rather than expected OE *nosu* 'nose', PGmc [skúflō]{.r
Germanic/docs/sound_changes/reader_facing/reader_facing_local_section_20.md:918	## \CAPRRuleHeading{SC019. Raising of final unstressed long \emph{*ō}}{PNWGmcFinalLongORaising} {#rule-PNWGmcFinalLongORaising}	*skúflō	pgmc	example_input	yes	yes	failure-pattern selected input	Before [SC017 PNWGmcULowering](#rule-PNWGmcULowering), PGmc [núsō]{.recon} 'nose' yields [*nusu*]{.pred} rather than expected OE *nosu* 'nose', PGmc [skúflō]{.r
Germanic/docs/sound_changes/reader_facing/reader_facing_local_section_20.md:918	## \CAPRRuleHeading{SC019. Raising of final unstressed long \emph{*ō}}{PNWGmcFinalLongORaising} {#rule-PNWGmcFinalLongORaising}	*sorg	preoe	expected_output	no	yes	failure-pattern expected output	Before [SC017 PNWGmcULowering](#rule-PNWGmcULowering), PGmc [núsō]{.recon} 'nose' yields [*nusu*]{.pred} rather than expected OE *nosu* 'nose', PGmc [skúflō]{.r
Germanic/docs/sound_changes/reader_facing/reader_facing_local_section_20.md:918	## \CAPRRuleHeading{SC019. Raising of final unstressed long \emph{*ō}}{PNWGmcFinalLongORaising} {#rule-PNWGmcFinalLongORaising}	*surg	preoe	yielded_output	no	yes	failure-pattern yielded output	Before [SC017 PNWGmcULowering](#rule-PNWGmcULowering), PGmc [núsō]{.recon} 'nose' yields [*nusu*]{.pred} rather than expected OE *nosu* 'nose', PGmc [skúflō]{.r
Germanic/docs/sound_changes/reader_facing/reader_facing_local_section_20.md:918	## \CAPRRuleHeading{SC019. Raising of final unstressed long \emph{*ō}}{PNWGmcFinalLongORaising} {#rule-PNWGmcFinalLongORaising}	*súrgō	pgmc	example_input	yes	yes	failure-pattern selected input	Before [SC017 PNWGmcULowering](#rule-PNWGmcULowering), PGmc [núsō]{.recon} 'nose' yields [*nusu*]{.pred} rather than expected OE *nosu* 'nose', PGmc [skúflō]{.r
Germanic/docs/sound_changes/reader_facing/reader_facing_local_section_20.md:918	## \CAPRRuleHeading{SC019. Raising of final unstressed long \emph{*ō}}{PNWGmcFinalLongORaising} {#rule-PNWGmcFinalLongORaising}	*sċofl	preoe	expected_output	no	yes	failure-pattern expected output	Before [SC017 PNWGmcULowering](#rule-PNWGmcULowering), PGmc [núsō]{.recon} 'nose' yields [*nusu*]{.pred} rather than expected OE *nosu* 'nose', PGmc [skúflō]{.r
Germanic/docs/sound_changes/reader_facing/reader_facing_local_section_20.md:918	## \CAPRRuleHeading{SC019. Raising of final unstressed long \emph{*ō}}{PNWGmcFinalLongORaising} {#rule-PNWGmcFinalLongORaising}	*sċufl	preoe	yielded_output	no	yes	failure-pattern yielded output	Before [SC017 PNWGmcULowering](#rule-PNWGmcULowering), PGmc [núsō]{.recon} 'nose' yields [*nusu*]{.pred} rather than expected OE *nosu* 'nose', PGmc [skúflō]{.r
Germanic/docs/sound_changes/reader_facing/reader_facing_local_section_20.md:918	## \CAPRRuleHeading{SC019. Raising of final unstressed long \emph{*ō}}{PNWGmcFinalLongORaising} {#rule-PNWGmcFinalLongORaising}	*z	pgmc	notation_or_segment	no	no	non-formlike fragment or segment	Before [SC017 PNWGmcULowering](#rule-PNWGmcULowering), PGmc [núsō]{.recon} 'nose' yields [*nusu*]{.pred} rather than expected OE *nosu* 'nose', PGmc [skúflō]{.r
Germanic/docs/sound_changes/reader_facing/reader_facing_local_section_20.md:918	## \CAPRRuleHeading{SC019. Raising of final unstressed long \emph{*ō}}{PNWGmcFinalLongORaising} {#rule-PNWGmcFinalLongORaising}	nose	pgmc	expected_output	no	yes	expected outcome in explanatory prose	Before [SC017 PNWGmcULowering](#rule-PNWGmcULowering), PGmc [núsō]{.recon} 'nose' yields [*nusu*]{.pred} rather than expected OE *nosu* 'nose', PGmc [skúflō]{.r
Germanic/docs/sound_changes/reader_facing/reader_facing_local_section_20.md:918	## \CAPRRuleHeading{SC019. Raising of final unstressed long \emph{*ō}}{PNWGmcFinalLongORaising} {#rule-PNWGmcFinalLongORaising}	rest	pgmc	expected_output	no	yes	expected outcome in explanatory prose	Before [SC017 PNWGmcULowering](#rule-PNWGmcULowering), PGmc [núsō]{.recon} 'nose' yields [*nusu*]{.pred} rather than expected OE *nosu* 'nose', PGmc [skúflō]{.r
Germanic/docs/sound_changes/reader_facing/reader_facing_local_section_20.md:918	## \CAPRRuleHeading{SC019. Raising of final unstressed long \emph{*ō}}{PNWGmcFinalLongORaising} {#rule-PNWGmcFinalLongORaising}	shovel	pgmc	expected_output	no	yes	expected outcome in explanatory prose	Before [SC017 PNWGmcULowering](#rule-PNWGmcULowering), PGmc [núsō]{.recon} 'nose' yields [*nusu*]{.pred} rather than expected OE *nosu* 'nose', PGmc [skúflō]{.r
Germanic/docs/sound_changes/reader_facing/reader_facing_local_section_20.md:918	## \CAPRRuleHeading{SC019. Raising of final unstressed long \emph{*ō}}{PNWGmcFinalLongORaising} {#rule-PNWGmcFinalLongORaising}	sorrow	pgmc	expected_output	no	yes	expected outcome in explanatory prose	Before [SC017 PNWGmcULowering](#rule-PNWGmcULowering), PGmc [núsō]{.recon} 'nose' yields [*nusu*]{.pred} rather than expected OE *nosu* 'nose', PGmc [skúflō]{.r
Germanic/docs/sound_changes/reader_facing/reader_facing_local_section_20.md:918	## \CAPRRuleHeading{SC019. Raising of final unstressed long \emph{*ō}}{PNWGmcFinalLongORaising} {#rule-PNWGmcFinalLongORaising}	z	pgmc	notation_or_segment	no	no	non-formlike fragment or segment	Before [SC017 PNWGmcULowering](#rule-PNWGmcULowering), PGmc [núsō]{.recon} 'nose' yields [*nusu*]{.pred} rather than expected OE *nosu* 'nose', PGmc [skúflō]{.r
Germanic/docs/sound_changes/reader_facing/reader_facing_local_section_20.md:93	## Historical discussion	*-nx-		notation_or_segment	no	no	notation or compound expression	group [-nx-]{.recon} the nasal consonant was lost, the preceding vowel was
