evidence_id	source_key	printed_pages	holding_sheet	paragraph	start_char	end_char	diplomatic_form	paragraph_sha256	paragraph_text	begin_anchor	end_anchor
alignment-fly-fulk-norse-earlier	Fulk2018	70	87	1	2447	2453	*flauz	c40ffb6ca23c8d111bf1a4f772eff65f6bd5486206c199cbe8c2f78c0130b2cf	"70
A Comparative Grammar of the Early Germanic Languages
6. When u is the cause of this change, it must immediately follow ī.
7.
For details of the conditions of the change in other dialects, see A. Campbell 1977: §§205-21.
8. This is because Mercian is the only dialect in which æ could occur before a back vowel, due to so-called
Second Fronting, whereby æ > e and a > æ: for the conditions, see Hogg 1992: §§5.87–92.
9. In a form such as geol(o)ca ‘yolk', from WGmc. *jelokô"", e would have been diphthongized to ie by the
initial palatal consonant, and this appears to have been converted to io (later eo) by back mutation: see A.
Campbell 1977: §220.
4.9
Changes of stressed vowels and diphthongs in Proto-Norse
PGmc. ē, has become NGmc. ā already in the earliest NGmc. Runic inscriptions, e.g. in
the name-element -maraz on the Ellestad stone (ca. 550–600?). Koivulehto (1986: 286)
finds that PGmc. ē, appears as a already in the earliest loanwords into Finnish, borrowed
ca. 300-200 BCE.
In Proto-Norse, ai was fronted to æi, later giving OIcel. ei. In the older runic
inscriptions it is still represented by ai (there being no separate rune for æ), as in staina
on the Tune stone (ca. 200-ca. 450) and stain on the Eggjum stone (ca. 700). But under
certain conditions it was monophthongized to ā: (1) æi > ā immediately before /x/,
which was subsequently lost, as in PGmc. *aix(e) > OIcel. á ‘owns' (still Aih on the
Maglemose bracteate, ca. 400-ca. 650). The change is perhaps attested as early as ca.
400-ca. 600 on the Åsum bracteate in the form fahi[do] 'color[ed]' and on the Halskov
bracteate (ca. 450-550?) in the form fahide.¹ (2) æi > ā before r (but not before R), as in
PGmc. *saira"" > OIcel. sár ‘wound' (Go. sáir, OE sār) and PGmc. *airuz > órr, later
árr (§4.8) ‘messenger' (Go. áirus, OE ār); cf. PNorse *gairar > Olcel. geirr ‘spear'. (3)
æi > ā in some medial syllables of lesser stress, §5.6. In addition, Proto-Norse æi
developed to ON æ (i.e., /æ:/) before w (which might be lost, §6.14), as in *aiwīn->
Olcel. ævi ‘age' (cf. Go. aíws < *aiwaz) and hræ 'corpse' (cf. Go. hraíw).
Parallel to (1) above there are the changes Ĭ> é, ŭ> ó, and au > ó before (lost)
/x/, as in *rixtijana"" > rétta ‘straighten' (cf. OHG rihten), 3 sg. pret. *þū¹xtē > þótti
'seemed' (cf. OE þühte), and *þauh > *þōh (borrowed into OE; cf. ME þō3) > þó
'though' (cf. Go. þáuh). The /x/ thus lost may represent the devoicing of *3 (§6.14), as
in *flauz > *flauh > *flōh > fló ‘flew'. As the example of rétta shows, vowels were
lengthened before xt (probably at the time of the lenition of x to h), which subsequently
developed to tt.
Also in Proto-Norse, a nasal consonant was lost before non-final s, f, r, l, with
nasalization and compensatory lengthening of the preceding vowel. Examples: *ansuz
ā""suz > *ōsur > Olcel. áss ‘god' (cf. Latinized Go. anses, OHG ansi-); *fimfila"" >
*fifila > fifl 'fool'; PNorse *punrar > *þū""rar > Þórr (name; cf. OE gen. sg. þunres
'thunder'); PNorse *anlaibaz > *ālæibar > Áleifr (name, beside Óláfr, with -ei-
required by the rhyme in some skaldic verse, e.g. Sigvatr Þórðarson, Víkingarvísur 9/8
and Nesjavísur 4/4). See Krogh 1996: 221–3. Compensatory lengthening attends the
loss of various consonants, as in PNorse *þiwiR > þír ‘maidservant' (cf. Go. þiwi),
PGmc. *mapla""> mál ‘speech, affair' (cf. Go. maþl 'market'), PNorse *fjoðrir fjórir
'4' (cf. Go. fidwōr), and PGmc. * axtō> átta ‘8' (cf. Go. ahtáu).
Some further lengthenings may be mentioned. There is lowering and lengthening
of high vowels before R in OWN monosyllables, e.g. dat. *mir> mér ‘me'; cf. the short
vowel in 3 pl. pret. *kurun *koRun køru 'chose' (with R-umlaut, §4.7; cf. OHG"		
alignment-fly-fulk-norse-devoiced	Fulk2018	70	87	1	2456	2462	*flauh	c40ffb6ca23c8d111bf1a4f772eff65f6bd5486206c199cbe8c2f78c0130b2cf	"70
A Comparative Grammar of the Early Germanic Languages
6. When u is the cause of this change, it must immediately follow ī.
7.
For details of the conditions of the change in other dialects, see A. Campbell 1977: §§205-21.
8. This is because Mercian is the only dialect in which æ could occur before a back vowel, due to so-called
Second Fronting, whereby æ > e and a > æ: for the conditions, see Hogg 1992: §§5.87–92.
9. In a form such as geol(o)ca ‘yolk', from WGmc. *jelokô"", e would have been diphthongized to ie by the
initial palatal consonant, and this appears to have been converted to io (later eo) by back mutation: see A.
Campbell 1977: §220.
4.9
Changes of stressed vowels and diphthongs in Proto-Norse
PGmc. ē, has become NGmc. ā already in the earliest NGmc. Runic inscriptions, e.g. in
the name-element -maraz on the Ellestad stone (ca. 550–600?). Koivulehto (1986: 286)
finds that PGmc. ē, appears as a already in the earliest loanwords into Finnish, borrowed
ca. 300-200 BCE.
In Proto-Norse, ai was fronted to æi, later giving OIcel. ei. In the older runic
inscriptions it is still represented by ai (there being no separate rune for æ), as in staina
on the Tune stone (ca. 200-ca. 450) and stain on the Eggjum stone (ca. 700). But under
certain conditions it was monophthongized to ā: (1) æi > ā immediately before /x/,
which was subsequently lost, as in PGmc. *aix(e) > OIcel. á ‘owns' (still Aih on the
Maglemose bracteate, ca. 400-ca. 650). The change is perhaps attested as early as ca.
400-ca. 600 on the Åsum bracteate in the form fahi[do] 'color[ed]' and on the Halskov
bracteate (ca. 450-550?) in the form fahide.¹ (2) æi > ā before r (but not before R), as in
PGmc. *saira"" > OIcel. sár ‘wound' (Go. sáir, OE sār) and PGmc. *airuz > órr, later
árr (§4.8) ‘messenger' (Go. áirus, OE ār); cf. PNorse *gairar > Olcel. geirr ‘spear'. (3)
æi > ā in some medial syllables of lesser stress, §5.6. In addition, Proto-Norse æi
developed to ON æ (i.e., /æ:/) before w (which might be lost, §6.14), as in *aiwīn->
Olcel. ævi ‘age' (cf. Go. aíws < *aiwaz) and hræ 'corpse' (cf. Go. hraíw).
Parallel to (1) above there are the changes Ĭ> é, ŭ> ó, and au > ó before (lost)
/x/, as in *rixtijana"" > rétta ‘straighten' (cf. OHG rihten), 3 sg. pret. *þū¹xtē > þótti
'seemed' (cf. OE þühte), and *þauh > *þōh (borrowed into OE; cf. ME þō3) > þó
'though' (cf. Go. þáuh). The /x/ thus lost may represent the devoicing of *3 (§6.14), as
in *flauz > *flauh > *flōh > fló ‘flew'. As the example of rétta shows, vowels were
lengthened before xt (probably at the time of the lenition of x to h), which subsequently
developed to tt.
Also in Proto-Norse, a nasal consonant was lost before non-final s, f, r, l, with
nasalization and compensatory lengthening of the preceding vowel. Examples: *ansuz
ā""suz > *ōsur > Olcel. áss ‘god' (cf. Latinized Go. anses, OHG ansi-); *fimfila"" >
*fifila > fifl 'fool'; PNorse *punrar > *þū""rar > Þórr (name; cf. OE gen. sg. þunres
'thunder'); PNorse *anlaibaz > *ālæibar > Áleifr (name, beside Óláfr, with -ei-
required by the rhyme in some skaldic verse, e.g. Sigvatr Þórðarson, Víkingarvísur 9/8
and Nesjavísur 4/4). See Krogh 1996: 221–3. Compensatory lengthening attends the
loss of various consonants, as in PNorse *þiwiR > þír ‘maidservant' (cf. Go. þiwi),
PGmc. *mapla""> mál ‘speech, affair' (cf. Go. maþl 'market'), PNorse *fjoðrir fjórir
'4' (cf. Go. fidwōr), and PGmc. * axtō> átta ‘8' (cf. Go. ahtáu).
Some further lengthenings may be mentioned. There is lowering and lengthening
of high vowels before R in OWN monosyllables, e.g. dat. *mir> mér ‘me'; cf. the short
vowel in 3 pl. pret. *kurun *koRun køru 'chose' (with R-umlaut, §4.7; cf. OHG"		
alignment-fly-fulk-norse-long	Fulk2018	70	87	1	2465	2470	*flōh	c40ffb6ca23c8d111bf1a4f772eff65f6bd5486206c199cbe8c2f78c0130b2cf	"70
A Comparative Grammar of the Early Germanic Languages
6. When u is the cause of this change, it must immediately follow ī.
7.
For details of the conditions of the change in other dialects, see A. Campbell 1977: §§205-21.
8. This is because Mercian is the only dialect in which æ could occur before a back vowel, due to so-called
Second Fronting, whereby æ > e and a > æ: for the conditions, see Hogg 1992: §§5.87–92.
9. In a form such as geol(o)ca ‘yolk', from WGmc. *jelokô"", e would have been diphthongized to ie by the
initial palatal consonant, and this appears to have been converted to io (later eo) by back mutation: see A.
Campbell 1977: §220.
4.9
Changes of stressed vowels and diphthongs in Proto-Norse
PGmc. ē, has become NGmc. ā already in the earliest NGmc. Runic inscriptions, e.g. in
the name-element -maraz on the Ellestad stone (ca. 550–600?). Koivulehto (1986: 286)
finds that PGmc. ē, appears as a already in the earliest loanwords into Finnish, borrowed
ca. 300-200 BCE.
In Proto-Norse, ai was fronted to æi, later giving OIcel. ei. In the older runic
inscriptions it is still represented by ai (there being no separate rune for æ), as in staina
on the Tune stone (ca. 200-ca. 450) and stain on the Eggjum stone (ca. 700). But under
certain conditions it was monophthongized to ā: (1) æi > ā immediately before /x/,
which was subsequently lost, as in PGmc. *aix(e) > OIcel. á ‘owns' (still Aih on the
Maglemose bracteate, ca. 400-ca. 650). The change is perhaps attested as early as ca.
400-ca. 600 on the Åsum bracteate in the form fahi[do] 'color[ed]' and on the Halskov
bracteate (ca. 450-550?) in the form fahide.¹ (2) æi > ā before r (but not before R), as in
PGmc. *saira"" > OIcel. sár ‘wound' (Go. sáir, OE sār) and PGmc. *airuz > órr, later
árr (§4.8) ‘messenger' (Go. áirus, OE ār); cf. PNorse *gairar > Olcel. geirr ‘spear'. (3)
æi > ā in some medial syllables of lesser stress, §5.6. In addition, Proto-Norse æi
developed to ON æ (i.e., /æ:/) before w (which might be lost, §6.14), as in *aiwīn->
Olcel. ævi ‘age' (cf. Go. aíws < *aiwaz) and hræ 'corpse' (cf. Go. hraíw).
Parallel to (1) above there are the changes Ĭ> é, ŭ> ó, and au > ó before (lost)
/x/, as in *rixtijana"" > rétta ‘straighten' (cf. OHG rihten), 3 sg. pret. *þū¹xtē > þótti
'seemed' (cf. OE þühte), and *þauh > *þōh (borrowed into OE; cf. ME þō3) > þó
'though' (cf. Go. þáuh). The /x/ thus lost may represent the devoicing of *3 (§6.14), as
in *flauz > *flauh > *flōh > fló ‘flew'. As the example of rétta shows, vowels were
lengthened before xt (probably at the time of the lenition of x to h), which subsequently
developed to tt.
Also in Proto-Norse, a nasal consonant was lost before non-final s, f, r, l, with
nasalization and compensatory lengthening of the preceding vowel. Examples: *ansuz
ā""suz > *ōsur > Olcel. áss ‘god' (cf. Latinized Go. anses, OHG ansi-); *fimfila"" >
*fifila > fifl 'fool'; PNorse *punrar > *þū""rar > Þórr (name; cf. OE gen. sg. þunres
'thunder'); PNorse *anlaibaz > *ālæibar > Áleifr (name, beside Óláfr, with -ei-
required by the rhyme in some skaldic verse, e.g. Sigvatr Þórðarson, Víkingarvísur 9/8
and Nesjavísur 4/4). See Krogh 1996: 221–3. Compensatory lengthening attends the
loss of various consonants, as in PNorse *þiwiR > þír ‘maidservant' (cf. Go. þiwi),
PGmc. *mapla""> mál ‘speech, affair' (cf. Go. maþl 'market'), PNorse *fjoðrir fjórir
'4' (cf. Go. fidwōr), and PGmc. * axtō> átta ‘8' (cf. Go. ahtáu).
Some further lengthenings may be mentioned. There is lowering and lengthening
of high vowels before R in OWN monosyllables, e.g. dat. *mir> mér ‘me'; cf. the short
vowel in 3 pl. pret. *kurun *koRun køru 'chose' (with R-umlaut, §4.7; cf. OHG"		
alignment-fly-fulk-norse-endpoint	Fulk2018	70	87	1	2473	2476	fló	c40ffb6ca23c8d111bf1a4f772eff65f6bd5486206c199cbe8c2f78c0130b2cf	"70
A Comparative Grammar of the Early Germanic Languages
6. When u is the cause of this change, it must immediately follow ī.
7.
For details of the conditions of the change in other dialects, see A. Campbell 1977: §§205-21.
8. This is because Mercian is the only dialect in which æ could occur before a back vowel, due to so-called
Second Fronting, whereby æ > e and a > æ: for the conditions, see Hogg 1992: §§5.87–92.
9. In a form such as geol(o)ca ‘yolk', from WGmc. *jelokô"", e would have been diphthongized to ie by the
initial palatal consonant, and this appears to have been converted to io (later eo) by back mutation: see A.
Campbell 1977: §220.
4.9
Changes of stressed vowels and diphthongs in Proto-Norse
PGmc. ē, has become NGmc. ā already in the earliest NGmc. Runic inscriptions, e.g. in
the name-element -maraz on the Ellestad stone (ca. 550–600?). Koivulehto (1986: 286)
finds that PGmc. ē, appears as a already in the earliest loanwords into Finnish, borrowed
ca. 300-200 BCE.
In Proto-Norse, ai was fronted to æi, later giving OIcel. ei. In the older runic
inscriptions it is still represented by ai (there being no separate rune for æ), as in staina
on the Tune stone (ca. 200-ca. 450) and stain on the Eggjum stone (ca. 700). But under
certain conditions it was monophthongized to ā: (1) æi > ā immediately before /x/,
which was subsequently lost, as in PGmc. *aix(e) > OIcel. á ‘owns' (still Aih on the
Maglemose bracteate, ca. 400-ca. 650). The change is perhaps attested as early as ca.
400-ca. 600 on the Åsum bracteate in the form fahi[do] 'color[ed]' and on the Halskov
bracteate (ca. 450-550?) in the form fahide.¹ (2) æi > ā before r (but not before R), as in
PGmc. *saira"" > OIcel. sár ‘wound' (Go. sáir, OE sār) and PGmc. *airuz > órr, later
árr (§4.8) ‘messenger' (Go. áirus, OE ār); cf. PNorse *gairar > Olcel. geirr ‘spear'. (3)
æi > ā in some medial syllables of lesser stress, §5.6. In addition, Proto-Norse æi
developed to ON æ (i.e., /æ:/) before w (which might be lost, §6.14), as in *aiwīn->
Olcel. ævi ‘age' (cf. Go. aíws < *aiwaz) and hræ 'corpse' (cf. Go. hraíw).
Parallel to (1) above there are the changes Ĭ> é, ŭ> ó, and au > ó before (lost)
/x/, as in *rixtijana"" > rétta ‘straighten' (cf. OHG rihten), 3 sg. pret. *þū¹xtē > þótti
'seemed' (cf. OE þühte), and *þauh > *þōh (borrowed into OE; cf. ME þō3) > þó
'though' (cf. Go. þáuh). The /x/ thus lost may represent the devoicing of *3 (§6.14), as
in *flauz > *flauh > *flōh > fló ‘flew'. As the example of rétta shows, vowels were
lengthened before xt (probably at the time of the lenition of x to h), which subsequently
developed to tt.
Also in Proto-Norse, a nasal consonant was lost before non-final s, f, r, l, with
nasalization and compensatory lengthening of the preceding vowel. Examples: *ansuz
ā""suz > *ōsur > Olcel. áss ‘god' (cf. Latinized Go. anses, OHG ansi-); *fimfila"" >
*fifila > fifl 'fool'; PNorse *punrar > *þū""rar > Þórr (name; cf. OE gen. sg. þunres
'thunder'); PNorse *anlaibaz > *ālæibar > Áleifr (name, beside Óláfr, with -ei-
required by the rhyme in some skaldic verse, e.g. Sigvatr Þórðarson, Víkingarvísur 9/8
and Nesjavísur 4/4). See Krogh 1996: 221–3. Compensatory lengthening attends the
loss of various consonants, as in PNorse *þiwiR > þír ‘maidservant' (cf. Go. þiwi),
PGmc. *mapla""> mál ‘speech, affair' (cf. Go. maþl 'market'), PNorse *fjoðrir fjórir
'4' (cf. Go. fidwōr), and PGmc. * axtō> átta ‘8' (cf. Go. ahtáu).
Some further lengthenings may be mentioned. There is lowering and lengthening
of high vowels before R in OWN monosyllables, e.g. dat. *mir> mér ‘me'; cf. the short
vowel in 3 pl. pret. *kurun *koRun køru 'chose' (with R-umlaut, §4.7; cf. OHG"		
alignment-fly-fulk-finite-native	Fulk2018	307	324	1	3415	3422	fliuxiþ	88b8429765a7516053778febf18d329cc72383e62d0e7bd008cebde1497bf5ac	"§12.43 Historical development of weak class 2 307
Anglo-Frisian. The earliest attempts at an explanation thus assumed the coöccurrence of
thematic and athematic forms in Gmc., with mixture of the two in Ingvaeonic and gen-
eralization of the athematic elsewhere. (Compare athematic Aeolic Gk. tiuāu beside
thematic Attic tīµáo < *tīµái̟o 'fear'.) Yet the required analogical changes are not
uniformly well motivated, and the reason for the particular distribution of thematic and
athematic forms in Ingvaeonic is difficult to perceive on this basis. It is especially hard
to account for the pres. sj. forms in this fashion, since athematic optatives to stems in
PIE *ā (or *eh₂) should have been formed by the addition of *-i(e)h- (§12.6).¹
A revised approach by Cowgill (1959) turns conventional wisdom on its head by
explaining some of the seemingly most archaic forms as innovations. Cowgill argues
that PGmc. *j was lost between any two unstressed vowels (but not if the first vowel
was *i, §6.11 ad fin.), 2 followed by contraction of the remaining vowels, with the result
that simple ō in the non-Ingvaeonic forms (as opposed to Ingvaeonic *-ōja-, *-ōji-) is
the phonologically regular result of this change, whereas the longer Ingvaeonic forms
are the result of an analogical change. On this analysis, alternations in heavy-stemmed
verbs of the first weak class such as inf. *dōmijan, pres. sg. *dōmijō, *dōmis, dōmiþ,
pret. sg. *dōmiðē, led to morphological reanalysis whereby the stem in these forms was
perceived to be *dōmi- and the inflections *-jan, *-jō, *-s, *-þ, and *-dē, respectively.
Thereupon, these inflections were extended analogically in Ingvaeonic to stems of the
second weak class in *-ō-, hence, e.g., *x""arbō-jan, *x*arbō-jō, *x""arbō-s, *x""arbō-þ,
*x"" arbō-da.³ This accounts brilliantly for both the Ingvaeonic and the non-Ingvaeonic
forms, disposing very effectively, especially, of the problem of the pres. sj. forms, as-
suming that the alternative, longer sj. forms of UG are an analogical innovation, formed
by the addition of the normal sj. endings of strong verbs to stems in *-ō- in order to
redifferentiate ind. and sj. forms that had fallen together.4
Attractive as Cowgill's hypothesis is, however, it faces several difficulties that
are not insignificant. Although his objections and counterproposals are on the whole un-
persuasive, Fullerton (1977: 49) is right to observe that it is difficult to believe that loss
of j and subsequent contraction in the sequence *-ōji- would lead to a monophthong *ō
rather than a diphthong. A problem that Cowgill himself raises is that if the longer
forms of OS (hwarboian, hwarboiad, etc., as opposed to the shorter forms hwarbon,
hwarbod, etc.) are actually analogical innovations and thus the younger of the two
types, it is difficult to see why the longer forms occur almost exclusively in the more
conservative language of verse. 6 A further problem is that reanalysis of *dōmijan as
stem *dōmi- plus inflection in Ingvaeonic is complicated by developments in OE, since
it was pointed out above (§12.38) that even though a short vowel is indicated in the 2 &
3 sg. pres. ind. of such verbs in OHG (for which Cowgill assumes shortening already in
WGmc.), prehistoric OE seems to require a long vowel (*-is, *-ib) in order to explain
the different effects of syncope in contracted strong and weak verbs, e.g. strong flieho
‘flies' < fliuxiþ weak þýð ‘presses' < *þūxīþ. This consideration perhaps does not
disqualify Cowgill's explanation altogether, but it renders the assumed reanalysis of the
heavy-stemmed inflections less straightforward. In addition, it should be said that Cow-
gill's assumption is that there was no athematic inflection of such verbs in PGmc.,
rather than coöccurring thematic and athematic inflection. He is thus obliged to assume
that the OHG 1 sg. pres. in -ōm (and OS -on) is analogical to WGmc. *dom (OHG
tuom, OS dōm, Anglian OE dōm) ‘(I) do', and though this may not be impossible, it
seems dubitable that such an otherwise unproductive category of Gmc. verbs as athe-
matic stems (§§12.55-64) should have exerted analogical influence of this sort. These"		
alignment-fly-fulk-contracted-native	Fulk2018	307	324	1	3398	3404	flieho	88b8429765a7516053778febf18d329cc72383e62d0e7bd008cebde1497bf5ac	"§12.43 Historical development of weak class 2 307
Anglo-Frisian. The earliest attempts at an explanation thus assumed the coöccurrence of
thematic and athematic forms in Gmc., with mixture of the two in Ingvaeonic and gen-
eralization of the athematic elsewhere. (Compare athematic Aeolic Gk. tiuāu beside
thematic Attic tīµáo < *tīµái̟o 'fear'.) Yet the required analogical changes are not
uniformly well motivated, and the reason for the particular distribution of thematic and
athematic forms in Ingvaeonic is difficult to perceive on this basis. It is especially hard
to account for the pres. sj. forms in this fashion, since athematic optatives to stems in
PIE *ā (or *eh₂) should have been formed by the addition of *-i(e)h- (§12.6).¹
A revised approach by Cowgill (1959) turns conventional wisdom on its head by
explaining some of the seemingly most archaic forms as innovations. Cowgill argues
that PGmc. *j was lost between any two unstressed vowels (but not if the first vowel
was *i, §6.11 ad fin.), 2 followed by contraction of the remaining vowels, with the result
that simple ō in the non-Ingvaeonic forms (as opposed to Ingvaeonic *-ōja-, *-ōji-) is
the phonologically regular result of this change, whereas the longer Ingvaeonic forms
are the result of an analogical change. On this analysis, alternations in heavy-stemmed
verbs of the first weak class such as inf. *dōmijan, pres. sg. *dōmijō, *dōmis, dōmiþ,
pret. sg. *dōmiðē, led to morphological reanalysis whereby the stem in these forms was
perceived to be *dōmi- and the inflections *-jan, *-jō, *-s, *-þ, and *-dē, respectively.
Thereupon, these inflections were extended analogically in Ingvaeonic to stems of the
second weak class in *-ō-, hence, e.g., *x""arbō-jan, *x*arbō-jō, *x""arbō-s, *x""arbō-þ,
*x"" arbō-da.³ This accounts brilliantly for both the Ingvaeonic and the non-Ingvaeonic
forms, disposing very effectively, especially, of the problem of the pres. sj. forms, as-
suming that the alternative, longer sj. forms of UG are an analogical innovation, formed
by the addition of the normal sj. endings of strong verbs to stems in *-ō- in order to
redifferentiate ind. and sj. forms that had fallen together.4
Attractive as Cowgill's hypothesis is, however, it faces several difficulties that
are not insignificant. Although his objections and counterproposals are on the whole un-
persuasive, Fullerton (1977: 49) is right to observe that it is difficult to believe that loss
of j and subsequent contraction in the sequence *-ōji- would lead to a monophthong *ō
rather than a diphthong. A problem that Cowgill himself raises is that if the longer
forms of OS (hwarboian, hwarboiad, etc., as opposed to the shorter forms hwarbon,
hwarbod, etc.) are actually analogical innovations and thus the younger of the two
types, it is difficult to see why the longer forms occur almost exclusively in the more
conservative language of verse. 6 A further problem is that reanalysis of *dōmijan as
stem *dōmi- plus inflection in Ingvaeonic is complicated by developments in OE, since
it was pointed out above (§12.38) that even though a short vowel is indicated in the 2 &
3 sg. pres. ind. of such verbs in OHG (for which Cowgill assumes shortening already in
WGmc.), prehistoric OE seems to require a long vowel (*-is, *-ib) in order to explain
the different effects of syncope in contracted strong and weak verbs, e.g. strong flieho
‘flies' < fliuxiþ weak þýð ‘presses' < *þūxīþ. This consideration perhaps does not
disqualify Cowgill's explanation altogether, but it renders the assumed reanalysis of the
heavy-stemmed inflections less straightforward. In addition, it should be said that Cow-
gill's assumption is that there was no athematic inflection of such verbs in PGmc.,
rather than coöccurring thematic and athematic inflection. He is thus obliged to assume
that the OHG 1 sg. pres. in -ōm (and OS -on) is analogical to WGmc. *dom (OHG
tuom, OS dōm, Anglian OE dōm) ‘(I) do', and though this may not be impossible, it
seems dubitable that such an otherwise unproductive category of Gmc. verbs as athe-
matic stems (§§12.55-64) should have exerted analogical influence of this sort. These"		
alignment-foal-orel-o	Orel2003	118	157	1	2755	2764	*pō(u)lo-	a7145216b98773e51345bae5cd0d1d06379b0b87551ca853057c0b0caf720f2f	"fulka-wīzan
*fulka-wīzan sb.n.: ON fólk-víg 'warfare',
OFris fol-wich id., MLG volk-wich id.,
OHG folk-wig. Compound of fulkan and
*wizan. CARR Nom. comp. 47.
*fulkjan sb.n.: ON fylki ‘country, shire',
OE 3e-fylce army, troop, band of war-
riors'. Derived from *fulkan. VRIES
ANEW 148.
*fullan sb.n.: ON full ‘goblet', OE full
‘cup'. Derived from *fullaz. TORP-FALK
235; HoltHAUSEN IF XXV 152 (to Lat
peluis 'basin', Gk лéλλα 'wooden bowl'),
AEEW 118; VRIES ANEW 146 (follows
HOLTHAUSEN).
118
*fulla-wīsaz adj.: Goth fulla-weis 'mature,
thoroughly instructed, téhɛioç', ON full-
viss ""quite certain'. Compound of *fullaz
and wisaz. CARR Nom. comp. 67.
*fullaz adj.: Goth fulls 'full', ON fullr id.,
OE ful(l) id., OFris fol, ful id., OS ful id.,
OHG fol id. Continues IE *plHnos id., an
adjective in *-no- of *pelH- 'to fill’: Skt
pūrṇá-, OIr lán, Lith pilnas, Slav *þúlnʊ
(HIRT Idg. Gr. II 130). TORP-Falk 235;
PEDERSEN Kelt. Gr. I 52, 178; TRAUTMANN
BSW 218; FEIST 172; HOLTHAUSEN AEEW
118; KARSTEN NB II 206; MARTINET Gém.
25, 71; MAYRHOFER II 324; POKORNY I
798-800; FRAENKEL 591; VRIES ANEW
146; ONIONS 380; VASMER-TRUBACHEV III
312; LEHMANN GED 131; HEIDERMANNS
220-221; KLUGE-SEEBOLD 866.
*fullīn sb.f.: Goth ufar-fullei 'superabun-
dance', OESC eþa-fylli ‘group of men nec-
essary for an oath', OE fyllu 'fulness',
OHG fullī id. Derived from *fullaz.
HOLTHAUSEN AEEW 119; FEIST 509-510;
ONIONS 355; LEHMANN GED 131; HEI-
DERMANNS 220; KLUGE-SEEBOLD 290.
*fulljanan wk.vb.: Goth fulljan 'to fill',
ON fylla id., OE fyllan id., OFris fella id.,
OS fullian id., OHG fullen id. Derived
from fullaz. Cf. a similar derivation
in Slav *polniti id. TORP-FALK 235;
HOLTHAUSEN AEEW 119; FEIST 172;
VRIES ANEW 148; LEHMANN GED 131;
HEIDERMANNS 220; Kluge-SeeBOLD 290.
*fullnōjanan_wk.vb.: Goth fullnan 'to
be full, to become full', ON fullna 'to
funxwstiz
fulfil'. Derived from *fullaz. FEIST 172;
HEIDERMANNS 220.
*fullōjanan wk.vb.: OESC fulla 'to fulfil',
OE fullian id., OFris fulla, fullia id., OS
fullon id., OHG follōn id. Derived from
*fullaz. HOLTHAUSEN AEEW 119; HEI-
DERMANNS 220.
*fullōn sb.f.: Goth fullo ‘fullness', ON
theon. Fulla, OHG folla 'plenitude'.
Derived from *fullaz. Structurally close.
to Av pǝrǝnā 'plenitude'. BARTHOLOMAE
850; FEIST 172; HEIDERMANNS 220.
*fulmō sb.f.: OE folm 'palm', OS pl. folmōs
id., OHG folma id. Close to Lat palma
'palm (of the hand)', OIr lám 'hand',
Gk naλάun 'palm of the hand' (KRET-
SCHMER KZ XXXI 398). TORP-FALK
236; HOLTHAUSEN AEEW 112; WALDE-
HOFMANN II 240-241; POKORNY I 806;
FRISK II 466; BAMMESBERGER Nom. 115.
*fulōn sb.m.: Goth fula 'foal', ON foli id.,
OE fola id., OFris fola id., OS folo id.,
OHG folo id. A zero grade form related
to Arm ul 'she-goat', Gk лôλоç 'foal', Alb
pelë ‘mare' < *pō(u)lo-, *pō(u)lā (FÖRSTER-
MAN KZ I 495; MLADENOW KZ L 54–55).
HIRT Ablaut 39 (to *pōu- ‘small'); TORP-
FALK 244; HOLTHAUSEN AEEW 111; FEIST
170-171; РOKORNY I 842-843; VRIES
ANEW 137; ZALIZNIAK I 153; FRISK II
634; ONIONS 366; LEHMANN GED 130;
KLUGE-SEEBOLD 277; OREL AED 314.
*funđaz sb.m.: ON fundr ‘a thing found,
MLG vunt 'find', MHG vunt id. Derived
from *fenpanan. VRIES ANEW 147.
*fundiz I sb.m.: ON fyndr 'find', OFris fynd
id. Substantivized *fundiz II. VRIES
ANEW 148; SEEBOLD 194.
*funđiz_II_adj.: ON ein-fyndr ‘as finder
entitled to the whole', OE eáð-fynde 'easy
to find. Derived from *fenþanan. HOLT-
HAUSEN AEEW 120; SEEBOLD 194;
MATZEL Festschr. Schröder 99, KZ CV 105;
HEIDERMANNS 221.
*funxwstiz sb.f.: OE fýst ‘fist', OFris fēst
id., OS fūst id., OHG fūst id. Related
to Lith kúmstė id. (with metathesis),
Slav *pęstь id < *pnk*-sti- (SAUSSURE MSL
VII 93). Further connected with *fenfe."		
alignment-foal-orel-a	Orel2003	118	157	1	2766	2774	*pō(u)lā	a7145216b98773e51345bae5cd0d1d06379b0b87551ca853057c0b0caf720f2f	"fulka-wīzan
*fulka-wīzan sb.n.: ON fólk-víg 'warfare',
OFris fol-wich id., MLG volk-wich id.,
OHG folk-wig. Compound of fulkan and
*wizan. CARR Nom. comp. 47.
*fulkjan sb.n.: ON fylki ‘country, shire',
OE 3e-fylce army, troop, band of war-
riors'. Derived from *fulkan. VRIES
ANEW 148.
*fullan sb.n.: ON full ‘goblet', OE full
‘cup'. Derived from *fullaz. TORP-FALK
235; HoltHAUSEN IF XXV 152 (to Lat
peluis 'basin', Gk лéλλα 'wooden bowl'),
AEEW 118; VRIES ANEW 146 (follows
HOLTHAUSEN).
118
*fulla-wīsaz adj.: Goth fulla-weis 'mature,
thoroughly instructed, téhɛioç', ON full-
viss ""quite certain'. Compound of *fullaz
and wisaz. CARR Nom. comp. 67.
*fullaz adj.: Goth fulls 'full', ON fullr id.,
OE ful(l) id., OFris fol, ful id., OS ful id.,
OHG fol id. Continues IE *plHnos id., an
adjective in *-no- of *pelH- 'to fill’: Skt
pūrṇá-, OIr lán, Lith pilnas, Slav *þúlnʊ
(HIRT Idg. Gr. II 130). TORP-Falk 235;
PEDERSEN Kelt. Gr. I 52, 178; TRAUTMANN
BSW 218; FEIST 172; HOLTHAUSEN AEEW
118; KARSTEN NB II 206; MARTINET Gém.
25, 71; MAYRHOFER II 324; POKORNY I
798-800; FRAENKEL 591; VRIES ANEW
146; ONIONS 380; VASMER-TRUBACHEV III
312; LEHMANN GED 131; HEIDERMANNS
220-221; KLUGE-SEEBOLD 866.
*fullīn sb.f.: Goth ufar-fullei 'superabun-
dance', OESC eþa-fylli ‘group of men nec-
essary for an oath', OE fyllu 'fulness',
OHG fullī id. Derived from *fullaz.
HOLTHAUSEN AEEW 119; FEIST 509-510;
ONIONS 355; LEHMANN GED 131; HEI-
DERMANNS 220; KLUGE-SEEBOLD 290.
*fulljanan wk.vb.: Goth fulljan 'to fill',
ON fylla id., OE fyllan id., OFris fella id.,
OS fullian id., OHG fullen id. Derived
from fullaz. Cf. a similar derivation
in Slav *polniti id. TORP-FALK 235;
HOLTHAUSEN AEEW 119; FEIST 172;
VRIES ANEW 148; LEHMANN GED 131;
HEIDERMANNS 220; Kluge-SeeBOLD 290.
*fullnōjanan_wk.vb.: Goth fullnan 'to
be full, to become full', ON fullna 'to
funxwstiz
fulfil'. Derived from *fullaz. FEIST 172;
HEIDERMANNS 220.
*fullōjanan wk.vb.: OESC fulla 'to fulfil',
OE fullian id., OFris fulla, fullia id., OS
fullon id., OHG follōn id. Derived from
*fullaz. HOLTHAUSEN AEEW 119; HEI-
DERMANNS 220.
*fullōn sb.f.: Goth fullo ‘fullness', ON
theon. Fulla, OHG folla 'plenitude'.
Derived from *fullaz. Structurally close.
to Av pǝrǝnā 'plenitude'. BARTHOLOMAE
850; FEIST 172; HEIDERMANNS 220.
*fulmō sb.f.: OE folm 'palm', OS pl. folmōs
id., OHG folma id. Close to Lat palma
'palm (of the hand)', OIr lám 'hand',
Gk naλάun 'palm of the hand' (KRET-
SCHMER KZ XXXI 398). TORP-FALK
236; HOLTHAUSEN AEEW 112; WALDE-
HOFMANN II 240-241; POKORNY I 806;
FRISK II 466; BAMMESBERGER Nom. 115.
*fulōn sb.m.: Goth fula 'foal', ON foli id.,
OE fola id., OFris fola id., OS folo id.,
OHG folo id. A zero grade form related
to Arm ul 'she-goat', Gk лôλоç 'foal', Alb
pelë ‘mare' < *pō(u)lo-, *pō(u)lā (FÖRSTER-
MAN KZ I 495; MLADENOW KZ L 54–55).
HIRT Ablaut 39 (to *pōu- ‘small'); TORP-
FALK 244; HOLTHAUSEN AEEW 111; FEIST
170-171; РOKORNY I 842-843; VRIES
ANEW 137; ZALIZNIAK I 153; FRISK II
634; ONIONS 366; LEHMANN GED 130;
KLUGE-SEEBOLD 277; OREL AED 314.
*funđaz sb.m.: ON fundr ‘a thing found,
MLG vunt 'find', MHG vunt id. Derived
from *fenpanan. VRIES ANEW 147.
*fundiz I sb.m.: ON fyndr 'find', OFris fynd
id. Substantivized *fundiz II. VRIES
ANEW 148; SEEBOLD 194.
*funđiz_II_adj.: ON ein-fyndr ‘as finder
entitled to the whole', OE eáð-fynde 'easy
to find. Derived from *fenþanan. HOLT-
HAUSEN AEEW 120; SEEBOLD 194;
MATZEL Festschr. Schröder 99, KZ CV 105;
HEIDERMANNS 221.
*funxwstiz sb.f.: OE fýst ‘fist', OFris fēst
id., OS fūst id., OHG fūst id. Related
to Lith kúmstė id. (with metathesis),
Slav *pęstь id < *pnk*-sti- (SAUSSURE MSL
VII 93). Further connected with *fenfe."		
alignment-foal-kroonen-nom	Kroonen2013	158	198	1	2616	2623	*pólH-s	331f549fa0d353829dc0da96cbbd2693caae7b1aefee1f299fa435aec437b04f	"158
*fuk(k)ōn-
'id.', Du. vos c. 'id.', OHG fuhs m. ‘id.', G Fuchs m. ‘id.' ⇒ *puk-so- (IE) — Skt.
púcha- m. 'tail, rod' < *puk-sk-o-.
Since the semantic link between 'tail' and 'fox' is paralleled by Lith.
uodegà 'tail' > uodegis 'fox', it is reasonable to compare Germanic *fuhsa- to
Skt. púcha-. This provides the word with an Indo-European background.
Note that the Nordic word for 'fox', ON refr, Icel. refur, Far. revur, Nw. rev,
Sw. räv, Da. ræv (also cf. Fi. repo), was borrowed from Iranian, cf. Oss. ruvas
| robas (Skt. lopāśá-, Av. raopi-, Sogd. ropas). This is supported by Spa.
raposo, raposa, apparently a loanword from the same Sarmatian or Alanic
source (Brøndal 1928: 10). See also *fuhōn- 'she-fox'.
-
*fuk(k)ōn- w.v. 'to blow' - Icel. fokka w.v. 'to mess around, rush', MLG
vucken w.v. 'to rush, scud', MDu. vocken w.v. 'to blow', MHG fochen w.v. 'to
blow' *pug-néh₂- (EUR?) Either to Latv. pūga f. 'gust of wind' <
*pug-eh2- or to Arm. p'uk (9 'breath, wind, fart' < *pug-o- (with sound sym-
bolic aspiration?).
The different dialects with their vacillation between *fukkōn- and *fukōn-
point to a formation *pug-néh2-, which could be related to Latv. pūga and
Arm. p'uk. The sometimes compared Lith. pūkšti (pūkščiù) 'to cough,
snarl', on the other hand, is a loanword from LG pusten 'to pant, snarl' (with
klusilspring in the sequence -úš-). See also *feukan- ~ *fūkan-.
*füla- adj. 'filthy, foul' - Go. fuls adj. 'foul, putrid', ON fúll adj. 'foul, stinking;
mean', OE fül adj. 'foul, nasty', E foul, OFri. fül adj. ‘foul; vile', OS fulitha f.
'filth', MLG fül adj. ‘foul, bad', Du. vuil adj. 'dirty', OHG fül adj. ‘rotten, de-
cayed', G faul adj. 'putrid; lazy'⇒ *púH-lo- (IE) - Lith. púliai m.pl. 'pus' <
*puH-l-io- and piaulaî m.pl. 'mold' <*peuH-l-io-.
A lo-stem derived from a PIE root *puH-. See also *faujan- 1.
*fulan- m. 'foal' - Go. fula m. 'id.', ON foli m. 'id.', Elfd. fuoli m. ‘id.', OE fola
m. 'id.', E fole, MLG vole m. 'id.', OHG folo m. 'id.', G Fohlen m. 'id.'⇒ *plH-on-
(IE) — Gr. лwλos m./f. 'foal' < *polH-o-, W ebawl 'id.' < *h₁ekwo-pōlH-o-; Alb.
pelē 'mare' <*pōlH-neh₂-.
-
Also cf. ON, Far., OSw. fyl, Sw. fōl, Nw. føl(1), Da. føl n. 'id.' < *fulja- <
*plH-io-, the WGm. diminutive MDu. volen, vulen, Du. veulen, OHG vuli, vulīn,
MHG vüle, vülin, G Füllen n. 'foal' < *ful-lin(a)- and the Franconian feminine
MHG vülche, MDu. vilke, Du. dial. vulke, vilke f. '(young) mare' <*fulikō(n)-.
In IE, the word is sometimes reconstructed with a *u in the root, viz.
*p(ŏ)ul- (cf. Orel 2000: 14), but this seems to be precluded by W ebawl. I
therefore reconstruct a root noun *pólH-s, gen. *plH-ós (Lubotsky 1988:
132). This formation may ultimately have been derived from a verbal root
*pelH- as in Alb. pjell 'to give birth' (cf. Huld 1984: 102)."		
alignment-foal-kroonen-gen	Kroonen2013	158	198	1	2630	2637	*plH-ós	331f549fa0d353829dc0da96cbbd2693caae7b1aefee1f299fa435aec437b04f	"158
*fuk(k)ōn-
'id.', Du. vos c. 'id.', OHG fuhs m. ‘id.', G Fuchs m. ‘id.' ⇒ *puk-so- (IE) — Skt.
púcha- m. 'tail, rod' < *puk-sk-o-.
Since the semantic link between 'tail' and 'fox' is paralleled by Lith.
uodegà 'tail' > uodegis 'fox', it is reasonable to compare Germanic *fuhsa- to
Skt. púcha-. This provides the word with an Indo-European background.
Note that the Nordic word for 'fox', ON refr, Icel. refur, Far. revur, Nw. rev,
Sw. räv, Da. ræv (also cf. Fi. repo), was borrowed from Iranian, cf. Oss. ruvas
| robas (Skt. lopāśá-, Av. raopi-, Sogd. ropas). This is supported by Spa.
raposo, raposa, apparently a loanword from the same Sarmatian or Alanic
source (Brøndal 1928: 10). See also *fuhōn- 'she-fox'.
-
*fuk(k)ōn- w.v. 'to blow' - Icel. fokka w.v. 'to mess around, rush', MLG
vucken w.v. 'to rush, scud', MDu. vocken w.v. 'to blow', MHG fochen w.v. 'to
blow' *pug-néh₂- (EUR?) Either to Latv. pūga f. 'gust of wind' <
*pug-eh2- or to Arm. p'uk (9 'breath, wind, fart' < *pug-o- (with sound sym-
bolic aspiration?).
The different dialects with their vacillation between *fukkōn- and *fukōn-
point to a formation *pug-néh2-, which could be related to Latv. pūga and
Arm. p'uk. The sometimes compared Lith. pūkšti (pūkščiù) 'to cough,
snarl', on the other hand, is a loanword from LG pusten 'to pant, snarl' (with
klusilspring in the sequence -úš-). See also *feukan- ~ *fūkan-.
*füla- adj. 'filthy, foul' - Go. fuls adj. 'foul, putrid', ON fúll adj. 'foul, stinking;
mean', OE fül adj. 'foul, nasty', E foul, OFri. fül adj. ‘foul; vile', OS fulitha f.
'filth', MLG fül adj. ‘foul, bad', Du. vuil adj. 'dirty', OHG fül adj. ‘rotten, de-
cayed', G faul adj. 'putrid; lazy'⇒ *púH-lo- (IE) - Lith. púliai m.pl. 'pus' <
*puH-l-io- and piaulaî m.pl. 'mold' <*peuH-l-io-.
A lo-stem derived from a PIE root *puH-. See also *faujan- 1.
*fulan- m. 'foal' - Go. fula m. 'id.', ON foli m. 'id.', Elfd. fuoli m. ‘id.', OE fola
m. 'id.', E fole, MLG vole m. 'id.', OHG folo m. 'id.', G Fohlen m. 'id.'⇒ *plH-on-
(IE) — Gr. лwλos m./f. 'foal' < *polH-o-, W ebawl 'id.' < *h₁ekwo-pōlH-o-; Alb.
pelē 'mare' <*pōlH-neh₂-.
-
Also cf. ON, Far., OSw. fyl, Sw. fōl, Nw. føl(1), Da. føl n. 'id.' < *fulja- <
*plH-io-, the WGm. diminutive MDu. volen, vulen, Du. veulen, OHG vuli, vulīn,
MHG vüle, vülin, G Füllen n. 'foal' < *ful-lin(a)- and the Franconian feminine
MHG vülche, MDu. vilke, Du. dial. vulke, vilke f. '(young) mare' <*fulikō(n)-.
In IE, the word is sometimes reconstructed with a *u in the root, viz.
*p(ŏ)ul- (cf. Orel 2000: 14), but this seems to be precluded by W ebawl. I
therefore reconstruct a root noun *pólH-s, gen. *plH-ós (Lubotsky 1988:
132). This formation may ultimately have been derived from a verbal root
*pelH- as in Alb. pjell 'to give birth' (cf. Huld 1984: 102)."		
alignment-foal-kroonen-root	Kroonen2013	158	198	1	2727	2733	*pelH-	331f549fa0d353829dc0da96cbbd2693caae7b1aefee1f299fa435aec437b04f	"158
*fuk(k)ōn-
'id.', Du. vos c. 'id.', OHG fuhs m. ‘id.', G Fuchs m. ‘id.' ⇒ *puk-so- (IE) — Skt.
púcha- m. 'tail, rod' < *puk-sk-o-.
Since the semantic link between 'tail' and 'fox' is paralleled by Lith.
uodegà 'tail' > uodegis 'fox', it is reasonable to compare Germanic *fuhsa- to
Skt. púcha-. This provides the word with an Indo-European background.
Note that the Nordic word for 'fox', ON refr, Icel. refur, Far. revur, Nw. rev,
Sw. räv, Da. ræv (also cf. Fi. repo), was borrowed from Iranian, cf. Oss. ruvas
| robas (Skt. lopāśá-, Av. raopi-, Sogd. ropas). This is supported by Spa.
raposo, raposa, apparently a loanword from the same Sarmatian or Alanic
source (Brøndal 1928: 10). See also *fuhōn- 'she-fox'.
-
*fuk(k)ōn- w.v. 'to blow' - Icel. fokka w.v. 'to mess around, rush', MLG
vucken w.v. 'to rush, scud', MDu. vocken w.v. 'to blow', MHG fochen w.v. 'to
blow' *pug-néh₂- (EUR?) Either to Latv. pūga f. 'gust of wind' <
*pug-eh2- or to Arm. p'uk (9 'breath, wind, fart' < *pug-o- (with sound sym-
bolic aspiration?).
The different dialects with their vacillation between *fukkōn- and *fukōn-
point to a formation *pug-néh2-, which could be related to Latv. pūga and
Arm. p'uk. The sometimes compared Lith. pūkšti (pūkščiù) 'to cough,
snarl', on the other hand, is a loanword from LG pusten 'to pant, snarl' (with
klusilspring in the sequence -úš-). See also *feukan- ~ *fūkan-.
*füla- adj. 'filthy, foul' - Go. fuls adj. 'foul, putrid', ON fúll adj. 'foul, stinking;
mean', OE fül adj. 'foul, nasty', E foul, OFri. fül adj. ‘foul; vile', OS fulitha f.
'filth', MLG fül adj. ‘foul, bad', Du. vuil adj. 'dirty', OHG fül adj. ‘rotten, de-
cayed', G faul adj. 'putrid; lazy'⇒ *púH-lo- (IE) - Lith. púliai m.pl. 'pus' <
*puH-l-io- and piaulaî m.pl. 'mold' <*peuH-l-io-.
A lo-stem derived from a PIE root *puH-. See also *faujan- 1.
*fulan- m. 'foal' - Go. fula m. 'id.', ON foli m. 'id.', Elfd. fuoli m. ‘id.', OE fola
m. 'id.', E fole, MLG vole m. 'id.', OHG folo m. 'id.', G Fohlen m. 'id.'⇒ *plH-on-
(IE) — Gr. лwλos m./f. 'foal' < *polH-o-, W ebawl 'id.' < *h₁ekwo-pōlH-o-; Alb.
pelē 'mare' <*pōlH-neh₂-.
-
Also cf. ON, Far., OSw. fyl, Sw. fōl, Nw. føl(1), Da. føl n. 'id.' < *fulja- <
*plH-io-, the WGm. diminutive MDu. volen, vulen, Du. veulen, OHG vuli, vulīn,
MHG vüle, vülin, G Füllen n. 'foal' < *ful-lin(a)- and the Franconian feminine
MHG vülche, MDu. vilke, Du. dial. vulke, vilke f. '(young) mare' <*fulikō(n)-.
In IE, the word is sometimes reconstructed with a *u in the root, viz.
*p(ŏ)ul- (cf. Orel 2000: 14), but this seems to be precluded by W ebawl. I
therefore reconstruct a root noun *pólH-s, gen. *plH-ós (Lubotsky 1988:
132). This formation may ultimately have been derived from a verbal root
*pelH- as in Alb. pjell 'to give birth' (cf. Huld 1984: 102)."		
alignment-fodder-orel-sheath	Orel2003	109	148	1	2012	2019	*fōdran	03fd00aee7ffa6d12d69fa30ad100a3492fa1da6c07f75925295211532156c1f	"flunþrōn
FALK 251 (to *flaþō(n)); POKORNY I 838;
VRIES ANEW 134.
*flutan sb.n.: ON á flot ‘afloat', OE flot
'water deep enough for sustaining a ship,
sea', MDu vlot 'flow', OHG fluz ‘current,
flow' (masc.). Derived from *fleutanan.
TORP-FALK 255; HOLTHAUSEN AEEW
109; VRIES ANEW 134; SEEBOLD 203.
*flutōjanan wk.vb.: ON flota 'to float',
OE flotian id., OS flotōn id. Derived from
*flutan. HOLTHAUSEN AEEW 110; VRIES
ANEW 134; ONIONS 363.
*flutōn sb.m.: ON floti ‘fleet, float', OE
flota 'ship, fleet', MLG vlote id. Derived
from *fleutanan. TORP-FALK 255; HOL-
THAUSEN AEEW 109; VRIES ANEW 134;
SEEBOLD 203; KLUGE-SEEBOLD 275.
*flūþō sb.f.: ON flúð low skerries flooded
by the sea'. Derivationally close to
Skt pluta floated, swimming in', Latv
pluts 'raft'. Further related to *fleutanan.
TORP-FALK 253; HOLTHAUSEN AEEW
107; MAYRHOFER II 386; POKORNY I
835-836; VRIES ANEW 134.
*fnasan sb.n.: Norw fnas 'awn (of corn)',
OE fnæs 'fringe'. Of unknown origin.
TORP-FALK 245 (to ON fnasa 'to sneeze,
to snort').
*fneusanan
~
*fnūsanan str.vb.: ON
fný sa 'to sneeze', OE fnésan 'to sneeze',
MDu fniesen id., MHG pfnusen id. Pro-
bably related to Сk лvέo 'to blow'.
TORP-FALK 245; HOLTHAUSEN AEEW
110; POKORNY I 839; CHEMODANOV
SGGJa I 109; VRIES ANEW 136; FRISK II
566-567.
*fōdislō(n) sb.f.: ON fazla 'food', OE fédesl
'feeder', MDu voetsel ‘food', OHG neut.
fuotisal fodder, grazing'. Derived from
*fodjanan. HOLTHAUSEN AEEW 111;
VRIES ANEW 150.
*fōdjanan wk.vb.: Goth fodjan ‘to feed, to
nourish', ON fæða id., OE fedan id., OFris
fodia id., OS fōdian id., OHG fuoten id.
Derived from *fōđōn. TORP-Falk 223;
FEIST 157; HOLTHAUSEN AEEW 111;
POKORNY I 787%; VRIES ANEW 149;
ONIONS 349; LEHMANN GED 119; KLUGE-
SEEBOLD 293.
109
fōljanan
*fōđōn sb.m.: OE fóda 'food, nourish-
ment'. An archaism based on IE *pā:
Hitt pahš 'to defend, to guard', Toch A
pās-, B pāsk- 'to guard', Lat päscō 'to feed,
to pasture'. HOLTHAUSEN AEEW 110;
WALDE-HOFMANN II 260; POKORNY I 787;
ONIONS 368; LEHMANN GED 119; BURLAK
IFTJa 248.
*fōdran I sb.n.: Goth fodr 'casing, sheath',
ON foor lining' (*-b-), MLG föder 'casing,
sheath', OHG fuotar id. Identical with
Hitt pattar basket', Toch B pātro- 'vessel
for alms', Skt neut. pátra- ‘receptacle, ves-
sel'. TORP-FALK 223; FEIST 157-158;
MAYRHOFER II 252-253; POKORNY I 839;
VRIES ANEW 136 (identical with *fōdran
II); ZALIZNIAK I 140; ONIONS 370;
LEHMANN GED 120; BAMMESBERGER Nom.
86; KLUGE-SEEBOLD 293.
*fōdran II sb.n.: ON fóðr 'fodder' (*-þ-),
OE fodder id., MLG voder id., OHG fuotar
id. From IE *pā-tro- also attested in Arm
hawran ‘herd' and belonging to IE *pā- 'to
graze'. See fōdon. HOLTHAUSEN AEEW
110; POKORNY I 787; VRIES ANEW 136;
ZALIZNIAK I 140; ONIONS 366; KLUGE-
SEEBOLD 293.
fōzjanan wk.vb.: OE fézan 'to join, to
bind', OFris fōga id., OS fōgian id., OHG
fuogen id. Derivationally close to Skt
pāśayati ‘to bind'. Further cf. Gk л
'to stick, to fix', Lat pangō ‘to fasten, to
fix', Lith puošti 'to adorn'. See *fanxanan.
HOLTHAUSEN AEEW 111; WALDE-
HOFMANN II 245-246; POKORNY I 797;
FRAENKEL 669; FRISK II 525–526; Leh-
MANN GED 102; KLUGE-SEEBOLD 289-
290.
*fōljanan wk.vb.: OE félan 'to feel', OFris
fela id., OS gi-folian id., OHG fuolen
id. Derivative of *fallanan semantically
similar to such phrases as E to fall in
love. Cf. in particular the meanings in
Baltic: Lith púolu, pulti 'to fall', Latv
pult id. as opposed to OPrus au-pallai 'to
find'. HOLTHAUSEN AEEW 111; ONIONS
349 (to fulmo 'palm'); KLUGE-SEEBOLD
290 (to Lat palpō 'to stroke, to touch, to
pať)."		
alignment-fodder-kroonen-carry	Kroonen2013	151	191	1	2094	2102	*fōrjan-	3e4c4f2695805018a53421c49bb0a6238f23a9390466113afed9f0931646b9ec	"*fōra-
151
convincing either are the connections with OCS раlьсь, Ru. pálec 'finger' and
Lat. palpō, -āre 'to stroke, soothe'.
*fōra- m. 'piglet' - OE för m. 'pig, hog', OS för n. 'immature pig', MLG vōr
'skinny piglet' *pōr-o- (DRV?) — Gr. лópiç, -los f. 'calf, heifer' < *por-i-.
A word apparently continuing Pre-Gm. *pōr-o-, an o-stem derived from
the root *per- 'to give birth', for which see *farza(n)-.
*för ~ *fun-n. 'fire' - Go. for, gen. funins n. 'id.', ON fýrr, fúrr m. 'fire', funi m.
'flame', Far. fýrur m. 'fire; lighthouse', funi m. 'dense smoke', OE fyr n. 'id.', E
fire, OFri. fiur, fiōr n. 'id.', WFri. fjoer n. 'id.', OS fiur n. ‘id.', ODu. fuir n. ‘id.',
Du. vuur n. 'id.', OHG fiur, fuir n. 'id.', G Feuer n. 'id.' *péh₂-ur, *ph₂-uén-s
(IE) -Hitt. paḥhur, gen. paḥḥuenaš n. 'fire', Gr. mõp n. 'id.', Arm. hur ‘id.',
OPru. panno 'id.'.
as
An old heteroclitic formation, probably to be reconstructed
Pre-Germanic *péh₂-ur (hardly *ph2-uōr as per Simms 2009, as this would
become *fawōr), gen. *ph₂-un-ós, loc. *ph₂-uén-i. The heteroclisy was pre-
served by Proto-Germanic, which appears to have had a paradigm *fōr
(with *-ou- > *-ō-), gen. *funins (for older *funaz < *pūnós with Dybo's law),
dat. *fu(w)eni. The different languages leveled out the r/n-alternations.
Gothic, for instance, incorporated the word into the neuter n-stems, while
West Germanic generalized the forms with r. The attestations with front
mutation, e.g. ON fýrr, OE fýr, OHG fuir, fiur, are based on a dative form
*fu(w)eri. For similar cases of umlaut in PIE heteroclitic nouns, see *eudra-
~ *ūdra- 'udder', *librō- 'liver' and *neura/ōn- 'kidney'. OE fior and OFri. fiūr,
WFri. fjoer, apparently from *feuri, continue the same case form, though
with metathesis.
*fōri- adj. 'passable; able to go' - ON færr adj. ‘able to go; capable of being
passed, safe', OE fere adj. 'passable; able to go', OHG gi-fuori adj. 'fit, con-
venient' (DRV).
A vṛddhi-gerundive to *faran- (q.v.). The difference in meaning between
'able to go' and 'passable' depends on the diathetic role, i.e. passive or ac-
tive.
*fōrjan- w.v. 'to lead' - ON færa w.v. 'id.', OE fēran w.v. 'to go', OFri. fēra
w.v. 'id.', OS fōrian w.v. 'id.', Du. voeren w.v. 'id.', OHG fuorran, fuoren w.v.
'id.', G führen w.v. 'id.' (DRV).
The causative to *faran- (q.v.). The vowel *ō is secondary, and in syn-
chronic Germanic functions as the o-grade of *a. It is not to be equated with
the à of Skt. pāráyati 'to take across', which continues *por-éie- by
Brugmann's law."		
alignment-fold-ringe-past-singular	Ringe2017	279			971	978	*fefalþ	4d8ad9ed9d1f8a764f26bf9d1f88e72a02ee2b9704d4291f349d3a2e90a9cbef	"eight more strong verbs with root-internal *ē are well attested in various subgroups
of the family.
   All the remaining strong verbs of class VII exhibit no ablaut. About thirty are
reconstructable for PGmc. The following are typical; I give cognates with attested
reduplication where any exist, otherwise a selection:
  *hwōpaną, *hwehwōp, *hwehwōpun ‘boast’ (cf. Goth. ƕopan, ƕaíƕop);
  *rōaną, *rerō, *rerōun, *rōanaz ‘row’ (cf. ON róa, reri, reru, róinn);
  *haitaną, *hehait, *hehaitun, *haitanaz ‘call’ (cf. Goth. haitan, haíhait, haíhaitun,
     haitans; Northumbrian OE *ġehāta, -heht, -hehtun, -hāten);
  *skaiþaną, *skeskaiþ, *skeskaidun, *skaidanaz ‘separate’ (cf. Goth. skaidan, skaís-
     kaiþ, skaískaidun);
  *aukaną, *eauk, *eaukun, *aukanaz ‘increase’ (cf. Goth. aukan, aíauk; ON auka,
     jók, jóku, aukinn);
  *hawwaną, *hehaww, *hehawwun, *hawwanaz ‘chop’ (cf. ON ho˛ggva, hjó, hjoggu,
     ho˛ggvinn; OE hēawan, hēow, hēowun, hēawen);
  *falþaną, *fefalþ, *fefaldun, *faldanaz ‘fold’ (cf. Goth. faífalþ; ON falda, felt, feldu,
     faldinn);
  *staldaną, *stestald, *stestaldun, *staldanaz ‘possess’ (cf. Goth. ga-staldan,
     -staístald);
  *fanhaną, *fefanh, *fefangun, *fanganaz ‘take, seize’ (cf. Goth. fāhan, faífāh,
     faífāhun, fāhans; OE fōn, fēng, fēngon, fangen).
Half as many again are well attested in various subgroups of the family.
  Two j-presents of class VII are reconstructable for PGmc with reasonable
certainty:
  *hrōpijaną, *hehrōp, *hehrōpun ‘call’ (cf. OE hrōpan, hrēop, hrēopon; Goth. weak
    hropjan, hropida, hropidedun);
  *wōpijaną, *wewōp, *wewōpun ‘cry out’ (cf. OE wēpan, wēop, wēopon; Goth. weak
    wopjan, wopida, wopidedun).
It is true that these verbs are strong only in WGmc, and only the second (which
usually means ‘weep’) is a j-present; both Goth. hropjan, wopjan ‘call’ and ON hrœpa
‘reproach’, œpa ‘cry out’ are class I weak verbs. However, since transfer of a j-present
into the ﬁrst weak class is surely an easily repeatable change, it seems reasonable to
reconstruct both verbs as strong j-presents for PGmc.
   Finally, a word must be said about PGmc *arjaną ‘plow’. In ON, OE, and OF its
reﬂexes are regular class I weak verbs, which can of course reﬂect (at least partly
independent) innovations. In Gothic we have only the present. In OHG, however, we
ﬁnd an indic. pl. ierun, which is unambiguously a class VII strong past, but also
forms of a stem uor- that seems to be a class VI preterite instead (Matzel ). What
the PGmc situation was can only be guessed at."	"eight more strong verbs with root-internal *ē are well attested in various subgroups
of the family.
   All the remaining"	"em uor- that seems to be a class VI preterite instead (Matzel ). What
the PGmc situation was can only be guessed at."
alignment-fold-ringe-past-plural	Ringe2017	279			980	989	*fefaldun	4d8ad9ed9d1f8a764f26bf9d1f88e72a02ee2b9704d4291f349d3a2e90a9cbef	"eight more strong verbs with root-internal *ē are well attested in various subgroups
of the family.
   All the remaining strong verbs of class VII exhibit no ablaut. About thirty are
reconstructable for PGmc. The following are typical; I give cognates with attested
reduplication where any exist, otherwise a selection:
  *hwōpaną, *hwehwōp, *hwehwōpun ‘boast’ (cf. Goth. ƕopan, ƕaíƕop);
  *rōaną, *rerō, *rerōun, *rōanaz ‘row’ (cf. ON róa, reri, reru, róinn);
  *haitaną, *hehait, *hehaitun, *haitanaz ‘call’ (cf. Goth. haitan, haíhait, haíhaitun,
     haitans; Northumbrian OE *ġehāta, -heht, -hehtun, -hāten);
  *skaiþaną, *skeskaiþ, *skeskaidun, *skaidanaz ‘separate’ (cf. Goth. skaidan, skaís-
     kaiþ, skaískaidun);
  *aukaną, *eauk, *eaukun, *aukanaz ‘increase’ (cf. Goth. aukan, aíauk; ON auka,
     jók, jóku, aukinn);
  *hawwaną, *hehaww, *hehawwun, *hawwanaz ‘chop’ (cf. ON ho˛ggva, hjó, hjoggu,
     ho˛ggvinn; OE hēawan, hēow, hēowun, hēawen);
  *falþaną, *fefalþ, *fefaldun, *faldanaz ‘fold’ (cf. Goth. faífalþ; ON falda, felt, feldu,
     faldinn);
  *staldaną, *stestald, *stestaldun, *staldanaz ‘possess’ (cf. Goth. ga-staldan,
     -staístald);
  *fanhaną, *fefanh, *fefangun, *fanganaz ‘take, seize’ (cf. Goth. fāhan, faífāh,
     faífāhun, fāhans; OE fōn, fēng, fēngon, fangen).
Half as many again are well attested in various subgroups of the family.
  Two j-presents of class VII are reconstructable for PGmc with reasonable
certainty:
  *hrōpijaną, *hehrōp, *hehrōpun ‘call’ (cf. OE hrōpan, hrēop, hrēopon; Goth. weak
    hropjan, hropida, hropidedun);
  *wōpijaną, *wewōp, *wewōpun ‘cry out’ (cf. OE wēpan, wēop, wēopon; Goth. weak
    wopjan, wopida, wopidedun).
It is true that these verbs are strong only in WGmc, and only the second (which
usually means ‘weep’) is a j-present; both Goth. hropjan, wopjan ‘call’ and ON hrœpa
‘reproach’, œpa ‘cry out’ are class I weak verbs. However, since transfer of a j-present
into the ﬁrst weak class is surely an easily repeatable change, it seems reasonable to
reconstruct both verbs as strong j-presents for PGmc.
   Finally, a word must be said about PGmc *arjaną ‘plow’. In ON, OE, and OF its
reﬂexes are regular class I weak verbs, which can of course reﬂect (at least partly
independent) innovations. In Gothic we have only the present. In OHG, however, we
ﬁnd an indic. pl. ierun, which is unambiguously a class VII strong past, but also
forms of a stem uor- that seems to be a class VI preterite instead (Matzel ). What
the PGmc situation was can only be guessed at."	"eight more strong verbs with root-internal *ē are well attested in various subgroups
of the family.
   All the remaining"	"em uor- that seems to be a class VI preterite instead (Matzel ). What
the PGmc situation was can only be guessed at."
alignment-fold-ringe-participle	Ringe2017	279			991	1000	*faldanaz	4d8ad9ed9d1f8a764f26bf9d1f88e72a02ee2b9704d4291f349d3a2e90a9cbef	"eight more strong verbs with root-internal *ē are well attested in various subgroups
of the family.
   All the remaining strong verbs of class VII exhibit no ablaut. About thirty are
reconstructable for PGmc. The following are typical; I give cognates with attested
reduplication where any exist, otherwise a selection:
  *hwōpaną, *hwehwōp, *hwehwōpun ‘boast’ (cf. Goth. ƕopan, ƕaíƕop);
  *rōaną, *rerō, *rerōun, *rōanaz ‘row’ (cf. ON róa, reri, reru, róinn);
  *haitaną, *hehait, *hehaitun, *haitanaz ‘call’ (cf. Goth. haitan, haíhait, haíhaitun,
     haitans; Northumbrian OE *ġehāta, -heht, -hehtun, -hāten);
  *skaiþaną, *skeskaiþ, *skeskaidun, *skaidanaz ‘separate’ (cf. Goth. skaidan, skaís-
     kaiþ, skaískaidun);
  *aukaną, *eauk, *eaukun, *aukanaz ‘increase’ (cf. Goth. aukan, aíauk; ON auka,
     jók, jóku, aukinn);
  *hawwaną, *hehaww, *hehawwun, *hawwanaz ‘chop’ (cf. ON ho˛ggva, hjó, hjoggu,
     ho˛ggvinn; OE hēawan, hēow, hēowun, hēawen);
  *falþaną, *fefalþ, *fefaldun, *faldanaz ‘fold’ (cf. Goth. faífalþ; ON falda, felt, feldu,
     faldinn);
  *staldaną, *stestald, *stestaldun, *staldanaz ‘possess’ (cf. Goth. ga-staldan,
     -staístald);
  *fanhaną, *fefanh, *fefangun, *fanganaz ‘take, seize’ (cf. Goth. fāhan, faífāh,
     faífāhun, fāhans; OE fōn, fēng, fēngon, fangen).
Half as many again are well attested in various subgroups of the family.
  Two j-presents of class VII are reconstructable for PGmc with reasonable
certainty:
  *hrōpijaną, *hehrōp, *hehrōpun ‘call’ (cf. OE hrōpan, hrēop, hrēopon; Goth. weak
    hropjan, hropida, hropidedun);
  *wōpijaną, *wewōp, *wewōpun ‘cry out’ (cf. OE wēpan, wēop, wēopon; Goth. weak
    wopjan, wopida, wopidedun).
It is true that these verbs are strong only in WGmc, and only the second (which
usually means ‘weep’) is a j-present; both Goth. hropjan, wopjan ‘call’ and ON hrœpa
‘reproach’, œpa ‘cry out’ are class I weak verbs. However, since transfer of a j-present
into the ﬁrst weak class is surely an easily repeatable change, it seems reasonable to
reconstruct both verbs as strong j-presents for PGmc.
   Finally, a word must be said about PGmc *arjaną ‘plow’. In ON, OE, and OF its
reﬂexes are regular class I weak verbs, which can of course reﬂect (at least partly
independent) innovations. In Gothic we have only the present. In OHG, however, we
ﬁnd an indic. pl. ierun, which is unambiguously a class VII strong past, but also
forms of a stem uor- that seems to be a class VI preterite instead (Matzel ). What
the PGmc situation was can only be guessed at."	"eight more strong verbs with root-internal *ē are well attested in various subgroups
of the family.
   All the remaining"	"em uor- that seems to be a class VI preterite instead (Matzel ). What
the PGmc situation was can only be guessed at."
alignment-fold-kroonen-preform	Kroonen2013	126	166	1	1412	1421	*pól-t-e-	623a6dbd5245f8e19e411e3c26fc54989f6cb500871b730a4497204dec5f54b1	"126
*falljan-
The strong verb synchronically functions as an o-grade intensive verb,
but arose as a univerbation of the adverb *h2pó 'off' (for which see *fane)
and the PIE root *hзelh₁- 'to fall' (Praust 2005; Neri 2007), cf. Hitt. hallannai
~hallanniianzi 'to trample down, flatten' and Gr. Őλuμi. The Germanic form
requires the reconstruction of a nasal suffix in view of the root-final double
1. In order to arrive at PGm. *fallan- from Pre-Gm. *pehзl-n-é-, we must
therefore assume that a form *pehзl-né- gave *palné- under Osthoff's law
and subsequently *falle- under Kluge's law. See also *falljan-.
*falljan- w.v. 'to fell'
-
ON fella w.v. 'id.', Far. fella w.v. 'id.', Elfd. fella s.v.
'id.', OE fiellan w.v. 'id.', E to fell, OFri. fella w.v. 'id.', OS fellian w.v. ‘id.', Du.
vellen w.v. 'id.', OHG fellan w.v. 'id.', G fällen w.v. ‘id.' (DRV).
The causative to *fallan- (q.v.).
*falōn- f. 'plain'
-
OSw. fala f. 'id.', Sw. fala 'id.' *polh2-eh2- (IE) - OCS
polje, Ru. póle, SCr. pölje n. 'field' < *polh₂-io-.
Derived from the PIE root *pelh₂- 'flat', for which see *fulmō-.
*falban- s.v. 'to fold, ply' - Go. falban s.v. 'id.', ON falda s.v. 'to hood one-
self, Far. falda w.v. 'to put on clothes', Elfd. folda w.v. 'to hem, seam', OE
fealdan s.v. 'to fold', E to fold, WFri. fâldzje w.v. 'id.', MDu. volden w.v. 'id.',
Du. vouwen s./w.v. 'id.', OHG faldan, faltan s.v. 'id.', G falten w.v. 'id.' ⇒
*pól-t-e- (IE) — Cf. Gr. ɩλó, dɩлλous adj. 'twofold', Lat. duplus adj. ‘dou-
ble, twofold' <*dui-plo-; Arm. hat 'time' < *pol-o-(?).
An o-grade intensive verb. The Pre-Gm. root-final *t appears to be suffix-
al. Also cf. MDu. volde, Du. vouw, MHG valte, G Falte f. 'fold' < *faldō- and Go.
ain-falps, ON ein-faldr, OE ăn-feald, OFri., OS en-fald, OHG ein-fald adj. 'sim-
ple' <*-falda-.
*faluda- m. 'pen(?)' - Da. fold m. 'enclosure, pasture', OE fald, falod, falud
m. 'fold, stable', E fold, OS faled m. 'id.', MDu. vaelde, vaelt m. 'enclosure,
yard; dunghill', Du. mest-vaalt c. 'dunghill' (GM).
A word with an original meaning 'enclosure', possibly related to 'board'
and esp. OE fala ‘tabula' < *falan- (q.v.). The word contains the *-uda- suffix
that also occurs in e.g. OS rakud m. 'house', OE ræced n. 'house, hall' <
*rakuda-. Theoretically, it could be the zero grade of the PIE root *ued""- 'to
bind, tie' (for which see *wedan-), but this is uncertain.
*falwa- adj. 'pale' - ON folr adj. 'id.', OE fealo adj. 'id.', E fallow, OS falu adj.
'fallow, yellow', Du. vaal adj. 'faded, drab', OHG falo adj. 'fallow, yellow', G
falb adj. 'fallow, dun' *pol-uo- (IE) - Lat. pullus adj. 'drab-colored, som-
⇒
bre', Lith. palvas adj. 'light yellow, straw-colored', OCS plav adj. 'white', Ru.
polóvyj, polovój adj. 'pale yellow, sandy', SCr. plâv adj. 'blond, blue' <"		
alignment-follow-kroonen-go	Kroonen2013	159	199	1	854	862	*felhan-	1ee0ad2f5980c6049461ab43621a4b782aa55896bca105abddd71689106881c2	"*fuldō-
159
*fuldō- f. 'earth, ground, field, the world' - ON fold f. 'id.', Far. poet. fold f.
'id.', OE folde f. 'id.', OS folda f. 'id.' *plthz-éh₂- (IE) - Cf. Skt. pṛthví-,
prthiví- f. 'earth, Mother Earth', YAv. zqm pǝrǝ9ẞīm, pǝrǝdẞe... zamō 'broad
earth' <*plth2-u-ih2-.
The Germanic and Indo-Iranian forms continue a feminine form of the
adj. 'flat'. In Indo-European, it presumably occurred with the word for 'land'
in a sacral context. See also *felpa-.
-
*fulgen- w.v. 'to follow, accompany' ON fylgja w.v. 'id.', Far. fylgja w.v.
'id.', Elfd. fya w.v. 'id.', OE fylgan, folgian w.v. 'id.', E to follow, OS folgon w.v.
'id.', Du. volgen w.v. 'id.', OHG folgen w.v. 'id.', G folgen w.v. 'id.' ⇒
*plk-(éh1)-ie- (GM).
ON fylgja and OE fylg(e)an continue a formation *fulgjan- that can be
reconciled with OE fe(o)lan s.v. 'to proceed, go, reach' < *felhan- < *pelk-e-.
Extra-Gm. comparanda are unreliable: Bret. heul 'to follow' probably con-
tinues *selgh- rather than *pelgh- and the connection with CS plazati, Ru.
pólzat', SCr. püzati 'to crawl' must be abandoned in view of the accent
pointing to *plý-eh2- rather than *plýħ-eh2-.
-
*fulla- 1 adj. 'full' — Go. fulls adj. 'id.', ON fullr adj. ‘id.', Far. fullr adj. ‘id.',
Elfd. full adj. 'id.', OE full adj. 'id.', E full, OS full adj. ‘id.', Du. vol adj. 'id.', OHG
fol adj. 'id.', G voll adj. 'id.' ⇒ *plh₁-nó- (IE) — Skt. pūrṇá-, Av. pǝrǝna-, Olr. lán
'id.', Lith. pilnas, OCS plɩɩ adj. 'filled, full' <*plhi-nó-.
An adjective continuing the original past participle of the verbal root
*pelh1- 'to fill'. See also *felu- ~ *fulu-.
*fulla- 2 n. 'cup' - ON full n. 'goblet', OE full n. 'cup' *pl-nó- (IE) — Gr.
⇒
лέλα f. ‘milk pail; drinking bowl, goblet' < *pel-ih₂- and Gr. лεls, nedis
'basin' <*pel-i-s, gen. *pel-i-ós; OCS pol 'scoop' <*pol-o-.
An Indo-European word for a certain vessel. Unrelated to *fulla-1.
-
*fulmō- f. 'palm of the hand' - ME folm f. 'id.', OS folmos f.pl. 'both hands',
OHG folma f. 'palm' *plh2-m-eh₂- (IE) — Gr. naλάun f. 'palm of the hand' (=
Lat. palma) <*plh2-em-eh2-; Olr. lám f. 'hand' < *plh2-m-eh2-.
An old m-stem. Within Germanic, it is possible to connect ON falma w.v.
'to grope' <*falmōjan-, a verb possibly derived from a lost mo-stem *falmaz
<*polh₂-mo-.
-
*fundōn- w.v. 'to try to find(?)' — OE fundian w.v. 'to try to find, to strive,
intend', OS fundon w.v. 'to strive, proceed' *pnt-néh₂-(?) (DRV?).
The iterative to *finpan- (q.v.). PGm. *fandōn- can be an o-grade variant of
the same iterative."		
alignment-follow-kroonen-base	Kroonen2013	159	199	1	865	873	*pelk-e-	1ee0ad2f5980c6049461ab43621a4b782aa55896bca105abddd71689106881c2	"*fuldō-
159
*fuldō- f. 'earth, ground, field, the world' - ON fold f. 'id.', Far. poet. fold f.
'id.', OE folde f. 'id.', OS folda f. 'id.' *plthz-éh₂- (IE) - Cf. Skt. pṛthví-,
prthiví- f. 'earth, Mother Earth', YAv. zqm pǝrǝ9ẞīm, pǝrǝdẞe... zamō 'broad
earth' <*plth2-u-ih2-.
The Germanic and Indo-Iranian forms continue a feminine form of the
adj. 'flat'. In Indo-European, it presumably occurred with the word for 'land'
in a sacral context. See also *felpa-.
-
*fulgen- w.v. 'to follow, accompany' ON fylgja w.v. 'id.', Far. fylgja w.v.
'id.', Elfd. fya w.v. 'id.', OE fylgan, folgian w.v. 'id.', E to follow, OS folgon w.v.
'id.', Du. volgen w.v. 'id.', OHG folgen w.v. 'id.', G folgen w.v. 'id.' ⇒
*plk-(éh1)-ie- (GM).
ON fylgja and OE fylg(e)an continue a formation *fulgjan- that can be
reconciled with OE fe(o)lan s.v. 'to proceed, go, reach' < *felhan- < *pelk-e-.
Extra-Gm. comparanda are unreliable: Bret. heul 'to follow' probably con-
tinues *selgh- rather than *pelgh- and the connection with CS plazati, Ru.
pólzat', SCr. püzati 'to crawl' must be abandoned in view of the accent
pointing to *plý-eh2- rather than *plýħ-eh2-.
-
*fulla- 1 adj. 'full' — Go. fulls adj. 'id.', ON fullr adj. ‘id.', Far. fullr adj. ‘id.',
Elfd. full adj. 'id.', OE full adj. 'id.', E full, OS full adj. ‘id.', Du. vol adj. 'id.', OHG
fol adj. 'id.', G voll adj. 'id.' ⇒ *plh₁-nó- (IE) — Skt. pūrṇá-, Av. pǝrǝna-, Olr. lán
'id.', Lith. pilnas, OCS plɩɩ adj. 'filled, full' <*plhi-nó-.
An adjective continuing the original past participle of the verbal root
*pelh1- 'to fill'. See also *felu- ~ *fulu-.
*fulla- 2 n. 'cup' - ON full n. 'goblet', OE full n. 'cup' *pl-nó- (IE) — Gr.
⇒
лέλα f. ‘milk pail; drinking bowl, goblet' < *pel-ih₂- and Gr. лεls, nedis
'basin' <*pel-i-s, gen. *pel-i-ós; OCS pol 'scoop' <*pol-o-.
An Indo-European word for a certain vessel. Unrelated to *fulla-1.
-
*fulmō- f. 'palm of the hand' - ME folm f. 'id.', OS folmos f.pl. 'both hands',
OHG folma f. 'palm' *plh2-m-eh₂- (IE) — Gr. naλάun f. 'palm of the hand' (=
Lat. palma) <*plh2-em-eh2-; Olr. lám f. 'hand' < *plh2-m-eh2-.
An old m-stem. Within Germanic, it is possible to connect ON falma w.v.
'to grope' <*falmōjan-, a verb possibly derived from a lost mo-stem *falmaz
<*polh₂-mo-.
-
*fundōn- w.v. 'to try to find(?)' — OE fundian w.v. 'to try to find, to strive,
intend', OS fundon w.v. 'to strive, proceed' *pnt-néh₂-(?) (DRV?).
The iterative to *finpan- (q.v.). PGm. *fandōn- can be an o-grade variant of
the same iterative."		
alignment-follow-rt-folgian	RingeTaylor2014	33	48	2	226	233	folgian	2f7f607100209700b05f4b0a17927321ab7ae14d8f589f33bfaebf9904838003	"PGmc *fulmé (flat) hand’ (< PIE *plh,meh,, cf. Homeric Gk. naAdun /palame:/ ‘palm,
hand’, Olr. lam ‘hand’) > OE folm (poetic), OHG folma, cf. OS masc. pl. folmos;
PNWGme *fulgija- ~ *fulgai- ‘follow (ON fylgja) >— OE fylgan ~ folgian, OF"		
alignment-four-fulk-wgmc	Fulk2018	224	241	1	2833	2840	*feuwar	19e9ea2f4d0e060bbd225548c0c1b2c1678e797a589c4d731bee4de774bdc476	"224
A Comparative Grammar of the Early Germanic Languages
Go.
OIcel.
OE
OS
OHG
m. nom.
þrír
þrīe
thria, -ie, -ea
drī
m. acc.
prins
þrjá
brie
thria, -ie, -ea
drī
n.
nom./acc.
prija
þrjú
prēo
thriu, thrū
driu
f.
nom.
þrjár
prēo
thria, -ie, -ea
drīo
f. acc.
prins
þrjár
prēo
thria, -ie, -ea
drīo
gen.
prijē
þriggja
prēora
drīo
dat.
prim
prim(r)
prim
thrim
drim, drin
The Go. masc. and fem. nom. (both *preis) and fem. gen. (*prijē) and dat. (*þrim) are
unattested. The Go. word is declined like an i-stem noun, of which there are no neut.
examples in Go.; neut. þrija precisely reflects PIE *tri(į)ā (cf. Gk. τpía, Lat. tria), as do
the corresponding forms in the other Gmc. languages. PIE nom. masc. *treies should
have produced PGmc. *þri(j)iz > *briz, which yields the Olcel. and OHG forms; the
OE and OS equivalents show analogical addition of adj. endings to *þrī-. The cognates
of Olcel. þriggja do not show gemination of PGmc. j; probably, then, it is analogical to
tveggja, though some regard it as etymologically correct (e.g. Krahe & Meid 1969: II,
§61; see $6.10 above on the Verschärfung). Certainly, Olcel. prim is analogical, where-
as þrimr < *þrimiz is original (cf. vinr ‘friend' < *winiz). Nom./acc. fem. þrjár reflects
the stem *brī- with the addition of the adjective inflection *-ōR (§9.2), and the WGmc.
languages show a comparable analogical development. 15 OE gen. pl. prēora shows
addition of the adj. ending, whereas OHG drīo is the expected equivalent of Go. prijē.
4. PIE masc. kwetuores '4' (Skt. catváraḥ, Gk. téoσapes, Attic tetrapɛç, Lat.
quattuor) was declined as a consonant-stem. 16 The Gmc. forms (Go. fidwōr, Olcel.
fjórir, OE feower, OS fi(u)war, fior, OHG fiur, with PIE *k*-> *p-> f-, §6.5 ad fin.)
for the most part show limited inflection. Go. fidwōr, with /ð/ < PIE t under Verner's
law, is usually uninflected, though once there is a dat. fidwōrim. Olcel. fjórir is inflected
thus:
masc.
nom.
fjórir
acc.
fjóra
gen.
dat.
fjogurra
fjórum
neut.
fjogur
fjogur
fjogurra
fjórum
fem.
fjórar
fjórar
fjogurra
fjórum
That is to say, fjórir is declined the same way as the plural of gamall (§9.3), with the
same inflections and the same distribution of mono- and disyllabic stems, the remark-
able difference being that the distinction between the stems fjór- and fjogur- is more
pronounced than that between gaml- and gamal-. The development is masc. *feðurēR>
*feuðrer> *fjo̟ðri¸ > fjórir but neut. *feðuru > *feuður > fjogur (§6.14).17 The WGmc.
forms are usually derived from a stem altered before the application of Grimm's and
Verner's laws, *kwetuór-> *kekuór-> *pekuór- > *fexwár- > *fezwar- (Verner's
law), with subsequent change of intervocalic 3w to w after e (§6.4). 18 Yet this assump-
tion requires a stem different from that found in Gothic, and so it is more economical to
derive WGmc. *feuwar from *feðwar < *feðwōr; OHG fiur (and OS fior) may then be
derived from the ordinal (Stiles 1985–6: 6.89–92, with references). Synthesizing these
reconstructions, Stiles concludes (7.18) that ‘4' was inflected thus in PGmc.: nom./acc.
*feðwōr (from the PIE neut.), gen. *feðurô"" (from PIE *kwetur-; cf. Skt. cátur), dat.
*feðurmiz. Thus, Go. and WGmc. generalized the nom./acc. stem, adding i-stem inflec-
tions, whereas ON standardized the oblique stem, adding a- and ō-stem inflections."		
alignment-four-fulk-dental	Fulk2018	224	241	1	2846	2853	*feðwar	19e9ea2f4d0e060bbd225548c0c1b2c1678e797a589c4d731bee4de774bdc476	"224
A Comparative Grammar of the Early Germanic Languages
Go.
OIcel.
OE
OS
OHG
m. nom.
þrír
þrīe
thria, -ie, -ea
drī
m. acc.
prins
þrjá
brie
thria, -ie, -ea
drī
n.
nom./acc.
prija
þrjú
prēo
thriu, thrū
driu
f.
nom.
þrjár
prēo
thria, -ie, -ea
drīo
f. acc.
prins
þrjár
prēo
thria, -ie, -ea
drīo
gen.
prijē
þriggja
prēora
drīo
dat.
prim
prim(r)
prim
thrim
drim, drin
The Go. masc. and fem. nom. (both *preis) and fem. gen. (*prijē) and dat. (*þrim) are
unattested. The Go. word is declined like an i-stem noun, of which there are no neut.
examples in Go.; neut. þrija precisely reflects PIE *tri(į)ā (cf. Gk. τpía, Lat. tria), as do
the corresponding forms in the other Gmc. languages. PIE nom. masc. *treies should
have produced PGmc. *þri(j)iz > *briz, which yields the Olcel. and OHG forms; the
OE and OS equivalents show analogical addition of adj. endings to *þrī-. The cognates
of Olcel. þriggja do not show gemination of PGmc. j; probably, then, it is analogical to
tveggja, though some regard it as etymologically correct (e.g. Krahe & Meid 1969: II,
§61; see $6.10 above on the Verschärfung). Certainly, Olcel. prim is analogical, where-
as þrimr < *þrimiz is original (cf. vinr ‘friend' < *winiz). Nom./acc. fem. þrjár reflects
the stem *brī- with the addition of the adjective inflection *-ōR (§9.2), and the WGmc.
languages show a comparable analogical development. 15 OE gen. pl. prēora shows
addition of the adj. ending, whereas OHG drīo is the expected equivalent of Go. prijē.
4. PIE masc. kwetuores '4' (Skt. catváraḥ, Gk. téoσapes, Attic tetrapɛç, Lat.
quattuor) was declined as a consonant-stem. 16 The Gmc. forms (Go. fidwōr, Olcel.
fjórir, OE feower, OS fi(u)war, fior, OHG fiur, with PIE *k*-> *p-> f-, §6.5 ad fin.)
for the most part show limited inflection. Go. fidwōr, with /ð/ < PIE t under Verner's
law, is usually uninflected, though once there is a dat. fidwōrim. Olcel. fjórir is inflected
thus:
masc.
nom.
fjórir
acc.
fjóra
gen.
dat.
fjogurra
fjórum
neut.
fjogur
fjogur
fjogurra
fjórum
fem.
fjórar
fjórar
fjogurra
fjórum
That is to say, fjórir is declined the same way as the plural of gamall (§9.3), with the
same inflections and the same distribution of mono- and disyllabic stems, the remark-
able difference being that the distinction between the stems fjór- and fjogur- is more
pronounced than that between gaml- and gamal-. The development is masc. *feðurēR>
*feuðrer> *fjo̟ðri¸ > fjórir but neut. *feðuru > *feuður > fjogur (§6.14).17 The WGmc.
forms are usually derived from a stem altered before the application of Grimm's and
Verner's laws, *kwetuór-> *kekuór-> *pekuór- > *fexwár- > *fezwar- (Verner's
law), with subsequent change of intervocalic 3w to w after e (§6.4). 18 Yet this assump-
tion requires a stem different from that found in Gothic, and so it is more economical to
derive WGmc. *feuwar from *feðwar < *feðwōr; OHG fiur (and OS fior) may then be
derived from the ordinal (Stiles 1985–6: 6.89–92, with references). Synthesizing these
reconstructions, Stiles concludes (7.18) that ‘4' was inflected thus in PGmc.: nom./acc.
*feðwōr (from the PIE neut.), gen. *feðurô"" (from PIE *kwetur-; cf. Skt. cátur), dat.
*feðurmiz. Thus, Go. and WGmc. generalized the nom./acc. stem, adding i-stem inflec-
tions, whereas ON standardized the oblique stem, adding a- and ō-stem inflections."		
alignment-four-fulk-traditional-ie	Fulk2018	224	241	1	2579	2588	*kwetuór-	19e9ea2f4d0e060bbd225548c0c1b2c1678e797a589c4d731bee4de774bdc476	"224
A Comparative Grammar of the Early Germanic Languages
Go.
OIcel.
OE
OS
OHG
m. nom.
þrír
þrīe
thria, -ie, -ea
drī
m. acc.
prins
þrjá
brie
thria, -ie, -ea
drī
n.
nom./acc.
prija
þrjú
prēo
thriu, thrū
driu
f.
nom.
þrjár
prēo
thria, -ie, -ea
drīo
f. acc.
prins
þrjár
prēo
thria, -ie, -ea
drīo
gen.
prijē
þriggja
prēora
drīo
dat.
prim
prim(r)
prim
thrim
drim, drin
The Go. masc. and fem. nom. (both *preis) and fem. gen. (*prijē) and dat. (*þrim) are
unattested. The Go. word is declined like an i-stem noun, of which there are no neut.
examples in Go.; neut. þrija precisely reflects PIE *tri(į)ā (cf. Gk. τpía, Lat. tria), as do
the corresponding forms in the other Gmc. languages. PIE nom. masc. *treies should
have produced PGmc. *þri(j)iz > *briz, which yields the Olcel. and OHG forms; the
OE and OS equivalents show analogical addition of adj. endings to *þrī-. The cognates
of Olcel. þriggja do not show gemination of PGmc. j; probably, then, it is analogical to
tveggja, though some regard it as etymologically correct (e.g. Krahe & Meid 1969: II,
§61; see $6.10 above on the Verschärfung). Certainly, Olcel. prim is analogical, where-
as þrimr < *þrimiz is original (cf. vinr ‘friend' < *winiz). Nom./acc. fem. þrjár reflects
the stem *brī- with the addition of the adjective inflection *-ōR (§9.2), and the WGmc.
languages show a comparable analogical development. 15 OE gen. pl. prēora shows
addition of the adj. ending, whereas OHG drīo is the expected equivalent of Go. prijē.
4. PIE masc. kwetuores '4' (Skt. catváraḥ, Gk. téoσapes, Attic tetrapɛç, Lat.
quattuor) was declined as a consonant-stem. 16 The Gmc. forms (Go. fidwōr, Olcel.
fjórir, OE feower, OS fi(u)war, fior, OHG fiur, with PIE *k*-> *p-> f-, §6.5 ad fin.)
for the most part show limited inflection. Go. fidwōr, with /ð/ < PIE t under Verner's
law, is usually uninflected, though once there is a dat. fidwōrim. Olcel. fjórir is inflected
thus:
masc.
nom.
fjórir
acc.
fjóra
gen.
dat.
fjogurra
fjórum
neut.
fjogur
fjogur
fjogurra
fjórum
fem.
fjórar
fjórar
fjogurra
fjórum
That is to say, fjórir is declined the same way as the plural of gamall (§9.3), with the
same inflections and the same distribution of mono- and disyllabic stems, the remark-
able difference being that the distinction between the stems fjór- and fjogur- is more
pronounced than that between gaml- and gamal-. The development is masc. *feðurēR>
*feuðrer> *fjo̟ðri¸ > fjórir but neut. *feðuru > *feuður > fjogur (§6.14).17 The WGmc.
forms are usually derived from a stem altered before the application of Grimm's and
Verner's laws, *kwetuór-> *kekuór-> *pekuór- > *fexwár- > *fezwar- (Verner's
law), with subsequent change of intervocalic 3w to w after e (§6.4). 18 Yet this assump-
tion requires a stem different from that found in Gothic, and so it is more economical to
derive WGmc. *feuwar from *feðwar < *feðwōr; OHG fiur (and OS fior) may then be
derived from the ordinal (Stiles 1985–6: 6.89–92, with references). Synthesizing these
reconstructions, Stiles concludes (7.18) that ‘4' was inflected thus in PGmc.: nom./acc.
*feðwōr (from the PIE neut.), gen. *feðurô"" (from PIE *kwetur-; cf. Skt. cátur), dat.
*feðurmiz. Thus, Go. and WGmc. generalized the nom./acc. stem, adding i-stem inflec-
tions, whereas ON standardized the oblique stem, adding a- and ō-stem inflections."		
alignment-four-fulk-traditional-assimilated	Fulk2018	224	241	1	2590	2598	*kekuór-	19e9ea2f4d0e060bbd225548c0c1b2c1678e797a589c4d731bee4de774bdc476	"224
A Comparative Grammar of the Early Germanic Languages
Go.
OIcel.
OE
OS
OHG
m. nom.
þrír
þrīe
thria, -ie, -ea
drī
m. acc.
prins
þrjá
brie
thria, -ie, -ea
drī
n.
nom./acc.
prija
þrjú
prēo
thriu, thrū
driu
f.
nom.
þrjár
prēo
thria, -ie, -ea
drīo
f. acc.
prins
þrjár
prēo
thria, -ie, -ea
drīo
gen.
prijē
þriggja
prēora
drīo
dat.
prim
prim(r)
prim
thrim
drim, drin
The Go. masc. and fem. nom. (both *preis) and fem. gen. (*prijē) and dat. (*þrim) are
unattested. The Go. word is declined like an i-stem noun, of which there are no neut.
examples in Go.; neut. þrija precisely reflects PIE *tri(į)ā (cf. Gk. τpía, Lat. tria), as do
the corresponding forms in the other Gmc. languages. PIE nom. masc. *treies should
have produced PGmc. *þri(j)iz > *briz, which yields the Olcel. and OHG forms; the
OE and OS equivalents show analogical addition of adj. endings to *þrī-. The cognates
of Olcel. þriggja do not show gemination of PGmc. j; probably, then, it is analogical to
tveggja, though some regard it as etymologically correct (e.g. Krahe & Meid 1969: II,
§61; see $6.10 above on the Verschärfung). Certainly, Olcel. prim is analogical, where-
as þrimr < *þrimiz is original (cf. vinr ‘friend' < *winiz). Nom./acc. fem. þrjár reflects
the stem *brī- with the addition of the adjective inflection *-ōR (§9.2), and the WGmc.
languages show a comparable analogical development. 15 OE gen. pl. prēora shows
addition of the adj. ending, whereas OHG drīo is the expected equivalent of Go. prijē.
4. PIE masc. kwetuores '4' (Skt. catváraḥ, Gk. téoσapes, Attic tetrapɛç, Lat.
quattuor) was declined as a consonant-stem. 16 The Gmc. forms (Go. fidwōr, Olcel.
fjórir, OE feower, OS fi(u)war, fior, OHG fiur, with PIE *k*-> *p-> f-, §6.5 ad fin.)
for the most part show limited inflection. Go. fidwōr, with /ð/ < PIE t under Verner's
law, is usually uninflected, though once there is a dat. fidwōrim. Olcel. fjórir is inflected
thus:
masc.
nom.
fjórir
acc.
fjóra
gen.
dat.
fjogurra
fjórum
neut.
fjogur
fjogur
fjogurra
fjórum
fem.
fjórar
fjórar
fjogurra
fjórum
That is to say, fjórir is declined the same way as the plural of gamall (§9.3), with the
same inflections and the same distribution of mono- and disyllabic stems, the remark-
able difference being that the distinction between the stems fjór- and fjogur- is more
pronounced than that between gaml- and gamal-. The development is masc. *feðurēR>
*feuðrer> *fjo̟ðri¸ > fjórir but neut. *feðuru > *feuður > fjogur (§6.14).17 The WGmc.
forms are usually derived from a stem altered before the application of Grimm's and
Verner's laws, *kwetuór-> *kekuór-> *pekuór- > *fexwár- > *fezwar- (Verner's
law), with subsequent change of intervocalic 3w to w after e (§6.4). 18 Yet this assump-
tion requires a stem different from that found in Gothic, and so it is more economical to
derive WGmc. *feuwar from *feðwar < *feðwōr; OHG fiur (and OS fior) may then be
derived from the ordinal (Stiles 1985–6: 6.89–92, with references). Synthesizing these
reconstructions, Stiles concludes (7.18) that ‘4' was inflected thus in PGmc.: nom./acc.
*feðwōr (from the PIE neut.), gen. *feðurô"" (from PIE *kwetur-; cf. Skt. cátur), dat.
*feðurmiz. Thus, Go. and WGmc. generalized the nom./acc. stem, adding i-stem inflec-
tions, whereas ON standardized the oblique stem, adding a- and ō-stem inflections."		
alignment-four-fulk-traditional-labial	Fulk2018	224	241	1	2600	2608	*pekuór-	19e9ea2f4d0e060bbd225548c0c1b2c1678e797a589c4d731bee4de774bdc476	"224
A Comparative Grammar of the Early Germanic Languages
Go.
OIcel.
OE
OS
OHG
m. nom.
þrír
þrīe
thria, -ie, -ea
drī
m. acc.
prins
þrjá
brie
thria, -ie, -ea
drī
n.
nom./acc.
prija
þrjú
prēo
thriu, thrū
driu
f.
nom.
þrjár
prēo
thria, -ie, -ea
drīo
f. acc.
prins
þrjár
prēo
thria, -ie, -ea
drīo
gen.
prijē
þriggja
prēora
drīo
dat.
prim
prim(r)
prim
thrim
drim, drin
The Go. masc. and fem. nom. (both *preis) and fem. gen. (*prijē) and dat. (*þrim) are
unattested. The Go. word is declined like an i-stem noun, of which there are no neut.
examples in Go.; neut. þrija precisely reflects PIE *tri(į)ā (cf. Gk. τpía, Lat. tria), as do
the corresponding forms in the other Gmc. languages. PIE nom. masc. *treies should
have produced PGmc. *þri(j)iz > *briz, which yields the Olcel. and OHG forms; the
OE and OS equivalents show analogical addition of adj. endings to *þrī-. The cognates
of Olcel. þriggja do not show gemination of PGmc. j; probably, then, it is analogical to
tveggja, though some regard it as etymologically correct (e.g. Krahe & Meid 1969: II,
§61; see $6.10 above on the Verschärfung). Certainly, Olcel. prim is analogical, where-
as þrimr < *þrimiz is original (cf. vinr ‘friend' < *winiz). Nom./acc. fem. þrjár reflects
the stem *brī- with the addition of the adjective inflection *-ōR (§9.2), and the WGmc.
languages show a comparable analogical development. 15 OE gen. pl. prēora shows
addition of the adj. ending, whereas OHG drīo is the expected equivalent of Go. prijē.
4. PIE masc. kwetuores '4' (Skt. catváraḥ, Gk. téoσapes, Attic tetrapɛç, Lat.
quattuor) was declined as a consonant-stem. 16 The Gmc. forms (Go. fidwōr, Olcel.
fjórir, OE feower, OS fi(u)war, fior, OHG fiur, with PIE *k*-> *p-> f-, §6.5 ad fin.)
for the most part show limited inflection. Go. fidwōr, with /ð/ < PIE t under Verner's
law, is usually uninflected, though once there is a dat. fidwōrim. Olcel. fjórir is inflected
thus:
masc.
nom.
fjórir
acc.
fjóra
gen.
dat.
fjogurra
fjórum
neut.
fjogur
fjogur
fjogurra
fjórum
fem.
fjórar
fjórar
fjogurra
fjórum
That is to say, fjórir is declined the same way as the plural of gamall (§9.3), with the
same inflections and the same distribution of mono- and disyllabic stems, the remark-
able difference being that the distinction between the stems fjór- and fjogur- is more
pronounced than that between gaml- and gamal-. The development is masc. *feðurēR>
*feuðrer> *fjo̟ðri¸ > fjórir but neut. *feðuru > *feuður > fjogur (§6.14).17 The WGmc.
forms are usually derived from a stem altered before the application of Grimm's and
Verner's laws, *kwetuór-> *kekuór-> *pekuór- > *fexwár- > *fezwar- (Verner's
law), with subsequent change of intervocalic 3w to w after e (§6.4). 18 Yet this assump-
tion requires a stem different from that found in Gothic, and so it is more economical to
derive WGmc. *feuwar from *feðwar < *feðwōr; OHG fiur (and OS fior) may then be
derived from the ordinal (Stiles 1985–6: 6.89–92, with references). Synthesizing these
reconstructions, Stiles concludes (7.18) that ‘4' was inflected thus in PGmc.: nom./acc.
*feðwōr (from the PIE neut.), gen. *feðurô"" (from PIE *kwetur-; cf. Skt. cátur), dat.
*feðurmiz. Thus, Go. and WGmc. generalized the nom./acc. stem, adding i-stem inflec-
tions, whereas ON standardized the oblique stem, adding a- and ō-stem inflections."		
alignment-four-fulk-traditional-voiceless	Fulk2018	224	241	1	2611	2619	*fexwár-	19e9ea2f4d0e060bbd225548c0c1b2c1678e797a589c4d731bee4de774bdc476	"224
A Comparative Grammar of the Early Germanic Languages
Go.
OIcel.
OE
OS
OHG
m. nom.
þrír
þrīe
thria, -ie, -ea
drī
m. acc.
prins
þrjá
brie
thria, -ie, -ea
drī
n.
nom./acc.
prija
þrjú
prēo
thriu, thrū
driu
f.
nom.
þrjár
prēo
thria, -ie, -ea
drīo
f. acc.
prins
þrjár
prēo
thria, -ie, -ea
drīo
gen.
prijē
þriggja
prēora
drīo
dat.
prim
prim(r)
prim
thrim
drim, drin
The Go. masc. and fem. nom. (both *preis) and fem. gen. (*prijē) and dat. (*þrim) are
unattested. The Go. word is declined like an i-stem noun, of which there are no neut.
examples in Go.; neut. þrija precisely reflects PIE *tri(į)ā (cf. Gk. τpía, Lat. tria), as do
the corresponding forms in the other Gmc. languages. PIE nom. masc. *treies should
have produced PGmc. *þri(j)iz > *briz, which yields the Olcel. and OHG forms; the
OE and OS equivalents show analogical addition of adj. endings to *þrī-. The cognates
of Olcel. þriggja do not show gemination of PGmc. j; probably, then, it is analogical to
tveggja, though some regard it as etymologically correct (e.g. Krahe & Meid 1969: II,
§61; see $6.10 above on the Verschärfung). Certainly, Olcel. prim is analogical, where-
as þrimr < *þrimiz is original (cf. vinr ‘friend' < *winiz). Nom./acc. fem. þrjár reflects
the stem *brī- with the addition of the adjective inflection *-ōR (§9.2), and the WGmc.
languages show a comparable analogical development. 15 OE gen. pl. prēora shows
addition of the adj. ending, whereas OHG drīo is the expected equivalent of Go. prijē.
4. PIE masc. kwetuores '4' (Skt. catváraḥ, Gk. téoσapes, Attic tetrapɛç, Lat.
quattuor) was declined as a consonant-stem. 16 The Gmc. forms (Go. fidwōr, Olcel.
fjórir, OE feower, OS fi(u)war, fior, OHG fiur, with PIE *k*-> *p-> f-, §6.5 ad fin.)
for the most part show limited inflection. Go. fidwōr, with /ð/ < PIE t under Verner's
law, is usually uninflected, though once there is a dat. fidwōrim. Olcel. fjórir is inflected
thus:
masc.
nom.
fjórir
acc.
fjóra
gen.
dat.
fjogurra
fjórum
neut.
fjogur
fjogur
fjogurra
fjórum
fem.
fjórar
fjórar
fjogurra
fjórum
That is to say, fjórir is declined the same way as the plural of gamall (§9.3), with the
same inflections and the same distribution of mono- and disyllabic stems, the remark-
able difference being that the distinction between the stems fjór- and fjogur- is more
pronounced than that between gaml- and gamal-. The development is masc. *feðurēR>
*feuðrer> *fjo̟ðri¸ > fjórir but neut. *feðuru > *feuður > fjogur (§6.14).17 The WGmc.
forms are usually derived from a stem altered before the application of Grimm's and
Verner's laws, *kwetuór-> *kekuór-> *pekuór- > *fexwár- > *fezwar- (Verner's
law), with subsequent change of intervocalic 3w to w after e (§6.4). 18 Yet this assump-
tion requires a stem different from that found in Gothic, and so it is more economical to
derive WGmc. *feuwar from *feðwar < *feðwōr; OHG fiur (and OS fior) may then be
derived from the ordinal (Stiles 1985–6: 6.89–92, with references). Synthesizing these
reconstructions, Stiles concludes (7.18) that ‘4' was inflected thus in PGmc.: nom./acc.
*feðwōr (from the PIE neut.), gen. *feðurô"" (from PIE *kwetur-; cf. Skt. cátur), dat.
*feðurmiz. Thus, Go. and WGmc. generalized the nom./acc. stem, adding i-stem inflec-
tions, whereas ON standardized the oblique stem, adding a- and ō-stem inflections."		
alignment-four-fulk-traditional-voiced	Fulk2018	224	241	1	2622	2630	*fezwar-	19e9ea2f4d0e060bbd225548c0c1b2c1678e797a589c4d731bee4de774bdc476	"224
A Comparative Grammar of the Early Germanic Languages
Go.
OIcel.
OE
OS
OHG
m. nom.
þrír
þrīe
thria, -ie, -ea
drī
m. acc.
prins
þrjá
brie
thria, -ie, -ea
drī
n.
nom./acc.
prija
þrjú
prēo
thriu, thrū
driu
f.
nom.
þrjár
prēo
thria, -ie, -ea
drīo
f. acc.
prins
þrjár
prēo
thria, -ie, -ea
drīo
gen.
prijē
þriggja
prēora
drīo
dat.
prim
prim(r)
prim
thrim
drim, drin
The Go. masc. and fem. nom. (both *preis) and fem. gen. (*prijē) and dat. (*þrim) are
unattested. The Go. word is declined like an i-stem noun, of which there are no neut.
examples in Go.; neut. þrija precisely reflects PIE *tri(į)ā (cf. Gk. τpía, Lat. tria), as do
the corresponding forms in the other Gmc. languages. PIE nom. masc. *treies should
have produced PGmc. *þri(j)iz > *briz, which yields the Olcel. and OHG forms; the
OE and OS equivalents show analogical addition of adj. endings to *þrī-. The cognates
of Olcel. þriggja do not show gemination of PGmc. j; probably, then, it is analogical to
tveggja, though some regard it as etymologically correct (e.g. Krahe & Meid 1969: II,
§61; see $6.10 above on the Verschärfung). Certainly, Olcel. prim is analogical, where-
as þrimr < *þrimiz is original (cf. vinr ‘friend' < *winiz). Nom./acc. fem. þrjár reflects
the stem *brī- with the addition of the adjective inflection *-ōR (§9.2), and the WGmc.
languages show a comparable analogical development. 15 OE gen. pl. prēora shows
addition of the adj. ending, whereas OHG drīo is the expected equivalent of Go. prijē.
4. PIE masc. kwetuores '4' (Skt. catváraḥ, Gk. téoσapes, Attic tetrapɛç, Lat.
quattuor) was declined as a consonant-stem. 16 The Gmc. forms (Go. fidwōr, Olcel.
fjórir, OE feower, OS fi(u)war, fior, OHG fiur, with PIE *k*-> *p-> f-, §6.5 ad fin.)
for the most part show limited inflection. Go. fidwōr, with /ð/ < PIE t under Verner's
law, is usually uninflected, though once there is a dat. fidwōrim. Olcel. fjórir is inflected
thus:
masc.
nom.
fjórir
acc.
fjóra
gen.
dat.
fjogurra
fjórum
neut.
fjogur
fjogur
fjogurra
fjórum
fem.
fjórar
fjórar
fjogurra
fjórum
That is to say, fjórir is declined the same way as the plural of gamall (§9.3), with the
same inflections and the same distribution of mono- and disyllabic stems, the remark-
able difference being that the distinction between the stems fjór- and fjogur- is more
pronounced than that between gaml- and gamal-. The development is masc. *feðurēR>
*feuðrer> *fjo̟ðri¸ > fjórir but neut. *feðuru > *feuður > fjogur (§6.14).17 The WGmc.
forms are usually derived from a stem altered before the application of Grimm's and
Verner's laws, *kwetuór-> *kekuór-> *pekuór- > *fexwár- > *fezwar- (Verner's
law), with subsequent change of intervocalic 3w to w after e (§6.4). 18 Yet this assump-
tion requires a stem different from that found in Gothic, and so it is more economical to
derive WGmc. *feuwar from *feðwar < *feðwōr; OHG fiur (and OS fior) may then be
derived from the ordinal (Stiles 1985–6: 6.89–92, with references). Synthesizing these
reconstructions, Stiles concludes (7.18) that ‘4' was inflected thus in PGmc.: nom./acc.
*feðwōr (from the PIE neut.), gen. *feðurô"" (from PIE *kwetur-; cf. Skt. cátur), dat.
*feðurmiz. Thus, Go. and WGmc. generalized the nom./acc. stem, adding i-stem inflec-
tions, whereas ON standardized the oblique stem, adding a- and ō-stem inflections."		
alignment-four-fulk-oe-nomacc	Fulk2018	225	242	1	185	194	feow(e)re	54169467ec4099d7b95b0b8ee4f5a157e243ae363909639a77b53867de150700	"§10.1 The numerals 1–4
225
WGmc. '4' is usually uninflected when attributive; when predicative or substan-
tive, in OS and OHG it is inflected as an i-stem, in OE as follows: nom./acc. feow(e)re
(with forms in -o in late Northumbrian), gen. feow(e)ra, dat. feow(e)rum. On Go. fidur-,
OE fiber-, see below (§10.10).
1. The literature on Gmc. numerals is treated extensively in Ross & Berns 1992. Schuppener 1996 deals
mainly with numerical structures rather than the specifics of the development of individual numerals.
2. So Ross & Berns 1992: 560-1. The i-stem variant is also reflected in the OE word element an- (anlic
'peerless', anliepe 'solitary', beside ānlic, ānlīepe). Since the numerals ‘5' and above, as well as '3', declined
as i-stems, it should not be surprising that '1' acquired an i-stem alternant. Cf. Ringe & Taylor 2014: 18-20,
positing a phonological change of *ainano"" (cf. Go. áinana) to NWGmc. *aininō"".
3. Rarely can OE weak ānan not be explained as a late form of ānum.
4. Cf. the nom. dual neut. fem. pronoun *toi (§8.9).
5. The PIE alternation of syllabic and nonsyllabic glides after an initial consonant in sandhi is confined to
monosyllables and is commonly referred to as Lindeman's law: see Lindeman 1965.
6. For extensive references to the literature on Gmc. '2', see Strunk 1992: 194-200,.
7. The unattested Go. fem. gen. probably would have been *twaddjō. Cowgill (1985) argues that Go. neut.
twa reflects an uninflected dual corresponding to Gk. Sóo (also reflected in Olcel. tvau, with analogical
addition of the neut. pl. inflection -u of a-stems), and this is possible, though the near-perfect conformity of
the paradigm to that of Go. a/ō-stem adjectives is striking.
8. See Ross & Berns 1992: 568-9 for discussion and references, though their solution, deriving twegen from
*twai inae, requires some unlikely phonological developments. For another view, see Bammesberger 2010.
9. Girvan (1931: 41–2) asserts that the texts with twægen are all Kentish, and in Kentish æ and ē have fallen
together, resulting in hypercorrection. It must be said that the texts are not all Kentish, but nearly all the
examples outside of Kentish charters occur in just two texts, Ælfric's Lives of Saints and the Mercian portion
of the gloss on the Rushworth Gospels. Girvan is thus surely right that a cannot be original, pace Ross &
Berns 1992: 568.
10. It is true that ē is commonly rounded to a after w in Northumbrian, but this will not account for Mercian
twaga.
11. So, e.g., Holthausen 1921: §380 Anm. 2. Cf. Prokosch (1939: §99a; so earlier Meringer 1887: 235), as-
suming the OS and OHG forms were originally like the OE one: ""OS [for which he must mean OHG] ē was
monophthongized from ai at a time, when the word was still felt as a compound, and ai therefore was in final
position; cf. wēnec (by the side of weinec), from *wai- ‘woe'.” Krahe & Meid (1969: §61) instead reconstruct
for OS twēne and OHG zwēne an archaic adjectival distributive numeral PIE *duoi-noi comparable to Lat.
bīnī 'twofold', ternī 'three at a time'; so earlier Hirt 1931-4: II, §93; see further Seebold 1968: 417. As for
Seebold's own argument, despite the impressive orthographic evidence he presents to show that OE twegen
originally had a short root vowel, such an interpretation is forbidden by the counterevidence of poetic meter,
which he fails to explain convincingly. His argument also demands some questionable assumptions, e.g. the
change of WGmc. *-aj- to *-ej- at an early date.
12. To the suffix -ōþ- Torp & Falk (1909: 255) compare Lat. -āt- in nostrātes ‘ours, of our country'. Krause
(1971: 33-4) argues that the perplexing Runic baijor (Kårstad cliff inscription, ca. 450; o is uncertain) is a
form of 'both'.
13. To OS bēdia there also occurs a gen. sg. neut. bēdies.
14. Ross & Berns (1992: 573) reconstruct a stem with the pronoun *þiu attached, but whereas this is plainly
attached to the stem in OS and OHG, there is no plausible source for it in ON.
15. On OHG nom./acc. fem. drīo in particular, see Eichner 1987: 196–200.
16. Szemerényi (1996: §8.5.2) suggests PIE fem. *kwetesres, neut. *kwetuōr, masc. acc. *kweturns, gen.
*kweturom, loc. *kwetursu.
17. So the handbooks of ON, as well as Stiles 1985–6: 6.97–104 (with references) and (probably) Voyles
1987: 489; Hirt (1931–4: II, §91) and Pokorny (1959–69: I, 643) instead derive the form from *kwetwōr,
assimilated to *kwekwōr in Pre-PGmc.
18. Mottausch (2015: 286) instead reconstructs WGmc. *feuwar-, without 3, explaining the loss of PIE t as
analogical to the ordinal Pre-PGmc. *péturto-, by dissimilation (cf. Skt. caturthá-)."		
alignment-four-fulk-oe-genitive	Fulk2018	225	242	1	241	250	feow(e)ra	54169467ec4099d7b95b0b8ee4f5a157e243ae363909639a77b53867de150700	"§10.1 The numerals 1–4
225
WGmc. '4' is usually uninflected when attributive; when predicative or substan-
tive, in OS and OHG it is inflected as an i-stem, in OE as follows: nom./acc. feow(e)re
(with forms in -o in late Northumbrian), gen. feow(e)ra, dat. feow(e)rum. On Go. fidur-,
OE fiber-, see below (§10.10).
1. The literature on Gmc. numerals is treated extensively in Ross & Berns 1992. Schuppener 1996 deals
mainly with numerical structures rather than the specifics of the development of individual numerals.
2. So Ross & Berns 1992: 560-1. The i-stem variant is also reflected in the OE word element an- (anlic
'peerless', anliepe 'solitary', beside ānlic, ānlīepe). Since the numerals ‘5' and above, as well as '3', declined
as i-stems, it should not be surprising that '1' acquired an i-stem alternant. Cf. Ringe & Taylor 2014: 18-20,
positing a phonological change of *ainano"" (cf. Go. áinana) to NWGmc. *aininō"".
3. Rarely can OE weak ānan not be explained as a late form of ānum.
4. Cf. the nom. dual neut. fem. pronoun *toi (§8.9).
5. The PIE alternation of syllabic and nonsyllabic glides after an initial consonant in sandhi is confined to
monosyllables and is commonly referred to as Lindeman's law: see Lindeman 1965.
6. For extensive references to the literature on Gmc. '2', see Strunk 1992: 194-200,.
7. The unattested Go. fem. gen. probably would have been *twaddjō. Cowgill (1985) argues that Go. neut.
twa reflects an uninflected dual corresponding to Gk. Sóo (also reflected in Olcel. tvau, with analogical
addition of the neut. pl. inflection -u of a-stems), and this is possible, though the near-perfect conformity of
the paradigm to that of Go. a/ō-stem adjectives is striking.
8. See Ross & Berns 1992: 568-9 for discussion and references, though their solution, deriving twegen from
*twai inae, requires some unlikely phonological developments. For another view, see Bammesberger 2010.
9. Girvan (1931: 41–2) asserts that the texts with twægen are all Kentish, and in Kentish æ and ē have fallen
together, resulting in hypercorrection. It must be said that the texts are not all Kentish, but nearly all the
examples outside of Kentish charters occur in just two texts, Ælfric's Lives of Saints and the Mercian portion
of the gloss on the Rushworth Gospels. Girvan is thus surely right that a cannot be original, pace Ross &
Berns 1992: 568.
10. It is true that ē is commonly rounded to a after w in Northumbrian, but this will not account for Mercian
twaga.
11. So, e.g., Holthausen 1921: §380 Anm. 2. Cf. Prokosch (1939: §99a; so earlier Meringer 1887: 235), as-
suming the OS and OHG forms were originally like the OE one: ""OS [for which he must mean OHG] ē was
monophthongized from ai at a time, when the word was still felt as a compound, and ai therefore was in final
position; cf. wēnec (by the side of weinec), from *wai- ‘woe'.” Krahe & Meid (1969: §61) instead reconstruct
for OS twēne and OHG zwēne an archaic adjectival distributive numeral PIE *duoi-noi comparable to Lat.
bīnī 'twofold', ternī 'three at a time'; so earlier Hirt 1931-4: II, §93; see further Seebold 1968: 417. As for
Seebold's own argument, despite the impressive orthographic evidence he presents to show that OE twegen
originally had a short root vowel, such an interpretation is forbidden by the counterevidence of poetic meter,
which he fails to explain convincingly. His argument also demands some questionable assumptions, e.g. the
change of WGmc. *-aj- to *-ej- at an early date.
12. To the suffix -ōþ- Torp & Falk (1909: 255) compare Lat. -āt- in nostrātes ‘ours, of our country'. Krause
(1971: 33-4) argues that the perplexing Runic baijor (Kårstad cliff inscription, ca. 450; o is uncertain) is a
form of 'both'.
13. To OS bēdia there also occurs a gen. sg. neut. bēdies.
14. Ross & Berns (1992: 573) reconstruct a stem with the pronoun *þiu attached, but whereas this is plainly
attached to the stem in OS and OHG, there is no plausible source for it in ON.
15. On OHG nom./acc. fem. drīo in particular, see Eichner 1987: 196–200.
16. Szemerényi (1996: §8.5.2) suggests PIE fem. *kwetesres, neut. *kwetuōr, masc. acc. *kweturns, gen.
*kweturom, loc. *kwetursu.
17. So the handbooks of ON, as well as Stiles 1985–6: 6.97–104 (with references) and (probably) Voyles
1987: 489; Hirt (1931–4: II, §91) and Pokorny (1959–69: I, 643) instead derive the form from *kwetwōr,
assimilated to *kwekwōr in Pre-PGmc.
18. Mottausch (2015: 286) instead reconstructs WGmc. *feuwar-, without 3, explaining the loss of PIE t as
analogical to the ordinal Pre-PGmc. *péturto-, by dissimilation (cf. Skt. caturthá-)."		
alignment-four-fulk-oe-dative	Fulk2018	225	242	1	257	267	feow(e)rum	54169467ec4099d7b95b0b8ee4f5a157e243ae363909639a77b53867de150700	"§10.1 The numerals 1–4
225
WGmc. '4' is usually uninflected when attributive; when predicative or substan-
tive, in OS and OHG it is inflected as an i-stem, in OE as follows: nom./acc. feow(e)re
(with forms in -o in late Northumbrian), gen. feow(e)ra, dat. feow(e)rum. On Go. fidur-,
OE fiber-, see below (§10.10).
1. The literature on Gmc. numerals is treated extensively in Ross & Berns 1992. Schuppener 1996 deals
mainly with numerical structures rather than the specifics of the development of individual numerals.
2. So Ross & Berns 1992: 560-1. The i-stem variant is also reflected in the OE word element an- (anlic
'peerless', anliepe 'solitary', beside ānlic, ānlīepe). Since the numerals ‘5' and above, as well as '3', declined
as i-stems, it should not be surprising that '1' acquired an i-stem alternant. Cf. Ringe & Taylor 2014: 18-20,
positing a phonological change of *ainano"" (cf. Go. áinana) to NWGmc. *aininō"".
3. Rarely can OE weak ānan not be explained as a late form of ānum.
4. Cf. the nom. dual neut. fem. pronoun *toi (§8.9).
5. The PIE alternation of syllabic and nonsyllabic glides after an initial consonant in sandhi is confined to
monosyllables and is commonly referred to as Lindeman's law: see Lindeman 1965.
6. For extensive references to the literature on Gmc. '2', see Strunk 1992: 194-200,.
7. The unattested Go. fem. gen. probably would have been *twaddjō. Cowgill (1985) argues that Go. neut.
twa reflects an uninflected dual corresponding to Gk. Sóo (also reflected in Olcel. tvau, with analogical
addition of the neut. pl. inflection -u of a-stems), and this is possible, though the near-perfect conformity of
the paradigm to that of Go. a/ō-stem adjectives is striking.
8. See Ross & Berns 1992: 568-9 for discussion and references, though their solution, deriving twegen from
*twai inae, requires some unlikely phonological developments. For another view, see Bammesberger 2010.
9. Girvan (1931: 41–2) asserts that the texts with twægen are all Kentish, and in Kentish æ and ē have fallen
together, resulting in hypercorrection. It must be said that the texts are not all Kentish, but nearly all the
examples outside of Kentish charters occur in just two texts, Ælfric's Lives of Saints and the Mercian portion
of the gloss on the Rushworth Gospels. Girvan is thus surely right that a cannot be original, pace Ross &
Berns 1992: 568.
10. It is true that ē is commonly rounded to a after w in Northumbrian, but this will not account for Mercian
twaga.
11. So, e.g., Holthausen 1921: §380 Anm. 2. Cf. Prokosch (1939: §99a; so earlier Meringer 1887: 235), as-
suming the OS and OHG forms were originally like the OE one: ""OS [for which he must mean OHG] ē was
monophthongized from ai at a time, when the word was still felt as a compound, and ai therefore was in final
position; cf. wēnec (by the side of weinec), from *wai- ‘woe'.” Krahe & Meid (1969: §61) instead reconstruct
for OS twēne and OHG zwēne an archaic adjectival distributive numeral PIE *duoi-noi comparable to Lat.
bīnī 'twofold', ternī 'three at a time'; so earlier Hirt 1931-4: II, §93; see further Seebold 1968: 417. As for
Seebold's own argument, despite the impressive orthographic evidence he presents to show that OE twegen
originally had a short root vowel, such an interpretation is forbidden by the counterevidence of poetic meter,
which he fails to explain convincingly. His argument also demands some questionable assumptions, e.g. the
change of WGmc. *-aj- to *-ej- at an early date.
12. To the suffix -ōþ- Torp & Falk (1909: 255) compare Lat. -āt- in nostrātes ‘ours, of our country'. Krause
(1971: 33-4) argues that the perplexing Runic baijor (Kårstad cliff inscription, ca. 450; o is uncertain) is a
form of 'both'.
13. To OS bēdia there also occurs a gen. sg. neut. bēdies.
14. Ross & Berns (1992: 573) reconstruct a stem with the pronoun *þiu attached, but whereas this is plainly
attached to the stem in OS and OHG, there is no plausible source for it in ON.
15. On OHG nom./acc. fem. drīo in particular, see Eichner 1987: 196–200.
16. Szemerényi (1996: §8.5.2) suggests PIE fem. *kwetesres, neut. *kwetuōr, masc. acc. *kweturns, gen.
*kweturom, loc. *kwetursu.
17. So the handbooks of ON, as well as Stiles 1985–6: 6.97–104 (with references) and (probably) Voyles
1987: 489; Hirt (1931–4: II, §91) and Pokorny (1959–69: I, 643) instead derive the form from *kwetwōr,
assimilated to *kwekwōr in Pre-PGmc.
18. Mottausch (2015: 286) instead reconstructs WGmc. *feuwar-, without 3, explaining the loss of PIE t as
analogical to the ordinal Pre-PGmc. *péturto-, by dissimilation (cf. Skt. caturthá-)."		
