evidence_id	row_ids	printed_pages	local_limit
rt-complete-1934-003	1934	126	Literal held-text spelling; accents, dental/palatal signs and quantity may be degraded. Not newly image-certified. Preserved overlapping-extractor verification/representation caution: Text anchor retained; its role is not automatically an OE selected-cell quotation.
rt-complete-1934-010	1934	233	Literal held-text spelling; accents, dental/palatal signs and quantity may be degraded. Not newly image-certified. Preserved overlapping-extractor verification/representation caution: Text anchor retained; its role is not automatically an OE selected-cell quotation.
rt-complete-1936-003	1936	126	Literal held-text spelling; accents, dental/palatal signs and quantity may be degraded. Not newly image-certified. Preserved overlapping-extractor verification/representation caution: Text anchor retained; its role is not automatically an OE selected-cell quotation.
rt-complete-1937-003	1937	182	Literal held-text spelling; accents, dental/palatal signs and quantity may be degraded. Not newly image-certified.
rt-complete-1937-006	1937	313	Literal held-text spelling; accents, dental/palatal signs and quantity may be degraded. Not newly image-certified.
rt-complete-1937-007	1937	313	Literal held-text spelling; accents, dental/palatal signs and quantity may be degraded. Not newly image-certified.
rt-complete-1939-007	1939	194	Literal held-text spelling; accents, dental/palatal signs and quantity may be degraded. Not newly image-certified.
rt-complete-1940-004	1940	180	Literal held-text spelling; accents, dental/palatal signs and quantity may be degraded. Not newly image-certified.
rt-complete-1944-001	1944	245	Diplomatic field is the uncorrected held-text reading, not a newly image-authenticated glyph transcription. Local stage label in holding: PGmc. Exact original quantity/nasal-vowel/palatalization glyph represented by this extracted token remains unresolved; the reading is not silently corrected.
rt-complete-1944-002	1944	245	Diplomatic field is the uncorrected held-text reading, not a newly image-authenticated glyph transcription. Exact original quantity/nasal-vowel/palatalization glyph represented by this extracted token remains unresolved; the reading is not silently corrected.
rt-complete-1944-004	1944	245	Diplomatic field is the uncorrected held-text reading, not a newly image-authenticated glyph transcription. Exact original quantity/nasal-vowel/palatalization glyph represented by this extracted token remains unresolved; the reading is not silently corrected.
rt-complete-1944-005	1944	245	Literal held-text spelling; accents, dental/palatal signs and quantity may be degraded. Not newly image-certified.
rt-complete-1944-006	1944	245	Literal held-text spelling; accents, dental/palatal signs and quantity may be degraded. Not newly image-certified.
rt-complete-1945-003	1945	208	Literal held-text spelling; accents, dental/palatal signs and quantity may be degraded. Not newly image-certified.
rt-complete-1945-007	1945	231	Literal held-text spelling; accents, dental/palatal signs and quantity may be degraded. Not newly image-certified.
rt-complete-1945-008	1945	231	Literal held-text spelling; accents, dental/palatal signs and quantity may be degraded. Not newly image-certified.
rt-complete-1945-013	1945	243	Literal held-text spelling; accents, dental/palatal signs and quantity may be degraded. Not newly image-certified.
rt-complete-1945-023	1945	287	Literal held-text spelling; accents, dental/palatal signs and quantity may be degraded. Not newly image-certified.
rt-complete-1948-001	1948	51	Diplomatic field is the uncorrected held-text reading, not a newly image-authenticated glyph transcription. Local stage label in holding: PGmc. Exact original quantity/nasal-vowel/palatalization glyph represented by this extracted token remains unresolved; the reading is not silently corrected.
rt-complete-1948-004	1948	51	Literal held-text spelling; accents, dental/palatal signs and quantity may be degraded. Not newly image-certified.
rt-complete-1950-001	1950	153	Diplomatic field is the uncorrected held-text reading, not a newly image-authenticated glyph transcription. Local stage label in holding: PGmc. Exact original quantity/nasal-vowel/palatalization glyph represented by this extracted token remains unresolved; the reading is not silently corrected.
rt-complete-1950-004	1950	153	Literal held-text spelling; accents, dental/palatal signs and quantity may be degraded. Not newly image-certified.
rt-complete-1951-001	1951	271	Diplomatic field is the uncorrected held-text reading, not a newly image-authenticated glyph transcription. Local stage label in holding: PGmc. Exact original quantity/nasal-vowel/palatalization glyph represented by this extracted token remains unresolved; the reading is not silently corrected.
rt-complete-1952-001	1952	299	Diplomatic field is the uncorrected held-text reading, not a newly image-authenticated glyph transcription. Relevant paragraph co-occurrence alone does not establish this token as the selected etymon/cell; relationship intentionally unresolved.
rt-complete-1952-002	1952	299	Diplomatic field is the uncorrected held-text reading, not a newly image-authenticated glyph transcription. Local stage label in holding: PWGmc. Exact original quantity/nasal-vowel/palatalization glyph represented by this extracted token remains unresolved; the reading is not silently corrected. Relevant paragraph co-occurrence alone does not establish this token as the selected etymon/cell; relationship intentionally unresolved.
rt-complete-1952-003	1952	299	Diplomatic field is the uncorrected held-text reading, not a newly image-authenticated glyph transcription. Relevant paragraph co-occurrence alone does not establish this token as the selected etymon/cell; relationship intentionally unresolved.
rt-complete-1952-004	1952	299	Diplomatic field is the uncorrected held-text reading, not a newly image-authenticated glyph transcription. Exact original quantity/nasal-vowel/palatalization glyph represented by this extracted token remains unresolved; the reading is not silently corrected. Relevant paragraph co-occurrence alone does not establish this token as the selected etymon/cell; relationship intentionally unresolved.
rt-complete-1952-005	1952	299	Diplomatic field is the uncorrected held-text reading, not a newly image-authenticated glyph transcription. Relevant paragraph co-occurrence alone does not establish this token as the selected etymon/cell; relationship intentionally unresolved.
rt-complete-1952-006	1952	299	Diplomatic field is the uncorrected held-text reading, not a newly image-authenticated glyph transcription. Relevant paragraph co-occurrence alone does not establish this token as the selected etymon/cell; relationship intentionally unresolved.
rt-complete-1952-007	1952	299	Diplomatic field is the uncorrected held-text reading, not a newly image-authenticated glyph transcription. Local stage label in holding: PWGmece. Exact original quantity/nasal-vowel/palatalization glyph represented by this extracted token remains unresolved; the reading is not silently corrected. Relevant paragraph co-occurrence alone does not establish this token as the selected etymon/cell; relationship intentionally unresolved.
rt-complete-1952-008	1952	299	Diplomatic field is the uncorrected held-text reading, not a newly image-authenticated glyph transcription. Local stage label in holding: PWGmece. Exact original quantity/nasal-vowel/palatalization glyph represented by this extracted token remains unresolved; the reading is not silently corrected. Relevant paragraph co-occurrence alone does not establish this token as the selected etymon/cell; relationship intentionally unresolved.
rt-complete-1952-009	1952	299	Diplomatic field is the uncorrected held-text reading, not a newly image-authenticated glyph transcription. Local stage label in holding: PGmc. Exact original quantity/nasal-vowel/palatalization glyph represented by this extracted token remains unresolved; the reading is not silently corrected. Relevant paragraph co-occurrence alone does not establish this token as the selected etymon/cell; relationship intentionally unresolved.
rt-complete-1952-010	1952	299	Diplomatic field is the uncorrected held-text reading, not a newly image-authenticated glyph transcription. Relevant paragraph co-occurrence alone does not establish this token as the selected etymon/cell; relationship intentionally unresolved.
rt-complete-1955-001	1955	138	Diplomatic field is the uncorrected held-text reading, not a newly image-authenticated glyph transcription. Relevant paragraph co-occurrence alone does not establish this token as the selected etymon/cell; relationship intentionally unresolved.
rt-complete-1955-002	1955	138	Diplomatic field is the uncorrected held-text reading, not a newly image-authenticated glyph transcription. Relevant paragraph co-occurrence alone does not establish this token as the selected etymon/cell; relationship intentionally unresolved.
rt-complete-1955-003	1955	138	Diplomatic field is the uncorrected held-text reading, not a newly image-authenticated glyph transcription. Relevant paragraph co-occurrence alone does not establish this token as the selected etymon/cell; relationship intentionally unresolved.
rt-complete-1955-004	1955	138	Diplomatic field is the uncorrected held-text reading, not a newly image-authenticated glyph transcription. Relevant paragraph co-occurrence alone does not establish this token as the selected etymon/cell; relationship intentionally unresolved.
rt-complete-1955-005	1955	208	Diplomatic field is the uncorrected held-text reading, not a newly image-authenticated glyph transcription. Relevant paragraph co-occurrence alone does not establish this token as the selected etymon/cell; relationship intentionally unresolved.
rt-complete-1955-006	1955	208	Diplomatic field is the uncorrected held-text reading, not a newly image-authenticated glyph transcription. Relevant paragraph co-occurrence alone does not establish this token as the selected etymon/cell; relationship intentionally unresolved.
rt-complete-1955-007	1955	227	Diplomatic field is the uncorrected held-text reading, not a newly image-authenticated glyph transcription. Relevant paragraph co-occurrence alone does not establish this token as the selected etymon/cell; relationship intentionally unresolved.
rt-complete-1955-008	1955	227	Diplomatic field is the uncorrected held-text reading, not a newly image-authenticated glyph transcription. Local stage label in holding: OE. Relevant paragraph co-occurrence alone does not establish this token as the selected etymon/cell; relationship intentionally unresolved.
rt-complete-1955-009	1955	286	Diplomatic field is the uncorrected held-text reading, not a newly image-authenticated glyph transcription. Relevant paragraph co-occurrence alone does not establish this token as the selected etymon/cell; relationship intentionally unresolved.
rt-complete-1955-010	1955	286	Diplomatic field is the uncorrected held-text reading, not a newly image-authenticated glyph transcription. Local stage label in holding: PWGmc. Relevant paragraph co-occurrence alone does not establish this token as the selected etymon/cell; relationship intentionally unresolved.
rt-complete-1955-011	1955	286	Diplomatic field is the uncorrected held-text reading, not a newly image-authenticated glyph transcription. Relevant paragraph co-occurrence alone does not establish this token as the selected etymon/cell; relationship intentionally unresolved.
rt-complete-1957-001	1957	332	Diplomatic field is the uncorrected held-text reading, not a newly image-authenticated glyph transcription. Local stage label in holding: PWGmce. Exact original quantity/nasal-vowel/palatalization glyph represented by this extracted token remains unresolved; the reading is not silently corrected.
rt-complete-1957-003	1957	332	Literal held-text spelling; accents, dental/palatal signs and quantity may be degraded. Not newly image-certified. Preserved overlapping-extractor verification/representation caution: Text anchor retained; its role is not automatically an OE selected-cell quotation.
rt-complete-1957-004	1957	332	Literal held-text spelling; accents, dental/palatal signs and quantity may be degraded. Not newly image-certified.
rt-complete-1957-005	1957	332	Literal held-text spelling; accents, dental/palatal signs and quantity may be degraded. Not newly image-certified.
rt-complete-1958-001	1958	121	Diplomatic field is the uncorrected held-text reading, not a newly image-authenticated glyph transcription. Relevant paragraph co-occurrence alone does not establish this token as the selected etymon/cell; relationship intentionally unresolved.
rt-complete-1958-002	1958	388	Diplomatic field is the uncorrected held-text reading, not a newly image-authenticated glyph transcription. Exact original quantity/nasal-vowel/palatalization glyph represented by this extracted token remains unresolved; the reading is not silently corrected. Relevant paragraph co-occurrence alone does not establish this token as the selected etymon/cell; relationship intentionally unresolved.
rt-complete-1958-003	1958	388	Diplomatic field is the uncorrected held-text reading, not a newly image-authenticated glyph transcription. Relevant paragraph co-occurrence alone does not establish this token as the selected etymon/cell; relationship intentionally unresolved.
rt-complete-1958-004	1958	388	Diplomatic field is the uncorrected held-text reading, not a newly image-authenticated glyph transcription. Relevant paragraph co-occurrence alone does not establish this token as the selected etymon/cell; relationship intentionally unresolved.
rt-complete-1958-005	1958	388	Diplomatic field is the uncorrected held-text reading, not a newly image-authenticated glyph transcription. Relevant paragraph co-occurrence alone does not establish this token as the selected etymon/cell; relationship intentionally unresolved.
rt-complete-1958-006	1958	388	Diplomatic field is the uncorrected held-text reading, not a newly image-authenticated glyph transcription. Relevant paragraph co-occurrence alone does not establish this token as the selected etymon/cell; relationship intentionally unresolved.
rt-complete-1959-001	1959	332	Diplomatic field is the uncorrected held-text reading, not a newly image-authenticated glyph transcription. Relevant paragraph co-occurrence alone does not establish this token as the selected etymon/cell; relationship intentionally unresolved. Parenthetical compared/reported unit, not automatically the row's own reconstruction.
rt-complete-1959-002	1959	332	Diplomatic field is the uncorrected held-text reading, not a newly image-authenticated glyph transcription. Relevant paragraph co-occurrence alone does not establish this token as the selected etymon/cell; relationship intentionally unresolved. Parenthetical compared/reported unit, not automatically the row's own reconstruction.
rt-complete-1959-004	1959	341	Diplomatic field is the uncorrected held-text reading, not a newly image-authenticated glyph transcription. Relevant paragraph co-occurrence alone does not establish this token as the selected etymon/cell; relationship intentionally unresolved.
rt-complete-1959-005	1959	341	Diplomatic field is the uncorrected held-text reading, not a newly image-authenticated glyph transcription. Relevant paragraph co-occurrence alone does not establish this token as the selected etymon/cell; relationship intentionally unresolved.
rt-complete-1961-001	1961	209	Diplomatic field is the uncorrected held-text reading, not a newly image-authenticated glyph transcription. Local stage label in holding: PNWGmce. Exact original quantity/nasal-vowel/palatalization glyph represented by this extracted token remains unresolved; the reading is not silently corrected.
rt-complete-1961-002	1961	209	Diplomatic field is the uncorrected held-text reading, not a newly image-authenticated glyph transcription. Exact original quantity/nasal-vowel/palatalization glyph represented by this extracted token remains unresolved; the reading is not silently corrected.
rt-complete-1961-003	1961	209	Literal held-text spelling; accents, dental/palatal signs and quantity may be degraded. Not newly image-certified.
rt-complete-1961-004	1961	246	Diplomatic field is the uncorrected held-text reading, not a newly image-authenticated glyph transcription. Local stage label in holding: PNWGmc. Exact original quantity/nasal-vowel/palatalization glyph represented by this extracted token remains unresolved; the reading is not silently corrected.
rt-complete-1961-005	1961	246	Diplomatic field is the uncorrected held-text reading, not a newly image-authenticated glyph transcription. Exact original quantity/nasal-vowel/palatalization glyph represented by this extracted token remains unresolved; the reading is not silently corrected.
rt-complete-1961-006	1961	246	Literal held-text spelling; accents, dental/palatal signs and quantity may be degraded. Not newly image-certified.
rt-complete-1961-007	1961	246	Literal held-text spelling; accents, dental/palatal signs and quantity may be degraded. Not newly image-certified.
rt-complete-1962-003	1962	309	Literal held-text spelling; accents, dental/palatal signs and quantity may be degraded. Not newly image-certified.
rt-complete-1962-004	1962	309	Literal held-text spelling; accents, dental/palatal signs and quantity may be degraded. Not newly image-certified.
rt-complete-1963-001	1963	28	Diplomatic field is the uncorrected held-text reading, not a newly image-authenticated glyph transcription. Local stage label in holding: PNWGmc. Exact original quantity/nasal-vowel/palatalization glyph represented by this extracted token remains unresolved; the reading is not silently corrected.
rt-complete-1963-002	1963	28	Diplomatic field is the uncorrected held-text reading, not a newly image-authenticated glyph transcription. Local stage label in holding: PGmc. Exact original quantity/nasal-vowel/palatalization glyph represented by this extracted token remains unresolved; the reading is not silently corrected. Parenthetical compared/reported unit, not automatically the row's own reconstruction.
rt-complete-1968-001	1968	174	Diplomatic field is the uncorrected held-text reading, not a newly image-authenticated glyph transcription. Relevant paragraph co-occurrence alone does not establish this token as the selected etymon/cell; relationship intentionally unresolved.
rt-complete-1969-003	1969	208	Literal held-text spelling; accents, dental/palatal signs and quantity may be degraded. Not newly image-certified.
rt-complete-1969-006	1969	227	Literal held-text spelling; accents, dental/palatal signs and quantity may be degraded. Not newly image-certified.
rt-complete-1970-003	1970	224	Literal held-text spelling; accents, dental/palatal signs and quantity may be degraded. Not newly image-certified. Preserved overlapping-extractor verification/representation caution: Text anchor retained; its role is not automatically an OE selected-cell quotation.
rt-complete-1971-001	1971	4	Diplomatic field is the uncorrected held-text reading, not a newly image-authenticated glyph transcription. Local stage label in holding: PGmc. Exact original quantity/nasal-vowel/palatalization glyph represented by this extracted token remains unresolved; the reading is not silently corrected. Relevant paragraph co-occurrence alone does not establish this token as the selected etymon/cell; relationship intentionally unresolved.
rt-complete-1971-002	1971	4	Diplomatic field is the uncorrected held-text reading, not a newly image-authenticated glyph transcription. Local stage label in holding: pre-OE. Exact original quantity/nasal-vowel/palatalization glyph represented by this extracted token remains unresolved; the reading is not silently corrected. Relevant paragraph co-occurrence alone does not establish this token as the selected etymon/cell; relationship intentionally unresolved.
rt-complete-1971-003	1971	4	Diplomatic field is the uncorrected held-text reading, not a newly image-authenticated glyph transcription. Local stage label in holding: PWGmc. Exact original quantity/nasal-vowel/palatalization glyph represented by this extracted token remains unresolved; the reading is not silently corrected. Relevant paragraph co-occurrence alone does not establish this token as the selected etymon/cell; relationship intentionally unresolved.
rt-complete-1971-004	1971	4	Diplomatic field is the uncorrected held-text reading, not a newly image-authenticated glyph transcription. Local stage label in holding: PGmc. Exact original quantity/nasal-vowel/palatalization glyph represented by this extracted token remains unresolved; the reading is not silently corrected. Relevant paragraph co-occurrence alone does not establish this token as the selected etymon/cell; relationship intentionally unresolved.
rt-complete-1972-001	1972	39	Diplomatic field is the uncorrected held-text reading, not a newly image-authenticated glyph transcription. Local stage label in holding: PGmc. Exact original quantity/nasal-vowel/palatalization glyph represented by this extracted token remains unresolved; the reading is not silently corrected. Relevant paragraph co-occurrence alone does not establish this token as the selected etymon/cell; relationship intentionally unresolved.
rt-complete-1972-002	1972	39	Diplomatic field is the uncorrected held-text reading, not a newly image-authenticated glyph transcription. Exact original quantity/nasal-vowel/palatalization glyph represented by this extracted token remains unresolved; the reading is not silently corrected. Relevant paragraph co-occurrence alone does not establish this token as the selected etymon/cell; relationship intentionally unresolved.
rt-complete-1974-002	1974	347	Diplomatic field is the uncorrected held-text reading, not a newly image-authenticated glyph transcription. Relevant paragraph co-occurrence alone does not establish this token as the selected etymon/cell; relationship intentionally unresolved.
rt-complete-1975-016	1975	231	Literal held-text spelling; accents, dental/palatal signs and quantity may be degraded. Not newly image-certified.
rt-complete-1975-017	1975	385	Diplomatic field is the uncorrected held-text reading, not a newly image-authenticated glyph transcription. Relevant paragraph co-occurrence alone does not establish this token as the selected etymon/cell; relationship intentionally unresolved. Parenthetical compared/reported unit, not automatically the row's own reconstruction.
rt-complete-1975-018	1975	385	Diplomatic field is the uncorrected held-text reading, not a newly image-authenticated glyph transcription. Relevant paragraph co-occurrence alone does not establish this token as the selected etymon/cell; relationship intentionally unresolved. Parenthetical compared/reported unit, not automatically the row's own reconstruction.
rt-complete-1975-019	1975	385	Diplomatic field is the uncorrected held-text reading, not a newly image-authenticated glyph transcription. Relevant paragraph co-occurrence alone does not establish this token as the selected etymon/cell; relationship intentionally unresolved.
rt-complete-1975-020	1975	385	Diplomatic field is the uncorrected held-text reading, not a newly image-authenticated glyph transcription. Relevant paragraph co-occurrence alone does not establish this token as the selected etymon/cell; relationship intentionally unresolved. Parenthetical compared/reported unit, not automatically the row's own reconstruction.
rt-complete-1975-021	1975	385	Diplomatic field is the uncorrected held-text reading, not a newly image-authenticated glyph transcription. Local stage label in holding: PGmc. Relevant paragraph co-occurrence alone does not establish this token as the selected etymon/cell; relationship intentionally unresolved.
rt-complete-1975-022	1975	385	Diplomatic field is the uncorrected held-text reading, not a newly image-authenticated glyph transcription. Local stage label in holding: PWGmc. Relevant paragraph co-occurrence alone does not establish this token as the selected etymon/cell; relationship intentionally unresolved.
rt-complete-1975-023	1975	385	Diplomatic field is the uncorrected held-text reading, not a newly image-authenticated glyph transcription. Relevant paragraph co-occurrence alone does not establish this token as the selected etymon/cell; relationship intentionally unresolved.
rt-complete-1975-024	1975	385	Diplomatic field is the uncorrected held-text reading, not a newly image-authenticated glyph transcription. Relevant paragraph co-occurrence alone does not establish this token as the selected etymon/cell; relationship intentionally unresolved.
rt-complete-1975-025	1975	385	Diplomatic field is the uncorrected held-text reading, not a newly image-authenticated glyph transcription. Relevant paragraph co-occurrence alone does not establish this token as the selected etymon/cell; relationship intentionally unresolved.
rt-complete-1976-001	1976	173	Diplomatic field is the uncorrected held-text reading, not a newly image-authenticated glyph transcription. Local stage label in holding: PGmc. Exact original quantity/nasal-vowel/palatalization glyph represented by this extracted token remains unresolved; the reading is not silently corrected.
rt-complete-1976-004	1976	173	Literal held-text spelling; accents, dental/palatal signs and quantity may be degraded. Not newly image-certified. Preserved overlapping-extractor verification/representation caution: Text anchor retained; its role is not automatically an OE selected-cell quotation.
rt-complete-1978-003	1978	144	Literal held-text spelling; accents, dental/palatal signs and quantity may be degraded. Not newly image-certified.
rt-complete-1980-003	1980	86	Literal held-text spelling; accents, dental/palatal signs and quantity may be degraded. Not newly image-certified.
rt-complete-1980-004	1980	86	Diplomatic field is the uncorrected held-text reading, not a newly image-authenticated glyph transcription. Relevant paragraph co-occurrence alone does not establish this token as the selected etymon/cell; relationship intentionally unresolved.
rt-complete-1980-005	1980	318	Diplomatic field is the uncorrected held-text reading, not a newly image-authenticated glyph transcription. Relevant paragraph co-occurrence alone does not establish this token as the selected etymon/cell; relationship intentionally unresolved.
rt-complete-1980-006	1980	318	Diplomatic field is the uncorrected held-text reading, not a newly image-authenticated glyph transcription. Relevant paragraph co-occurrence alone does not establish this token as the selected etymon/cell; relationship intentionally unresolved.
rt-complete-1980-007	1980	318	Diplomatic field is the uncorrected held-text reading, not a newly image-authenticated glyph transcription. Relevant paragraph co-occurrence alone does not establish this token as the selected etymon/cell; relationship intentionally unresolved.
rt-complete-1980-008	1980	318	Diplomatic field is the uncorrected held-text reading, not a newly image-authenticated glyph transcription. Relevant paragraph co-occurrence alone does not establish this token as the selected etymon/cell; relationship intentionally unresolved.
rt-complete-1980-009	1980	318	Diplomatic field is the uncorrected held-text reading, not a newly image-authenticated glyph transcription. Relevant paragraph co-occurrence alone does not establish this token as the selected etymon/cell; relationship intentionally unresolved.
rt-complete-1983-002	1983	323	Literal held-text spelling; accents, dental/palatal signs and quantity may be degraded. Not newly image-certified.
rt-complete-1983-003	1983	323	Literal held-text spelling; accents, dental/palatal signs and quantity may be degraded. Not newly image-certified.
rt-complete-1983-004	1983	323	Literal held-text spelling; accents, dental/palatal signs and quantity may be degraded. Not newly image-certified.
rt-complete-1983-005	1983	323	Literal held-text spelling; accents, dental/palatal signs and quantity may be degraded. Not newly image-certified.
rt-complete-1985-003	1985	147	Literal held-text spelling; accents, dental/palatal signs and quantity may be degraded. Not newly image-certified.
rt-complete-1985-009	1985	212	Diplomatic field is the uncorrected held-text reading, not a newly image-authenticated glyph transcription. Local stage label in holding: PWGmce. Exact original quantity/nasal-vowel/palatalization glyph represented by this extracted token remains unresolved; the reading is not silently corrected.
rt-complete-1985-013	1985	212	Literal held-text spelling; accents, dental/palatal signs and quantity may be degraded. Not newly image-certified.
rt-complete-1986-003	1986	234	Literal held-text spelling; accents, dental/palatal signs and quantity may be degraded. Not newly image-certified.
rt-complete-1986-007	1986	287	Literal held-text spelling; accents, dental/palatal signs and quantity may be degraded. Not newly image-certified.
rt-complete-1987-001	1987	12	Diplomatic field is the uncorrected held-text reading, not a newly image-authenticated glyph transcription. Local stage label in holding: PGmce. Exact original quantity/nasal-vowel/palatalization glyph represented by this extracted token remains unresolved; the reading is not silently corrected.
rt-complete-1987-003	1987	12	Literal held-text spelling; accents, dental/palatal signs and quantity may be degraded. Not newly image-certified.
rt-complete-1987-004	1987	149	Diplomatic field is the uncorrected held-text reading, not a newly image-authenticated glyph transcription. Local stage label in holding: PGmc. Exact original quantity/nasal-vowel/palatalization glyph represented by this extracted token remains unresolved; the reading is not silently corrected.
rt-complete-1987-007	1987	149	Literal held-text spelling; accents, dental/palatal signs and quantity may be degraded. Not newly image-certified.
rt-complete-1987-008	1987	239	Diplomatic field is the uncorrected held-text reading, not a newly image-authenticated glyph transcription. Local stage label in holding: PGmc. Exact original quantity/nasal-vowel/palatalization glyph represented by this extracted token remains unresolved; the reading is not silently corrected.
rt-complete-1987-011	1987	239	Diplomatic field is the uncorrected held-text reading, not a newly image-authenticated glyph transcription. Exact original quantity/nasal-vowel/palatalization glyph represented by this extracted token remains unresolved; the reading is not silently corrected.
rt-complete-1987-014	1987	239	Literal held-text spelling; accents, dental/palatal signs and quantity may be degraded. Not newly image-certified.
rt-complete-1987-015	1987	287	Diplomatic field is the uncorrected held-text reading, not a newly image-authenticated glyph transcription. Local stage label in holding: PGmc. Exact original quantity/nasal-vowel/palatalization glyph represented by this extracted token remains unresolved; the reading is not silently corrected.
rt-complete-1987-019	1987	287	Diplomatic field is the uncorrected held-text reading, not a newly image-authenticated glyph transcription. Local stage label in holding: OE. Exact original quantity/nasal-vowel/palatalization glyph represented by this extracted token remains unresolved; the reading is not silently corrected.
rt-complete-1987-020	1987	287	Diplomatic field is the uncorrected held-text reading, not a newly image-authenticated glyph transcription. Exact original quantity/nasal-vowel/palatalization glyph represented by this extracted token remains unresolved; the reading is not silently corrected.
rt-complete-1987-021	1987	287	Literal held-text spelling; accents, dental/palatal signs and quantity may be degraded. Not newly image-certified.
rt-complete-1987-022	1987	520	Diplomatic field is the uncorrected held-text reading, not a newly image-authenticated glyph transcription. Relevant paragraph co-occurrence alone does not establish this token as the selected etymon/cell; relationship intentionally unresolved.
rt-complete-1987-023	1987	520	Diplomatic field is the uncorrected held-text reading, not a newly image-authenticated glyph transcription. Exact original quantity/nasal-vowel/palatalization glyph represented by this extracted token remains unresolved; the reading is not silently corrected. Relevant paragraph co-occurrence alone does not establish this token as the selected etymon/cell; relationship intentionally unresolved.
rt-complete-1987-024	1987	520	Diplomatic field is the uncorrected held-text reading, not a newly image-authenticated glyph transcription. Local stage label in holding: PWGmc. Relevant paragraph co-occurrence alone does not establish this token as the selected etymon/cell; relationship intentionally unresolved.
rt-complete-1987-025	1987	520	Diplomatic field is the uncorrected held-text reading, not a newly image-authenticated glyph transcription. Local stage label in holding: pre-PGmc. Relevant paragraph co-occurrence alone does not establish this token as the selected etymon/cell; relationship intentionally unresolved.
rt-complete-1987-026	1987	520	Diplomatic field is the uncorrected held-text reading, not a newly image-authenticated glyph transcription. Exact original quantity/nasal-vowel/palatalization glyph represented by this extracted token remains unresolved; the reading is not silently corrected. Relevant paragraph co-occurrence alone does not establish this token as the selected etymon/cell; relationship intentionally unresolved.
rt-complete-1987-027	1987	520	Diplomatic field is the uncorrected held-text reading, not a newly image-authenticated glyph transcription. Local stage label in holding: PGmce. Exact original quantity/nasal-vowel/palatalization glyph represented by this extracted token remains unresolved; the reading is not silently corrected. Relevant paragraph co-occurrence alone does not establish this token as the selected etymon/cell; relationship intentionally unresolved. Parenthetical compared/reported unit, not automatically the row's own reconstruction.
rt-complete-1988-002	1988	174	Literal held-text spelling; accents, dental/palatal signs and quantity may be degraded. Not newly image-certified.
rt-complete-1991-002	1991	143	Diplomatic field is the uncorrected held-text reading, not a newly image-authenticated glyph transcription. Local stage label in holding: PGme. Exact original quantity/nasal-vowel/palatalization glyph represented by this extracted token remains unresolved; the reading is not silently corrected.
rt-complete-1991-006	1991	143	Literal held-text spelling; accents, dental/palatal signs and quantity may be degraded. Not newly image-certified. Preserved overlapping-extractor verification/representation caution: Text anchor retained; its role is not automatically an OE selected-cell quotation.
rt-complete-1991-007	1991	369	Diplomatic field is the uncorrected held-text reading, not a newly image-authenticated glyph transcription. Relevant paragraph co-occurrence alone does not establish this token as the selected etymon/cell; relationship intentionally unresolved.
rt-complete-1991-008	1991	369	Diplomatic field is the uncorrected held-text reading, not a newly image-authenticated glyph transcription. Relevant paragraph co-occurrence alone does not establish this token as the selected etymon/cell; relationship intentionally unresolved.
rt-complete-1991-009	1991	369	Diplomatic field is the uncorrected held-text reading, not a newly image-authenticated glyph transcription. Relevant paragraph co-occurrence alone does not establish this token as the selected etymon/cell; relationship intentionally unresolved.
rt-complete-1991-010	1991	369	Diplomatic field is the uncorrected held-text reading, not a newly image-authenticated glyph transcription. Relevant paragraph co-occurrence alone does not establish this token as the selected etymon/cell; relationship intentionally unresolved.
rt-complete-1991-011	1991	369	Diplomatic field is the uncorrected held-text reading, not a newly image-authenticated glyph transcription. Exact original quantity/nasal-vowel/palatalization glyph represented by this extracted token remains unresolved; the reading is not silently corrected. Relevant paragraph co-occurrence alone does not establish this token as the selected etymon/cell; relationship intentionally unresolved.
rt-complete-1991-012	1991	369	Diplomatic field is the uncorrected held-text reading, not a newly image-authenticated glyph transcription. Relevant paragraph co-occurrence alone does not establish this token as the selected etymon/cell; relationship intentionally unresolved.
rt-complete-1991-013	1991	369	Diplomatic field is the uncorrected held-text reading, not a newly image-authenticated glyph transcription. Relevant paragraph co-occurrence alone does not establish this token as the selected etymon/cell; relationship intentionally unresolved.
rt-complete-1991-014	1991	369	Diplomatic field is the uncorrected held-text reading, not a newly image-authenticated glyph transcription. Relevant paragraph co-occurrence alone does not establish this token as the selected etymon/cell; relationship intentionally unresolved.
rt-complete-1991-015	1991	369	Diplomatic field is the uncorrected held-text reading, not a newly image-authenticated glyph transcription. Local stage label in holding: PWGmc. Relevant paragraph co-occurrence alone does not establish this token as the selected etymon/cell; relationship intentionally unresolved.
rt-complete-1991-016	1991	369	Diplomatic field is the uncorrected held-text reading, not a newly image-authenticated glyph transcription. Relevant paragraph co-occurrence alone does not establish this token as the selected etymon/cell; relationship intentionally unresolved.
rt-complete-1991-018	1991	370	Diplomatic field is the uncorrected held-text reading, not a newly image-authenticated glyph transcription. Relevant paragraph co-occurrence alone does not establish this token as the selected etymon/cell; relationship intentionally unresolved.
rt-complete-1991-019	1991	370	Diplomatic field is the uncorrected held-text reading, not a newly image-authenticated glyph transcription. Relevant paragraph co-occurrence alone does not establish this token as the selected etymon/cell; relationship intentionally unresolved.
rt-complete-1991-020	1991	370	Diplomatic field is the uncorrected held-text reading, not a newly image-authenticated glyph transcription. Relevant paragraph co-occurrence alone does not establish this token as the selected etymon/cell; relationship intentionally unresolved. Parenthetical compared/reported unit, not automatically the row's own reconstruction.
rt-complete-1991-021	1991	370	Diplomatic field is the uncorrected held-text reading, not a newly image-authenticated glyph transcription. Exact original quantity/nasal-vowel/palatalization glyph represented by this extracted token remains unresolved; the reading is not silently corrected. Relevant paragraph co-occurrence alone does not establish this token as the selected etymon/cell; relationship intentionally unresolved. Parenthetical compared/reported unit, not automatically the row's own reconstruction.
rt-complete-1991-022	1991	370	Diplomatic field is the uncorrected held-text reading, not a newly image-authenticated glyph transcription. Relevant paragraph co-occurrence alone does not establish this token as the selected etymon/cell; relationship intentionally unresolved.
rt-complete-1991-023	1991	520	Diplomatic field is the uncorrected held-text reading, not a newly image-authenticated glyph transcription. Relevant paragraph co-occurrence alone does not establish this token as the selected etymon/cell; relationship intentionally unresolved.
rt-complete-1991-024	1991	520	Diplomatic field is the uncorrected held-text reading, not a newly image-authenticated glyph transcription. Local explicit subject is the PGmc done participle; preceding prose rather than the chapter title dates this form. Exact original quantity/nasal-vowel/palatalization glyph represented by this extracted token remains unresolved; the reading is not silently corrected. Relevant paragraph co-occurrence alone does not establish this token as the selected etymon/cell; relationship intentionally unresolved.
rt-complete-1991-025	1991	520	Diplomatic field is the uncorrected held-text reading, not a newly image-authenticated glyph transcription. Local stage label in holding: PWGmc. Relevant paragraph co-occurrence alone does not establish this token as the selected etymon/cell; relationship intentionally unresolved.
rt-complete-1991-026	1991	520	Diplomatic field is the uncorrected held-text reading, not a newly image-authenticated glyph transcription. Local stage label in holding: pre-PGmc. Relevant paragraph co-occurrence alone does not establish this token as the selected etymon/cell; relationship intentionally unresolved.
rt-complete-1991-027	1991	520	Diplomatic field is the uncorrected held-text reading, not a newly image-authenticated glyph transcription. Exact original quantity/nasal-vowel/palatalization glyph represented by this extracted token remains unresolved; the reading is not silently corrected. Relevant paragraph co-occurrence alone does not establish this token as the selected etymon/cell; relationship intentionally unresolved.
rt-complete-1991-028	1991	520	Diplomatic field is the uncorrected held-text reading, not a newly image-authenticated glyph transcription. Local stage label in holding: PGmce. Exact original quantity/nasal-vowel/palatalization glyph represented by this extracted token remains unresolved; the reading is not silently corrected. Relevant paragraph co-occurrence alone does not establish this token as the selected etymon/cell; relationship intentionally unresolved. Parenthetical compared/reported unit, not automatically the row's own reconstruction.
rt-complete-1991-029	1991	519	Diplomatic field is the uncorrected held-text reading, not a newly image-authenticated glyph transcription. Local stage label in holding: PGmc. Exact original quantity/nasal-vowel/palatalization glyph represented by this extracted token remains unresolved; the reading is not silently corrected. Relevant paragraph co-occurrence alone does not establish this token as the selected etymon/cell; relationship intentionally unresolved.
rt-complete-1991-030	1991	519	Diplomatic field is the uncorrected held-text reading, not a newly image-authenticated glyph transcription. Local explicit subject is the PGmc done participle; preceding prose rather than the chapter title dates this form. Relevant paragraph co-occurrence alone does not establish this token as the selected etymon/cell; relationship intentionally unresolved.
rt-complete-1991-031	1991	517	Diplomatic field is the uncorrected held-text reading, not a newly image-authenticated glyph transcription. Relevant paragraph co-occurrence alone does not establish this token as the selected etymon/cell; relationship intentionally unresolved.
rt-complete-1991-032	1991	517	Diplomatic field is the uncorrected held-text reading, not a newly image-authenticated glyph transcription. Exact original quantity/nasal-vowel/palatalization glyph represented by this extracted token remains unresolved; the reading is not silently corrected. Relevant paragraph co-occurrence alone does not establish this token as the selected etymon/cell; relationship intentionally unresolved.
rt-complete-1991-033	1991	517	Diplomatic field is the uncorrected held-text reading, not a newly image-authenticated glyph transcription. Relevant paragraph co-occurrence alone does not establish this token as the selected etymon/cell; relationship intentionally unresolved.
rt-complete-1991-034	1991	517	Diplomatic field is the uncorrected held-text reading, not a newly image-authenticated glyph transcription. Exact original quantity/nasal-vowel/palatalization glyph represented by this extracted token remains unresolved; the reading is not silently corrected. Relevant paragraph co-occurrence alone does not establish this token as the selected etymon/cell; relationship intentionally unresolved.
rt-complete-1991-035	1991	517	Diplomatic field is the uncorrected held-text reading, not a newly image-authenticated glyph transcription. Relevant paragraph co-occurrence alone does not establish this token as the selected etymon/cell; relationship intentionally unresolved. Parenthetical compared/reported unit, not automatically the row's own reconstruction.
rt-complete-1991-036	1991	517	Diplomatic field is the uncorrected held-text reading, not a newly image-authenticated glyph transcription. Exact original quantity/nasal-vowel/palatalization glyph represented by this extracted token remains unresolved; the reading is not silently corrected. Relevant paragraph co-occurrence alone does not establish this token as the selected etymon/cell; relationship intentionally unresolved.
rt-complete-1991-037	1991	517	Diplomatic field is the uncorrected held-text reading, not a newly image-authenticated glyph transcription. Exact original quantity/nasal-vowel/palatalization glyph represented by this extracted token remains unresolved; the reading is not silently corrected. Relevant paragraph co-occurrence alone does not establish this token as the selected etymon/cell; relationship intentionally unresolved.
rt-complete-1991-038	1991	517	Diplomatic field is the uncorrected held-text reading, not a newly image-authenticated glyph transcription. Exact original quantity/nasal-vowel/palatalization glyph represented by this extracted token remains unresolved; the reading is not silently corrected. Relevant paragraph co-occurrence alone does not establish this token as the selected etymon/cell; relationship intentionally unresolved. Parenthetical compared/reported unit, not automatically the row's own reconstruction.
rt-complete-1997-001	1997	211	Diplomatic field is the uncorrected held-text reading, not a newly image-authenticated glyph transcription. Relevant paragraph co-occurrence alone does not establish this token as the selected etymon/cell; relationship intentionally unresolved.
rt-complete-1997-002	1997	211	Diplomatic field is the uncorrected held-text reading, not a newly image-authenticated glyph transcription. Relevant paragraph co-occurrence alone does not establish this token as the selected etymon/cell; relationship intentionally unresolved.
rt-complete-1997-003	1997	211	Diplomatic field is the uncorrected held-text reading, not a newly image-authenticated glyph transcription. Relevant paragraph co-occurrence alone does not establish this token as the selected etymon/cell; relationship intentionally unresolved.
rt-complete-1997-004	1997	211	Diplomatic field is the uncorrected held-text reading, not a newly image-authenticated glyph transcription. Relevant paragraph co-occurrence alone does not establish this token as the selected etymon/cell; relationship intentionally unresolved.
rt-complete-1997-005	1997	211	Diplomatic field is the uncorrected held-text reading, not a newly image-authenticated glyph transcription. Local stage label in holding: PWGmc. Relevant paragraph co-occurrence alone does not establish this token as the selected etymon/cell; relationship intentionally unresolved.
rt-complete-1997-006	1997	211	Diplomatic field is the uncorrected held-text reading, not a newly image-authenticated glyph transcription. Local stage label in holding: PNWGmec. Relevant paragraph co-occurrence alone does not establish this token as the selected etymon/cell; relationship intentionally unresolved. Parenthetical compared/reported unit, not automatically the row's own reconstruction.
rt-complete-1997-008	1997	347	Diplomatic field is the uncorrected held-text reading, not a newly image-authenticated glyph transcription. Relevant paragraph co-occurrence alone does not establish this token as the selected etymon/cell; relationship intentionally unresolved.
rt-complete-1998-001	1998	292	Diplomatic field is the uncorrected held-text reading, not a newly image-authenticated glyph transcription. Relevant paragraph co-occurrence alone does not establish this token as the selected etymon/cell; relationship intentionally unresolved.
rt-complete-1998-002	1998	292	Diplomatic field is the uncorrected held-text reading, not a newly image-authenticated glyph transcription. Relevant paragraph co-occurrence alone does not establish this token as the selected etymon/cell; relationship intentionally unresolved.
rt-complete-1998-003	1998	292	Diplomatic field is the uncorrected held-text reading, not a newly image-authenticated glyph transcription. Local stage label in holding: OE. Relevant paragraph co-occurrence alone does not establish this token as the selected etymon/cell; relationship intentionally unresolved.
rt-complete-2000-001	2000	325	Diplomatic field is the uncorrected held-text reading, not a newly image-authenticated glyph transcription. Local stage label in holding: PGmc. Exact original quantity/nasal-vowel/palatalization glyph represented by this extracted token remains unresolved; the reading is not silently corrected.
rt-complete-2000-003	2000	325	Literal held-text spelling; accents, dental/palatal signs and quantity may be degraded. Not newly image-certified.
rt-complete-2000-004	2000	325	Literal held-text spelling; accents, dental/palatal signs and quantity may be degraded. Not newly image-certified.
rt-complete-2000-005	2000	325	Literal held-text spelling; accents, dental/palatal signs and quantity may be degraded. Not newly image-certified.
rt-complete-2002-001	2002	129	Diplomatic field is the uncorrected held-text reading, not a newly image-authenticated glyph transcription. Local stage label in holding: PNWGmc. Exact original quantity/nasal-vowel/palatalization glyph represented by this extracted token remains unresolved; the reading is not silently corrected.
rt-complete-2002-003	2002	129	Diplomatic field is the uncorrected held-text reading, not a newly image-authenticated glyph transcription. Exact original quantity/nasal-vowel/palatalization glyph represented by this extracted token remains unresolved; the reading is not silently corrected.
rt-complete-2002-004	2002	129	Literal held-text spelling; accents, dental/palatal signs and quantity may be degraded. Not newly image-certified.
rt-complete-2002-005	2002	129	Literal held-text spelling; accents, dental/palatal signs and quantity may be degraded. Not newly image-certified.
rt-complete-2002-006	2002	185	Diplomatic field is the uncorrected held-text reading, not a newly image-authenticated glyph transcription. Local stage label in holding: PNWGmc. Exact original quantity/nasal-vowel/palatalization glyph represented by this extracted token remains unresolved; the reading is not silently corrected.
rt-complete-2002-008	2002	185	Literal held-text spelling; accents, dental/palatal signs and quantity may be degraded. Not newly image-certified.
rt-complete-2002-009	2002	185	Literal held-text spelling; accents, dental/palatal signs and quantity may be degraded. Not newly image-certified.
rt-complete-2003-001	2003	195	Diplomatic field is the uncorrected held-text reading, not a newly image-authenticated glyph transcription. Relevant paragraph co-occurrence alone does not establish this token as the selected etymon/cell; relationship intentionally unresolved.
rt-complete-2003-002	2003	195	Diplomatic field is the uncorrected held-text reading, not a newly image-authenticated glyph transcription. Relevant paragraph co-occurrence alone does not establish this token as the selected etymon/cell; relationship intentionally unresolved.
rt-complete-2003-003	2003	195	Diplomatic field is the uncorrected held-text reading, not a newly image-authenticated glyph transcription. Relevant paragraph co-occurrence alone does not establish this token as the selected etymon/cell; relationship intentionally unresolved.
rt-complete-2003-004	2003	195	Diplomatic field is the uncorrected held-text reading, not a newly image-authenticated glyph transcription. Relevant paragraph co-occurrence alone does not establish this token as the selected etymon/cell; relationship intentionally unresolved.
rt-complete-2003-005	2003	195	Diplomatic field is the uncorrected held-text reading, not a newly image-authenticated glyph transcription. Relevant paragraph co-occurrence alone does not establish this token as the selected etymon/cell; relationship intentionally unresolved.
rt-complete-2003-006	2003	195	Diplomatic field is the uncorrected held-text reading, not a newly image-authenticated glyph transcription. Relevant paragraph co-occurrence alone does not establish this token as the selected etymon/cell; relationship intentionally unresolved.
rt-complete-2003-008	2003	197	Diplomatic field is the uncorrected held-text reading, not a newly image-authenticated glyph transcription. Exact original quantity/nasal-vowel/palatalization glyph represented by this extracted token remains unresolved; the reading is not silently corrected. Relevant paragraph co-occurrence alone does not establish this token as the selected etymon/cell; relationship intentionally unresolved.
rt-complete-2003-009	2003	197	Diplomatic field is the uncorrected held-text reading, not a newly image-authenticated glyph transcription. Relevant paragraph co-occurrence alone does not establish this token as the selected etymon/cell; relationship intentionally unresolved.
rt-complete-2003-010	2003	197	Diplomatic field is the uncorrected held-text reading, not a newly image-authenticated glyph transcription. Relevant paragraph co-occurrence alone does not establish this token as the selected etymon/cell; relationship intentionally unresolved.
rt-complete-2003-011	2003	197	Diplomatic field is the uncorrected held-text reading, not a newly image-authenticated glyph transcription. Relevant paragraph co-occurrence alone does not establish this token as the selected etymon/cell; relationship intentionally unresolved.
rt-complete-2003-012	2003	197	Diplomatic field is the uncorrected held-text reading, not a newly image-authenticated glyph transcription. Relevant paragraph co-occurrence alone does not establish this token as the selected etymon/cell; relationship intentionally unresolved.
rt-complete-2003-013	2003	197	Diplomatic field is the uncorrected held-text reading, not a newly image-authenticated glyph transcription. Relevant paragraph co-occurrence alone does not establish this token as the selected etymon/cell; relationship intentionally unresolved.
rt-complete-2003-014	2003	197	Diplomatic field is the uncorrected held-text reading, not a newly image-authenticated glyph transcription. Relevant paragraph co-occurrence alone does not establish this token as the selected etymon/cell; relationship intentionally unresolved.
rt-complete-2003-015	2003	197	Diplomatic field is the uncorrected held-text reading, not a newly image-authenticated glyph transcription. Relevant paragraph co-occurrence alone does not establish this token as the selected etymon/cell; relationship intentionally unresolved.
rt-complete-2003-017	2003	198	Diplomatic field is the uncorrected held-text reading, not a newly image-authenticated glyph transcription. Relevant paragraph co-occurrence alone does not establish this token as the selected etymon/cell; relationship intentionally unresolved.
rt-complete-2003-018	2003	198	Diplomatic field is the uncorrected held-text reading, not a newly image-authenticated glyph transcription. Relevant paragraph co-occurrence alone does not establish this token as the selected etymon/cell; relationship intentionally unresolved.
rt-complete-2003-019	2003	198	Diplomatic field is the uncorrected held-text reading, not a newly image-authenticated glyph transcription. Relevant paragraph co-occurrence alone does not establish this token as the selected etymon/cell; relationship intentionally unresolved.
rt-complete-2003-021	2003	232	Diplomatic field is the uncorrected held-text reading, not a newly image-authenticated glyph transcription. Local stage label in holding: PGmc. Exact original quantity/nasal-vowel/palatalization glyph represented by this extracted token remains unresolved; the reading is not silently corrected.
rt-complete-2003-033	2003	232	Literal held-text spelling; accents, dental/palatal signs and quantity may be degraded. Not newly image-certified.
rt-complete-2003-034	2003	346	Diplomatic field is the uncorrected held-text reading, not a newly image-authenticated glyph transcription. Relevant paragraph co-occurrence alone does not establish this token as the selected etymon/cell; relationship intentionally unresolved.
rt-complete-2004-005	2004	95	Literal held-text spelling; accents, dental/palatal signs and quantity may be degraded. Not newly image-certified. Preserved overlapping-extractor verification/representation caution: Text anchor retained; its role is not automatically an OE selected-cell quotation.
rt-complete-2004-008	2004	131	Diplomatic field is the uncorrected held-text reading, not a newly image-authenticated glyph transcription. Local stage label in holding: PWGmc. Exact original quantity/nasal-vowel/palatalization glyph represented by this extracted token remains unresolved; the reading is not silently corrected.
rt-complete-2004-009	2004	131	Literal held-text spelling; accents, dental/palatal signs and quantity may be degraded. Not newly image-certified.
rt-complete-2004-010	2004	131	Literal held-text spelling; accents, dental/palatal signs and quantity may be degraded. Not newly image-certified.
rt-complete-2004-013	2004	147	Literal held-text spelling; accents, dental/palatal signs and quantity may be degraded. Not newly image-certified.
rt-complete-2005-001	2005	25	Diplomatic field is the uncorrected held-text reading, not a newly image-authenticated glyph transcription. Local stage label in holding: PGmc. Exact original quantity/nasal-vowel/palatalization glyph represented by this extracted token remains unresolved; the reading is not silently corrected.
rt-complete-2005-002	2005	25	Literal held-text spelling; accents, dental/palatal signs and quantity may be degraded. Not newly image-certified.
rt-complete-2005-003	2005	60	Diplomatic field is the uncorrected held-text reading, not a newly image-authenticated glyph transcription. Local stage label in holding: PNWGmc. Exact original quantity/nasal-vowel/palatalization glyph represented by this extracted token remains unresolved; the reading is not silently corrected.
rt-complete-2005-005	2005	60	Literal held-text spelling; accents, dental/palatal signs and quantity may be degraded. Not newly image-certified.
rt-complete-2005-006	2005	147	Diplomatic field is the uncorrected held-text reading, not a newly image-authenticated glyph transcription. Local stage label in holding: PGme. Exact original quantity/nasal-vowel/palatalization glyph represented by this extracted token remains unresolved; the reading is not silently corrected.
rt-complete-2005-008	2005	147	Literal held-text spelling; accents, dental/palatal signs and quantity may be degraded. Not newly image-certified.
rt-complete-2005-009	2005	386	Diplomatic field is the uncorrected held-text reading, not a newly image-authenticated glyph transcription. Relevant paragraph co-occurrence alone does not establish this token as the selected etymon/cell; relationship intentionally unresolved.
rt-complete-2005-010	2005	386	Diplomatic field is the uncorrected held-text reading, not a newly image-authenticated glyph transcription. Relevant paragraph co-occurrence alone does not establish this token as the selected etymon/cell; relationship intentionally unresolved.
rt-complete-2005-011	2005	386	Diplomatic field is the uncorrected held-text reading, not a newly image-authenticated glyph transcription. Relevant paragraph co-occurrence alone does not establish this token as the selected etymon/cell; relationship intentionally unresolved.
rt-complete-2005-012	2005	386	Diplomatic field is the uncorrected held-text reading, not a newly image-authenticated glyph transcription. Relevant paragraph co-occurrence alone does not establish this token as the selected etymon/cell; relationship intentionally unresolved.
rt-complete-2006-005	2006	177	Literal held-text spelling; accents, dental/palatal signs and quantity may be degraded. Not newly image-certified.
rt-complete-2009-001	2009	155	Diplomatic field is the uncorrected held-text reading, not a newly image-authenticated glyph transcription. Relevant paragraph co-occurrence alone does not establish this token as the selected etymon/cell; relationship intentionally unresolved.
rt-complete-2009-002	2009	155	Diplomatic field is the uncorrected held-text reading, not a newly image-authenticated glyph transcription. Relevant paragraph co-occurrence alone does not establish this token as the selected etymon/cell; relationship intentionally unresolved.
rt-complete-2009-003	2009	155	Diplomatic field is the uncorrected held-text reading, not a newly image-authenticated glyph transcription. Relevant paragraph co-occurrence alone does not establish this token as the selected etymon/cell; relationship intentionally unresolved.
rt-complete-2009-004	2009	155	Diplomatic field is the uncorrected held-text reading, not a newly image-authenticated glyph transcription. Relevant paragraph co-occurrence alone does not establish this token as the selected etymon/cell; relationship intentionally unresolved.
rt-complete-2009-005	2009	155	Diplomatic field is the uncorrected held-text reading, not a newly image-authenticated glyph transcription. Relevant paragraph co-occurrence alone does not establish this token as the selected etymon/cell; relationship intentionally unresolved.
rt-complete-2009-006	2009	155	Diplomatic field is the uncorrected held-text reading, not a newly image-authenticated glyph transcription. Relevant paragraph co-occurrence alone does not establish this token as the selected etymon/cell; relationship intentionally unresolved.
rt-complete-2010-002	2010	178	Literal held-text spelling; accents, dental/palatal signs and quantity may be degraded. Not newly image-certified.
rt-complete-2010-004	2010	312	Literal held-text spelling; accents, dental/palatal signs and quantity may be degraded. Not newly image-certified.
rt-complete-2010-005	2010	312	Literal held-text spelling; accents, dental/palatal signs and quantity may be degraded. Not newly image-certified.
rt-complete-2010-006	2010	312	Literal held-text spelling; accents, dental/palatal signs and quantity may be degraded. Not newly image-certified.
rt-complete-2011-001	2011	140	Diplomatic field is the uncorrected held-text reading, not a newly image-authenticated glyph transcription. Local stage label in holding: PGme. Exact original quantity/nasal-vowel/palatalization glyph represented by this extracted token remains unresolved; the reading is not silently corrected.
rt-complete-2011-002	2011	140	Literal held-text spelling; accents, dental/palatal signs and quantity may be degraded. Not newly image-certified.
rt-complete-2011-003	2011	344	Diplomatic field is the uncorrected held-text reading, not a newly image-authenticated glyph transcription. Relevant paragraph co-occurrence alone does not establish this token as the selected etymon/cell; relationship intentionally unresolved. Parenthetical compared/reported unit, not automatically the row's own reconstruction.
rt-complete-2013-001	2013	119	Diplomatic field is the uncorrected held-text reading, not a newly image-authenticated glyph transcription. Local stage label in holding: PWGmc. Relevant paragraph co-occurrence alone does not establish this token as the selected etymon/cell; relationship intentionally unresolved.
rt-complete-2013-002	2013	119	Diplomatic field is the uncorrected held-text reading, not a newly image-authenticated glyph transcription. Relevant paragraph co-occurrence alone does not establish this token as the selected etymon/cell; relationship intentionally unresolved.
rt-complete-2013-003	2013	119	Diplomatic field is the uncorrected held-text reading, not a newly image-authenticated glyph transcription. Local stage label in holding: PGmc. Relevant paragraph co-occurrence alone does not establish this token as the selected etymon/cell; relationship intentionally unresolved.
rt-complete-2013-004	2013	119	Diplomatic field is the uncorrected held-text reading, not a newly image-authenticated glyph transcription. Relevant paragraph co-occurrence alone does not establish this token as the selected etymon/cell; relationship intentionally unresolved.
rt-complete-2013-005	2013	119	Diplomatic field is the uncorrected held-text reading, not a newly image-authenticated glyph transcription. Relevant paragraph co-occurrence alone does not establish this token as the selected etymon/cell; relationship intentionally unresolved.
rt-complete-2013-006	2013	119	Diplomatic field is the uncorrected held-text reading, not a newly image-authenticated glyph transcription. Relevant paragraph co-occurrence alone does not establish this token as the selected etymon/cell; relationship intentionally unresolved.
rt-complete-2013-007	2013	119	Diplomatic field is the uncorrected held-text reading, not a newly image-authenticated glyph transcription. Relevant paragraph co-occurrence alone does not establish this token as the selected etymon/cell; relationship intentionally unresolved. Parenthetical compared/reported unit, not automatically the row's own reconstruction.
rt-complete-2013-008	2013	119	Diplomatic field is the uncorrected held-text reading, not a newly image-authenticated glyph transcription. Relevant paragraph co-occurrence alone does not establish this token as the selected etymon/cell; relationship intentionally unresolved.
rt-complete-2013-009	2013	318	Diplomatic field is the uncorrected held-text reading, not a newly image-authenticated glyph transcription. Relevant paragraph co-occurrence alone does not establish this token as the selected etymon/cell; relationship intentionally unresolved.
rt-complete-2013-010	2013	318	Diplomatic field is the uncorrected held-text reading, not a newly image-authenticated glyph transcription. Relevant paragraph co-occurrence alone does not establish this token as the selected etymon/cell; relationship intentionally unresolved.
rt-complete-2013-011	2013	318	Diplomatic field is the uncorrected held-text reading, not a newly image-authenticated glyph transcription. Relevant paragraph co-occurrence alone does not establish this token as the selected etymon/cell; relationship intentionally unresolved.
rt-complete-2013-012	2013	318	Diplomatic field is the uncorrected held-text reading, not a newly image-authenticated glyph transcription. Relevant paragraph co-occurrence alone does not establish this token as the selected etymon/cell; relationship intentionally unresolved.
rt-complete-2013-013	2013	318	Diplomatic field is the uncorrected held-text reading, not a newly image-authenticated glyph transcription. Relevant paragraph co-occurrence alone does not establish this token as the selected etymon/cell; relationship intentionally unresolved.
rt-complete-2014-001	2014	188	Diplomatic field is the uncorrected held-text reading, not a newly image-authenticated glyph transcription. Relevant paragraph co-occurrence alone does not establish this token as the selected etymon/cell; relationship intentionally unresolved.
rt-complete-2015-002	2015	224	Literal held-text spelling; accents, dental/palatal signs and quantity may be degraded. Not newly image-certified.
rt-complete-2015-005	2015	287	Literal held-text spelling; accents, dental/palatal signs and quantity may be degraded. Not newly image-certified.
rt-complete-2016-001	2016	192	Diplomatic field is the uncorrected held-text reading, not a newly image-authenticated glyph transcription. Relevant paragraph co-occurrence alone does not establish this token as the selected etymon/cell; relationship intentionally unresolved.
rt-complete-2016-002	2016	192	Diplomatic field is the uncorrected held-text reading, not a newly image-authenticated glyph transcription. Local stage label in holding: PWGmc. Relevant paragraph co-occurrence alone does not establish this token as the selected etymon/cell; relationship intentionally unresolved.
rt-complete-2016-003	2016	192	Diplomatic field is the uncorrected held-text reading, not a newly image-authenticated glyph transcription. Local stage label in holding: PWGmc. Relevant paragraph co-occurrence alone does not establish this token as the selected etymon/cell; relationship intentionally unresolved.
rt-complete-2016-004	2016	192	Diplomatic field is the uncorrected held-text reading, not a newly image-authenticated glyph transcription. Relevant paragraph co-occurrence alone does not establish this token as the selected etymon/cell; relationship intentionally unresolved.
rt-complete-2016-005	2016	192	Diplomatic field is the uncorrected held-text reading, not a newly image-authenticated glyph transcription. Relevant paragraph co-occurrence alone does not establish this token as the selected etymon/cell; relationship intentionally unresolved.
rt-complete-2017-004	2017	176	Literal held-text spelling; accents, dental/palatal signs and quantity may be degraded. Not newly image-certified.
rt-complete-2019-001	2019	315	Diplomatic field is the uncorrected held-text reading, not a newly image-authenticated glyph transcription. Local stage label in holding: PGmce. Exact original quantity/nasal-vowel/palatalization glyph represented by this extracted token remains unresolved; the reading is not silently corrected.
rt-complete-2019-007	2019	315	Diplomatic field is the uncorrected held-text reading, not a newly image-authenticated glyph transcription. Local stage label in holding: PWGmc. Exact original quantity/nasal-vowel/palatalization glyph represented by this extracted token remains unresolved; the reading is not silently corrected.
rt-complete-2019-011	2019	315	Diplomatic field is the uncorrected held-text reading, not a newly image-authenticated glyph transcription. Local stage label in holding: OE. Exact original quantity/nasal-vowel/palatalization glyph represented by this extracted token remains unresolved; the reading is not silently corrected.
rt-complete-2019-012	2019	315	Diplomatic field is the uncorrected held-text reading, not a newly image-authenticated glyph transcription. Local stage label in holding: OE. Exact original quantity/nasal-vowel/palatalization glyph represented by this extracted token remains unresolved; the reading is not silently corrected.
rt-complete-2019-015	2019	315	Literal held-text spelling; accents, dental/palatal signs and quantity may be degraded. Not newly image-certified. Preserved overlapping-extractor verification/representation caution: Text anchor retained; its role is not automatically an OE selected-cell quotation.
rt-complete-2020-002	2020	126	Literal held-text spelling; accents, dental/palatal signs and quantity may be degraded. Not newly image-certified.
rt-complete-2022-001	2022	130	Diplomatic field is the uncorrected held-text reading, not a newly image-authenticated glyph transcription. Local stage label in holding: PWGmc. Exact original quantity/nasal-vowel/palatalization glyph represented by this extracted token remains unresolved; the reading is not silently corrected.
rt-complete-2022-003	2022	130	Diplomatic field is the uncorrected held-text reading, not a newly image-authenticated glyph transcription. Exact original quantity/nasal-vowel/palatalization glyph represented by this extracted token remains unresolved; the reading is not silently corrected.
rt-complete-2022-005	2022	130	Literal held-text spelling; accents, dental/palatal signs and quantity may be degraded. Not newly image-certified.
rt-complete-2022-006	2022	130	Literal held-text spelling; accents, dental/palatal signs and quantity may be degraded. Not newly image-certified.
rt-complete-2022-007	2022	174	Diplomatic field is the uncorrected held-text reading, not a newly image-authenticated glyph transcription. Local stage label in holding: PGmc. Exact original quantity/nasal-vowel/palatalization glyph represented by this extracted token remains unresolved; the reading is not silently corrected.
rt-complete-2022-008	2022	174	Literal held-text spelling; accents, dental/palatal signs and quantity may be degraded. Not newly image-certified.
rt-complete-2022-009	2022	309	Diplomatic field is the uncorrected held-text reading, not a newly image-authenticated glyph transcription. Local stage label in holding: PGmc. Exact original quantity/nasal-vowel/palatalization glyph represented by this extracted token remains unresolved; the reading is not silently corrected.
rt-complete-2022-011	2022	309	Literal held-text spelling; accents, dental/palatal signs and quantity may be degraded. Not newly image-certified.
rt-complete-2022-012	2022	309	Literal held-text spelling; accents, dental/palatal signs and quantity may be degraded. Not newly image-certified.
rt-complete-2024-003	2024	327	Literal held-text spelling; accents, dental/palatal signs and quantity may be degraded. Not newly image-certified.
rt-complete-2025-001	2025	156	Diplomatic field is the uncorrected held-text reading, not a newly image-authenticated glyph transcription. Local stage label in holding: PGmc. Exact original quantity/nasal-vowel/palatalization glyph represented by this extracted token remains unresolved; the reading is not silently corrected.
rt-complete-2025-004	2025	156	Literal held-text spelling; accents, dental/palatal signs and quantity may be degraded. Not newly image-certified.
rt-complete-2026-002	2026	28	Literal held-text spelling; accents, dental/palatal signs and quantity may be degraded. Not newly image-certified.
rt-complete-2026-004	2026	33	Literal held-text spelling; accents, dental/palatal signs and quantity may be degraded. Not newly image-certified.
rt-complete-2027-003	2027	33	Literal held-text spelling; accents, dental/palatal signs and quantity may be degraded. Not newly image-certified.
rt-complete-2029-004	2029	41	Literal held-text spelling; accents, dental/palatal signs and quantity may be degraded. Not newly image-certified.
rt-complete-2029-008	2029	59	Literal held-text spelling; accents, dental/palatal signs and quantity may be degraded. Not newly image-certified.
rt-complete-2030-002	2030	32	Literal held-text spelling; accents, dental/palatal signs and quantity may be degraded. Not newly image-certified.
rt-complete-2030-008	2030	330	Literal held-text spelling; accents, dental/palatal signs and quantity may be degraded. Not newly image-certified.
rt-complete-2030-009	2030	387	Diplomatic field is the uncorrected held-text reading, not a newly image-authenticated glyph transcription. Exact original quantity/nasal-vowel/palatalization glyph represented by this extracted token remains unresolved; the reading is not silently corrected. Relevant paragraph co-occurrence alone does not establish this token as the selected etymon/cell; relationship intentionally unresolved. Parenthetical compared/reported unit, not automatically the row's own reconstruction.
rt-complete-2030-010	2030	387	Diplomatic field is the uncorrected held-text reading, not a newly image-authenticated glyph transcription. Exact original quantity/nasal-vowel/palatalization glyph represented by this extracted token remains unresolved; the reading is not silently corrected. Relevant paragraph co-occurrence alone does not establish this token as the selected etymon/cell; relationship intentionally unresolved. Parenthetical compared/reported unit, not automatically the row's own reconstruction.
rt-complete-2030-011	2030	387	Diplomatic field is the uncorrected held-text reading, not a newly image-authenticated glyph transcription. Relevant paragraph co-occurrence alone does not establish this token as the selected etymon/cell; relationship intentionally unresolved. Parenthetical compared/reported unit, not automatically the row's own reconstruction.
rt-complete-2030-012	2030	387	Diplomatic field is the uncorrected held-text reading, not a newly image-authenticated glyph transcription. Relevant paragraph co-occurrence alone does not establish this token as the selected etymon/cell; relationship intentionally unresolved. Parenthetical compared/reported unit, not automatically the row's own reconstruction.
rt-complete-2030-013	2030	387	Diplomatic field is the uncorrected held-text reading, not a newly image-authenticated glyph transcription. Relevant paragraph co-occurrence alone does not establish this token as the selected etymon/cell; relationship intentionally unresolved. Parenthetical compared/reported unit, not automatically the row's own reconstruction.
rt-complete-2030-014	2030	387	Diplomatic field is the uncorrected held-text reading, not a newly image-authenticated glyph transcription. Relevant paragraph co-occurrence alone does not establish this token as the selected etymon/cell; relationship intentionally unresolved. Parenthetical compared/reported unit, not automatically the row's own reconstruction.
rt-complete-2030-015	2030	387	Diplomatic field is the uncorrected held-text reading, not a newly image-authenticated glyph transcription. Relevant paragraph co-occurrence alone does not establish this token as the selected etymon/cell; relationship intentionally unresolved. Parenthetical compared/reported unit, not automatically the row's own reconstruction.
rt-complete-2030-016	2030	387	Diplomatic field is the uncorrected held-text reading, not a newly image-authenticated glyph transcription. Local stage label in holding: PWGmc. Relevant paragraph co-occurrence alone does not establish this token as the selected etymon/cell; relationship intentionally unresolved. Parenthetical compared/reported unit, not automatically the row's own reconstruction.
rt-complete-2032-001	2032	173	Diplomatic field is the uncorrected held-text reading, not a newly image-authenticated glyph transcription. Local stage label in holding: PGmc. Exact original quantity/nasal-vowel/palatalization glyph represented by this extracted token remains unresolved; the reading is not silently corrected.
rt-complete-2032-002	2032	173	Literal held-text spelling; accents, dental/palatal signs and quantity may be degraded. Not newly image-certified.
rt-complete-2033-003	2033	62	Literal held-text spelling; accents, dental/palatal signs and quantity may be degraded. Not newly image-certified.
rt-complete-2033-004	2033	386	Diplomatic field is the uncorrected held-text reading, not a newly image-authenticated glyph transcription. Relevant paragraph co-occurrence alone does not establish this token as the selected etymon/cell; relationship intentionally unresolved.
rt-complete-2036-005	2036	28	Literal held-text spelling; accents, dental/palatal signs and quantity may be degraded. Not newly image-certified.
rt-complete-2036-007	2036	202	Diplomatic field is the uncorrected held-text reading, not a newly image-authenticated glyph transcription. Exact original quantity/nasal-vowel/palatalization glyph represented by this extracted token remains unresolved; the reading is not silently corrected.
rt-complete-2036-009	2036	202	Literal held-text spelling; accents, dental/palatal signs and quantity may be degraded. Not newly image-certified.
rt-complete-2036-014	2036	308	Literal held-text spelling; accents, dental/palatal signs and quantity may be degraded. Not newly image-certified.
rt-complete-2039-002	2039	126	Literal held-text spelling; accents, dental/palatal signs and quantity may be degraded. Not newly image-certified.
rt-complete-2039-003	2039	171	Diplomatic field is the uncorrected held-text reading, not a newly image-authenticated glyph transcription. Relevant paragraph co-occurrence alone does not establish this token as the selected etymon/cell; relationship intentionally unresolved.
rt-complete-2040-001	2040	15	Diplomatic field is the uncorrected held-text reading, not a newly image-authenticated glyph transcription. Local stage label in holding: PNWGmc. Relevant paragraph co-occurrence alone does not establish this token as the selected etymon/cell; relationship intentionally unresolved.
rt-complete-2040-002	2040	15	Diplomatic field is the uncorrected held-text reading, not a newly image-authenticated glyph transcription. Local stage label in holding: PGmc. Relevant paragraph co-occurrence alone does not establish this token as the selected etymon/cell; relationship intentionally unresolved.
rt-complete-2040-005	2040	43	Literal held-text spelling; accents, dental/palatal signs and quantity may be degraded. Not newly image-certified.
rt-complete-2040-008	2040	43	Literal held-text spelling; accents, dental/palatal signs and quantity may be degraded. Not newly image-certified.
rt-complete-2040-009	2040	59	Diplomatic field is the uncorrected held-text reading, not a newly image-authenticated glyph transcription. Local stage label in holding: PGmc. Exact original quantity/nasal-vowel/palatalization glyph represented by this extracted token remains unresolved; the reading is not silently corrected.
rt-complete-2040-010	2040	59	Diplomatic field is the uncorrected held-text reading, not a newly image-authenticated glyph transcription. Local stage label in holding: PGmc. Exact original quantity/nasal-vowel/palatalization glyph represented by this extracted token remains unresolved; the reading is not silently corrected.
rt-complete-2040-012	2040	59	Literal held-text spelling; accents, dental/palatal signs and quantity may be degraded. Not newly image-certified.
rt-complete-2040-015	2040	59	Literal held-text spelling; accents, dental/palatal signs and quantity may be degraded. Not newly image-certified.
rt-complete-2040-016	2040	59	Diplomatic field is the uncorrected held-text reading, not a newly image-authenticated glyph transcription. Local stage label in holding: PGme. Exact original quantity/nasal-vowel/palatalization glyph represented by this extracted token remains unresolved; the reading is not silently corrected. Relevant paragraph co-occurrence alone does not establish this token as the selected etymon/cell; relationship intentionally unresolved.
rt-complete-2040-023	2040	59	Literal held-text spelling; accents, dental/palatal signs and quantity may be degraded. Not newly image-certified.
rt-complete-2040-024	2040	61	Diplomatic field is the uncorrected held-text reading, not a newly image-authenticated glyph transcription. Relevant paragraph co-occurrence alone does not establish this token as the selected etymon/cell; relationship intentionally unresolved.
rt-complete-2040-026	2040	61	Diplomatic field is the uncorrected held-text reading, not a newly image-authenticated glyph transcription. Local stage label in holding: PWGmc. Exact original quantity/nasal-vowel/palatalization glyph represented by this extracted token remains unresolved; the reading is not silently corrected.
rt-complete-2040-027	2040	61	Literal held-text spelling; accents, dental/palatal signs and quantity may be degraded. Not newly image-certified.
rt-complete-2040-031	2040	288	Literal held-text spelling; accents, dental/palatal signs and quantity may be degraded. Not newly image-certified.
rt-complete-2040-032	2040	325	Diplomatic field is the uncorrected held-text reading, not a newly image-authenticated glyph transcription. Relevant paragraph co-occurrence alone does not establish this token as the selected etymon/cell; relationship intentionally unresolved.
rt-complete-2041-001	2041	325	Diplomatic field is the uncorrected held-text reading, not a newly image-authenticated glyph transcription. Local stage label in holding: PGmc. Exact original quantity/nasal-vowel/palatalization glyph represented by this extracted token remains unresolved; the reading is not silently corrected.
rt-complete-2041-003	2041	325	Literal held-text spelling; accents, dental/palatal signs and quantity may be degraded. Not newly image-certified.
rt-complete-2041-004	2041	325	Literal held-text spelling; accents, dental/palatal signs and quantity may be degraded. Not newly image-certified.
rt-complete-2041-005	2041	215	Diplomatic field is the uncorrected held-text reading, not a newly image-authenticated glyph transcription. Local stage label in holding: PGmc. Exact original quantity/nasal-vowel/palatalization glyph represented by this extracted token remains unresolved; the reading is not silently corrected.
rt-complete-2041-007	2041	215	Diplomatic field is the uncorrected held-text reading, not a newly image-authenticated glyph transcription. Exact original quantity/nasal-vowel/palatalization glyph represented by this extracted token remains unresolved; the reading is not silently corrected.
rt-complete-2041-011	2041	215	Literal held-text spelling; accents, dental/palatal signs and quantity may be degraded. Not newly image-certified.
rt-complete-2041-012	2041	215	Literal held-text spelling; accents, dental/palatal signs and quantity may be degraded. Not newly image-certified.
rt-complete-2043-003	2043	155	Diplomatic field is the uncorrected held-text reading, not a newly image-authenticated glyph transcription. Relevant paragraph co-occurrence alone does not establish this token as the selected etymon/cell; relationship intentionally unresolved.
rt-complete-2043-004	2043	155	Diplomatic field is the uncorrected held-text reading, not a newly image-authenticated glyph transcription. Relevant paragraph co-occurrence alone does not establish this token as the selected etymon/cell; relationship intentionally unresolved.
rt-complete-2043-005	2043	155	Diplomatic field is the uncorrected held-text reading, not a newly image-authenticated glyph transcription. Relevant paragraph co-occurrence alone does not establish this token as the selected etymon/cell; relationship intentionally unresolved.
rt-complete-2043-006	2043	155	Diplomatic field is the uncorrected held-text reading, not a newly image-authenticated glyph transcription. Relevant paragraph co-occurrence alone does not establish this token as the selected etymon/cell; relationship intentionally unresolved.
rt-complete-2043-007	2043	155	Diplomatic field is the uncorrected held-text reading, not a newly image-authenticated glyph transcription. Relevant paragraph co-occurrence alone does not establish this token as the selected etymon/cell; relationship intentionally unresolved.
rt-complete-2043-008	2043	155	Diplomatic field is the uncorrected held-text reading, not a newly image-authenticated glyph transcription. Relevant paragraph co-occurrence alone does not establish this token as the selected etymon/cell; relationship intentionally unresolved.
rt-complete-2044-003	2044	141	Literal held-text spelling; accents, dental/palatal signs and quantity may be degraded. Not newly image-certified.
rt-complete-2045-003	2045	147	Literal held-text spelling; accents, dental/palatal signs and quantity may be degraded. Not newly image-certified.
rt-complete-2045-012	2045	198	Literal held-text spelling; accents, dental/palatal signs and quantity may be degraded. Not newly image-certified.
rt-complete-2049-003	2049	43	Literal held-text spelling; accents, dental/palatal signs and quantity may be degraded. Not newly image-certified.
rt-complete-2049-009	2049	55	Literal held-text spelling; accents, dental/palatal signs and quantity may be degraded. Not newly image-certified.
rt-complete-2049-013	2049	216	Literal held-text spelling; accents, dental/palatal signs and quantity may be degraded. Not newly image-certified.
rt-complete-2049-018	2049	244	Literal held-text spelling; accents, dental/palatal signs and quantity may be degraded. Not newly image-certified.
rt-complete-2049-027	2049	287	Literal held-text spelling; accents, dental/palatal signs and quantity may be degraded. Not newly image-certified.
rt-complete-2052-001	2052	185	Diplomatic field is the uncorrected held-text reading, not a newly image-authenticated glyph transcription. Relevant paragraph co-occurrence alone does not establish this token as the selected etymon/cell; relationship intentionally unresolved.
rt-complete-2052-002	2052	185	Diplomatic field is the uncorrected held-text reading, not a newly image-authenticated glyph transcription. Relevant paragraph co-occurrence alone does not establish this token as the selected etymon/cell; relationship intentionally unresolved.
rt-complete-2054-003	2054	144	Literal held-text spelling; accents, dental/palatal signs and quantity may be degraded. Not newly image-certified.
rt-complete-2054-007	2054	287	Literal held-text spelling; accents, dental/palatal signs and quantity may be degraded. Not newly image-certified.
rt-complete-2055-004	2055	131	Literal held-text spelling; accents, dental/palatal signs and quantity may be degraded. Not newly image-certified.
rt-complete-2055-005	2055	269	Diplomatic field is the uncorrected held-text reading, not a newly image-authenticated glyph transcription. Local stage label in holding: PNWGme. Exact original quantity/nasal-vowel/palatalization glyph represented by this extracted token remains unresolved; the reading is not silently corrected.
rt-complete-2055-007	2055	269	Diplomatic field is the uncorrected held-text reading, not a newly image-authenticated glyph transcription. Relevant paragraph co-occurrence alone does not establish this token as the selected etymon/cell; relationship intentionally unresolved.
rt-complete-2057-002	2057	126	Literal held-text spelling; accents, dental/palatal signs and quantity may be degraded. Not newly image-certified.
rt-complete-2058-002	2058	363	Diplomatic field is the uncorrected held-text reading, not a newly image-authenticated glyph transcription. Relevant paragraph co-occurrence alone does not establish this token as the selected etymon/cell; relationship intentionally unresolved.
rt-complete-2058-004	2058	363	Diplomatic field is the uncorrected held-text reading, not a newly image-authenticated glyph transcription. Relevant paragraph co-occurrence alone does not establish this token as the selected etymon/cell; relationship intentionally unresolved.
rt-complete-2058-006	2058	364	Diplomatic field is the uncorrected held-text reading, not a newly image-authenticated glyph transcription. Relevant paragraph co-occurrence alone does not establish this token as the selected etymon/cell; relationship intentionally unresolved.
rt-complete-2058-007	2058	364	Diplomatic field is the uncorrected held-text reading, not a newly image-authenticated glyph transcription. Relevant paragraph co-occurrence alone does not establish this token as the selected etymon/cell; relationship intentionally unresolved.
rt-complete-2058-008	2058	364	Diplomatic field is the uncorrected held-text reading, not a newly image-authenticated glyph transcription. Relevant paragraph co-occurrence alone does not establish this token as the selected etymon/cell; relationship intentionally unresolved.
rt-complete-2058-013	2058	131	Diplomatic field is the uncorrected held-text reading, not a newly image-authenticated glyph transcription. Local stage label in holding: PWGmc. Exact original quantity/nasal-vowel/palatalization glyph represented by this extracted token remains unresolved; the reading is not silently corrected.
rt-complete-2058-015	2058	131	Literal held-text spelling; accents, dental/palatal signs and quantity may be degraded. Not newly image-certified.
rt-complete-2058-016	2058	131	Literal held-text spelling; accents, dental/palatal signs and quantity may be degraded. Not newly image-certified.
rt-complete-2060-004	2060	191	Literal held-text spelling; accents, dental/palatal signs and quantity may be degraded. Not newly image-certified. Preserved overlapping-extractor verification/representation caution: Text anchor retained; its role is not automatically an OE selected-cell quotation.
rt-complete-2060-005	2060	219	Diplomatic field is the uncorrected held-text reading, not a newly image-authenticated glyph transcription. Relevant paragraph co-occurrence alone does not establish this token as the selected etymon/cell; relationship intentionally unresolved. Parenthetical compared/reported unit, not automatically the row's own reconstruction.
rt-complete-2060-012	2060	272	Literal held-text spelling; accents, dental/palatal signs and quantity may be degraded. Not newly image-certified. Preserved overlapping-extractor verification/representation caution: Text anchor retained; its role is not automatically an OE selected-cell quotation.
rt-complete-2061-003	2061	173	Diplomatic field is the uncorrected held-text reading, not a newly image-authenticated glyph transcription. Local stage label in holding: PWGmc. Exact original quantity/nasal-vowel/palatalization glyph represented by this extracted token remains unresolved; the reading is not silently corrected.
rt-complete-2061-007	2061	173	Diplomatic field is the uncorrected held-text reading, not a newly image-authenticated glyph transcription. Exact original quantity/nasal-vowel/palatalization glyph represented by this extracted token remains unresolved; the reading is not silently corrected.
rt-complete-2061-010	2061	246	Diplomatic field is the uncorrected held-text reading, not a newly image-authenticated glyph transcription. Local stage label in holding: PWGmc. Exact original quantity/nasal-vowel/palatalization glyph represented by this extracted token remains unresolved; the reading is not silently corrected.
rt-complete-2061-014	2061	246	Diplomatic field is the uncorrected held-text reading, not a newly image-authenticated glyph transcription. Exact original quantity/nasal-vowel/palatalization glyph represented by this extracted token remains unresolved; the reading is not silently corrected.
rt-complete-2061-015	2061	246	Diplomatic field is the uncorrected held-text reading, not a newly image-authenticated glyph transcription. Exact original quantity/nasal-vowel/palatalization glyph represented by this extracted token remains unresolved; the reading is not silently corrected.
rt-complete-2061-016	2061	246	Literal held-text spelling; accents, dental/palatal signs and quantity may be degraded. Not newly image-certified.
rt-complete-2061-017	2061	246	Literal held-text spelling; accents, dental/palatal signs and quantity may be degraded. Not newly image-certified.
rt-complete-2061-020	2061	53	Literal held-text spelling; accents, dental/palatal signs and quantity may be degraded. Not newly image-certified.
rt-complete-2062-003	2062	329	Literal held-text spelling; accents, dental/palatal signs and quantity may be degraded. Not newly image-certified.
rt-complete-2063-001	2063	257	Diplomatic field is the uncorrected held-text reading, not a newly image-authenticated glyph transcription. Relevant paragraph co-occurrence alone does not establish this token as the selected etymon/cell; relationship intentionally unresolved.
rt-complete-2063-002	2063	257	Diplomatic field is the uncorrected held-text reading, not a newly image-authenticated glyph transcription. Relevant paragraph co-occurrence alone does not establish this token as the selected etymon/cell; relationship intentionally unresolved.
rt-complete-2063-003	2063	257	Diplomatic field is the uncorrected held-text reading, not a newly image-authenticated glyph transcription. Relevant paragraph co-occurrence alone does not establish this token as the selected etymon/cell; relationship intentionally unresolved.
rt-complete-2063-004	2063	257	Diplomatic field is the uncorrected held-text reading, not a newly image-authenticated glyph transcription. Relevant paragraph co-occurrence alone does not establish this token as the selected etymon/cell; relationship intentionally unresolved.
rt-complete-2063-005	2063	257	Diplomatic field is the uncorrected held-text reading, not a newly image-authenticated glyph transcription. Relevant paragraph co-occurrence alone does not establish this token as the selected etymon/cell; relationship intentionally unresolved.
rt-complete-2063-006	2063	257	Diplomatic field is the uncorrected held-text reading, not a newly image-authenticated glyph transcription. Relevant paragraph co-occurrence alone does not establish this token as the selected etymon/cell; relationship intentionally unresolved.
rt-complete-2063-007	2063	257	Diplomatic field is the uncorrected held-text reading, not a newly image-authenticated glyph transcription. Relevant paragraph co-occurrence alone does not establish this token as the selected etymon/cell; relationship intentionally unresolved.
rt-complete-2063-008	2063	257	Diplomatic field is the uncorrected held-text reading, not a newly image-authenticated glyph transcription. Relevant paragraph co-occurrence alone does not establish this token as the selected etymon/cell; relationship intentionally unresolved. Parenthetical compared/reported unit, not automatically the row's own reconstruction.
rt-complete-2063-009	2063	257	Diplomatic field is the uncorrected held-text reading, not a newly image-authenticated glyph transcription. Relevant paragraph co-occurrence alone does not establish this token as the selected etymon/cell; relationship intentionally unresolved. Parenthetical compared/reported unit, not automatically the row's own reconstruction.
rt-complete-2063-010	2063	257	Diplomatic field is the uncorrected held-text reading, not a newly image-authenticated glyph transcription. Relevant paragraph co-occurrence alone does not establish this token as the selected etymon/cell; relationship intentionally unresolved.
rt-complete-2063-011	2063	257	Diplomatic field is the uncorrected held-text reading, not a newly image-authenticated glyph transcription. Relevant paragraph co-occurrence alone does not establish this token as the selected etymon/cell; relationship intentionally unresolved. Parenthetical compared/reported unit, not automatically the row's own reconstruction.
rt-complete-2063-012	2063	257	Diplomatic field is the uncorrected held-text reading, not a newly image-authenticated glyph transcription. Relevant paragraph co-occurrence alone does not establish this token as the selected etymon/cell; relationship intentionally unresolved.
rt-complete-2063-013	2063	257	Diplomatic field is the uncorrected held-text reading, not a newly image-authenticated glyph transcription. Exact original quantity/nasal-vowel/palatalization glyph represented by this extracted token remains unresolved; the reading is not silently corrected. Relevant paragraph co-occurrence alone does not establish this token as the selected etymon/cell; relationship intentionally unresolved. Parenthetical compared/reported unit, not automatically the row's own reconstruction.
rt-complete-2063-014	2063	257	Diplomatic field is the uncorrected held-text reading, not a newly image-authenticated glyph transcription. Relevant paragraph co-occurrence alone does not establish this token as the selected etymon/cell; relationship intentionally unresolved.
rt-complete-2063-020	2063	270	Diplomatic field is the uncorrected held-text reading, not a newly image-authenticated glyph transcription. Local stage label in holding: OE. Exact original quantity/nasal-vowel/palatalization glyph represented by this extracted token remains unresolved; the reading is not silently corrected.
rt-complete-2063-021	2063	270	Diplomatic field is the uncorrected held-text reading, not a newly image-authenticated glyph transcription. Local stage label in holding: OE. Exact original quantity/nasal-vowel/palatalization glyph represented by this extracted token remains unresolved; the reading is not silently corrected.
rt-complete-2063-023	2063	378	Diplomatic field is the uncorrected held-text reading, not a newly image-authenticated glyph transcription. Exact original quantity/nasal-vowel/palatalization glyph represented by this extracted token remains unresolved; the reading is not silently corrected. Relevant paragraph co-occurrence alone does not establish this token as the selected etymon/cell; relationship intentionally unresolved.
rt-complete-2064-003	2064	234	Literal held-text spelling; accents, dental/palatal signs and quantity may be degraded. Not newly image-certified.
rt-complete-2065-002	2065	59	Diplomatic field is the uncorrected held-text reading, not a newly image-authenticated glyph transcription. Exact original quantity/nasal-vowel/palatalization glyph represented by this extracted token remains unresolved; the reading is not silently corrected.
rt-complete-2065-005	2065	59	Literal held-text spelling; accents, dental/palatal signs and quantity may be degraded. Not newly image-certified.
rt-complete-2065-006	2065	182	Diplomatic field is the uncorrected held-text reading, not a newly image-authenticated glyph transcription. Local stage label in holding: PGmc. Exact original quantity/nasal-vowel/palatalization glyph represented by this extracted token remains unresolved; the reading is not silently corrected.
rt-complete-2065-008	2065	182	Literal held-text spelling; accents, dental/palatal signs and quantity may be degraded. Not newly image-certified.
rt-complete-2067-003	2067	234	Literal held-text spelling; accents, dental/palatal signs and quantity may be degraded. Not newly image-certified.
rt-complete-2068-002	2068	324	Diplomatic field is the uncorrected held-text reading, not a newly image-authenticated glyph transcription. Relevant paragraph co-occurrence alone does not establish this token as the selected etymon/cell; relationship intentionally unresolved.
rt-complete-2068-004	2068	387	Diplomatic field is the uncorrected held-text reading, not a newly image-authenticated glyph transcription. Exact original quantity/nasal-vowel/palatalization glyph represented by this extracted token remains unresolved; the reading is not silently corrected. Relevant paragraph co-occurrence alone does not establish this token as the selected etymon/cell; relationship intentionally unresolved. Parenthetical compared/reported unit, not automatically the row's own reconstruction.
rt-complete-2068-005	2068	387	Diplomatic field is the uncorrected held-text reading, not a newly image-authenticated glyph transcription. Exact original quantity/nasal-vowel/palatalization glyph represented by this extracted token remains unresolved; the reading is not silently corrected. Relevant paragraph co-occurrence alone does not establish this token as the selected etymon/cell; relationship intentionally unresolved. Parenthetical compared/reported unit, not automatically the row's own reconstruction.
rt-complete-2068-006	2068	387	Diplomatic field is the uncorrected held-text reading, not a newly image-authenticated glyph transcription. Relevant paragraph co-occurrence alone does not establish this token as the selected etymon/cell; relationship intentionally unresolved. Parenthetical compared/reported unit, not automatically the row's own reconstruction.
rt-complete-2068-007	2068	387	Diplomatic field is the uncorrected held-text reading, not a newly image-authenticated glyph transcription. Relevant paragraph co-occurrence alone does not establish this token as the selected etymon/cell; relationship intentionally unresolved. Parenthetical compared/reported unit, not automatically the row's own reconstruction.
rt-complete-2068-008	2068	387	Diplomatic field is the uncorrected held-text reading, not a newly image-authenticated glyph transcription. Relevant paragraph co-occurrence alone does not establish this token as the selected etymon/cell; relationship intentionally unresolved. Parenthetical compared/reported unit, not automatically the row's own reconstruction.
rt-complete-2068-009	2068	387	Diplomatic field is the uncorrected held-text reading, not a newly image-authenticated glyph transcription. Relevant paragraph co-occurrence alone does not establish this token as the selected etymon/cell; relationship intentionally unresolved. Parenthetical compared/reported unit, not automatically the row's own reconstruction.
rt-complete-2068-010	2068	387	Diplomatic field is the uncorrected held-text reading, not a newly image-authenticated glyph transcription. Relevant paragraph co-occurrence alone does not establish this token as the selected etymon/cell; relationship intentionally unresolved. Parenthetical compared/reported unit, not automatically the row's own reconstruction.
rt-complete-2068-011	2068	387	Diplomatic field is the uncorrected held-text reading, not a newly image-authenticated glyph transcription. Local stage label in holding: PWGmc. Relevant paragraph co-occurrence alone does not establish this token as the selected etymon/cell; relationship intentionally unresolved. Parenthetical compared/reported unit, not automatically the row's own reconstruction.
rt-complete-2071-001	2071	347	Diplomatic field is the uncorrected held-text reading, not a newly image-authenticated glyph transcription. Relevant paragraph co-occurrence alone does not establish this token as the selected etymon/cell; relationship intentionally unresolved.
rt-complete-2072-001	2072	56	Diplomatic field is the uncorrected held-text reading, not a newly image-authenticated glyph transcription. Relevant paragraph co-occurrence alone does not establish this token as the selected etymon/cell; relationship intentionally unresolved.
rt-complete-2072-002	2072	56	Diplomatic field is the uncorrected held-text reading, not a newly image-authenticated glyph transcription. Relevant paragraph co-occurrence alone does not establish this token as the selected etymon/cell; relationship intentionally unresolved.
rt-complete-2072-008	2072	56	Diplomatic field is the uncorrected held-text reading, not a newly image-authenticated glyph transcription. Exact original quantity/nasal-vowel/palatalization glyph represented by this extracted token remains unresolved; the reading is not silently corrected. Parenthetical compared/reported unit, not automatically the row's own reconstruction.
rt-complete-2072-017	2072	56	Diplomatic field is the uncorrected held-text reading, not a newly image-authenticated glyph transcription. Relevant paragraph co-occurrence alone does not establish this token as the selected etymon/cell; relationship intentionally unresolved.
rt-complete-2072-018	2072	56	Diplomatic field is the uncorrected held-text reading, not a newly image-authenticated glyph transcription. Relevant paragraph co-occurrence alone does not establish this token as the selected etymon/cell; relationship intentionally unresolved.
rt-complete-2072-019	2072	56	Diplomatic field is the uncorrected held-text reading, not a newly image-authenticated glyph transcription. Relevant paragraph co-occurrence alone does not establish this token as the selected etymon/cell; relationship intentionally unresolved.
rt-complete-2072-020	2072	56	Diplomatic field is the uncorrected held-text reading, not a newly image-authenticated glyph transcription. Relevant paragraph co-occurrence alone does not establish this token as the selected etymon/cell; relationship intentionally unresolved.
rt-complete-2072-021	2072	56	Diplomatic field is the uncorrected held-text reading, not a newly image-authenticated glyph transcription. Relevant paragraph co-occurrence alone does not establish this token as the selected etymon/cell; relationship intentionally unresolved.
rt-complete-2072-022	2072	56	Diplomatic field is the uncorrected held-text reading, not a newly image-authenticated glyph transcription. Relevant paragraph co-occurrence alone does not establish this token as the selected etymon/cell; relationship intentionally unresolved.
rt-complete-2072-023	2072	56	Diplomatic field is the uncorrected held-text reading, not a newly image-authenticated glyph transcription. Exact original quantity/nasal-vowel/palatalization glyph represented by this extracted token remains unresolved; the reading is not silently corrected.
rt-complete-2072-029	2072	56	Diplomatic field is the uncorrected held-text reading, not a newly image-authenticated glyph transcription. Relevant paragraph co-occurrence alone does not establish this token as the selected etymon/cell; relationship intentionally unresolved.
rt-complete-2073-003	2073	182	Literal held-text spelling; accents, dental/palatal signs and quantity may be degraded. Not newly image-certified.
rt-complete-2074-001	2074	66	Diplomatic field is the uncorrected held-text reading, not a newly image-authenticated glyph transcription. Local stage label in holding: PGmc. Exact original quantity/nasal-vowel/palatalization glyph represented by this extracted token remains unresolved; the reading is not silently corrected.
rt-complete-2074-003	2074	66	Literal held-text spelling; accents, dental/palatal signs and quantity may be degraded. Not newly image-certified.
rt-complete-2074-004	2074	89	Diplomatic field is the uncorrected held-text reading, not a newly image-authenticated glyph transcription. Local stage label in holding: PGmc. Exact original quantity/nasal-vowel/palatalization glyph represented by this extracted token remains unresolved; the reading is not silently corrected.
rt-complete-2074-008	2074	89	Diplomatic field is the uncorrected held-text reading, not a newly image-authenticated glyph transcription. Local stage label in holding: PGmc. Exact original quantity/nasal-vowel/palatalization glyph represented by this extracted token remains unresolved; the reading is not silently corrected.
rt-complete-2074-012	2074	89	Literal held-text spelling; accents, dental/palatal signs and quantity may be degraded. Not newly image-certified.
rt-complete-2074-013	2074	172	Diplomatic field is the uncorrected held-text reading, not a newly image-authenticated glyph transcription. Local stage label in holding: PGmc. Exact original quantity/nasal-vowel/palatalization glyph represented by this extracted token remains unresolved; the reading is not silently corrected.
rt-complete-2074-015	2074	172	Literal held-text spelling; accents, dental/palatal signs and quantity may be degraded. Not newly image-certified.
rt-complete-2077-001	2077	184	Diplomatic field is the uncorrected held-text reading, not a newly image-authenticated glyph transcription. Local stage label in holding: PGmc. Exact original quantity/nasal-vowel/palatalization glyph represented by this extracted token remains unresolved; the reading is not silently corrected.
rt-complete-2077-005	2077	184	Literal held-text spelling; accents, dental/palatal signs and quantity may be degraded. Not newly image-certified. Preserved overlapping-extractor verification/representation caution: Text anchor retained; its role is not automatically an OE selected-cell quotation.
rt-complete-2077-006	2077	184	Literal held-text spelling; accents, dental/palatal signs and quantity may be degraded. Not newly image-certified.
rt-complete-2077-007	2077	184	Literal held-text spelling; accents, dental/palatal signs and quantity may be degraded. Not newly image-certified.
rt-complete-2078-001	2078	15	Diplomatic field is the uncorrected held-text reading, not a newly image-authenticated glyph transcription. Relevant paragraph co-occurrence alone does not establish this token as the selected etymon/cell; relationship intentionally unresolved.
rt-complete-2078-003	2078	170	Literal held-text spelling; accents, dental/palatal signs and quantity may be degraded. Not newly image-certified.
rt-complete-2078-004	2078	380	Diplomatic field is the uncorrected held-text reading, not a newly image-authenticated glyph transcription. Local stage label in holding: PGmce. Relevant paragraph co-occurrence alone does not establish this token as the selected etymon/cell; relationship intentionally unresolved.
rt-complete-2078-005	2078	380	Diplomatic field is the uncorrected held-text reading, not a newly image-authenticated glyph transcription. Relevant paragraph co-occurrence alone does not establish this token as the selected etymon/cell; relationship intentionally unresolved.
rt-complete-2078-006	2078	380	Diplomatic field is the uncorrected held-text reading, not a newly image-authenticated glyph transcription. Relevant paragraph co-occurrence alone does not establish this token as the selected etymon/cell; relationship intentionally unresolved.
rt-complete-2078-007	2078	380	Diplomatic field is the uncorrected held-text reading, not a newly image-authenticated glyph transcription. Local stage label in holding: PWGmc. Relevant paragraph co-occurrence alone does not establish this token as the selected etymon/cell; relationship intentionally unresolved.
rt-complete-2079-002	2079	31	Literal held-text spelling; accents, dental/palatal signs and quantity may be degraded. Not newly image-certified.
rt-complete-2079-009	2079	212	Literal held-text spelling; accents, dental/palatal signs and quantity may be degraded. Not newly image-certified.
rt-complete-2079-010	2079	335	Diplomatic field is the uncorrected held-text reading, not a newly image-authenticated glyph transcription. Relevant paragraph co-occurrence alone does not establish this token as the selected etymon/cell; relationship intentionally unresolved.
rt-complete-2079-011	2079	335	Diplomatic field is the uncorrected held-text reading, not a newly image-authenticated glyph transcription. Local stage label in holding: PWGmc. Relevant paragraph co-occurrence alone does not establish this token as the selected etymon/cell; relationship intentionally unresolved.
rt-complete-2079-012	2079	335	Diplomatic field is the uncorrected held-text reading, not a newly image-authenticated glyph transcription. Relevant paragraph co-occurrence alone does not establish this token as the selected etymon/cell; relationship intentionally unresolved.
rt-complete-2079-013	2079	335	Diplomatic field is the uncorrected held-text reading, not a newly image-authenticated glyph transcription. Local stage label in holding: PWGmc. Relevant paragraph co-occurrence alone does not establish this token as the selected etymon/cell; relationship intentionally unresolved.
rt-complete-2079-014	2079	335	Diplomatic field is the uncorrected held-text reading, not a newly image-authenticated glyph transcription. Relevant paragraph co-occurrence alone does not establish this token as the selected etymon/cell; relationship intentionally unresolved.
rt-complete-2079-015	2079	335	Diplomatic field is the uncorrected held-text reading, not a newly image-authenticated glyph transcription. Relevant paragraph co-occurrence alone does not establish this token as the selected etymon/cell; relationship intentionally unresolved.
rt-complete-2084-001	2084	78	Diplomatic field is the uncorrected held-text reading, not a newly image-authenticated glyph transcription. Exact original quantity/nasal-vowel/palatalization glyph represented by this extracted token remains unresolved; the reading is not silently corrected. Relevant paragraph co-occurrence alone does not establish this token as the selected etymon/cell; relationship intentionally unresolved.
rt-complete-2084-002	2084	78	Diplomatic field is the uncorrected held-text reading, not a newly image-authenticated glyph transcription. Exact original quantity/nasal-vowel/palatalization glyph represented by this extracted token remains unresolved; the reading is not silently corrected. Relevant paragraph co-occurrence alone does not establish this token as the selected etymon/cell; relationship intentionally unresolved.
rt-complete-2084-003	2084	78	Diplomatic field is the uncorrected held-text reading, not a newly image-authenticated glyph transcription. Local stage label in holding: PWGmc. Relevant paragraph co-occurrence alone does not establish this token as the selected etymon/cell; relationship intentionally unresolved.
rt-complete-2084-004	2084	78	Diplomatic field is the uncorrected held-text reading, not a newly image-authenticated glyph transcription. Relevant paragraph co-occurrence alone does not establish this token as the selected etymon/cell; relationship intentionally unresolved.
rt-complete-2084-005	2084	78	Diplomatic field is the uncorrected held-text reading, not a newly image-authenticated glyph transcription. Relevant paragraph co-occurrence alone does not establish this token as the selected etymon/cell; relationship intentionally unresolved.
rt-complete-2084-006	2084	78	Diplomatic field is the uncorrected held-text reading, not a newly image-authenticated glyph transcription. Local stage label in holding: PGmc. Exact original quantity/nasal-vowel/palatalization glyph represented by this extracted token remains unresolved; the reading is not silently corrected. Relevant paragraph co-occurrence alone does not establish this token as the selected etymon/cell; relationship intentionally unresolved.
rt-complete-2085-004	2085	61	Literal held-text spelling; accents, dental/palatal signs and quantity may be degraded. Not newly image-certified.
rt-complete-2085-005	2085	387	Diplomatic field is the uncorrected held-text reading, not a newly image-authenticated glyph transcription. Relevant paragraph co-occurrence alone does not establish this token as the selected etymon/cell; relationship intentionally unresolved.
rt-complete-2085-006	2085	387	Diplomatic field is the uncorrected held-text reading, not a newly image-authenticated glyph transcription. Relevant paragraph co-occurrence alone does not establish this token as the selected etymon/cell; relationship intentionally unresolved.
rt-complete-2085-007	2085	387	Diplomatic field is the uncorrected held-text reading, not a newly image-authenticated glyph transcription. Local stage label in holding: PWGmc. Relevant paragraph co-occurrence alone does not establish this token as the selected etymon/cell; relationship intentionally unresolved.
rt-complete-2085-008	2085	387	Diplomatic field is the uncorrected held-text reading, not a newly image-authenticated glyph transcription. Local stage label in holding: PGmc. Relevant paragraph co-occurrence alone does not establish this token as the selected etymon/cell; relationship intentionally unresolved.
rt-complete-2085-009	2085	387	Diplomatic field is the uncorrected held-text reading, not a newly image-authenticated glyph transcription. Local stage label in holding: PGmc. Exact original quantity/nasal-vowel/palatalization glyph represented by this extracted token remains unresolved; the reading is not silently corrected. Relevant paragraph co-occurrence alone does not establish this token as the selected etymon/cell; relationship intentionally unresolved.
rt-complete-2085-010	2085	387	Diplomatic field is the uncorrected held-text reading, not a newly image-authenticated glyph transcription. Relevant paragraph co-occurrence alone does not establish this token as the selected etymon/cell; relationship intentionally unresolved.
rt-complete-2085-011	2085	387	Diplomatic field is the uncorrected held-text reading, not a newly image-authenticated glyph transcription. Exact original quantity/nasal-vowel/palatalization glyph represented by this extracted token remains unresolved; the reading is not silently corrected. Relevant paragraph co-occurrence alone does not establish this token as the selected etymon/cell; relationship intentionally unresolved.
rt-complete-2085-012	2085	387	Diplomatic field is the uncorrected held-text reading, not a newly image-authenticated glyph transcription. Relevant paragraph co-occurrence alone does not establish this token as the selected etymon/cell; relationship intentionally unresolved.
rt-complete-2085-013	2085	387	Diplomatic field is the uncorrected held-text reading, not a newly image-authenticated glyph transcription. Exact original quantity/nasal-vowel/palatalization glyph represented by this extracted token remains unresolved; the reading is not silently corrected. Relevant paragraph co-occurrence alone does not establish this token as the selected etymon/cell; relationship intentionally unresolved.
rt-complete-2085-014	2085	387	Diplomatic field is the uncorrected held-text reading, not a newly image-authenticated glyph transcription. Relevant paragraph co-occurrence alone does not establish this token as the selected etymon/cell; relationship intentionally unresolved.
rt-complete-2085-015	2085	174	Diplomatic field is the uncorrected held-text reading, not a newly image-authenticated glyph transcription. Local stage label in holding: PGmc. Relevant paragraph co-occurrence alone does not establish this token as the selected etymon/cell; relationship intentionally unresolved.
rt-complete-2086-002	2086	127	Literal held-text spelling; accents, dental/palatal signs and quantity may be degraded. Not newly image-certified.
rt-complete-2086-006	2086	337	Literal held-text spelling; accents, dental/palatal signs and quantity may be degraded. Not newly image-certified.
rt-complete-2089-001	2089	15	Diplomatic field is the uncorrected held-text reading, not a newly image-authenticated glyph transcription. Local stage label in holding: PNWGmce. Relevant paragraph co-occurrence alone does not establish this token as the selected etymon/cell; relationship intentionally unresolved.
rt-complete-2089-005	2089	286	Literal held-text spelling; accents, dental/palatal signs and quantity may be degraded. Not newly image-certified.
rt-complete-2091-001	2091	234	Diplomatic field is the uncorrected held-text reading, not a newly image-authenticated glyph transcription. Local stage label in holding: PGmc. Exact original quantity/nasal-vowel/palatalization glyph represented by this extracted token remains unresolved; the reading is not silently corrected.
rt-complete-2091-003	2091	234	Literal held-text spelling; accents, dental/palatal signs and quantity may be degraded. Not newly image-certified.
rt-complete-2092-001	2092	51	Diplomatic field is the uncorrected held-text reading, not a newly image-authenticated glyph transcription. Local stage label in holding: PGmce. Exact original quantity/nasal-vowel/palatalization glyph represented by this extracted token remains unresolved; the reading is not silently corrected.
rt-complete-2092-002	2092	51	Diplomatic field is the uncorrected held-text reading, not a newly image-authenticated glyph transcription. Local stage label in holding: PWGmc. Exact original quantity/nasal-vowel/palatalization glyph represented by this extracted token remains unresolved; the reading is not silently corrected.
rt-complete-2092-004	2092	51	Literal held-text spelling; accents, dental/palatal signs and quantity may be degraded. Not newly image-certified.
rt-complete-2092-006	2092	177	Diplomatic field is the uncorrected held-text reading, not a newly image-authenticated glyph transcription. Local stage label in holding: PWGmc. Exact original quantity/nasal-vowel/palatalization glyph represented by this extracted token remains unresolved; the reading is not silently corrected.
rt-complete-2092-007	2092	177	Diplomatic field is the uncorrected held-text reading, not a newly image-authenticated glyph transcription. Exact original quantity/nasal-vowel/palatalization glyph represented by this extracted token remains unresolved; the reading is not silently corrected.
rt-complete-2092-008	2092	177	Diplomatic field is the uncorrected held-text reading, not a newly image-authenticated glyph transcription. Exact original quantity/nasal-vowel/palatalization glyph represented by this extracted token remains unresolved; the reading is not silently corrected.
rt-complete-2092-009	2092	177	Literal held-text spelling; accents, dental/palatal signs and quantity may be degraded. Not newly image-certified.
rt-complete-2092-010	2092	240	Diplomatic field is the uncorrected held-text reading, not a newly image-authenticated glyph transcription. Local stage label in holding: PGmc. Exact original quantity/nasal-vowel/palatalization glyph represented by this extracted token remains unresolved; the reading is not silently corrected.
rt-complete-2092-011	2092	240	Diplomatic field is the uncorrected held-text reading, not a newly image-authenticated glyph transcription. Local stage label in holding: PWGmce. Exact original quantity/nasal-vowel/palatalization glyph represented by this extracted token remains unresolved; the reading is not silently corrected.
rt-complete-2092-012	2092	240	Diplomatic field is the uncorrected held-text reading, not a newly image-authenticated glyph transcription. Exact original quantity/nasal-vowel/palatalization glyph represented by this extracted token remains unresolved; the reading is not silently corrected.
rt-complete-2092-014	2092	240	Literal held-text spelling; accents, dental/palatal signs and quantity may be degraded. Not newly image-certified.
rt-complete-2092-015	2092	348	Diplomatic field is the uncorrected held-text reading, not a newly image-authenticated glyph transcription. Relevant paragraph co-occurrence alone does not establish this token as the selected etymon/cell; relationship intentionally unresolved.
rt-complete-2093-001	2093	234	Diplomatic field is the uncorrected held-text reading, not a newly image-authenticated glyph transcription. Local stage label in holding: PGmc. Exact original quantity/nasal-vowel/palatalization glyph represented by this extracted token remains unresolved; the reading is not silently corrected.
rt-complete-2093-002	2093	234	Diplomatic field is the uncorrected held-text reading, not a newly image-authenticated glyph transcription. Exact original quantity/nasal-vowel/palatalization glyph represented by this extracted token remains unresolved; the reading is not silently corrected. Parenthetical compared/reported unit, not automatically the row's own reconstruction.
rt-complete-2093-005	2093	234	Literal held-text spelling; accents, dental/palatal signs and quantity may be degraded. Not newly image-certified.
rt-complete-2094-003	2094	172	Literal held-text spelling; accents, dental/palatal signs and quantity may be degraded. Not newly image-certified.
rt-complete-2095-001	2095	38	Diplomatic field is the uncorrected held-text reading, not a newly image-authenticated glyph transcription. Local stage label in holding: PGme. Exact original quantity/nasal-vowel/palatalization glyph represented by this extracted token remains unresolved; the reading is not silently corrected. Relevant paragraph co-occurrence alone does not establish this token as the selected etymon/cell; relationship intentionally unresolved.
rt-complete-2095-002	2095	38	Diplomatic field is the uncorrected held-text reading, not a newly image-authenticated glyph transcription. Local stage label in holding: PGme. Relevant paragraph co-occurrence alone does not establish this token as the selected etymon/cell; relationship intentionally unresolved.
rt-complete-2095-003	2095	38	Diplomatic field is the uncorrected held-text reading, not a newly image-authenticated glyph transcription. Exact original quantity/nasal-vowel/palatalization glyph represented by this extracted token remains unresolved; the reading is not silently corrected. Relevant paragraph co-occurrence alone does not establish this token as the selected etymon/cell; relationship intentionally unresolved.
rt-complete-2095-005	2095	84	Diplomatic field is the uncorrected held-text reading, not a newly image-authenticated glyph transcription. Exact original quantity/nasal-vowel/palatalization glyph represented by this extracted token remains unresolved; the reading is not silently corrected. Parenthetical compared/reported unit, not automatically the row's own reconstruction.
rt-complete-2095-007	2095	84	Literal held-text spelling; accents, dental/palatal signs and quantity may be degraded. Not newly image-certified.
rt-complete-2095-010	2095	95	Diplomatic field is the uncorrected held-text reading, not a newly image-authenticated glyph transcription. Exact original quantity/nasal-vowel/palatalization glyph represented by this extracted token remains unresolved; the reading is not silently corrected. Parenthetical compared/reported unit, not automatically the row's own reconstruction.
rt-complete-2095-011	2095	95	Literal held-text spelling; accents, dental/palatal signs and quantity may be degraded. Not newly image-certified.
rt-complete-2095-012	2095	183	Diplomatic field is the uncorrected held-text reading, not a newly image-authenticated glyph transcription. Local stage label in holding: PGmc. Exact original quantity/nasal-vowel/palatalization glyph represented by this extracted token remains unresolved; the reading is not silently corrected.
rt-complete-2095-013	2095	183	Diplomatic field is the uncorrected held-text reading, not a newly image-authenticated glyph transcription. Exact original quantity/nasal-vowel/palatalization glyph represented by this extracted token remains unresolved; the reading is not silently corrected. Parenthetical compared/reported unit, not automatically the row's own reconstruction.
rt-complete-2095-014	2095	183	Diplomatic field is the uncorrected held-text reading, not a newly image-authenticated glyph transcription. Local stage label in holding: PWGmc. Exact original quantity/nasal-vowel/palatalization glyph represented by this extracted token remains unresolved; the reading is not silently corrected.
rt-complete-2095-016	2095	183	Literal held-text spelling; accents, dental/palatal signs and quantity may be degraded. Not newly image-certified.
rt-complete-2098-001	2098	11	Diplomatic field is the uncorrected held-text reading, not a newly image-authenticated glyph transcription. Local stage label in holding: PGmc. Exact original quantity/nasal-vowel/palatalization glyph represented by this extracted token remains unresolved; the reading is not silently corrected.
rt-complete-2098-002	2098	11	Diplomatic field is the uncorrected held-text reading, not a newly image-authenticated glyph transcription. Local stage label in holding: PNWGmc. Exact original quantity/nasal-vowel/palatalization glyph represented by this extracted token remains unresolved; the reading is not silently corrected.
rt-complete-2098-003	2098	11	Literal held-text spelling; accents, dental/palatal signs and quantity may be degraded. Not newly image-certified.
rt-complete-2098-004	2098	90	Diplomatic field is the uncorrected held-text reading, not a newly image-authenticated glyph transcription. Exact original quantity/nasal-vowel/palatalization glyph represented by this extracted token remains unresolved; the reading is not silently corrected. Relevant paragraph co-occurrence alone does not establish this token as the selected etymon/cell; relationship intentionally unresolved.
rt-complete-2098-005	2098	90	Diplomatic field is the uncorrected held-text reading, not a newly image-authenticated glyph transcription. Relevant paragraph co-occurrence alone does not establish this token as the selected etymon/cell; relationship intentionally unresolved.
rt-complete-2098-006	2098	90	Diplomatic field is the uncorrected held-text reading, not a newly image-authenticated glyph transcription. Relevant paragraph co-occurrence alone does not establish this token as the selected etymon/cell; relationship intentionally unresolved.
rt-complete-2098-007	2098	90	Diplomatic field is the uncorrected held-text reading, not a newly image-authenticated glyph transcription. Exact original quantity/nasal-vowel/palatalization glyph represented by this extracted token remains unresolved; the reading is not silently corrected. Relevant paragraph co-occurrence alone does not establish this token as the selected etymon/cell; relationship intentionally unresolved.
rt-complete-2098-008	2098	90	Diplomatic field is the uncorrected held-text reading, not a newly image-authenticated glyph transcription. Relevant paragraph co-occurrence alone does not establish this token as the selected etymon/cell; relationship intentionally unresolved.
rt-complete-2098-009	2098	90	Diplomatic field is the uncorrected held-text reading, not a newly image-authenticated glyph transcription. Exact original quantity/nasal-vowel/palatalization glyph represented by this extracted token remains unresolved; the reading is not silently corrected. Relevant paragraph co-occurrence alone does not establish this token as the selected etymon/cell; relationship intentionally unresolved.
rt-complete-2098-010	2098	90	Diplomatic field is the uncorrected held-text reading, not a newly image-authenticated glyph transcription. Exact original quantity/nasal-vowel/palatalization glyph represented by this extracted token remains unresolved; the reading is not silently corrected. Relevant paragraph co-occurrence alone does not establish this token as the selected etymon/cell; relationship intentionally unresolved.
rt-complete-2098-011	2098	90	Diplomatic field is the uncorrected held-text reading, not a newly image-authenticated glyph transcription. Exact original quantity/nasal-vowel/palatalization glyph represented by this extracted token remains unresolved; the reading is not silently corrected. Relevant paragraph co-occurrence alone does not establish this token as the selected etymon/cell; relationship intentionally unresolved.
rt-complete-2098-012	2098	90	Diplomatic field is the uncorrected held-text reading, not a newly image-authenticated glyph transcription. Exact original quantity/nasal-vowel/palatalization glyph represented by this extracted token remains unresolved; the reading is not silently corrected. Relevant paragraph co-occurrence alone does not establish this token as the selected etymon/cell; relationship intentionally unresolved.
rt-complete-2098-013	2098	518	Diplomatic field is the uncorrected held-text reading, not a newly image-authenticated glyph transcription. Exact original quantity/nasal-vowel/palatalization glyph represented by this extracted token remains unresolved; the reading is not silently corrected. Relevant paragraph co-occurrence alone does not establish this token as the selected etymon/cell; relationship intentionally unresolved.
rt-complete-2098-014	2098	518	Diplomatic field is the uncorrected held-text reading, not a newly image-authenticated glyph transcription. Exact original quantity/nasal-vowel/palatalization glyph represented by this extracted token remains unresolved; the reading is not silently corrected. Relevant paragraph co-occurrence alone does not establish this token as the selected etymon/cell; relationship intentionally unresolved.
rt-complete-2098-015	2098	518	Diplomatic field is the uncorrected held-text reading, not a newly image-authenticated glyph transcription. Relevant paragraph co-occurrence alone does not establish this token as the selected etymon/cell; relationship intentionally unresolved.
rt-complete-2098-016	2098	518	Diplomatic field is the uncorrected held-text reading, not a newly image-authenticated glyph transcription. Relevant paragraph co-occurrence alone does not establish this token as the selected etymon/cell; relationship intentionally unresolved.
rt-complete-2098-017	2098	518	Diplomatic field is the uncorrected held-text reading, not a newly image-authenticated glyph transcription. Relevant paragraph co-occurrence alone does not establish this token as the selected etymon/cell; relationship intentionally unresolved.
rt-complete-2098-018	2098	518	Diplomatic field is the uncorrected held-text reading, not a newly image-authenticated glyph transcription. Relevant paragraph co-occurrence alone does not establish this token as the selected etymon/cell; relationship intentionally unresolved.
rt-complete-2098-019	2098	518	Diplomatic field is the uncorrected held-text reading, not a newly image-authenticated glyph transcription. Relevant paragraph co-occurrence alone does not establish this token as the selected etymon/cell; relationship intentionally unresolved.
rt-complete-2098-020	2098	518	Diplomatic field is the uncorrected held-text reading, not a newly image-authenticated glyph transcription. Relevant paragraph co-occurrence alone does not establish this token as the selected etymon/cell; relationship intentionally unresolved.
rt-complete-2099-001	2099	35	Diplomatic field is the uncorrected held-text reading, not a newly image-authenticated glyph transcription. Local stage label in holding: PWGme. Exact original quantity/nasal-vowel/palatalization glyph represented by this extracted token remains unresolved; the reading is not silently corrected.
rt-complete-2099-002	2099	35	Literal held-text spelling; accents, dental/palatal signs and quantity may be degraded. Not newly image-certified.
rt-complete-2101-001	2101	298	Diplomatic field is the uncorrected held-text reading, not a newly image-authenticated glyph transcription. Relevant paragraph co-occurrence alone does not establish this token as the selected etymon/cell; relationship intentionally unresolved.
rt-complete-2101-002	2101	298	Diplomatic field is the uncorrected held-text reading, not a newly image-authenticated glyph transcription. Local stage label in holding: PWGmc. Relevant paragraph co-occurrence alone does not establish this token as the selected etymon/cell; relationship intentionally unresolved.
rt-complete-2102-001	2102	249	Diplomatic field is the uncorrected held-text reading, not a newly image-authenticated glyph transcription. Local stage label in holding: PGme. Exact original quantity/nasal-vowel/palatalization glyph represented by this extracted token remains unresolved; the reading is not silently corrected.
rt-complete-2102-004	2102	249	Literal held-text spelling; accents, dental/palatal signs and quantity may be degraded. Not newly image-certified.
rt-complete-2102-005	2102	249	Literal held-text spelling; accents, dental/palatal signs and quantity may be degraded. Not newly image-certified.
rt-complete-2102-006	2102	249	Diplomatic field is the uncorrected held-text reading, not a newly image-authenticated glyph transcription. Local stage label in holding: PNWGme. Exact original quantity/nasal-vowel/palatalization glyph represented by this extracted token remains unresolved; the reading is not silently corrected.
rt-complete-2102-010	2102	310	Diplomatic field is the uncorrected held-text reading, not a newly image-authenticated glyph transcription. Local stage label in holding: PGmce. Exact original quantity/nasal-vowel/palatalization glyph represented by this extracted token remains unresolved; the reading is not silently corrected.
rt-complete-2102-013	2102	310	Literal held-text spelling; accents, dental/palatal signs and quantity may be degraded. Not newly image-certified.
rt-complete-2102-014	2102	310	Literal held-text spelling; accents, dental/palatal signs and quantity may be degraded. Not newly image-certified.
rt-complete-2102-015	2102	310	Literal held-text spelling; accents, dental/palatal signs and quantity may be degraded. Not newly image-certified.
rt-complete-2107-003	2107	34	Literal held-text spelling; accents, dental/palatal signs and quantity may be degraded. Not newly image-certified.
rt-complete-2107-007	2107	321	Diplomatic field is the uncorrected held-text reading, not a newly image-authenticated glyph transcription. Exact original quantity/nasal-vowel/palatalization glyph represented by this extracted token remains unresolved; the reading is not silently corrected.
rt-complete-2107-010	2107	321	Literal held-text spelling; accents, dental/palatal signs and quantity may be degraded. Not newly image-certified.
rt-complete-2107-011	2107	321	Literal held-text spelling; accents, dental/palatal signs and quantity may be degraded. Not newly image-certified.
rt-complete-2107-013	2107	364	Diplomatic field is the uncorrected held-text reading, not a newly image-authenticated glyph transcription. Relevant paragraph co-occurrence alone does not establish this token as the selected etymon/cell; relationship intentionally unresolved.
rt-complete-2107-014	2107	364	Diplomatic field is the uncorrected held-text reading, not a newly image-authenticated glyph transcription. Relevant paragraph co-occurrence alone does not establish this token as the selected etymon/cell; relationship intentionally unresolved.
rt-complete-2107-015	2107	364	Diplomatic field is the uncorrected held-text reading, not a newly image-authenticated glyph transcription. Relevant paragraph co-occurrence alone does not establish this token as the selected etymon/cell; relationship intentionally unresolved.
rt-complete-2108-003	2108	34	Literal held-text spelling; accents, dental/palatal signs and quantity may be degraded. Not newly image-certified.
rt-complete-2108-006	2108	328	Literal held-text spelling; accents, dental/palatal signs and quantity may be degraded. Not newly image-certified.
rt-complete-2110-001	2110	129	Diplomatic field is the uncorrected held-text reading, not a newly image-authenticated glyph transcription. Relevant paragraph co-occurrence alone does not establish this token as the selected etymon/cell; relationship intentionally unresolved.
rt-complete-2110-002	2110	129	Diplomatic field is the uncorrected held-text reading, not a newly image-authenticated glyph transcription. Local stage label in holding: PWGmc. Relevant paragraph co-occurrence alone does not establish this token as the selected etymon/cell; relationship intentionally unresolved.
rt-complete-2110-003	2110	129	Diplomatic field is the uncorrected held-text reading, not a newly image-authenticated glyph transcription. Exact original quantity/nasal-vowel/palatalization glyph represented by this extracted token remains unresolved; the reading is not silently corrected. Relevant paragraph co-occurrence alone does not establish this token as the selected etymon/cell; relationship intentionally unresolved.
rt-complete-2115-003	2115	521	Literal held-text spelling; accents, dental/palatal signs and quantity may be degraded. Not newly image-certified.
rt-complete-2117-002	2117	127	Literal held-text spelling; accents, dental/palatal signs and quantity may be degraded. Not newly image-certified.
rt-complete-2117-003	2117	228	Diplomatic field is the uncorrected held-text reading, not a newly image-authenticated glyph transcription. Local stage label in holding: PWGmc. Exact original quantity/nasal-vowel/palatalization glyph represented by this extracted token remains unresolved; the reading is not silently corrected.
rt-complete-2117-010	2117	191	Literal held-text spelling; accents, dental/palatal signs and quantity may be degraded. Not newly image-certified. Preserved overlapping-extractor verification/representation caution: Text anchor retained; its role is not automatically an OE selected-cell quotation.
rt-complete-2119-003	2119	144	Literal held-text spelling; accents, dental/palatal signs and quantity may be degraded. Not newly image-certified.
rt-complete-2120-004	2120	180	Literal held-text spelling; accents, dental/palatal signs and quantity may be degraded. Not newly image-certified.
rt-complete-2120-008	2120	285	Literal held-text spelling; accents, dental/palatal signs and quantity may be degraded. Not newly image-certified.
rt-complete-2120-012	2120	313	Literal held-text spelling; accents, dental/palatal signs and quantity may be degraded. Not newly image-certified.
rt-complete-2120-013	2120	313	Literal held-text spelling; accents, dental/palatal signs and quantity may be degraded. Not newly image-certified.
rt-complete-2120-014	2120	313	Literal held-text spelling; accents, dental/palatal signs and quantity may be degraded. Not newly image-certified.
rt-complete-2120-015	2120	313	Literal held-text spelling; accents, dental/palatal signs and quantity may be degraded. Not newly image-certified.
rt-complete-2122-001	2122	150	Diplomatic field is the uncorrected held-text reading, not a newly image-authenticated glyph transcription. Local stage label in holding: PGmc. Exact original quantity/nasal-vowel/palatalization glyph represented by this extracted token remains unresolved; the reading is not silently corrected.
rt-complete-2122-004	2122	239	Diplomatic field is the uncorrected held-text reading, not a newly image-authenticated glyph transcription. Local stage label in holding: PGmc. Exact original quantity/nasal-vowel/palatalization glyph represented by this extracted token remains unresolved; the reading is not silently corrected.
rt-complete-2124-002	2124	84	Literal held-text spelling; accents, dental/palatal signs and quantity may be degraded. Not newly image-certified.
rt-complete-2124-005	2124	285	Literal held-text spelling; accents, dental/palatal signs and quantity may be degraded. Not newly image-certified.
rt-complete-2126-001	2126	253	Diplomatic field is the uncorrected held-text reading, not a newly image-authenticated glyph transcription. Relevant paragraph co-occurrence alone does not establish this token as the selected etymon/cell; relationship intentionally unresolved.
rt-complete-2126-002	2126	253	Diplomatic field is the uncorrected held-text reading, not a newly image-authenticated glyph transcription. Relevant paragraph co-occurrence alone does not establish this token as the selected etymon/cell; relationship intentionally unresolved.
rt-complete-2126-003	2126	253	Diplomatic field is the uncorrected held-text reading, not a newly image-authenticated glyph transcription. Relevant paragraph co-occurrence alone does not establish this token as the selected etymon/cell; relationship intentionally unresolved.
rt-complete-2126-004	2126	253	Diplomatic field is the uncorrected held-text reading, not a newly image-authenticated glyph transcription. Relevant paragraph co-occurrence alone does not establish this token as the selected etymon/cell; relationship intentionally unresolved.
rt-complete-2126-005	2126	253	Diplomatic field is the uncorrected held-text reading, not a newly image-authenticated glyph transcription. Relevant paragraph co-occurrence alone does not establish this token as the selected etymon/cell; relationship intentionally unresolved.
rt-complete-2126-006	2126	253	Diplomatic field is the uncorrected held-text reading, not a newly image-authenticated glyph transcription. Relevant paragraph co-occurrence alone does not establish this token as the selected etymon/cell; relationship intentionally unresolved.
rt-complete-2126-007	2126	324	Diplomatic field is the uncorrected held-text reading, not a newly image-authenticated glyph transcription. Local stage label in holding: PGmc. Relevant paragraph co-occurrence alone does not establish this token as the selected etymon/cell; relationship intentionally unresolved.
rt-complete-2127-001	2127	143	Diplomatic field is the uncorrected held-text reading, not a newly image-authenticated glyph transcription. Local stage label in holding: PGmc. Exact original quantity/nasal-vowel/palatalization glyph represented by this extracted token remains unresolved; the reading is not silently corrected.
rt-complete-2127-002	2127	143	Diplomatic field is the uncorrected held-text reading, not a newly image-authenticated glyph transcription. Exact original quantity/nasal-vowel/palatalization glyph represented by this extracted token remains unresolved; the reading is not silently corrected.
rt-complete-2127-006	2127	143	Diplomatic field is the uncorrected held-text reading, not a newly image-authenticated glyph transcription. Exact original quantity/nasal-vowel/palatalization glyph represented by this extracted token remains unresolved; the reading is not silently corrected.
rt-complete-2127-007	2127	143	Literal held-text spelling; accents, dental/palatal signs and quantity may be degraded. Not newly image-certified.
rt-complete-2127-008	2127	11	Diplomatic field is the uncorrected held-text reading, not a newly image-authenticated glyph transcription. Local stage label in holding: PGmc. Exact original quantity/nasal-vowel/palatalization glyph represented by this extracted token remains unresolved; the reading is not silently corrected.
rt-complete-2127-009	2127	11	Diplomatic field is the uncorrected held-text reading, not a newly image-authenticated glyph transcription. Exact original quantity/nasal-vowel/palatalization glyph represented by this extracted token remains unresolved; the reading is not silently corrected.
rt-complete-2127-012	2127	11	Literal held-text spelling; accents, dental/palatal signs and quantity may be degraded. Not newly image-certified.
rt-complete-2129-001	2129	381	Diplomatic field is the uncorrected held-text reading, not a newly image-authenticated glyph transcription. Local stage label in holding: PWGmc. Relevant paragraph co-occurrence alone does not establish this token as the selected etymon/cell; relationship intentionally unresolved.
rt-complete-2129-002	2129	381	Diplomatic field is the uncorrected held-text reading, not a newly image-authenticated glyph transcription. Relevant paragraph co-occurrence alone does not establish this token as the selected etymon/cell; relationship intentionally unresolved.
rt-complete-2130-003	2130	148	Literal held-text spelling; accents, dental/palatal signs and quantity may be degraded. Not newly image-certified.
rt-complete-2130-006	2130	212	Literal held-text spelling; accents, dental/palatal signs and quantity may be degraded. Not newly image-certified.
rt-complete-2130-009	2130	329	Literal held-text spelling; accents, dental/palatal signs and quantity may be degraded. Not newly image-certified.
rt-complete-2131-003	2131	59	Literal held-text spelling; accents, dental/palatal signs and quantity may be degraded. Not newly image-certified.
rt-complete-2131-005	2131	144	Diplomatic field is the uncorrected held-text reading, not a newly image-authenticated glyph transcription. Exact original quantity/nasal-vowel/palatalization glyph represented by this extracted token remains unresolved; the reading is not silently corrected.
rt-complete-2131-006	2131	144	Literal held-text spelling; accents, dental/palatal signs and quantity may be degraded. Not newly image-certified.
rt-complete-2131-010	2131	154	Literal held-text spelling; accents, dental/palatal signs and quantity may be degraded. Not newly image-certified.
rt-complete-2131-011	2131	300	Diplomatic field is the uncorrected held-text reading, not a newly image-authenticated glyph transcription. Exact original quantity/nasal-vowel/palatalization glyph represented by this extracted token remains unresolved; the reading is not silently corrected. Relevant paragraph co-occurrence alone does not establish this token as the selected etymon/cell; relationship intentionally unresolved.
rt-complete-2131-012	2131	300	Diplomatic field is the uncorrected held-text reading, not a newly image-authenticated glyph transcription. Local stage label in holding: PWGmc. Exact original quantity/nasal-vowel/palatalization glyph represented by this extracted token remains unresolved; the reading is not silently corrected. Relevant paragraph co-occurrence alone does not establish this token as the selected etymon/cell; relationship intentionally unresolved.
rt-complete-2131-013	2131	300	Diplomatic field is the uncorrected held-text reading, not a newly image-authenticated glyph transcription. Local stage label in holding: PGmc. Exact original quantity/nasal-vowel/palatalization glyph represented by this extracted token remains unresolved; the reading is not silently corrected. Relevant paragraph co-occurrence alone does not establish this token as the selected etymon/cell; relationship intentionally unresolved.
rt-complete-2131-014	2131	300	Diplomatic field is the uncorrected held-text reading, not a newly image-authenticated glyph transcription. Exact original quantity/nasal-vowel/palatalization glyph represented by this extracted token remains unresolved; the reading is not silently corrected. Relevant paragraph co-occurrence alone does not establish this token as the selected etymon/cell; relationship intentionally unresolved.
rt-complete-2131-015	2131	300	Diplomatic field is the uncorrected held-text reading, not a newly image-authenticated glyph transcription. Relevant paragraph co-occurrence alone does not establish this token as the selected etymon/cell; relationship intentionally unresolved.
rt-complete-2131-016	2131	300	Diplomatic field is the uncorrected held-text reading, not a newly image-authenticated glyph transcription. Local stage label in holding: PWGmc. Relevant paragraph co-occurrence alone does not establish this token as the selected etymon/cell; relationship intentionally unresolved.
rt-complete-2131-017	2131	300	Diplomatic field is the uncorrected held-text reading, not a newly image-authenticated glyph transcription. Local stage label in holding: PWGmc. Relevant paragraph co-occurrence alone does not establish this token as the selected etymon/cell; relationship intentionally unresolved.
rt-complete-2131-018	2131	300	Diplomatic field is the uncorrected held-text reading, not a newly image-authenticated glyph transcription. Local stage label in holding: PGmc. Exact original quantity/nasal-vowel/palatalization glyph represented by this extracted token remains unresolved; the reading is not silently corrected. Relevant paragraph co-occurrence alone does not establish this token as the selected etymon/cell; relationship intentionally unresolved.
rt-complete-2131-019	2131	300	Diplomatic field is the uncorrected held-text reading, not a newly image-authenticated glyph transcription. Local stage label in holding: PGmc. Exact original quantity/nasal-vowel/palatalization glyph represented by this extracted token remains unresolved; the reading is not silently corrected. Relevant paragraph co-occurrence alone does not establish this token as the selected etymon/cell; relationship intentionally unresolved.
rt-complete-2133-001	2133	191	Diplomatic field is the uncorrected held-text reading, not a newly image-authenticated glyph transcription. Exact original quantity/nasal-vowel/palatalization glyph represented by this extracted token remains unresolved; the reading is not silently corrected. Relevant paragraph co-occurrence alone does not establish this token as the selected etymon/cell; relationship intentionally unresolved.
rt-complete-2133-002	2133	191	Diplomatic field is the uncorrected held-text reading, not a newly image-authenticated glyph transcription. Relevant paragraph co-occurrence alone does not establish this token as the selected etymon/cell; relationship intentionally unresolved.
rt-complete-2133-003	2133	270	Diplomatic field is the uncorrected held-text reading, not a newly image-authenticated glyph transcription. Relevant paragraph co-occurrence alone does not establish this token as the selected etymon/cell; relationship intentionally unresolved.
rt-complete-2133-004	2133	270	Diplomatic field is the uncorrected held-text reading, not a newly image-authenticated glyph transcription. Local stage label in holding: PWGmce. Exact original quantity/nasal-vowel/palatalization glyph represented by this extracted token remains unresolved; the reading is not silently corrected. Relevant paragraph co-occurrence alone does not establish this token as the selected etymon/cell; relationship intentionally unresolved.
rt-complete-2133-005	2133	270	Diplomatic field is the uncorrected held-text reading, not a newly image-authenticated glyph transcription. Relevant paragraph co-occurrence alone does not establish this token as the selected etymon/cell; relationship intentionally unresolved.
rt-complete-2136-001	2136	329	Diplomatic field is the uncorrected held-text reading, not a newly image-authenticated glyph transcription. Local stage label in holding: PGmc. Exact original quantity/nasal-vowel/palatalization glyph represented by this extracted token remains unresolved; the reading is not silently corrected.
rt-complete-2136-002	2136	329	Diplomatic field is the uncorrected held-text reading, not a newly image-authenticated glyph transcription. Local stage label in holding: PGmc. Exact original quantity/nasal-vowel/palatalization glyph represented by this extracted token remains unresolved; the reading is not silently corrected.
rt-complete-2136-004	2136	329	Diplomatic field is the uncorrected held-text reading, not a newly image-authenticated glyph transcription. Local stage label in holding: PWGmc. Exact original quantity/nasal-vowel/palatalization glyph represented by this extracted token remains unresolved; the reading is not silently corrected.
rt-complete-2136-005	2136	329	Literal held-text spelling; accents, dental/palatal signs and quantity may be degraded. Not newly image-certified.
rt-complete-2137-001	2137	34	Diplomatic field is the uncorrected held-text reading, not a newly image-authenticated glyph transcription. Local stage label in holding: PIE. Exact original quantity/nasal-vowel/palatalization glyph represented by this extracted token remains unresolved; the reading is not silently corrected. Relevant paragraph co-occurrence alone does not establish this token as the selected etymon/cell; relationship intentionally unresolved.
rt-complete-2137-002	2137	34	Diplomatic field is the uncorrected held-text reading, not a newly image-authenticated glyph transcription. Local stage label in holding: PGmc. Relevant paragraph co-occurrence alone does not establish this token as the selected etymon/cell; relationship intentionally unresolved.
rt-complete-2137-003	2137	34	Diplomatic field is the uncorrected held-text reading, not a newly image-authenticated glyph transcription. Relevant paragraph co-occurrence alone does not establish this token as the selected etymon/cell; relationship intentionally unresolved. Parenthetical compared/reported unit, not automatically the row's own reconstruction.
rt-complete-2138-004	2138	238	Literal held-text spelling; accents, dental/palatal signs and quantity may be degraded. Not newly image-certified.
rt-complete-2140-008	2140	240	Literal held-text spelling; accents, dental/palatal signs and quantity may be degraded. Not newly image-certified.
rt-complete-2140-010	2140	380	Diplomatic field is the uncorrected held-text reading, not a newly image-authenticated glyph transcription. Local stage label in holding: PGmce. Relevant paragraph co-occurrence alone does not establish this token as the selected etymon/cell; relationship intentionally unresolved.
rt-complete-2140-011	2140	380	Diplomatic field is the uncorrected held-text reading, not a newly image-authenticated glyph transcription. Relevant paragraph co-occurrence alone does not establish this token as the selected etymon/cell; relationship intentionally unresolved.
rt-complete-2140-012	2140	380	Diplomatic field is the uncorrected held-text reading, not a newly image-authenticated glyph transcription. Relevant paragraph co-occurrence alone does not establish this token as the selected etymon/cell; relationship intentionally unresolved.
rt-complete-2140-013	2140	380	Diplomatic field is the uncorrected held-text reading, not a newly image-authenticated glyph transcription. Local stage label in holding: PWGmc. Relevant paragraph co-occurrence alone does not establish this token as the selected etymon/cell; relationship intentionally unresolved.
rt-complete-2141-003	2141	192	Diplomatic field is the uncorrected held-text reading, not a newly image-authenticated glyph transcription. Local stage label in holding: PWGmc. Exact original quantity/nasal-vowel/palatalization glyph represented by this extracted token remains unresolved; the reading is not silently corrected.
rt-complete-2141-004	2141	192	Diplomatic field is the uncorrected held-text reading, not a newly image-authenticated glyph transcription. Exact original quantity/nasal-vowel/palatalization glyph represented by this extracted token remains unresolved; the reading is not silently corrected.
rt-complete-2141-006	2141	192	Literal held-text spelling; accents, dental/palatal signs and quantity may be degraded. Not newly image-certified.
rt-complete-2142-001	2142	166	Diplomatic field is the uncorrected held-text reading, not a newly image-authenticated glyph transcription. Relevant paragraph co-occurrence alone does not establish this token as the selected etymon/cell; relationship intentionally unresolved.
rt-complete-2142-002	2142	166	Diplomatic field is the uncorrected held-text reading, not a newly image-authenticated glyph transcription. Relevant paragraph co-occurrence alone does not establish this token as the selected etymon/cell; relationship intentionally unresolved.
rt-complete-2144-001	2144	120	Diplomatic field is the uncorrected held-text reading, not a newly image-authenticated glyph transcription. Relevant paragraph co-occurrence alone does not establish this token as the selected etymon/cell; relationship intentionally unresolved.
rt-complete-2144-002	2144	120	Diplomatic field is the uncorrected held-text reading, not a newly image-authenticated glyph transcription. Relevant paragraph co-occurrence alone does not establish this token as the selected etymon/cell; relationship intentionally unresolved.
rt-complete-2144-003	2144	120	Diplomatic field is the uncorrected held-text reading, not a newly image-authenticated glyph transcription. Relevant paragraph co-occurrence alone does not establish this token as the selected etymon/cell; relationship intentionally unresolved.
rt-complete-2144-004	2144	120	Diplomatic field is the uncorrected held-text reading, not a newly image-authenticated glyph transcription. Relevant paragraph co-occurrence alone does not establish this token as the selected etymon/cell; relationship intentionally unresolved.
rt-complete-2144-005	2144	120	Diplomatic field is the uncorrected held-text reading, not a newly image-authenticated glyph transcription. Relevant paragraph co-occurrence alone does not establish this token as the selected etymon/cell; relationship intentionally unresolved.
rt-complete-2144-006	2144	120	Diplomatic field is the uncorrected held-text reading, not a newly image-authenticated glyph transcription. Relevant paragraph co-occurrence alone does not establish this token as the selected etymon/cell; relationship intentionally unresolved.
rt-complete-2145-003	2145	331	Literal held-text spelling; accents, dental/palatal signs and quantity may be degraded. Not newly image-certified.
rt-complete-2146-005	2146	34	Literal held-text spelling; accents, dental/palatal signs and quantity may be degraded. Not newly image-certified.
rt-complete-2147-001	2147	212	Diplomatic field is the uncorrected held-text reading, not a newly image-authenticated glyph transcription. Local stage label in holding: PGmce. Exact original quantity/nasal-vowel/palatalization glyph represented by this extracted token remains unresolved; the reading is not silently corrected.
rt-complete-2147-003	2147	212	Literal held-text spelling; accents, dental/palatal signs and quantity may be degraded. Not newly image-certified.
rt-complete-2147-006	2147	330	Literal held-text spelling; accents, dental/palatal signs and quantity may be degraded. Not newly image-certified.
rt-complete-2148-003	2148	330	Literal held-text spelling; accents, dental/palatal signs and quantity may be degraded. Not newly image-certified.
rt-complete-2149-003	2149	330	Literal held-text spelling; accents, dental/palatal signs and quantity may be degraded. Not newly image-certified.
rt-complete-2150-001	2150	11	Diplomatic field is the uncorrected held-text reading, not a newly image-authenticated glyph transcription. Local stage label in holding: PGmce. Exact original quantity/nasal-vowel/palatalization glyph represented by this extracted token remains unresolved; the reading is not silently corrected.
rt-complete-2150-002	2150	11	Diplomatic field is the uncorrected held-text reading, not a newly image-authenticated glyph transcription. Local stage label in holding: PNWGmc. Exact original quantity/nasal-vowel/palatalization glyph represented by this extracted token remains unresolved; the reading is not silently corrected.
rt-complete-2150-003	2150	11	Literal held-text spelling; accents, dental/palatal signs and quantity may be degraded. Not newly image-certified.
rt-complete-2150-004	2150	518	Diplomatic field is the uncorrected held-text reading, not a newly image-authenticated glyph transcription. Exact original quantity/nasal-vowel/palatalization glyph represented by this extracted token remains unresolved; the reading is not silently corrected. Relevant paragraph co-occurrence alone does not establish this token as the selected etymon/cell; relationship intentionally unresolved.
rt-complete-2150-005	2150	518	Diplomatic field is the uncorrected held-text reading, not a newly image-authenticated glyph transcription. Exact original quantity/nasal-vowel/palatalization glyph represented by this extracted token remains unresolved; the reading is not silently corrected. Relevant paragraph co-occurrence alone does not establish this token as the selected etymon/cell; relationship intentionally unresolved.
rt-complete-2150-006	2150	518	Diplomatic field is the uncorrected held-text reading, not a newly image-authenticated glyph transcription. Relevant paragraph co-occurrence alone does not establish this token as the selected etymon/cell; relationship intentionally unresolved.
rt-complete-2150-007	2150	518	Diplomatic field is the uncorrected held-text reading, not a newly image-authenticated glyph transcription. Relevant paragraph co-occurrence alone does not establish this token as the selected etymon/cell; relationship intentionally unresolved.
rt-complete-2150-008	2150	518	Diplomatic field is the uncorrected held-text reading, not a newly image-authenticated glyph transcription. Relevant paragraph co-occurrence alone does not establish this token as the selected etymon/cell; relationship intentionally unresolved.
rt-complete-2150-009	2150	518	Diplomatic field is the uncorrected held-text reading, not a newly image-authenticated glyph transcription. Relevant paragraph co-occurrence alone does not establish this token as the selected etymon/cell; relationship intentionally unresolved.
rt-complete-2150-010	2150	518	Diplomatic field is the uncorrected held-text reading, not a newly image-authenticated glyph transcription. Relevant paragraph co-occurrence alone does not establish this token as the selected etymon/cell; relationship intentionally unresolved.
rt-complete-2150-011	2150	518	Diplomatic field is the uncorrected held-text reading, not a newly image-authenticated glyph transcription. Relevant paragraph co-occurrence alone does not establish this token as the selected etymon/cell; relationship intentionally unresolved.
rt-complete-2153-002	2153	171	Literal held-text spelling; accents, dental/palatal signs and quantity may be degraded. Not newly image-certified.
rt-complete-2153-005	2153	285	Literal held-text spelling; accents, dental/palatal signs and quantity may be degraded. Not newly image-certified.
rt-complete-2154-002	2154	127	Literal held-text spelling; accents, dental/palatal signs and quantity may be degraded. Not newly image-certified.
rt-complete-2156-001	2156	171	Diplomatic field is the uncorrected held-text reading, not a newly image-authenticated glyph transcription. Relevant paragraph co-occurrence alone does not establish this token as the selected etymon/cell; relationship intentionally unresolved.
rt-complete-2156-002	2156	171	Diplomatic field is the uncorrected held-text reading, not a newly image-authenticated glyph transcription. Relevant paragraph co-occurrence alone does not establish this token as the selected etymon/cell; relationship intentionally unresolved.
rt-complete-2156-003	2156	171	Diplomatic field is the uncorrected held-text reading, not a newly image-authenticated glyph transcription. Relevant paragraph co-occurrence alone does not establish this token as the selected etymon/cell; relationship intentionally unresolved.
rt-complete-2156-004	2156	171	Diplomatic field is the uncorrected held-text reading, not a newly image-authenticated glyph transcription. Relevant paragraph co-occurrence alone does not establish this token as the selected etymon/cell; relationship intentionally unresolved.
rt-complete-2156-005	2156	171	Diplomatic field is the uncorrected held-text reading, not a newly image-authenticated glyph transcription. Local stage label in holding: PWGmc. Relevant paragraph co-occurrence alone does not establish this token as the selected etymon/cell; relationship intentionally unresolved. Parenthetical compared/reported unit, not automatically the row's own reconstruction.
rt-complete-2156-006	2156	314	Diplomatic field is the uncorrected held-text reading, not a newly image-authenticated glyph transcription. Relevant paragraph co-occurrence alone does not establish this token as the selected etymon/cell; relationship intentionally unresolved.
rt-complete-2156-007	2156	314	Diplomatic field is the uncorrected held-text reading, not a newly image-authenticated glyph transcription. Local stage label in holding: PWGmce. Relevant paragraph co-occurrence alone does not establish this token as the selected etymon/cell; relationship intentionally unresolved.
rt-complete-2159-001	2159	213	Diplomatic field is the uncorrected held-text reading, not a newly image-authenticated glyph transcription. Local stage label in holding: OE. Relevant paragraph co-occurrence alone does not establish this token as the selected etymon/cell; relationship intentionally unresolved.
rt-complete-2161-001	2161	340	Diplomatic field is the uncorrected held-text reading, not a newly image-authenticated glyph transcription. Local stage label in holding: PGmce. Exact original quantity/nasal-vowel/palatalization glyph represented by this extracted token remains unresolved; the reading is not silently corrected.
rt-complete-2161-003	2161	340	Literal held-text spelling; accents, dental/palatal signs and quantity may be degraded. Not newly image-certified.
rt-complete-2163-002	2163	223	Literal held-text spelling; accents, dental/palatal signs and quantity may be degraded. Not newly image-certified.
rt-complete-2164-002	2164	213	Literal held-text spelling; accents, dental/palatal signs and quantity may be degraded. Not newly image-certified.
rt-complete-2164-005	2164	329	Literal held-text spelling; accents, dental/palatal signs and quantity may be degraded. Not newly image-certified.
rt-complete-2165-007	2165	128	Literal held-text spelling; accents, dental/palatal signs and quantity may be degraded. Not newly image-certified.
rt-complete-2165-009	2165	195	Diplomatic field is the uncorrected held-text reading, not a newly image-authenticated glyph transcription. Exact original quantity/nasal-vowel/palatalization glyph represented by this extracted token remains unresolved; the reading is not silently corrected.
rt-complete-2165-014	2165	195	Literal held-text spelling; accents, dental/palatal signs and quantity may be degraded. Not newly image-certified.
rt-complete-2165-015	2165	288	Diplomatic field is the uncorrected held-text reading, not a newly image-authenticated glyph transcription. Relevant paragraph co-occurrence alone does not establish this token as the selected etymon/cell; relationship intentionally unresolved.
rt-complete-2165-016	2165	288	Diplomatic field is the uncorrected held-text reading, not a newly image-authenticated glyph transcription. Local stage label in holding: PWGmc. Relevant paragraph co-occurrence alone does not establish this token as the selected etymon/cell; relationship intentionally unresolved.
rt-complete-2165-017	2165	288	Diplomatic field is the uncorrected held-text reading, not a newly image-authenticated glyph transcription. Relevant paragraph co-occurrence alone does not establish this token as the selected etymon/cell; relationship intentionally unresolved.
rt-complete-2166-005	2166	184	Literal held-text spelling; accents, dental/palatal signs and quantity may be degraded. Not newly image-certified.
rt-complete-2166-006	2166	184	Literal held-text spelling; accents, dental/palatal signs and quantity may be degraded. Not newly image-certified.
rt-complete-2167-001	2167	297	Diplomatic field is the uncorrected held-text reading, not a newly image-authenticated glyph transcription. Local stage label in holding: PGmc. Exact original quantity/nasal-vowel/palatalization glyph represented by this extracted token remains unresolved; the reading is not silently corrected.
rt-complete-2167-007	2167	297	Literal held-text spelling; accents, dental/palatal signs and quantity may be degraded. Not newly image-certified.
rt-complete-2169-004	2169	234	Literal held-text spelling; accents, dental/palatal signs and quantity may be degraded. Not newly image-certified.
rt-complete-2169-008	2169	259	Literal held-text spelling; accents, dental/palatal signs and quantity may be degraded. Not newly image-certified.
rt-complete-2169-009	2169	318	Diplomatic field is the uncorrected held-text reading, not a newly image-authenticated glyph transcription. Relevant paragraph co-occurrence alone does not establish this token as the selected etymon/cell; relationship intentionally unresolved.
rt-complete-2169-010	2169	318	Diplomatic field is the uncorrected held-text reading, not a newly image-authenticated glyph transcription. Relevant paragraph co-occurrence alone does not establish this token as the selected etymon/cell; relationship intentionally unresolved.
rt-complete-2169-011	2169	318	Diplomatic field is the uncorrected held-text reading, not a newly image-authenticated glyph transcription. Relevant paragraph co-occurrence alone does not establish this token as the selected etymon/cell; relationship intentionally unresolved.
rt-complete-2169-012	2169	318	Diplomatic field is the uncorrected held-text reading, not a newly image-authenticated glyph transcription. Exact original quantity/nasal-vowel/palatalization glyph represented by this extracted token remains unresolved; the reading is not silently corrected. Relevant paragraph co-occurrence alone does not establish this token as the selected etymon/cell; relationship intentionally unresolved.
rt-complete-2169-013	2169	318	Diplomatic field is the uncorrected held-text reading, not a newly image-authenticated glyph transcription. Relevant paragraph co-occurrence alone does not establish this token as the selected etymon/cell; relationship intentionally unresolved.
rt-complete-2169-014	2169	318	Diplomatic field is the uncorrected held-text reading, not a newly image-authenticated glyph transcription. Relevant paragraph co-occurrence alone does not establish this token as the selected etymon/cell; relationship intentionally unresolved.
rt-complete-2169-015	2169	318	Diplomatic field is the uncorrected held-text reading, not a newly image-authenticated glyph transcription. Relevant paragraph co-occurrence alone does not establish this token as the selected etymon/cell; relationship intentionally unresolved.
rt-complete-2169-016	2169	318	Diplomatic field is the uncorrected held-text reading, not a newly image-authenticated glyph transcription. Relevant paragraph co-occurrence alone does not establish this token as the selected etymon/cell; relationship intentionally unresolved.
rt-complete-2169-017	2169	318	Diplomatic field is the uncorrected held-text reading, not a newly image-authenticated glyph transcription. Relevant paragraph co-occurrence alone does not establish this token as the selected etymon/cell; relationship intentionally unresolved.
rt-complete-2169-018	2169	318	Diplomatic field is the uncorrected held-text reading, not a newly image-authenticated glyph transcription. Relevant paragraph co-occurrence alone does not establish this token as the selected etymon/cell; relationship intentionally unresolved.
rt-complete-2171-004	2171	157	Literal held-text spelling; accents, dental/palatal signs and quantity may be degraded. Not newly image-certified.
rt-complete-2171-005	2171	208	Diplomatic field is the uncorrected held-text reading, not a newly image-authenticated glyph transcription. Local stage label in holding: PGmc. Exact original quantity/nasal-vowel/palatalization glyph represented by this extracted token remains unresolved; the reading is not silently corrected.
rt-complete-2171-007	2171	208	Literal held-text spelling; accents, dental/palatal signs and quantity may be degraded. Not newly image-certified.
rt-complete-2171-008	2171	208	Literal held-text spelling; accents, dental/palatal signs and quantity may be degraded. Not newly image-certified.
rt-complete-2171-009	2171	226	Diplomatic field is the uncorrected held-text reading, not a newly image-authenticated glyph transcription. Local stage label in holding: PGmc. Exact original quantity/nasal-vowel/palatalization glyph represented by this extracted token remains unresolved; the reading is not silently corrected.
rt-complete-2171-011	2171	226	Literal held-text spelling; accents, dental/palatal signs and quantity may be degraded. Not newly image-certified.
rt-complete-2171-012	2171	226	Literal held-text spelling; accents, dental/palatal signs and quantity may be degraded. Not newly image-certified.
rt-complete-2171-013	2171	226	Literal held-text spelling; accents, dental/palatal signs and quantity may be degraded. Not newly image-certified.
rt-complete-2172-001	2172	229	Diplomatic field is the uncorrected held-text reading, not a newly image-authenticated glyph transcription. Local stage label in holding: PGme. Exact original quantity/nasal-vowel/palatalization glyph represented by this extracted token remains unresolved; the reading is not silently corrected.
rt-complete-2173-004	2173	51	Literal held-text spelling; accents, dental/palatal signs and quantity may be degraded. Not newly image-certified.
rt-complete-2174-002	2174	324	Literal held-text spelling; accents, dental/palatal signs and quantity may be degraded. Not newly image-certified.
rt-complete-2176-003	2176	207	Literal held-text spelling; accents, dental/palatal signs and quantity may be degraded. Not newly image-certified.
rt-complete-2177-001	2177	216	Diplomatic field is the uncorrected held-text reading, not a newly image-authenticated glyph transcription. Exact original quantity/nasal-vowel/palatalization glyph represented by this extracted token remains unresolved; the reading is not silently corrected. Relevant paragraph co-occurrence alone does not establish this token as the selected etymon/cell; relationship intentionally unresolved.
rt-complete-2177-002	2177	216	Diplomatic field is the uncorrected held-text reading, not a newly image-authenticated glyph transcription. Relevant paragraph co-occurrence alone does not establish this token as the selected etymon/cell; relationship intentionally unresolved.
rt-complete-2177-003	2177	216	Diplomatic field is the uncorrected held-text reading, not a newly image-authenticated glyph transcription. Relevant paragraph co-occurrence alone does not establish this token as the selected etymon/cell; relationship intentionally unresolved.
rt-complete-2177-004	2177	216	Diplomatic field is the uncorrected held-text reading, not a newly image-authenticated glyph transcription. Relevant paragraph co-occurrence alone does not establish this token as the selected etymon/cell; relationship intentionally unresolved.
rt-complete-2177-005	2177	216	Diplomatic field is the uncorrected held-text reading, not a newly image-authenticated glyph transcription. Relevant paragraph co-occurrence alone does not establish this token as the selected etymon/cell; relationship intentionally unresolved.
rt-complete-2177-006	2177	216	Diplomatic field is the uncorrected held-text reading, not a newly image-authenticated glyph transcription. Exact original quantity/nasal-vowel/palatalization glyph represented by this extracted token remains unresolved; the reading is not silently corrected. Relevant paragraph co-occurrence alone does not establish this token as the selected etymon/cell; relationship intentionally unresolved.
rt-complete-2177-007	2177	347	Diplomatic field is the uncorrected held-text reading, not a newly image-authenticated glyph transcription. Relevant paragraph co-occurrence alone does not establish this token as the selected etymon/cell; relationship intentionally unresolved.
rt-complete-2178-004	2178	235	Literal held-text spelling; accents, dental/palatal signs and quantity may be degraded. Not newly image-certified.
rt-complete-2179-002	2179	127	Literal held-text spelling; accents, dental/palatal signs and quantity may be degraded. Not newly image-certified.
rt-complete-2180-004	2180	216	Literal held-text spelling; accents, dental/palatal signs and quantity may be degraded. Not newly image-certified.
rt-complete-2180-008	2180	287	Literal held-text spelling; accents, dental/palatal signs and quantity may be degraded. Not newly image-certified.
rt-complete-2182-001	2182	204	Diplomatic field is the uncorrected held-text reading, not a newly image-authenticated glyph transcription. Local stage label in holding: PGmc. Exact original quantity/nasal-vowel/palatalization glyph represented by this extracted token remains unresolved; the reading is not silently corrected.
rt-complete-2182-003	2182	204	Literal held-text spelling; accents, dental/palatal signs and quantity may be degraded. Not newly image-certified.
rt-complete-2183-002	2183	127	Literal held-text spelling; accents, dental/palatal signs and quantity may be degraded. Not newly image-certified.
rt-complete-2184-002	2184	298	Diplomatic field is the uncorrected held-text reading, not a newly image-authenticated glyph transcription. Local stage label in holding: OE. Exact original quantity/nasal-vowel/palatalization glyph represented by this extracted token remains unresolved; the reading is not silently corrected.
rt-complete-2187-002	2187	207	Literal held-text spelling; accents, dental/palatal signs and quantity may be degraded. Not newly image-certified.
rt-complete-2190-001	2190	215	Diplomatic field is the uncorrected held-text reading, not a newly image-authenticated glyph transcription. Local stage label in holding: PGmc. Exact original quantity/nasal-vowel/palatalization glyph represented by this extracted token remains unresolved; the reading is not silently corrected.
rt-complete-2190-003	2190	215	Literal held-text spelling; accents, dental/palatal signs and quantity may be degraded. Not newly image-certified.
rt-complete-2192-001	2192	515	Diplomatic field is the uncorrected held-text reading, not a newly image-authenticated glyph transcription. Local stage label in holding: PGmc. Exact original quantity/nasal-vowel/palatalization glyph represented by this extracted token remains unresolved; the reading is not silently corrected.
rt-complete-2192-002	2192	515	Diplomatic field is the uncorrected held-text reading, not a newly image-authenticated glyph transcription. Relevant paragraph co-occurrence alone does not establish this token as the selected etymon/cell; relationship intentionally unresolved.
rt-complete-2192-003	2192	515	Diplomatic field is the uncorrected held-text reading, not a newly image-authenticated glyph transcription. Exact original quantity/nasal-vowel/palatalization glyph represented by this extracted token remains unresolved; the reading is not silently corrected.
rt-complete-2192-004	2192	515	Diplomatic field is the uncorrected held-text reading, not a newly image-authenticated glyph transcription. Exact original quantity/nasal-vowel/palatalization glyph represented by this extracted token remains unresolved; the reading is not silently corrected. Parenthetical compared/reported unit, not automatically the row's own reconstruction.
rt-complete-2192-005	2192	515	Diplomatic field is the uncorrected held-text reading, not a newly image-authenticated glyph transcription. Local stage label in holding: PIE. Exact original quantity/nasal-vowel/palatalization glyph represented by this extracted token remains unresolved; the reading is not silently corrected. Parenthetical compared/reported unit, not automatically the row's own reconstruction.
rt-complete-2192-006	2192	515	Diplomatic field is the uncorrected held-text reading, not a newly image-authenticated glyph transcription. Exact original quantity/nasal-vowel/palatalization glyph represented by this extracted token remains unresolved; the reading is not silently corrected.
rt-complete-2192-007	2192	515	Diplomatic field is the uncorrected held-text reading, not a newly image-authenticated glyph transcription. Local stage label in holding: pre-PGmce. Exact original quantity/nasal-vowel/palatalization glyph represented by this extracted token remains unresolved; the reading is not silently corrected.
rt-complete-2192-009	2192	515	Diplomatic field is the uncorrected held-text reading, not a newly image-authenticated glyph transcription. Relevant paragraph co-occurrence alone does not establish this token as the selected etymon/cell; relationship intentionally unresolved.
rt-complete-2192-011	2192	515	Literal held-text spelling; accents, dental/palatal signs and quantity may be degraded. Not newly image-certified. Preserved overlapping-extractor verification/representation caution: Text anchor retained; its role is not automatically an OE selected-cell quotation.
rt-complete-2192-012	2192	326	Diplomatic field is the uncorrected held-text reading, not a newly image-authenticated glyph transcription. Relevant paragraph co-occurrence alone does not establish this token as the selected etymon/cell; relationship intentionally unresolved. Parenthetical compared/reported unit, not automatically the row's own reconstruction.
rt-complete-2192-015	2192	382	Diplomatic field is the uncorrected held-text reading, not a newly image-authenticated glyph transcription. Local stage label in holding: PGmc. Relevant paragraph co-occurrence alone does not establish this token as the selected etymon/cell; relationship intentionally unresolved.
rt-complete-2192-016	2192	382	Diplomatic field is the uncorrected held-text reading, not a newly image-authenticated glyph transcription. Relevant paragraph co-occurrence alone does not establish this token as the selected etymon/cell; relationship intentionally unresolved.
rt-complete-2192-017	2192	382	Diplomatic field is the uncorrected held-text reading, not a newly image-authenticated glyph transcription. Relevant paragraph co-occurrence alone does not establish this token as the selected etymon/cell; relationship intentionally unresolved.
rt-complete-2192-019	2192	382	Diplomatic field is the uncorrected held-text reading, not a newly image-authenticated glyph transcription. Local stage label in holding: PGmc. Relevant paragraph co-occurrence alone does not establish this token as the selected etymon/cell; relationship intentionally unresolved.
rt-complete-2192-020	2192	382	Diplomatic field is the uncorrected held-text reading, not a newly image-authenticated glyph transcription. Local stage label in holding: PIE. Exact original quantity/nasal-vowel/palatalization glyph represented by this extracted token remains unresolved; the reading is not silently corrected. Relevant paragraph co-occurrence alone does not establish this token as the selected etymon/cell; relationship intentionally unresolved. Parenthetical compared/reported unit, not automatically the row's own reconstruction.
rt-complete-2192-021	2192	382	Diplomatic field is the uncorrected held-text reading, not a newly image-authenticated glyph transcription. Relevant paragraph co-occurrence alone does not establish this token as the selected etymon/cell; relationship intentionally unresolved.
rt-complete-2192-022	2192	382	Diplomatic field is the uncorrected held-text reading, not a newly image-authenticated glyph transcription. Local stage label in holding: pre-PGmce. Relevant paragraph co-occurrence alone does not establish this token as the selected etymon/cell; relationship intentionally unresolved. Parenthetical compared/reported unit, not automatically the row's own reconstruction.
rt-complete-2192-023	2192	382	Diplomatic field is the uncorrected held-text reading, not a newly image-authenticated glyph transcription. Relevant paragraph co-occurrence alone does not establish this token as the selected etymon/cell; relationship intentionally unresolved.
rt-complete-2193-001	2193	51	Diplomatic field is the uncorrected held-text reading, not a newly image-authenticated glyph transcription. Local stage label in holding: PGmc. Exact original quantity/nasal-vowel/palatalization glyph represented by this extracted token remains unresolved; the reading is not silently corrected.
rt-complete-2193-004	2193	51	Literal held-text spelling; accents, dental/palatal signs and quantity may be degraded. Not newly image-certified.
rt-complete-2194-003	2194	337	Literal held-text spelling; accents, dental/palatal signs and quantity may be degraded. Not newly image-certified.
rt-complete-2195-001	2195	177	Diplomatic field is the uncorrected held-text reading, not a newly image-authenticated glyph transcription. Local stage label in holding: PGmce. Exact original quantity/nasal-vowel/palatalization glyph represented by this extracted token remains unresolved; the reading is not silently corrected.
rt-complete-2195-004	2195	177	Literal held-text spelling; accents, dental/palatal signs and quantity may be degraded. Not newly image-certified.
rt-complete-2195-005	2195	189	Diplomatic field is the uncorrected held-text reading, not a newly image-authenticated glyph transcription. Relevant paragraph co-occurrence alone does not establish this token as the selected etymon/cell; relationship intentionally unresolved.
rt-complete-2195-006	2195	189	Diplomatic field is the uncorrected held-text reading, not a newly image-authenticated glyph transcription. Relevant paragraph co-occurrence alone does not establish this token as the selected etymon/cell; relationship intentionally unresolved.
rt-complete-2195-007	2195	189	Diplomatic field is the uncorrected held-text reading, not a newly image-authenticated glyph transcription. Relevant paragraph co-occurrence alone does not establish this token as the selected etymon/cell; relationship intentionally unresolved.
rt-complete-2195-008	2195	189	Diplomatic field is the uncorrected held-text reading, not a newly image-authenticated glyph transcription. Local stage label in holding: PWGmc. Relevant paragraph co-occurrence alone does not establish this token as the selected etymon/cell; relationship intentionally unresolved.
rt-complete-2195-009	2195	315	Diplomatic field is the uncorrected held-text reading, not a newly image-authenticated glyph transcription. Local stage label in holding: PGmc. Exact original quantity/nasal-vowel/palatalization glyph represented by this extracted token remains unresolved; the reading is not silently corrected.
rt-complete-2195-017	2195	315	Diplomatic field is the uncorrected held-text reading, not a newly image-authenticated glyph transcription. Local stage label in holding: PWGmce. Exact original quantity/nasal-vowel/palatalization glyph represented by this extracted token remains unresolved; the reading is not silently corrected.
rt-complete-2195-024	2195	315	Literal held-text spelling; accents, dental/palatal signs and quantity may be degraded. Not newly image-certified.
rt-complete-2196-001	2196	11	Diplomatic field is the uncorrected held-text reading, not a newly image-authenticated glyph transcription. Local stage label in holding: PGmce. Exact original quantity/nasal-vowel/palatalization glyph represented by this extracted token remains unresolved; the reading is not silently corrected.
rt-complete-2196-002	2196	11	Diplomatic field is the uncorrected held-text reading, not a newly image-authenticated glyph transcription. Local stage label in holding: PNWGmc. Exact original quantity/nasal-vowel/palatalization glyph represented by this extracted token remains unresolved; the reading is not silently corrected.
rt-complete-2196-004	2196	11	Literal held-text spelling; accents, dental/palatal signs and quantity may be degraded. Not newly image-certified. Preserved overlapping-extractor verification/representation caution: Text anchor retained; its role is not automatically an OE selected-cell quotation.
rt-complete-2196-005	2196	149	Diplomatic field is the uncorrected held-text reading, not a newly image-authenticated glyph transcription. Local stage label in holding: PGmc. Exact original quantity/nasal-vowel/palatalization glyph represented by this extracted token remains unresolved; the reading is not silently corrected.
rt-complete-2196-008	2196	149	Literal held-text spelling; accents, dental/palatal signs and quantity may be degraded. Not newly image-certified. Preserved overlapping-extractor verification/representation caution: Text anchor retained; its role is not automatically an OE selected-cell quotation.
rt-complete-2196-009	2196	199	Diplomatic field is the uncorrected held-text reading, not a newly image-authenticated glyph transcription. Local stage label in holding: PGmce. Exact original quantity/nasal-vowel/palatalization glyph represented by this extracted token remains unresolved; the reading is not silently corrected.
rt-complete-2196-017	2196	199	Literal held-text spelling; accents, dental/palatal signs and quantity may be degraded. Not newly image-certified. Preserved overlapping-extractor verification/representation caution: Text anchor retained; its role is not automatically an OE selected-cell quotation.
rt-complete-2198-001	2198	183	Diplomatic field is the uncorrected held-text reading, not a newly image-authenticated glyph transcription. Local stage label in holding: PNWGme. Exact original quantity/nasal-vowel/palatalization glyph represented by this extracted token remains unresolved; the reading is not silently corrected.
rt-complete-2198-003	2198	183	Literal held-text spelling; accents, dental/palatal signs and quantity may be degraded. Not newly image-certified.
rt-complete-2198-004	2198	183	Literal held-text spelling; accents, dental/palatal signs and quantity may be degraded. Not newly image-certified.
rt-complete-2198-005	2198	183	Literal held-text spelling; accents, dental/palatal signs and quantity may be degraded. Not newly image-certified.
rt-complete-2198-006	2198	248	Diplomatic field is the uncorrected held-text reading, not a newly image-authenticated glyph transcription. Local stage label in holding: PNWGmc. Exact original quantity/nasal-vowel/palatalization glyph represented by this extracted token remains unresolved; the reading is not silently corrected.
rt-complete-2198-013	2198	248	Literal held-text spelling; accents, dental/palatal signs and quantity may be degraded. Not newly image-certified.
rt-complete-2199-002	2199	171	Literal held-text spelling; accents, dental/palatal signs and quantity may be degraded. Not newly image-certified.
rt-complete-2200-002	2200	27	Literal held-text spelling; accents, dental/palatal signs and quantity may be degraded. Not newly image-certified.
rt-complete-2201-001	2201	171	Diplomatic field is the uncorrected held-text reading, not a newly image-authenticated glyph transcription. Local stage label in holding: PGmc. Exact original quantity/nasal-vowel/palatalization glyph represented by this extracted token remains unresolved; the reading is not silently corrected.
rt-complete-2201-002	2201	171	Literal held-text spelling; accents, dental/palatal signs and quantity may be degraded. Not newly image-certified.
rt-complete-2201-003	2201	265	Diplomatic field is the uncorrected held-text reading, not a newly image-authenticated glyph transcription. Local stage label in holding: PGmc. Exact original quantity/nasal-vowel/palatalization glyph represented by this extracted token remains unresolved; the reading is not silently corrected.
rt-complete-2201-007	2201	265	Diplomatic field is the uncorrected held-text reading, not a newly image-authenticated glyph transcription. Relevant paragraph co-occurrence alone does not establish this token as the selected etymon/cell; relationship intentionally unresolved. Parenthetical compared/reported unit, not automatically the row's own reconstruction.
rt-complete-2201-010	2201	330	Diplomatic field is the uncorrected held-text reading, not a newly image-authenticated glyph transcription. Local stage label in holding: PGmc. Exact original quantity/nasal-vowel/palatalization glyph represented by this extracted token remains unresolved; the reading is not silently corrected.
rt-complete-2201-012	2201	330	Diplomatic field is the uncorrected held-text reading, not a newly image-authenticated glyph transcription. Relevant paragraph co-occurrence alone does not establish this token as the selected etymon/cell; relationship intentionally unresolved. Parenthetical compared/reported unit, not automatically the row's own reconstruction.
rt-complete-2205-004	2205	162	Diplomatic field is the uncorrected held-text reading, not a newly image-authenticated glyph transcription. Local stage label in holding: PWGmce. Exact original quantity/nasal-vowel/palatalization glyph represented by this extracted token remains unresolved; the reading is not silently corrected.
rt-complete-2205-005	2205	162	Diplomatic field is the uncorrected held-text reading, not a newly image-authenticated glyph transcription. Exact original quantity/nasal-vowel/palatalization glyph represented by this extracted token remains unresolved; the reading is not silently corrected.
rt-complete-2205-006	2205	162	Diplomatic field is the uncorrected held-text reading, not a newly image-authenticated glyph transcription. Exact original quantity/nasal-vowel/palatalization glyph represented by this extracted token remains unresolved; the reading is not silently corrected.
rt-complete-2205-010	2205	191	Diplomatic field is the uncorrected held-text reading, not a newly image-authenticated glyph transcription. Local stage label in holding: PWGmc. Exact original quantity/nasal-vowel/palatalization glyph represented by this extracted token remains unresolved; the reading is not silently corrected.
rt-complete-2205-012	2205	191	Literal held-text spelling; accents, dental/palatal signs and quantity may be degraded. Not newly image-certified.
rt-complete-2205-013	2205	367	Diplomatic field is the uncorrected held-text reading, not a newly image-authenticated glyph transcription. Relevant paragraph co-occurrence alone does not establish this token as the selected etymon/cell; relationship intentionally unresolved.
rt-complete-2205-014	2205	367	Diplomatic field is the uncorrected held-text reading, not a newly image-authenticated glyph transcription. Relevant paragraph co-occurrence alone does not establish this token as the selected etymon/cell; relationship intentionally unresolved.
rt-complete-2205-015	2205	367	Diplomatic field is the uncorrected held-text reading, not a newly image-authenticated glyph transcription. Relevant paragraph co-occurrence alone does not establish this token as the selected etymon/cell; relationship intentionally unresolved.
rt-complete-2208-004	2208	330	Literal held-text spelling; accents, dental/palatal signs and quantity may be degraded. Not newly image-certified.
rt-complete-2212-003	2212	147	Literal held-text spelling; accents, dental/palatal signs and quantity may be degraded. Not newly image-certified.
rt-complete-2212-012	2212	193	Literal held-text spelling; accents, dental/palatal signs and quantity may be degraded. Not newly image-certified.
rt-complete-2214-002	2214	127	Literal held-text spelling; accents, dental/palatal signs and quantity may be degraded. Not newly image-certified.
rt-complete-2214-004	2214	182	Literal held-text spelling; accents, dental/palatal signs and quantity may be degraded. Not newly image-certified.
rt-complete-2216-003	2216	330	Literal held-text spelling; accents, dental/palatal signs and quantity may be degraded. Not newly image-certified.
rt-complete-2220-002	2220	170	Literal held-text spelling; accents, dental/palatal signs and quantity may be degraded. Not newly image-certified.
rt-complete-2224-002	2224	173	Diplomatic field is the uncorrected held-text reading, not a newly image-authenticated glyph transcription. Local stage label in holding: OE. Exact original quantity/nasal-vowel/palatalization glyph represented by this extracted token remains unresolved; the reading is not silently corrected.
rt-complete-2224-004	2224	387	Diplomatic field is the uncorrected held-text reading, not a newly image-authenticated glyph transcription. Relevant paragraph co-occurrence alone does not establish this token as the selected etymon/cell; relationship intentionally unresolved.
rt-complete-2224-005	2224	387	Diplomatic field is the uncorrected held-text reading, not a newly image-authenticated glyph transcription. Relevant paragraph co-occurrence alone does not establish this token as the selected etymon/cell; relationship intentionally unresolved.
rt-complete-2224-006	2224	387	Diplomatic field is the uncorrected held-text reading, not a newly image-authenticated glyph transcription. Local stage label in holding: PWGmc. Relevant paragraph co-occurrence alone does not establish this token as the selected etymon/cell; relationship intentionally unresolved.
rt-complete-2224-007	2224	387	Diplomatic field is the uncorrected held-text reading, not a newly image-authenticated glyph transcription. Local stage label in holding: PGmc. Relevant paragraph co-occurrence alone does not establish this token as the selected etymon/cell; relationship intentionally unresolved.
rt-complete-2224-008	2224	387	Diplomatic field is the uncorrected held-text reading, not a newly image-authenticated glyph transcription. Local stage label in holding: PGmc. Exact original quantity/nasal-vowel/palatalization glyph represented by this extracted token remains unresolved; the reading is not silently corrected. Relevant paragraph co-occurrence alone does not establish this token as the selected etymon/cell; relationship intentionally unresolved.
rt-complete-2224-009	2224	387	Diplomatic field is the uncorrected held-text reading, not a newly image-authenticated glyph transcription. Relevant paragraph co-occurrence alone does not establish this token as the selected etymon/cell; relationship intentionally unresolved.
rt-complete-2224-010	2224	387	Diplomatic field is the uncorrected held-text reading, not a newly image-authenticated glyph transcription. Exact original quantity/nasal-vowel/palatalization glyph represented by this extracted token remains unresolved; the reading is not silently corrected. Relevant paragraph co-occurrence alone does not establish this token as the selected etymon/cell; relationship intentionally unresolved.
rt-complete-2224-011	2224	387	Diplomatic field is the uncorrected held-text reading, not a newly image-authenticated glyph transcription. Relevant paragraph co-occurrence alone does not establish this token as the selected etymon/cell; relationship intentionally unresolved.
rt-complete-2224-012	2224	387	Diplomatic field is the uncorrected held-text reading, not a newly image-authenticated glyph transcription. Exact original quantity/nasal-vowel/palatalization glyph represented by this extracted token remains unresolved; the reading is not silently corrected. Relevant paragraph co-occurrence alone does not establish this token as the selected etymon/cell; relationship intentionally unresolved.
rt-complete-2224-013	2224	387	Diplomatic field is the uncorrected held-text reading, not a newly image-authenticated glyph transcription. Relevant paragraph co-occurrence alone does not establish this token as the selected etymon/cell; relationship intentionally unresolved.
rt-complete-2225-002	2225	172	Literal held-text spelling; accents, dental/palatal signs and quantity may be degraded. Not newly image-certified.
rt-complete-2225-003	2225	515	Diplomatic field is the uncorrected held-text reading, not a newly image-authenticated glyph transcription. Local stage label in holding: PIE. Relevant paragraph co-occurrence alone does not establish this token as the selected etymon/cell; relationship intentionally unresolved.
rt-complete-2225-004	2225	515	Diplomatic field is the uncorrected held-text reading, not a newly image-authenticated glyph transcription. Exact original quantity/nasal-vowel/palatalization glyph represented by this extracted token remains unresolved; the reading is not silently corrected. Relevant paragraph co-occurrence alone does not establish this token as the selected etymon/cell; relationship intentionally unresolved. Parenthetical compared/reported unit, not automatically the row's own reconstruction.
rt-complete-2225-005	2225	515	Diplomatic field is the uncorrected held-text reading, not a newly image-authenticated glyph transcription. Exact original quantity/nasal-vowel/palatalization glyph represented by this extracted token remains unresolved; the reading is not silently corrected. Relevant paragraph co-occurrence alone does not establish this token as the selected etymon/cell; relationship intentionally unresolved.
rt-complete-2225-006	2225	515	Diplomatic field is the uncorrected held-text reading, not a newly image-authenticated glyph transcription. Local stage label in holding: PGmce. Relevant paragraph co-occurrence alone does not establish this token as the selected etymon/cell; relationship intentionally unresolved.
rt-complete-2226-002	2226	238	Diplomatic field is the uncorrected held-text reading, not a newly image-authenticated glyph transcription. Local stage label in holding: PWGmec. Exact original quantity/nasal-vowel/palatalization glyph represented by this extracted token remains unresolved; the reading is not silently corrected.
rt-complete-2226-005	2226	238	Literal held-text spelling; accents, dental/palatal signs and quantity may be degraded. Not newly image-certified. Preserved overlapping-extractor verification/representation caution: Text anchor retained; its role is not automatically an OE selected-cell quotation.
rt-complete-2227-001	2227	53	Diplomatic field is the uncorrected held-text reading, not a newly image-authenticated glyph transcription. Exact original quantity/nasal-vowel/palatalization glyph represented by this extracted token remains unresolved; the reading is not silently corrected.
rt-complete-2227-006	2227	173	Diplomatic field is the uncorrected held-text reading, not a newly image-authenticated glyph transcription. Exact original quantity/nasal-vowel/palatalization glyph represented by this extracted token remains unresolved; the reading is not silently corrected.
rt-complete-2227-007	2227	173	Literal held-text spelling; accents, dental/palatal signs and quantity may be degraded. Not newly image-certified.
rt-complete-2227-008	2227	318	Diplomatic field is the uncorrected held-text reading, not a newly image-authenticated glyph transcription. Relevant paragraph co-occurrence alone does not establish this token as the selected etymon/cell; relationship intentionally unresolved.
rt-complete-2227-009	2227	318	Diplomatic field is the uncorrected held-text reading, not a newly image-authenticated glyph transcription. Relevant paragraph co-occurrence alone does not establish this token as the selected etymon/cell; relationship intentionally unresolved.
rt-complete-2227-010	2227	318	Diplomatic field is the uncorrected held-text reading, not a newly image-authenticated glyph transcription. Relevant paragraph co-occurrence alone does not establish this token as the selected etymon/cell; relationship intentionally unresolved.
rt-complete-2227-011	2227	318	Diplomatic field is the uncorrected held-text reading, not a newly image-authenticated glyph transcription. Exact original quantity/nasal-vowel/palatalization glyph represented by this extracted token remains unresolved; the reading is not silently corrected. Relevant paragraph co-occurrence alone does not establish this token as the selected etymon/cell; relationship intentionally unresolved.
rt-complete-2227-012	2227	318	Diplomatic field is the uncorrected held-text reading, not a newly image-authenticated glyph transcription. Relevant paragraph co-occurrence alone does not establish this token as the selected etymon/cell; relationship intentionally unresolved.
rt-complete-2227-013	2227	318	Diplomatic field is the uncorrected held-text reading, not a newly image-authenticated glyph transcription. Relevant paragraph co-occurrence alone does not establish this token as the selected etymon/cell; relationship intentionally unresolved.
rt-complete-2227-014	2227	318	Diplomatic field is the uncorrected held-text reading, not a newly image-authenticated glyph transcription. Relevant paragraph co-occurrence alone does not establish this token as the selected etymon/cell; relationship intentionally unresolved.
rt-complete-2227-015	2227	318	Diplomatic field is the uncorrected held-text reading, not a newly image-authenticated glyph transcription. Relevant paragraph co-occurrence alone does not establish this token as the selected etymon/cell; relationship intentionally unresolved.
rt-complete-2227-016	2227	318	Diplomatic field is the uncorrected held-text reading, not a newly image-authenticated glyph transcription. Relevant paragraph co-occurrence alone does not establish this token as the selected etymon/cell; relationship intentionally unresolved.
rt-complete-2227-017	2227	318	Diplomatic field is the uncorrected held-text reading, not a newly image-authenticated glyph transcription. Relevant paragraph co-occurrence alone does not establish this token as the selected etymon/cell; relationship intentionally unresolved.
rt-complete-2228-001	2228	209	Diplomatic field is the uncorrected held-text reading, not a newly image-authenticated glyph transcription. Local stage label in holding: PNWGmc. Exact original quantity/nasal-vowel/palatalization glyph represented by this extracted token remains unresolved; the reading is not silently corrected.
rt-complete-2228-002	2228	209	Diplomatic field is the uncorrected held-text reading, not a newly image-authenticated glyph transcription. Exact original quantity/nasal-vowel/palatalization glyph represented by this extracted token remains unresolved; the reading is not silently corrected.
rt-complete-2228-003	2228	209	Literal held-text spelling; accents, dental/palatal signs and quantity may be degraded. Not newly image-certified.
rt-complete-2230-002	2230	31	Literal held-text spelling; accents, dental/palatal signs and quantity may be degraded. Not newly image-certified.
rt-complete-2233-001	2233	39	Diplomatic field is the uncorrected held-text reading, not a newly image-authenticated glyph transcription. The literal local stage is P(NW)Gmc; its PGmc/Northwest-Germanic alternative is not resolved into one analytical period. Exact original quantity/nasal-vowel/palatalization glyph represented by this extracted token remains unresolved; the reading is not silently corrected. Relevant paragraph co-occurrence alone does not establish this token as the selected etymon/cell; relationship intentionally unresolved.
rt-complete-2234-003	2234	185	Literal held-text spelling; accents, dental/palatal signs and quantity may be degraded. Not newly image-certified.
rt-complete-2237-003	2237	144	Literal held-text spelling; accents, dental/palatal signs and quantity may be degraded. Not newly image-certified.
rt-complete-2239-002	2239	182	Literal held-text spelling; accents, dental/palatal signs and quantity may be degraded. Not newly image-certified.
rt-complete-2241-001	2241	178	Diplomatic field is the uncorrected held-text reading, not a newly image-authenticated glyph transcription. Local stage label in holding: PWGmc. Exact original quantity/nasal-vowel/palatalization glyph represented by this extracted token remains unresolved; the reading is not silently corrected.
rt-complete-2241-002	2241	178	Literal held-text spelling; accents, dental/palatal signs and quantity may be degraded. Not newly image-certified.
rt-complete-2242-005	2242	253	Literal held-text spelling; accents, dental/palatal signs and quantity may be degraded. Not newly image-certified.
rt-complete-2242-006	2242	253	Literal held-text spelling; accents, dental/palatal signs and quantity may be degraded. Not newly image-certified.
rt-complete-2243-002	2243	213	Literal held-text spelling; accents, dental/palatal signs and quantity may be degraded. Not newly image-certified.
rt-complete-2243-005	2243	330	Literal held-text spelling; accents, dental/palatal signs and quantity may be degraded. Not newly image-certified.
rt-complete-2244-001	2244	512	Diplomatic field is the uncorrected held-text reading, not a newly image-authenticated glyph transcription. Relevant paragraph co-occurrence alone does not establish this token as the selected etymon/cell; relationship intentionally unresolved.
rt-complete-2244-002	2244	512	Diplomatic field is the uncorrected held-text reading, not a newly image-authenticated glyph transcription. Relevant paragraph co-occurrence alone does not establish this token as the selected etymon/cell; relationship intentionally unresolved.
rt-complete-2244-003	2244	512	Diplomatic field is the uncorrected held-text reading, not a newly image-authenticated glyph transcription. Exact original quantity/nasal-vowel/palatalization glyph represented by this extracted token remains unresolved; the reading is not silently corrected. Relevant paragraph co-occurrence alone does not establish this token as the selected etymon/cell; relationship intentionally unresolved.
rt-complete-2245-002	2245	147	Diplomatic field is the uncorrected held-text reading, not a newly image-authenticated glyph transcription. Exact original quantity/nasal-vowel/palatalization glyph represented by this extracted token remains unresolved; the reading is not silently corrected. Parenthetical compared/reported unit, not automatically the row's own reconstruction.
rt-complete-2245-004	2245	147	Literal held-text spelling; accents, dental/palatal signs and quantity may be degraded. Not newly image-certified.
rt-complete-2246-002	2246	173	Literal held-text spelling; accents, dental/palatal signs and quantity may be degraded. Not newly image-certified.
rt-complete-2247-007	2247	128	Literal held-text spelling; accents, dental/palatal signs and quantity may be degraded. Not newly image-certified.
rt-complete-2247-008	2247	128	Literal held-text spelling; accents, dental/palatal signs and quantity may be degraded. Not newly image-certified.
rt-complete-2248-001	2248	512	Diplomatic field is the uncorrected held-text reading, not a newly image-authenticated glyph transcription. Relevant paragraph co-occurrence alone does not establish this token as the selected etymon/cell; relationship intentionally unresolved.
rt-complete-2248-002	2248	512	Diplomatic field is the uncorrected held-text reading, not a newly image-authenticated glyph transcription. Relevant paragraph co-occurrence alone does not establish this token as the selected etymon/cell; relationship intentionally unresolved.
rt-complete-2248-003	2248	512	Diplomatic field is the uncorrected held-text reading, not a newly image-authenticated glyph transcription. Exact original quantity/nasal-vowel/palatalization glyph represented by this extracted token remains unresolved; the reading is not silently corrected. Relevant paragraph co-occurrence alone does not establish this token as the selected etymon/cell; relationship intentionally unresolved.
rt-complete-2254-001	2254	121	Diplomatic field is the uncorrected held-text reading, not a newly image-authenticated glyph transcription. Relevant paragraph co-occurrence alone does not establish this token as the selected etymon/cell; relationship intentionally unresolved.
rt-complete-2254-002	2254	388	Diplomatic field is the uncorrected held-text reading, not a newly image-authenticated glyph transcription. Relevant paragraph co-occurrence alone does not establish this token as the selected etymon/cell; relationship intentionally unresolved.
rt-complete-2258-004	2258	327	Literal held-text spelling; accents, dental/palatal signs and quantity may be degraded. Not newly image-certified.
rt-complete-2255-002	2255	32	Literal held-text spelling; accents, dental/palatal signs and quantity may be degraded. Not newly image-certified.
rt-complete-2255-003	2255	328	Diplomatic field is the uncorrected held-text reading, not a newly image-authenticated glyph transcription. The literal local stage is P(NW)Gmece; its PGmc/Northwest-Germanic alternative is not resolved into one analytical period. Relevant paragraph co-occurrence alone does not establish this token as the selected etymon/cell; relationship intentionally unresolved.
rt-complete-2255-004	2255	328	Diplomatic field is the uncorrected held-text reading, not a newly image-authenticated glyph transcription. Local stage label in holding: PWGmc. Relevant paragraph co-occurrence alone does not establish this token as the selected etymon/cell; relationship intentionally unresolved.
rt-complete-2259-001	2259	171	Diplomatic field is the uncorrected held-text reading, not a newly image-authenticated glyph transcription. Local stage label in holding: PNWGmc. Exact original quantity/nasal-vowel/palatalization glyph represented by this extracted token remains unresolved; the reading is not silently corrected.
rt-complete-2259-002	2259	171	Literal held-text spelling; accents, dental/palatal signs and quantity may be degraded. Not newly image-certified.
rt-complete-2259-003	2259	314	Diplomatic field is the uncorrected held-text reading, not a newly image-authenticated glyph transcription. Local stage label in holding: PNWGmc. Exact original quantity/nasal-vowel/palatalization glyph represented by this extracted token remains unresolved; the reading is not silently corrected.
rt-complete-2259-005	2259	314	Literal held-text spelling; accents, dental/palatal signs and quantity may be degraded. Not newly image-certified.
rt-complete-2260-005	2260	331	Literal held-text spelling; accents, dental/palatal signs and quantity may be degraded. Not newly image-certified.
rt-complete-2262-003	2262	59	Diplomatic field is the uncorrected held-text reading, not a newly image-authenticated glyph transcription. Exact original quantity/nasal-vowel/palatalization glyph represented by this extracted token remains unresolved; the reading is not silently corrected.
rt-complete-2262-006	2262	59	Literal held-text spelling; accents, dental/palatal signs and quantity may be degraded. Not newly image-certified.
rt-complete-2262-011	2262	153	Literal held-text spelling; accents, dental/palatal signs and quantity may be degraded. Not newly image-certified.
rt-complete-2264-001	2264	325	Diplomatic field is the uncorrected held-text reading, not a newly image-authenticated glyph transcription. Local stage label in holding: PGmc. Exact original quantity/nasal-vowel/palatalization glyph represented by this extracted token remains unresolved; the reading is not silently corrected.
rt-complete-2264-003	2264	325	Literal held-text spelling; accents, dental/palatal signs and quantity may be degraded. Not newly image-certified.
rt-complete-2264-004	2264	78	Diplomatic field is the uncorrected held-text reading, not a newly image-authenticated glyph transcription. Exact original quantity/nasal-vowel/palatalization glyph represented by this extracted token remains unresolved; the reading is not silently corrected. Relevant paragraph co-occurrence alone does not establish this token as the selected etymon/cell; relationship intentionally unresolved.
rt-complete-2264-005	2264	78	Diplomatic field is the uncorrected held-text reading, not a newly image-authenticated glyph transcription. Exact original quantity/nasal-vowel/palatalization glyph represented by this extracted token remains unresolved; the reading is not silently corrected. Relevant paragraph co-occurrence alone does not establish this token as the selected etymon/cell; relationship intentionally unresolved.
rt-complete-2264-006	2264	78	Diplomatic field is the uncorrected held-text reading, not a newly image-authenticated glyph transcription. Local stage label in holding: PWGmc. Relevant paragraph co-occurrence alone does not establish this token as the selected etymon/cell; relationship intentionally unresolved.
rt-complete-2264-007	2264	78	Diplomatic field is the uncorrected held-text reading, not a newly image-authenticated glyph transcription. Relevant paragraph co-occurrence alone does not establish this token as the selected etymon/cell; relationship intentionally unresolved.
rt-complete-2264-008	2264	78	Diplomatic field is the uncorrected held-text reading, not a newly image-authenticated glyph transcription. Relevant paragraph co-occurrence alone does not establish this token as the selected etymon/cell; relationship intentionally unresolved.
rt-complete-2264-009	2264	78	Diplomatic field is the uncorrected held-text reading, not a newly image-authenticated glyph transcription. Local stage label in holding: PGmc. Exact original quantity/nasal-vowel/palatalization glyph represented by this extracted token remains unresolved; the reading is not silently corrected. Relevant paragraph co-occurrence alone does not establish this token as the selected etymon/cell; relationship intentionally unresolved.
rt-complete-2268-004	2268	162	Diplomatic field is the uncorrected held-text reading, not a newly image-authenticated glyph transcription. Local stage label in holding: PWGmc. Exact original quantity/nasal-vowel/palatalization glyph represented by this extracted token remains unresolved; the reading is not silently corrected.
rt-complete-2268-005	2268	162	Diplomatic field is the uncorrected held-text reading, not a newly image-authenticated glyph transcription. Exact original quantity/nasal-vowel/palatalization glyph represented by this extracted token remains unresolved; the reading is not silently corrected.
rt-complete-2268-006	2268	162	Diplomatic field is the uncorrected held-text reading, not a newly image-authenticated glyph transcription. Exact original quantity/nasal-vowel/palatalization glyph represented by this extracted token remains unresolved; the reading is not silently corrected.
rt-complete-2268-011	2268	190	Diplomatic field is the uncorrected held-text reading, not a newly image-authenticated glyph transcription. Local stage label in holding: PWGmc. Exact original quantity/nasal-vowel/palatalization glyph represented by this extracted token remains unresolved; the reading is not silently corrected.
rt-complete-2268-015	2268	190	Literal held-text spelling; accents, dental/palatal signs and quantity may be degraded. Not newly image-certified.
rt-complete-2269-003	2269	180	Literal held-text spelling; accents, dental/palatal signs and quantity may be degraded. Not newly image-certified.
rt-complete-2269-006	2269	180	Literal held-text spelling; accents, dental/palatal signs and quantity may be degraded. Not newly image-certified.
rt-complete-2270-001	2270	182	Diplomatic field is the uncorrected held-text reading, not a newly image-authenticated glyph transcription. Local stage label in holding: PGmc. Exact original quantity/nasal-vowel/palatalization glyph represented by this extracted token remains unresolved; the reading is not silently corrected.
rt-complete-2270-002	2270	182	Literal held-text spelling; accents, dental/palatal signs and quantity may be degraded. Not newly image-certified.
rt-complete-2270-003	2270	347	Diplomatic field is the uncorrected held-text reading, not a newly image-authenticated glyph transcription. Relevant paragraph co-occurrence alone does not establish this token as the selected etymon/cell; relationship intentionally unresolved.
rt-complete-2272-002	2272	127	Literal held-text spelling; accents, dental/palatal signs and quantity may be degraded. Not newly image-certified.
rt-complete-2274-004	2274	59	Literal held-text spelling; accents, dental/palatal signs and quantity may be degraded. Not newly image-certified.
rt-complete-2274-005	2274	119	Diplomatic field is the uncorrected held-text reading, not a newly image-authenticated glyph transcription. Local stage label in holding: PWGmc. Relevant paragraph co-occurrence alone does not establish this token as the selected etymon/cell; relationship intentionally unresolved.
rt-complete-2274-006	2274	119	Diplomatic field is the uncorrected held-text reading, not a newly image-authenticated glyph transcription. Relevant paragraph co-occurrence alone does not establish this token as the selected etymon/cell; relationship intentionally unresolved.
rt-complete-2274-007	2274	119	Diplomatic field is the uncorrected held-text reading, not a newly image-authenticated glyph transcription. Local stage label in holding: PGmc. Relevant paragraph co-occurrence alone does not establish this token as the selected etymon/cell; relationship intentionally unresolved.
rt-complete-2274-008	2274	119	Diplomatic field is the uncorrected held-text reading, not a newly image-authenticated glyph transcription. Relevant paragraph co-occurrence alone does not establish this token as the selected etymon/cell; relationship intentionally unresolved.
rt-complete-2274-009	2274	119	Diplomatic field is the uncorrected held-text reading, not a newly image-authenticated glyph transcription. Relevant paragraph co-occurrence alone does not establish this token as the selected etymon/cell; relationship intentionally unresolved.
rt-complete-2274-010	2274	119	Diplomatic field is the uncorrected held-text reading, not a newly image-authenticated glyph transcription. Relevant paragraph co-occurrence alone does not establish this token as the selected etymon/cell; relationship intentionally unresolved.
rt-complete-2274-011	2274	119	Diplomatic field is the uncorrected held-text reading, not a newly image-authenticated glyph transcription. Relevant paragraph co-occurrence alone does not establish this token as the selected etymon/cell; relationship intentionally unresolved. Parenthetical compared/reported unit, not automatically the row's own reconstruction.
rt-complete-2274-012	2274	119	Diplomatic field is the uncorrected held-text reading, not a newly image-authenticated glyph transcription. Relevant paragraph co-occurrence alone does not establish this token as the selected etymon/cell; relationship intentionally unresolved.
rt-complete-2274-015	2274	147	Literal held-text spelling; accents, dental/palatal signs and quantity may be degraded. Not newly image-certified.
rt-complete-2274-019	2274	152	Literal held-text spelling; accents, dental/palatal signs and quantity may be degraded. Not newly image-certified.
rt-complete-2274-023	2274	333	Literal held-text spelling; accents, dental/palatal signs and quantity may be degraded. Not newly image-certified.
rt-complete-2274-024	2274	387	Diplomatic field is the uncorrected held-text reading, not a newly image-authenticated glyph transcription. Exact original quantity/nasal-vowel/palatalization glyph represented by this extracted token remains unresolved; the reading is not silently corrected. Relevant paragraph co-occurrence alone does not establish this token as the selected etymon/cell; relationship intentionally unresolved. Parenthetical compared/reported unit, not automatically the row's own reconstruction.
rt-complete-2274-025	2274	387	Diplomatic field is the uncorrected held-text reading, not a newly image-authenticated glyph transcription. Exact original quantity/nasal-vowel/palatalization glyph represented by this extracted token remains unresolved; the reading is not silently corrected. Relevant paragraph co-occurrence alone does not establish this token as the selected etymon/cell; relationship intentionally unresolved. Parenthetical compared/reported unit, not automatically the row's own reconstruction.
rt-complete-2274-026	2274	387	Diplomatic field is the uncorrected held-text reading, not a newly image-authenticated glyph transcription. Relevant paragraph co-occurrence alone does not establish this token as the selected etymon/cell; relationship intentionally unresolved. Parenthetical compared/reported unit, not automatically the row's own reconstruction.
rt-complete-2274-027	2274	387	Diplomatic field is the uncorrected held-text reading, not a newly image-authenticated glyph transcription. Relevant paragraph co-occurrence alone does not establish this token as the selected etymon/cell; relationship intentionally unresolved. Parenthetical compared/reported unit, not automatically the row's own reconstruction.
rt-complete-2274-028	2274	387	Diplomatic field is the uncorrected held-text reading, not a newly image-authenticated glyph transcription. Relevant paragraph co-occurrence alone does not establish this token as the selected etymon/cell; relationship intentionally unresolved. Parenthetical compared/reported unit, not automatically the row's own reconstruction.
rt-complete-2274-029	2274	387	Diplomatic field is the uncorrected held-text reading, not a newly image-authenticated glyph transcription. Relevant paragraph co-occurrence alone does not establish this token as the selected etymon/cell; relationship intentionally unresolved. Parenthetical compared/reported unit, not automatically the row's own reconstruction.
rt-complete-2274-030	2274	387	Diplomatic field is the uncorrected held-text reading, not a newly image-authenticated glyph transcription. Relevant paragraph co-occurrence alone does not establish this token as the selected etymon/cell; relationship intentionally unresolved. Parenthetical compared/reported unit, not automatically the row's own reconstruction.
rt-complete-2274-031	2274	387	Diplomatic field is the uncorrected held-text reading, not a newly image-authenticated glyph transcription. Local stage label in holding: PWGmc. Relevant paragraph co-occurrence alone does not establish this token as the selected etymon/cell; relationship intentionally unresolved. Parenthetical compared/reported unit, not automatically the row's own reconstruction.
rt-complete-2276-001	2276	176	Diplomatic field is the uncorrected held-text reading, not a newly image-authenticated glyph transcription. Local stage label in holding: PGmc. Exact original quantity/nasal-vowel/palatalization glyph represented by this extracted token remains unresolved; the reading is not silently corrected.
rt-complete-2276-002	2276	176	Diplomatic field is the uncorrected held-text reading, not a newly image-authenticated glyph transcription. Local stage label in holding: PNWGmc. Exact original quantity/nasal-vowel/palatalization glyph represented by this extracted token remains unresolved; the reading is not silently corrected.
rt-complete-2276-004	2276	176	Literal held-text spelling; accents, dental/palatal signs and quantity may be degraded. Not newly image-certified.
rt-complete-2276-005	2276	312	Diplomatic field is the uncorrected held-text reading, not a newly image-authenticated glyph transcription. Local stage label in holding: PGmc. Exact original quantity/nasal-vowel/palatalization glyph represented by this extracted token remains unresolved; the reading is not silently corrected.
rt-complete-2276-006	2276	312	Diplomatic field is the uncorrected held-text reading, not a newly image-authenticated glyph transcription. Local stage label in holding: PNWGmc. Exact original quantity/nasal-vowel/palatalization glyph represented by this extracted token remains unresolved; the reading is not silently corrected.
rt-complete-2276-008	2276	312	Literal held-text spelling; accents, dental/palatal signs and quantity may be degraded. Not newly image-certified.
rt-complete-2276-009	2276	312	Literal held-text spelling; accents, dental/palatal signs and quantity may be degraded. Not newly image-certified.
rt-complete-2277-003	2277	212	Literal held-text spelling; accents, dental/palatal signs and quantity may be degraded. Not newly image-certified.
rt-complete-2278-001	2278	10	Diplomatic field is the uncorrected held-text reading, not a newly image-authenticated glyph transcription. Local stage label in holding: PGmc. Exact original quantity/nasal-vowel/palatalization glyph represented by this extracted token remains unresolved; the reading is not silently corrected.
rt-complete-2278-002	2278	10	Diplomatic field is the uncorrected held-text reading, not a newly image-authenticated glyph transcription. Exact original quantity/nasal-vowel/palatalization glyph represented by this extracted token remains unresolved; the reading is not silently corrected.
rt-complete-2278-004	2278	10	Literal held-text spelling; accents, dental/palatal signs and quantity may be degraded. Not newly image-certified.
rt-complete-2278-005	2278	149	Diplomatic field is the uncorrected held-text reading, not a newly image-authenticated glyph transcription. Local stage label in holding: PGmc. Exact original quantity/nasal-vowel/palatalization glyph represented by this extracted token remains unresolved; the reading is not silently corrected.
rt-complete-2278-006	2278	149	Diplomatic field is the uncorrected held-text reading, not a newly image-authenticated glyph transcription. Exact original quantity/nasal-vowel/palatalization glyph represented by this extracted token remains unresolved; the reading is not silently corrected.
rt-complete-2278-009	2278	331	Diplomatic field is the uncorrected held-text reading, not a newly image-authenticated glyph transcription. Local stage label in holding: PGmc. Exact original quantity/nasal-vowel/palatalization glyph represented by this extracted token remains unresolved; the reading is not silently corrected.
rt-complete-2281-001	2281	325	Diplomatic field is the uncorrected held-text reading, not a newly image-authenticated glyph transcription. Local stage label in holding: PGmc. Exact original quantity/nasal-vowel/palatalization glyph represented by this extracted token remains unresolved; the reading is not silently corrected.
rt-complete-2281-003	2281	325	Literal held-text spelling; accents, dental/palatal signs and quantity may be degraded. Not newly image-certified.
rt-complete-2281-004	2281	325	Literal held-text spelling; accents, dental/palatal signs and quantity may be degraded. Not newly image-certified.
rt-complete-2284-003	2284	50	Literal held-text spelling; accents, dental/palatal signs and quantity may be degraded. Not newly image-certified.
rt-complete-2284-005	2284	194	Diplomatic field is the uncorrected held-text reading, not a newly image-authenticated glyph transcription. Exact original quantity/nasal-vowel/palatalization glyph represented by this extracted token remains unresolved; the reading is not silently corrected.
rt-complete-2284-007	2284	194	Diplomatic field is the uncorrected held-text reading, not a newly image-authenticated glyph transcription. Local stage label in holding: PWGmce. Exact original quantity/nasal-vowel/palatalization glyph represented by this extracted token remains unresolved; the reading is not silently corrected.
rt-complete-2284-012	2284	194	Literal held-text spelling; accents, dental/palatal signs and quantity may be degraded. Not newly image-certified.
rt-complete-2286-001	2286	130	Diplomatic field is the uncorrected held-text reading, not a newly image-authenticated glyph transcription. Local stage label in holding: PNWGmce. Exact original quantity/nasal-vowel/palatalization glyph represented by this extracted token remains unresolved; the reading is not silently corrected.
rt-complete-2286-003	2286	130	Literal held-text spelling; accents, dental/palatal signs and quantity may be degraded. Not newly image-certified.
rt-complete-2286-004	2286	130	Literal held-text spelling; accents, dental/palatal signs and quantity may be degraded. Not newly image-certified.
rt-complete-2288-003	2288	270	Literal held-text spelling; accents, dental/palatal signs and quantity may be degraded. Not newly image-certified.
rt-complete-2288-006	2288	322	Literal held-text spelling; accents, dental/palatal signs and quantity may be degraded. Not newly image-certified.
rt-complete-2288-007	2288	322	Literal held-text spelling; accents, dental/palatal signs and quantity may be degraded. Not newly image-certified.
rt-complete-2289-001	2289	232	Diplomatic field is the uncorrected held-text reading, not a newly image-authenticated glyph transcription. Local stage label in holding: pre-OE. Relevant paragraph co-occurrence alone does not establish this token as the selected etymon/cell; relationship intentionally unresolved.
rt-complete-2289-002	2289	232	Diplomatic field is the uncorrected held-text reading, not a newly image-authenticated glyph transcription. Local stage label in holding: OE. Relevant paragraph co-occurrence alone does not establish this token as the selected etymon/cell; relationship intentionally unresolved.
rt-complete-2289-003	2289	232	Diplomatic field is the uncorrected held-text reading, not a newly image-authenticated glyph transcription. Local stage label in holding: PGmc. Exact original quantity/nasal-vowel/palatalization glyph represented by this extracted token remains unresolved; the reading is not silently corrected. Relevant paragraph co-occurrence alone does not establish this token as the selected etymon/cell; relationship intentionally unresolved.
rt-complete-2291-005	2291	337	Literal held-text spelling; accents, dental/palatal signs and quantity may be degraded. Not newly image-certified.
rt-complete-2292-001	2292	52	Diplomatic field is the uncorrected held-text reading, not a newly image-authenticated glyph transcription. Local stage label in holding: PGmc. Exact original quantity/nasal-vowel/palatalization glyph represented by this extracted token remains unresolved; the reading is not silently corrected.
rt-complete-2292-003	2292	52	Literal held-text spelling; accents, dental/palatal signs and quantity may be degraded. Not newly image-certified.
rt-complete-2292-004	2292	74	Diplomatic field is the uncorrected held-text reading, not a newly image-authenticated glyph transcription. Relevant paragraph co-occurrence alone does not establish this token as the selected etymon/cell; relationship intentionally unresolved.
rt-complete-2292-005	2292	74	Diplomatic field is the uncorrected held-text reading, not a newly image-authenticated glyph transcription. Local stage label in holding: PWGmce. Relevant paragraph co-occurrence alone does not establish this token as the selected etymon/cell; relationship intentionally unresolved.
rt-complete-2292-006	2292	74	Diplomatic field is the uncorrected held-text reading, not a newly image-authenticated glyph transcription. Relevant paragraph co-occurrence alone does not establish this token as the selected etymon/cell; relationship intentionally unresolved. Parenthetical compared/reported unit, not automatically the row's own reconstruction.
rt-complete-2292-007	2292	74	Diplomatic field is the uncorrected held-text reading, not a newly image-authenticated glyph transcription. Relevant paragraph co-occurrence alone does not establish this token as the selected etymon/cell; relationship intentionally unresolved.
rt-complete-2292-008	2292	74	Diplomatic field is the uncorrected held-text reading, not a newly image-authenticated glyph transcription. Exact original quantity/nasal-vowel/palatalization glyph represented by this extracted token remains unresolved; the reading is not silently corrected. Relevant paragraph co-occurrence alone does not establish this token as the selected etymon/cell; relationship intentionally unresolved.
rt-complete-2292-009	2292	74	Diplomatic field is the uncorrected held-text reading, not a newly image-authenticated glyph transcription. Local stage label in holding: PWGmc. Relevant paragraph co-occurrence alone does not establish this token as the selected etymon/cell; relationship intentionally unresolved.
rt-complete-2292-010	2292	74	Diplomatic field is the uncorrected held-text reading, not a newly image-authenticated glyph transcription. Exact original quantity/nasal-vowel/palatalization glyph represented by this extracted token remains unresolved; the reading is not silently corrected. Relevant paragraph co-occurrence alone does not establish this token as the selected etymon/cell; relationship intentionally unresolved.
rt-complete-2292-011	2292	74	Diplomatic field is the uncorrected held-text reading, not a newly image-authenticated glyph transcription. Relevant paragraph co-occurrence alone does not establish this token as the selected etymon/cell; relationship intentionally unresolved.
rt-complete-2292-012	2292	74	Diplomatic field is the uncorrected held-text reading, not a newly image-authenticated glyph transcription. Relevant paragraph co-occurrence alone does not establish this token as the selected etymon/cell; relationship intentionally unresolved.
rt-complete-2292-013	2292	74	Diplomatic field is the uncorrected held-text reading, not a newly image-authenticated glyph transcription. Relevant paragraph co-occurrence alone does not establish this token as the selected etymon/cell; relationship intentionally unresolved.
rt-complete-2292-015	2292	355	Diplomatic field is the uncorrected held-text reading, not a newly image-authenticated glyph transcription. Relevant paragraph co-occurrence alone does not establish this token as the selected etymon/cell; relationship intentionally unresolved.
rt-complete-2292-016	2292	355	Diplomatic field is the uncorrected held-text reading, not a newly image-authenticated glyph transcription. Relevant paragraph co-occurrence alone does not establish this token as the selected etymon/cell; relationship intentionally unresolved.
rt-complete-2292-018	2292	371	Diplomatic field is the uncorrected held-text reading, not a newly image-authenticated glyph transcription. Local stage label in holding: PWGmc. Relevant paragraph co-occurrence alone does not establish this token as the selected etymon/cell; relationship intentionally unresolved.
rt-complete-2292-019	2292	371	Diplomatic field is the uncorrected held-text reading, not a newly image-authenticated glyph transcription. Local stage label in holding: PGmc. Relevant paragraph co-occurrence alone does not establish this token as the selected etymon/cell; relationship intentionally unresolved.
rt-complete-2293-001	2293	52	Diplomatic field is the uncorrected held-text reading, not a newly image-authenticated glyph transcription. Local stage label in holding: PGmc. Exact original quantity/nasal-vowel/palatalization glyph represented by this extracted token remains unresolved; the reading is not silently corrected.
rt-complete-2293-003	2293	52	Literal held-text spelling; accents, dental/palatal signs and quantity may be degraded. Not newly image-certified.
rt-complete-2295-004	2295	328	Literal held-text spelling; accents, dental/palatal signs and quantity may be degraded. Not newly image-certified.
rt-complete-2299-003	2299	328	Literal held-text spelling; accents, dental/palatal signs and quantity may be degraded. Not newly image-certified.
rt-complete-2300-001	2300	32	Diplomatic field is the uncorrected held-text reading, not a newly image-authenticated glyph transcription. Exact original quantity/nasal-vowel/palatalization glyph represented by this extracted token remains unresolved; the reading is not silently corrected. Relevant paragraph co-occurrence alone does not establish this token as the selected etymon/cell; relationship intentionally unresolved. Parenthetical compared/reported unit, not automatically the row's own reconstruction.
rt-complete-2300-002	2300	32	Diplomatic field is the uncorrected held-text reading, not a newly image-authenticated glyph transcription. Local stage label in holding: PGmc. Exact original quantity/nasal-vowel/palatalization glyph represented by this extracted token remains unresolved; the reading is not silently corrected. Relevant paragraph co-occurrence alone does not establish this token as the selected etymon/cell; relationship intentionally unresolved.
rt-complete-2300-003	2300	32	Diplomatic field is the uncorrected held-text reading, not a newly image-authenticated glyph transcription. Relevant paragraph co-occurrence alone does not establish this token as the selected etymon/cell; relationship intentionally unresolved.
rt-complete-2300-004	2300	32	Diplomatic field is the uncorrected held-text reading, not a newly image-authenticated glyph transcription. Relevant paragraph co-occurrence alone does not establish this token as the selected etymon/cell; relationship intentionally unresolved.
rt-complete-2300-005	2300	32	Diplomatic field is the uncorrected held-text reading, not a newly image-authenticated glyph transcription. Exact original quantity/nasal-vowel/palatalization glyph represented by this extracted token remains unresolved; the reading is not silently corrected. Relevant paragraph co-occurrence alone does not establish this token as the selected etymon/cell; relationship intentionally unresolved.
rt-complete-2302-004	2302	202	Literal held-text spelling; accents, dental/palatal signs and quantity may be degraded. Not newly image-certified.
rt-complete-2302-008	2302	326	Literal held-text spelling; accents, dental/palatal signs and quantity may be degraded. Not newly image-certified.
rt-complete-2302-009	2302	326	Literal held-text spelling; accents, dental/palatal signs and quantity may be degraded. Not newly image-certified.
rt-complete-2302-010	2302	34	Diplomatic field is the uncorrected held-text reading, not a newly image-authenticated glyph transcription. Local stage label in holding: PIE. Exact original quantity/nasal-vowel/palatalization glyph represented by this extracted token remains unresolved; the reading is not silently corrected. Relevant paragraph co-occurrence alone does not establish this token as the selected etymon/cell; relationship intentionally unresolved.
rt-complete-2302-011	2302	34	Diplomatic field is the uncorrected held-text reading, not a newly image-authenticated glyph transcription. Relevant paragraph co-occurrence alone does not establish this token as the selected etymon/cell; relationship intentionally unresolved.
rt-complete-2302-012	2302	34	Diplomatic field is the uncorrected held-text reading, not a newly image-authenticated glyph transcription. Local stage label in holding: PGme. Relevant paragraph co-occurrence alone does not establish this token as the selected etymon/cell; relationship intentionally unresolved.
rt-complete-2302-013	2302	34	Diplomatic field is the uncorrected held-text reading, not a newly image-authenticated glyph transcription. Relevant paragraph co-occurrence alone does not establish this token as the selected etymon/cell; relationship intentionally unresolved. Parenthetical compared/reported unit, not automatically the row's own reconstruction.
rt-complete-2303-002	2303	223	Literal held-text spelling; accents, dental/palatal signs and quantity may be degraded. Not newly image-certified.
rt-complete-2305-004	2305	205	Literal held-text spelling; accents, dental/palatal signs and quantity may be degraded. Not newly image-certified.
rt-complete-2306-001	2306	12	Diplomatic field is the uncorrected held-text reading, not a newly image-authenticated glyph transcription. Local stage label in holding: PGmce. Exact original quantity/nasal-vowel/palatalization glyph represented by this extracted token remains unresolved; the reading is not silently corrected.
rt-complete-2306-003	2306	12	Literal held-text spelling; accents, dental/palatal signs and quantity may be degraded. Not newly image-certified.
rt-complete-2306-004	2306	150	Diplomatic field is the uncorrected held-text reading, not a newly image-authenticated glyph transcription. Local stage label in holding: PGmc. Exact original quantity/nasal-vowel/palatalization glyph represented by this extracted token remains unresolved; the reading is not silently corrected.
rt-complete-2306-009	2306	216	Diplomatic field is the uncorrected held-text reading, not a newly image-authenticated glyph transcription. Local stage label in holding: PGmce. Exact original quantity/nasal-vowel/palatalization glyph represented by this extracted token remains unresolved; the reading is not silently corrected.
rt-complete-2307-002	2307	27	Literal held-text spelling; accents, dental/palatal signs and quantity may be degraded. Not newly image-certified.
rt-complete-2308-003	2308	141	Literal held-text spelling; accents, dental/palatal signs and quantity may be degraded. Not newly image-certified.
rt-complete-2309-001	2309	228	Diplomatic field is the uncorrected held-text reading, not a newly image-authenticated glyph transcription. Local stage label in holding: PWGmc. Exact original quantity/nasal-vowel/palatalization glyph represented by this extracted token remains unresolved; the reading is not silently corrected.
rt-complete-2310-001	2310	228	Diplomatic field is the uncorrected held-text reading, not a newly image-authenticated glyph transcription. Local stage label in holding: PWGmc. Exact original quantity/nasal-vowel/palatalization glyph represented by this extracted token remains unresolved; the reading is not silently corrected.
rt-complete-2313-001	2313	38	Diplomatic field is the uncorrected held-text reading, not a newly image-authenticated glyph transcription. Local stage label in holding: PGme. Exact original quantity/nasal-vowel/palatalization glyph represented by this extracted token remains unresolved; the reading is not silently corrected. Relevant paragraph co-occurrence alone does not establish this token as the selected etymon/cell; relationship intentionally unresolved.
rt-complete-2313-002	2313	38	Diplomatic field is the uncorrected held-text reading, not a newly image-authenticated glyph transcription. Local stage label in holding: PGme. Relevant paragraph co-occurrence alone does not establish this token as the selected etymon/cell; relationship intentionally unresolved.
rt-complete-2313-003	2313	38	Diplomatic field is the uncorrected held-text reading, not a newly image-authenticated glyph transcription. Exact original quantity/nasal-vowel/palatalization glyph represented by this extracted token remains unresolved; the reading is not silently corrected. Relevant paragraph co-occurrence alone does not establish this token as the selected etymon/cell; relationship intentionally unresolved.
rt-complete-2313-005	2313	84	Diplomatic field is the uncorrected held-text reading, not a newly image-authenticated glyph transcription. Exact original quantity/nasal-vowel/palatalization glyph represented by this extracted token remains unresolved; the reading is not silently corrected. Parenthetical compared/reported unit, not automatically the row's own reconstruction.
rt-complete-2313-007	2313	84	Literal held-text spelling; accents, dental/palatal signs and quantity may be degraded. Not newly image-certified.
rt-complete-2313-010	2313	95	Diplomatic field is the uncorrected held-text reading, not a newly image-authenticated glyph transcription. Exact original quantity/nasal-vowel/palatalization glyph represented by this extracted token remains unresolved; the reading is not silently corrected. Parenthetical compared/reported unit, not automatically the row's own reconstruction.
rt-complete-2313-011	2313	95	Literal held-text spelling; accents, dental/palatal signs and quantity may be degraded. Not newly image-certified.
rt-complete-2313-012	2313	183	Diplomatic field is the uncorrected held-text reading, not a newly image-authenticated glyph transcription. Local stage label in holding: PGmc. Exact original quantity/nasal-vowel/palatalization glyph represented by this extracted token remains unresolved; the reading is not silently corrected.
rt-complete-2313-013	2313	183	Diplomatic field is the uncorrected held-text reading, not a newly image-authenticated glyph transcription. Exact original quantity/nasal-vowel/palatalization glyph represented by this extracted token remains unresolved; the reading is not silently corrected. Parenthetical compared/reported unit, not automatically the row's own reconstruction.
rt-complete-2313-014	2313	183	Diplomatic field is the uncorrected held-text reading, not a newly image-authenticated glyph transcription. Local stage label in holding: PWGmc. Exact original quantity/nasal-vowel/palatalization glyph represented by this extracted token remains unresolved; the reading is not silently corrected.
rt-complete-2313-016	2313	183	Literal held-text spelling; accents, dental/palatal signs and quantity may be degraded. Not newly image-certified.
rt-complete-2314-001	2314	38	Diplomatic field is the uncorrected held-text reading, not a newly image-authenticated glyph transcription. Local stage label in holding: PGme. Exact original quantity/nasal-vowel/palatalization glyph represented by this extracted token remains unresolved; the reading is not silently corrected. Relevant paragraph co-occurrence alone does not establish this token as the selected etymon/cell; relationship intentionally unresolved.
rt-complete-2314-002	2314	38	Diplomatic field is the uncorrected held-text reading, not a newly image-authenticated glyph transcription. Local stage label in holding: PGme. Relevant paragraph co-occurrence alone does not establish this token as the selected etymon/cell; relationship intentionally unresolved.
rt-complete-2314-003	2314	38	Diplomatic field is the uncorrected held-text reading, not a newly image-authenticated glyph transcription. Exact original quantity/nasal-vowel/palatalization glyph represented by this extracted token remains unresolved; the reading is not silently corrected. Relevant paragraph co-occurrence alone does not establish this token as the selected etymon/cell; relationship intentionally unresolved.
rt-complete-2314-005	2314	84	Diplomatic field is the uncorrected held-text reading, not a newly image-authenticated glyph transcription. Exact original quantity/nasal-vowel/palatalization glyph represented by this extracted token remains unresolved; the reading is not silently corrected. Parenthetical compared/reported unit, not automatically the row's own reconstruction.
rt-complete-2314-007	2314	84	Literal held-text spelling; accents, dental/palatal signs and quantity may be degraded. Not newly image-certified.
rt-complete-2314-010	2314	95	Diplomatic field is the uncorrected held-text reading, not a newly image-authenticated glyph transcription. Exact original quantity/nasal-vowel/palatalization glyph represented by this extracted token remains unresolved; the reading is not silently corrected. Parenthetical compared/reported unit, not automatically the row's own reconstruction.
rt-complete-2314-011	2314	95	Literal held-text spelling; accents, dental/palatal signs and quantity may be degraded. Not newly image-certified.
rt-complete-2314-012	2314	183	Diplomatic field is the uncorrected held-text reading, not a newly image-authenticated glyph transcription. Local stage label in holding: PGmc. Exact original quantity/nasal-vowel/palatalization glyph represented by this extracted token remains unresolved; the reading is not silently corrected.
rt-complete-2314-013	2314	183	Diplomatic field is the uncorrected held-text reading, not a newly image-authenticated glyph transcription. Exact original quantity/nasal-vowel/palatalization glyph represented by this extracted token remains unresolved; the reading is not silently corrected. Parenthetical compared/reported unit, not automatically the row's own reconstruction.
rt-complete-2314-014	2314	183	Diplomatic field is the uncorrected held-text reading, not a newly image-authenticated glyph transcription. Local stage label in holding: PWGmc. Exact original quantity/nasal-vowel/palatalization glyph represented by this extracted token remains unresolved; the reading is not silently corrected.
rt-complete-2314-016	2314	183	Literal held-text spelling; accents, dental/palatal signs and quantity may be degraded. Not newly image-certified.
rt-complete-2315-001	2315	35	Diplomatic field is the uncorrected held-text reading, not a newly image-authenticated glyph transcription. Local stage label in holding: PWGme. Exact original quantity/nasal-vowel/palatalization glyph represented by this extracted token remains unresolved; the reading is not silently corrected.
rt-complete-2315-002	2315	35	Literal held-text spelling; accents, dental/palatal signs and quantity may be degraded. Not newly image-certified.
rt-complete-2316-001	2316	35	Diplomatic field is the uncorrected held-text reading, not a newly image-authenticated glyph transcription. Local stage label in holding: PWGme. Exact original quantity/nasal-vowel/palatalization glyph represented by this extracted token remains unresolved; the reading is not silently corrected.
rt-complete-2316-002	2316	35	Literal held-text spelling; accents, dental/palatal signs and quantity may be degraded. Not newly image-certified.
rt-complete-2322-005	2322	391	Diplomatic field is the uncorrected held-text reading, not a newly image-authenticated glyph transcription. Relevant paragraph co-occurrence alone does not establish this token as the selected etymon/cell; relationship intentionally unresolved.
rt-complete-2322-006	2322	391	Diplomatic field is the uncorrected held-text reading, not a newly image-authenticated glyph transcription. Relevant paragraph co-occurrence alone does not establish this token as the selected etymon/cell; relationship intentionally unresolved.
rt-complete-2326-005	2326	41	Literal held-text spelling; accents, dental/palatal signs and quantity may be degraded. Not newly image-certified.
rt-complete-2326-006	2326	391	Diplomatic field is the uncorrected held-text reading, not a newly image-authenticated glyph transcription. Relevant paragraph co-occurrence alone does not establish this token as the selected etymon/cell; relationship intentionally unresolved.
rt-complete-2326-007	2326	391	Diplomatic field is the uncorrected held-text reading, not a newly image-authenticated glyph transcription. Relevant paragraph co-occurrence alone does not establish this token as the selected etymon/cell; relationship intentionally unresolved.
rt-complete-2326-008	2326	391	Diplomatic field is the uncorrected held-text reading, not a newly image-authenticated glyph transcription. Relevant paragraph co-occurrence alone does not establish this token as the selected etymon/cell; relationship intentionally unresolved.
rt-complete-2328-001	2328	12	Diplomatic field is the uncorrected held-text reading, not a newly image-authenticated glyph transcription. Local stage label in holding: PGmc. Exact original quantity/nasal-vowel/palatalization glyph represented by this extracted token remains unresolved; the reading is not silently corrected.
rt-complete-2328-002	2328	12	Diplomatic field is the uncorrected held-text reading, not a newly image-authenticated glyph transcription. Local stage label in holding: PNWGmc. Exact original quantity/nasal-vowel/palatalization glyph represented by this extracted token remains unresolved; the reading is not silently corrected.
rt-complete-2329-001	2329	150	Diplomatic field is the uncorrected held-text reading, not a newly image-authenticated glyph transcription. Local stage label in holding: PGmc. Exact original quantity/nasal-vowel/palatalization glyph represented by this extracted token remains unresolved; the reading is not silently corrected.
rt-complete-2329-004	2329	150	Diplomatic field is the uncorrected held-text reading, not a newly image-authenticated glyph transcription. Exact original quantity/nasal-vowel/palatalization glyph represented by this extracted token remains unresolved; the reading is not silently corrected.
rt-complete-2329-005	2329	150	Literal held-text spelling; accents, dental/palatal signs and quantity may be degraded. Not newly image-certified.
rt-complete-2330-001	2330	72	Diplomatic field is the uncorrected held-text reading, not a newly image-authenticated glyph transcription. Relevant paragraph co-occurrence alone does not establish this token as the selected etymon/cell; relationship intentionally unresolved.
rt-complete-2330-002	2330	72	Diplomatic field is the uncorrected held-text reading, not a newly image-authenticated glyph transcription. Exact original quantity/nasal-vowel/palatalization glyph represented by this extracted token remains unresolved; the reading is not silently corrected. Relevant paragraph co-occurrence alone does not establish this token as the selected etymon/cell; relationship intentionally unresolved.
rt-complete-2330-003	2330	72	Diplomatic field is the uncorrected held-text reading, not a newly image-authenticated glyph transcription. Exact original quantity/nasal-vowel/palatalization glyph represented by this extracted token remains unresolved; the reading is not silently corrected. Relevant paragraph co-occurrence alone does not establish this token as the selected etymon/cell; relationship intentionally unresolved.
rt-complete-2330-004	2330	72	Diplomatic field is the uncorrected held-text reading, not a newly image-authenticated glyph transcription. Exact original quantity/nasal-vowel/palatalization glyph represented by this extracted token remains unresolved; the reading is not silently corrected. Relevant paragraph co-occurrence alone does not establish this token as the selected etymon/cell; relationship intentionally unresolved.
rt-complete-2330-005	2330	72	Diplomatic field is the uncorrected held-text reading, not a newly image-authenticated glyph transcription. Exact original quantity/nasal-vowel/palatalization glyph represented by this extracted token remains unresolved; the reading is not silently corrected. Relevant paragraph co-occurrence alone does not establish this token as the selected etymon/cell; relationship intentionally unresolved.
rt-complete-2330-006	2330	72	Diplomatic field is the uncorrected held-text reading, not a newly image-authenticated glyph transcription. Exact original quantity/nasal-vowel/palatalization glyph represented by this extracted token remains unresolved; the reading is not silently corrected. Relevant paragraph co-occurrence alone does not establish this token as the selected etymon/cell; relationship intentionally unresolved.
rt-complete-2330-007	2330	72	Diplomatic field is the uncorrected held-text reading, not a newly image-authenticated glyph transcription. Relevant paragraph co-occurrence alone does not establish this token as the selected etymon/cell; relationship intentionally unresolved.
rt-complete-2330-008	2330	142	Diplomatic field is the uncorrected held-text reading, not a newly image-authenticated glyph transcription. Local stage label in holding: PGmc. Exact original quantity/nasal-vowel/palatalization glyph represented by this extracted token remains unresolved; the reading is not silently corrected.
rt-complete-2330-009	2330	142	Diplomatic field is the uncorrected held-text reading, not a newly image-authenticated glyph transcription. Exact original quantity/nasal-vowel/palatalization glyph represented by this extracted token remains unresolved; the reading is not silently corrected. Parenthetical compared/reported unit, not automatically the row's own reconstruction.
rt-complete-2330-010	2330	142	Literal held-text spelling; accents, dental/palatal signs and quantity may be degraded. Not newly image-certified.
rt-complete-2332-003	2332	250	Diplomatic field is the uncorrected held-text reading, not a newly image-authenticated glyph transcription. Local stage label in holding: PWGmc. Exact original quantity/nasal-vowel/palatalization glyph represented by this extracted token remains unresolved; the reading is not silently corrected.
rt-complete-2332-006	2332	250	Diplomatic field is the uncorrected held-text reading, not a newly image-authenticated glyph transcription. Exact original quantity/nasal-vowel/palatalization glyph represented by this extracted token remains unresolved; the reading is not silently corrected.
rt-complete-2332-010	2332	250	Literal held-text spelling; accents, dental/palatal signs and quantity may be degraded. Not newly image-certified.
rt-complete-2332-011	2332	250	Literal held-text spelling; accents, dental/palatal signs and quantity may be degraded. Not newly image-certified.
rt-complete-2006-008	2006	115	Bare table display retained; the -6 alternative is an unresolved native-text quantity glyph, not silently emended.
rt-complete-2006-009	2006	115	Bare table display retained; the -6 alternative is an unresolved native-text quantity glyph, not silently emended.
rt-complete-2006-010	2006	115	Bare table display retained; the -6 alternative is an unresolved native-text quantity glyph, not silently emended.
rt-complete-2006-011	2006	115	Bare table display retained; the -6 alternative is an unresolved native-text quantity glyph, not silently emended.
rt-complete-2006-012	2006	115	Bare table display retained; the -6 alternative is an unresolved native-text quantity glyph, not silently emended.
rt-complete-2140-015	2140	117	Source table suppresses stars; alternative acc.pl. ending glyph remains locally unresolved.
rt-complete-2140-016	2140	117	Source table suppresses stars; alternative acc.pl. ending glyph remains locally unresolved.
rt-complete-2140-017	2140	117	Source table suppresses stars; alternative acc.pl. ending glyph remains locally unresolved.
rt-complete-2140-018	2140	117	Source table suppresses stars; alternative acc.pl. ending glyph remains locally unresolved.
rt-complete-2140-019	2140	117	Source table suppresses stars; alternative acc.pl. ending glyph remains locally unresolved.
rt-complete-2140-020	2140	117	Source table suppresses stars; alternative acc.pl. ending glyph remains locally unresolved.
rt-complete-2140-021	2140	117	Source table suppresses stars; alternative acc.pl. ending glyph remains locally unresolved.
rt-complete-2140-022	2140	117	Source table suppresses stars; alternative acc.pl. ending glyph remains locally unresolved.
rt-complete-2254-003	2254	121	Bare native table transcription, not image-authenticated: p/b versus thorn and priG)u's internal glyph remain unresolved. No automatic normalization.
rt-complete-2254-004	2254	121	Bare native table transcription, not image-authenticated: p/b versus thorn and priG)u's internal glyph remain unresolved. No automatic normalization.
rt-complete-2254-005	2254	121	Bare native table transcription, not image-authenticated: p/b versus thorn and priG)u's internal glyph remain unresolved. No automatic normalization.
rt-complete-2254-006	2254	121	Bare native table transcription, not image-authenticated: p/b versus thorn and priG)u's internal glyph remain unresolved. No automatic normalization.
rt-complete-2254-007	2254	121	Bare native table transcription, not image-authenticated: p/b versus thorn and priG)u's internal glyph remain unresolved. No automatic normalization.
rt-complete-2254-008	2254	121	Bare native table transcription, not image-authenticated: p/b versus thorn and priG)u's internal glyph remain unresolved. No automatic normalization.
rt-complete-2028-001	2028	342	Quantity/letter shapes remain literal native-text readings, not emended original glyphs. Preserved overlapping-extractor verification/representation caution: Native-text diplomatic reading, not a repaired original glyph. Quantity/dental/palatal signs may be degraded; full word and cell/dialect distinctions retained.
rt-complete-2028-002	2028	342	Quantity/letter shapes remain literal native-text readings, not emended original glyphs. Preserved overlapping-extractor verification/representation caution: Native-text diplomatic reading, not a repaired original glyph. Quantity/dental/palatal signs may be degraded; full word and cell/dialect distinctions retained.
rt-complete-2028-003	2028	342	Quantity/letter shapes remain literal native-text readings, not emended original glyphs. Preserved overlapping-extractor verification/representation caution: Native-text diplomatic reading, not a repaired original glyph. Quantity/dental/palatal signs may be degraded; full word and cell/dialect distinctions retained.
rt-complete-2028-004	2028	342	Quantity/letter shapes remain literal native-text readings, not emended original glyphs. Preserved overlapping-extractor verification/representation caution: Native-text diplomatic reading, not a repaired original glyph. Quantity/dental/palatal signs may be degraded; full word and cell/dialect distinctions retained.
rt-complete-1992-002	1992	385	Native-text diplomatic reading, not a repaired original glyph. Quantity/dental/palatal signs may be degraded; full word and cell/dialect distinctions retained.
rt-complete-2092-016	2092	343	Native-text diplomatic reading, not a repaired original glyph. Quantity/dental/palatal signs may be degraded; full word and cell/dialect distinctions retained.
rt-complete-2092-017	2092	343	Native-text diplomatic reading, not a repaired original glyph. Quantity/dental/palatal signs may be degraded; full word and cell/dialect distinctions retained.
rt-complete-2092-018	2092	343	Native-text diplomatic reading, not a repaired original glyph. Quantity/dental/palatal signs may be degraded; full word and cell/dialect distinctions retained.
rt-complete-2092-019	2092	343	Native-text diplomatic reading, not a repaired original glyph. Quantity/dental/palatal signs may be degraded; full word and cell/dialect distinctions retained.
rt-complete-2173-005	2173	238	Native-text diplomatic reading, not a repaired original glyph. Quantity/dental/palatal signs may be degraded; full word and cell/dialect distinctions retained.
rt-complete-2173-006	2173	351	Native-text diplomatic reading, not a repaired original glyph. Quantity/dental/palatal signs may be degraded; full word and cell/dialect distinctions retained.
rt-complete-2173-007	2173	351	Native-text diplomatic reading, not a repaired original glyph. Quantity/dental/palatal signs may be degraded; full word and cell/dialect distinctions retained.
rt-complete-2173-008	2173	351	Native-text diplomatic reading, not a repaired original glyph. Quantity/dental/palatal signs may be degraded; full word and cell/dialect distinctions retained.
rt-complete-2173-009	2173	351	Native-text diplomatic reading, not a repaired original glyph. Quantity/dental/palatal signs may be degraded; full word and cell/dialect distinctions retained.
rt-complete-2173-010	2173	351	Native-text diplomatic reading, not a repaired original glyph. Quantity/dental/palatal signs may be degraded; full word and cell/dialect distinctions retained.
rt-complete-2173-011	2173	351	Native-text diplomatic reading, not a repaired original glyph. Quantity/dental/palatal signs may be degraded; full word and cell/dialect distinctions retained.
rt-complete-2173-012	2173	351	Native-text diplomatic reading, not a repaired original glyph. Quantity/dental/palatal signs may be degraded; full word and cell/dialect distinctions retained.
rt-complete-2173-013	2173	358	Native-text diplomatic reading, not a repaired original glyph. Quantity/dental/palatal signs may be degraded; full word and cell/dialect distinctions retained.
rt-complete-2173-014	2173	358	Native-text diplomatic reading, not a repaired original glyph. Quantity/dental/palatal signs may be degraded; full word and cell/dialect distinctions retained.
rt-complete-2173-015	2173	358	Native-text diplomatic reading, not a repaired original glyph. Quantity/dental/palatal signs may be degraded; full word and cell/dialect distinctions retained.
rt-complete-2173-016	2173	358	Native-text diplomatic reading, not a repaired original glyph. Quantity/dental/palatal signs may be degraded; full word and cell/dialect distinctions retained.
rt-complete-2173-017	2173	358	Native-text diplomatic reading, not a repaired original glyph. Quantity/dental/palatal signs may be degraded; full word and cell/dialect distinctions retained.
rt-complete-2173-018	2173	358	Native-text diplomatic reading, not a repaired original glyph. Quantity/dental/palatal signs may be degraded; full word and cell/dialect distinctions retained.
rt-complete-2173-019	2173	358	Native-text diplomatic reading, not a repaired original glyph. Quantity/dental/palatal signs may be degraded; full word and cell/dialect distinctions retained.
rt-complete-2173-020	2173	358	Native-text diplomatic reading, not a repaired original glyph. Quantity/dental/palatal signs may be degraded; full word and cell/dialect distinctions retained.
rt-complete-2173-021	2173	358	Native-text diplomatic reading, not a repaired original glyph. Quantity/dental/palatal signs may be degraded; full word and cell/dialect distinctions retained.
rt-complete-1948-005	1948	351	Native-text diplomatic reading, not a repaired original glyph. Quantity/dental/palatal signs may be degraded; full word and cell/dialect distinctions retained.
rt-complete-1948-006	1948	351	Native-text diplomatic reading, not a repaired original glyph. Quantity/dental/palatal signs may be degraded; full word and cell/dialect distinctions retained.
rt-complete-1948-007	1948	351	Native-text diplomatic reading, not a repaired original glyph. Quantity/dental/palatal signs may be degraded; full word and cell/dialect distinctions retained.
rt-complete-1948-008	1948	351	Native-text diplomatic reading, not a repaired original glyph. Quantity/dental/palatal signs may be degraded; full word and cell/dialect distinctions retained.
rt-complete-1948-009	1948	351	Native-text diplomatic reading, not a repaired original glyph. Quantity/dental/palatal signs may be degraded; full word and cell/dialect distinctions retained.
rt-complete-1948-010	1948	351	Native-text diplomatic reading, not a repaired original glyph. Quantity/dental/palatal signs may be degraded; full word and cell/dialect distinctions retained.
rt-complete-2205-016	2205	219	Native-text diplomatic reading, not a repaired original glyph. Quantity/dental/palatal signs may be degraded; full word and cell/dialect distinctions retained.
rt-complete-2205-017	2205	219	Native-text diplomatic reading, not a repaired original glyph. Quantity/dental/palatal signs may be degraded; full word and cell/dialect distinctions retained.
rt-complete-2248-004	2248	4	Native-text diplomatic reading, not a repaired original glyph. Quantity/dental/palatal signs may be degraded; full word and cell/dialect distinctions retained.
rt-complete-2248-005	2248	4	Native-text diplomatic reading, not a repaired original glyph. Quantity/dental/palatal signs may be degraded; full word and cell/dialect distinctions retained.
rt-complete-2254-009	2254	121	Native-text diplomatic reading, not a repaired original glyph. Quantity/dental/palatal signs may be degraded; full word and cell/dialect distinctions retained.
rt-complete-2272-003	2272	233	Native-text diplomatic reading, not a repaired original glyph. Quantity/dental/palatal signs may be degraded; full word and cell/dialect distinctions retained.
rt-complete-2272-004	2272	233	Native-text diplomatic reading, not a repaired original glyph. Quantity/dental/palatal signs may be degraded; full word and cell/dialect distinctions retained.
