passage_id	row_id	printed_pages	sheet	identity_anchor	held_passage_sha256	relevance_summary	evidence_ids	page_level_evidence_ids	holding_limit
rt-passage-1934-126-10-1	1934	126	141	bacan	ec4524ad7b5c964ce838777c3497ae77efafd9acd68834d42f3d788b054852d4	Identity anchored in a named lexical example/cell.	rt-complete-1934-001;rt-complete-1934-003	rt-complete-1934-001;rt-complete-1934-003	Native text inspection; original typography not newly certified. Consult original holding at sheet/printed-page/anchor, not a reproduced paragraph.
rt-passage-1934-233-9-1	1934	233	248	bacan	7c76db66845b1ea985dc38eebd63d5b9088883f2aa8f7956c2e3d87d7078a673	Identity anchored in a named lexical example/cell.	rt-complete-1934-004;rt-complete-1934-005;rt-complete-1934-006;rt-complete-1934-007;rt-complete-1934-008;rt-complete-1934-010	rt-complete-1934-004;rt-complete-1934-005;rt-complete-1934-006;rt-complete-1934-007;rt-complete-1934-008;rt-complete-1934-010	Native text inspection; original typography not newly certified. Consult original holding at sheet/printed-page/anchor, not a reproduced paragraph.
rt-passage-1936-126-11-1	1936	126	141	bannan	5e5b3fed00b3cac9014320f5bf850a4b765c66685cd622fc569842f235ac8444	Verbal proclaim/summon family; not the selected noun genitive.	rt-complete-1936-001;rt-complete-1936-003	rt-complete-1936-001;rt-complete-1936-003	Native text inspection; original typography not newly certified. Consult original holding at sheet/printed-page/anchor, not a reproduced paragraph.
rt-passage-1936-348-28-1	1936	348	363	bannan	8097988c93c88877cb64cec54d8cccf8b24fe1ec04087d41c48716b7c013cab0	Verbal proclaim/summon family; not the selected noun genitive.	rt-complete-1936-004	rt-complete-1936-004	Native text inspection; original typography not newly certified. Consult original holding at sheet/printed-page/anchor, not a reproduced paragraph.
rt-passage-1937-182-7-1	1937	182	197	berga-	620994730f43324eda18c810f15443f01718d1e794c69e924b5a769ec6cb05e6	Identity anchored in a named lexical example/cell.	rt-complete-1937-001;rt-complete-1937-002;rt-complete-1937-003	rt-complete-1937-001;rt-complete-1937-002;rt-complete-1937-003	Native text inspection; original typography not newly certified. Consult original holding at sheet/printed-page/anchor, not a reproduced paragraph.
rt-passage-1937-313-7-1	1937	313	328	berga-	39fda62d327848d7f8e3b5301e6b99a6acf9bfe3d14b3ee32bd83d7560273f51	Identity anchored in a named lexical example/cell.	rt-complete-1937-004;rt-complete-1937-005;rt-complete-1937-006;rt-complete-1937-007	rt-complete-1937-004;rt-complete-1937-005;rt-complete-1937-006;rt-complete-1937-007	Native text inspection; original typography not newly certified. Consult original holding at sheet/printed-page/anchor, not a reproduced paragraph.
rt-passage-1939-194-4-1	1939	194	209	bath	7bde8a1dcafe9ef7779622cb42fd5f48f0f408147b6cc4cedbea03825a6e2af8	Identity anchored in a named lexical example/cell.	rt-complete-1939-001;rt-complete-1939-002;rt-complete-1939-003;rt-complete-1939-004;rt-complete-1939-005;rt-complete-1939-006;rt-complete-1939-007	rt-complete-1939-001;rt-complete-1939-002;rt-complete-1939-003;rt-complete-1939-004;rt-complete-1939-005;rt-complete-1939-006;rt-complete-1939-007;rt-complete-1939-008	Native text inspection; original typography not newly certified. Consult original holding at sheet/printed-page/anchor, not a reproduced paragraph.
rt-passage-1940-180-11-1	1940	180	195	beard	18527a70b3f07f4b05f121cc8b8e240f78b9f3ddf0129394db3b06e89e16a015	Identity anchored in a named lexical example/cell.	rt-complete-1940-001;rt-complete-1940-002;rt-complete-1940-003;rt-complete-1940-004	rt-complete-1940-001;rt-complete-1940-002;rt-complete-1940-003;rt-complete-1940-004;rt-complete-1940-005	Native text inspection; original typography not newly certified. Consult original holding at sheet/printed-page/anchor, not a reproduced paragraph.
rt-passage-1944-245-16-1	1944	245	260	galaubijana	f3f373675b58ace9b35f2b15d21f087397e67cf81787a044e59ba4b216796c6d	Identity anchored in a named lexical example/cell.	rt-complete-1944-001;rt-complete-1944-002;rt-complete-1944-003;rt-complete-1944-004;rt-complete-1944-005;rt-complete-1944-006	rt-complete-1944-001;rt-complete-1944-002;rt-complete-1944-003;rt-complete-1944-004;rt-complete-1944-005;rt-complete-1944-006	Native text inspection; original typography not newly certified. Consult original holding at sheet/printed-page/anchor, not a reproduced paragraph.
rt-passage-1945-208-7-1	1945	208	223	balgiz	45eade59aa6930a2d973a4527acaf4d876823ee0c2031714aeb395793bb2769a	Identity anchored in a named lexical example/cell.	rt-complete-1945-001;rt-complete-1945-002;rt-complete-1945-003	rt-complete-1945-001;rt-complete-1945-002;rt-complete-1945-003	Native text inspection; original typography not newly certified. Consult original holding at sheet/printed-page/anchor, not a reproduced paragraph.
rt-passage-1945-231-6-1	1945	231	246	balgiz	13ad703fe2b7dd4ecafff6579e0254a1f2accb97498114ba6c0f7c58abf85899	Identity anchored in a named lexical example/cell.	rt-complete-1945-004;rt-complete-1945-005;rt-complete-1945-006;rt-complete-1945-007;rt-complete-1945-008	rt-complete-1945-004;rt-complete-1945-005;rt-complete-1945-006;rt-complete-1945-007;rt-complete-1945-008	Native text inspection; original typography not newly certified. Consult original holding at sheet/printed-page/anchor, not a reproduced paragraph.
rt-passage-1945-243-8-1	1945	243	258	balgiz	c8a3aa03be9377ec26ab41dfc6eee2341a459d4f3f3b61c6112117fff1dac4a9	Identity anchored in a named lexical example/cell.	rt-complete-1945-009;rt-complete-1945-010;rt-complete-1945-011;rt-complete-1945-012;rt-complete-1945-013	rt-complete-1945-009;rt-complete-1945-010;rt-complete-1945-011;rt-complete-1945-012;rt-complete-1945-013	Native text inspection; original typography not newly certified. Consult original holding at sheet/printed-page/anchor, not a reproduced paragraph.
rt-passage-1945-287-5-1	1945	287	302	balgiz	f84d3f76fe5837f8288a5edb4f84521323cd65d9090615c04529710fdcfd73d9	Identity anchored in a named lexical example/cell.	rt-complete-1945-014;rt-complete-1945-015;rt-complete-1945-016;rt-complete-1945-017;rt-complete-1945-018;rt-complete-1945-019;rt-complete-1945-020;rt-complete-1945-021;rt-complete-1945-022;rt-complete-1945-023	rt-complete-1945-014;rt-complete-1945-015;rt-complete-1945-016;rt-complete-1945-017;rt-complete-1945-018;rt-complete-1945-019;rt-complete-1945-020;rt-complete-1945-021;rt-complete-1945-022;rt-complete-1945-023	Native text inspection; original typography not newly certified. Consult original holding at sheet/printed-page/anchor, not a reproduced paragraph.
rt-passage-1947-350-6-1	1947	350	365	béodan	4fbd44fcb9fb652a846f03e5863c1e538bb89c913cb2fffcdd06dcefcb22077b	Offer/command béodan, never ask biddan (1948).	rt-complete-1947-001	rt-complete-1947-001;rt-complete-1947-002	Native text inspection; original typography not newly certified. Consult original holding at sheet/printed-page/anchor, not a reproduced paragraph.
rt-passage-1948-51-8-1	1948	51	66	bidjana	fce153482e4cb9d68a053991aa0d6206106a24f361c3de136638f43ddb9cd497	Ask biddan, never offer/command béodan (1947).	rt-complete-1948-001;rt-complete-1948-002;rt-complete-1948-003;rt-complete-1948-004	rt-complete-1948-001;rt-complete-1948-002;rt-complete-1948-003;rt-complete-1948-004;rt-complete-1948-011	Native text inspection; original typography not newly certified. Consult original holding at sheet/printed-page/anchor, not a reproduced paragraph.
rt-passage-1948-351-18-1	1948	351	366	biddan	8a2afb8c1e848b6e01818989d3caba2a8a12d3c5dbf4caadc38511138baf42c3	Ask biddan, never offer/command béodan (1947).		rt-complete-1948-005;rt-complete-1948-006;rt-complete-1948-007;rt-complete-1948-008;rt-complete-1948-009;rt-complete-1948-010	Native text inspection; original typography not newly certified. Consult original holding at sheet/printed-page/anchor, not a reproduced paragraph.
rt-passage-1950-153-10-1	1950	153	168	bind	008e48caa2e9803fdbd511f95a565f331d260365e2e03ef8e6a3e55344cd0ec6	Identity anchored in a named lexical example/cell.	rt-complete-1950-001;rt-complete-1950-002;rt-complete-1950-003;rt-complete-1950-004	rt-complete-1950-001;rt-complete-1950-002;rt-complete-1950-003;rt-complete-1950-004;rt-complete-1950-005;rt-complete-1950-006;rt-complete-1950-007;rt-complete-1950-008;rt-complete-1950-009;rt-complete-1950-010	Native text inspection; original typography not newly certified. Consult original holding at sheet/printed-page/anchor, not a reproduced paragraph.
rt-passage-1950-153-11-1	1950	153	168	bind	a0e49cfc52683acd85bdfad1cbb819cda9a6a73cb4cd109c7e5b45942791bd4c	Identity anchored in a named lexical example/cell.	rt-complete-1950-005;rt-complete-1950-006;rt-complete-1950-007;rt-complete-1950-008;rt-complete-1950-009	rt-complete-1950-001;rt-complete-1950-002;rt-complete-1950-003;rt-complete-1950-004;rt-complete-1950-005;rt-complete-1950-006;rt-complete-1950-007;rt-complete-1950-008;rt-complete-1950-009;rt-complete-1950-010	Native text inspection; original typography not newly certified. Consult original holding at sheet/printed-page/anchor, not a reproduced paragraph.
rt-passage-1951-271-14-1	1951	271	286	buridé	e2814804616489097094409be412a4f736e14f41aa3c8f9290de1b76a1ac5d98	Begotten verbal cell is family evidence, not a birth-noun citation.	rt-complete-1951-001;rt-complete-1951-002	rt-complete-1951-001;rt-complete-1951-002;rt-complete-1951-003	Native text inspection; original typography not newly certified. Consult original holding at sheet/printed-page/anchor, not a reproduced paragraph.
rt-passage-1952-299-11-1	1952	299	314	blode	cc83c7617d654054b1d2f70a425335ca6782b0b978dd69cec74b7aa597cf15c2	Identity anchored in a named lexical example/cell.	rt-complete-1952-001;rt-complete-1952-002;rt-complete-1952-003;rt-complete-1952-004;rt-complete-1952-005;rt-complete-1952-006;rt-complete-1952-007;rt-complete-1952-008;rt-complete-1952-009;rt-complete-1952-010;rt-complete-1952-011	rt-complete-1952-001;rt-complete-1952-002;rt-complete-1952-003;rt-complete-1952-004;rt-complete-1952-005;rt-complete-1952-006;rt-complete-1952-007;rt-complete-1952-008;rt-complete-1952-009;rt-complete-1952-010;rt-complete-1952-011	Native text inspection; original typography not newly certified. Consult original holding at sheet/printed-page/anchor, not a reproduced paragraph.
rt-passage-1955-138-3-1	1955	138	153	bokari	0421ffae94edd125c79a6c57e10784761f331755f3290bf765cd6af2c1aa8364	Book plural and scribe derivative are separate cells/formations; no beech-tree identity is inferred.	rt-complete-1955-001;rt-complete-1955-002;rt-complete-1955-003;rt-complete-1955-004	rt-complete-1955-001;rt-complete-1955-002;rt-complete-1955-003;rt-complete-1955-004	Native text inspection; original typography not newly certified. Consult original holding at sheet/printed-page/anchor, not a reproduced paragraph.
rt-passage-1955-208-17-1	1955	208	223	bokiz	a78a2ea7a3e8fb85895d7cfcd62b31d98b261017f477964bbe91dbf888059fdf	Book plural and scribe derivative are separate cells/formations; no beech-tree identity is inferred.	rt-complete-1955-005;rt-complete-1955-006	rt-complete-1955-005;rt-complete-1955-006	Native text inspection; original typography not newly certified. Consult original holding at sheet/printed-page/anchor, not a reproduced paragraph.
rt-passage-1955-227-14-1	1955	227	242	bokiz	aa339e068d714a06d96dcf93ac8fe487639f803db3a9d70342122f656bd47cc0	Book plural and scribe derivative are separate cells/formations; no beech-tree identity is inferred.	rt-complete-1955-007;rt-complete-1955-008	rt-complete-1955-007;rt-complete-1955-008	Native text inspection; original typography not newly certified. Consult original holding at sheet/printed-page/anchor, not a reproduced paragraph.
rt-passage-1955-286-20-1	1955	286	301	bokiz	3dce31de0e85b00b3a549292e6f9be48c0fd261eb79ec828d4353fb6a2654baa	Book plural and scribe derivative are separate cells/formations; no beech-tree identity is inferred.	rt-complete-1955-009;rt-complete-1955-010;rt-complete-1955-011	rt-complete-1955-009;rt-complete-1955-010;rt-complete-1955-011	Native text inspection; original typography not newly certified. Consult original holding at sheet/printed-page/anchor, not a reproduced paragraph.
rt-passage-1957-332-2-1	1957	332	347	bosm	eb89630f0c56e519a085c4b75fc24d563930b699fa2e350f8ac6eb6b7b6406d2	Identity anchored in a named lexical example/cell.	rt-complete-1957-001;rt-complete-1957-003;rt-complete-1957-004;rt-complete-1957-005	rt-complete-1957-001;rt-complete-1957-003;rt-complete-1957-004;rt-complete-1957-005	Native text inspection; original typography not newly certified. Consult original holding at sheet/printed-page/anchor, not a reproduced paragraph.
rt-passage-1958-121-3-1	1958	121	136	both	975a6ea4ab6261bcf82ee31298358a13e0c30ba1dbb82fc8c670dcb5b81d516f	Identity anchored in a named lexical example/cell.	rt-complete-1958-001	rt-complete-1958-001	Native text inspection; original typography not newly certified. Consult original holding at sheet/printed-page/anchor, not a reproduced paragraph.
rt-passage-1958-388-5-1	1958	388	403	both	fab8915bf5f014d02c69a8d3a004bdd8b606345451ac5afa3a2ec9abc9aacc51	Identity anchored in a named lexical example/cell.	rt-complete-1958-002;rt-complete-1958-003;rt-complete-1958-004;rt-complete-1958-005	rt-complete-1958-002;rt-complete-1958-003;rt-complete-1958-004;rt-complete-1958-005;rt-complete-1958-006;rt-complete-1958-007	Native text inspection; original typography not newly certified. Consult original holding at sheet/printed-page/anchor, not a reproduced paragraph.
rt-passage-1958-388-9-1	1958	388	403	both	21cc573f864ed49b3ab427c8f010ac84f31731f09940f1346b8cd04282884304	Identity anchored in a named lexical example/cell.	rt-complete-1958-006	rt-complete-1958-002;rt-complete-1958-003;rt-complete-1958-004;rt-complete-1958-005;rt-complete-1958-006;rt-complete-1958-007	Native text inspection; original typography not newly certified. Consult original holding at sheet/printed-page/anchor, not a reproduced paragraph.
rt-passage-1959-332-5-1	1959	332	347	botm	e352c271ff99f1a6431fe25074fa336fc5111c7af3ad784ffa850f7e26e5fced	Identity anchored in a named lexical example/cell.	rt-complete-1959-001;rt-complete-1959-002;rt-complete-1959-003	rt-complete-1959-001;rt-complete-1959-002;rt-complete-1959-003	Native text inspection; original typography not newly certified. Consult original holding at sheet/printed-page/anchor, not a reproduced paragraph.
rt-passage-1959-341-7-1	1959	341	356	botm	fd415cc8dc9500f68d18a62ac79c5fb4316b80569c848ec20b035c954b9afd6b	Identity anchored in a named lexical example/cell.	rt-complete-1959-004;rt-complete-1959-005;rt-complete-1959-006	rt-complete-1959-004;rt-complete-1959-005;rt-complete-1959-006	Native text inspection; original typography not newly certified. Consult original holding at sheet/printed-page/anchor, not a reproduced paragraph.
rt-passage-1961-209-11-1	1961	209	224	baugijana	222316d589c2b1ac97ecd2326a11224d7e3139326b9107a76e250042f0583ac7	Identity anchored in a named lexical example/cell.	rt-complete-1961-001;rt-complete-1961-002;rt-complete-1961-003	rt-complete-1961-001;rt-complete-1961-002;rt-complete-1961-003	Native text inspection; original typography not newly certified. Consult original holding at sheet/printed-page/anchor, not a reproduced paragraph.
rt-passage-1961-246-7-1	1961	246	261	baugijana	9712e8ea666be61be648ac74f37d9d0854d8a15fb904c4982812c5569292aa00	Identity anchored in a named lexical example/cell.	rt-complete-1961-004;rt-complete-1961-005;rt-complete-1961-006;rt-complete-1961-007	rt-complete-1961-004;rt-complete-1961-005;rt-complete-1961-006;rt-complete-1961-007	Native text inspection; original typography not newly certified. Consult original holding at sheet/printed-page/anchor, not a reproduced paragraph.
rt-passage-1962-309-9-1	1962	309	324	baugaz	63c3ce17423b6df40238804112808ddc1ef43b0f72ce0527e2ab2c91b4133a21	Identity anchored in a named lexical example/cell.	rt-complete-1962-001;rt-complete-1962-002;rt-complete-1962-003;rt-complete-1962-004	rt-complete-1962-001;rt-complete-1962-002;rt-complete-1962-003;rt-complete-1962-004	Native text inspection; original typography not newly certified. Consult original holding at sheet/printed-page/anchor, not a reproduced paragraph.
rt-passage-1963-28-2-1	1963	28	43	boga	fe16f8504d75e41aed202452801961e39a5f5bfb7aac12824910710789f8f68d	Identity anchored in a named lexical example/cell.	rt-complete-1963-001;rt-complete-1963-002;rt-complete-1963-003	rt-complete-1963-001;rt-complete-1963-002;rt-complete-1963-003	Native text inspection; original typography not newly certified. Consult original holding at sheet/printed-page/anchor, not a reproduced paragraph.
rt-passage-1968-174-7-1	1968	174	189	breusta	a74f671f45777419b303ad59eedd63b3fee44f4f219a9c3de94c2a59c10335d7	Identity anchored in a named lexical example/cell.	rt-complete-1968-001	rt-complete-1968-001	Native text inspection; original typography not newly certified. Consult original holding at sheet/printed-page/anchor, not a reproduced paragraph.
rt-passage-1967-295-10-1	1967	295	310	brikizi	906b3c410ac3e2463fddb66d3708d5950b4f57cb64482f6dc4d9f10a09529c28	Source break 2sg/3sg cells are not the selected infinitive.	rt-complete-1967-001;rt-complete-1967-002;rt-complete-1967-003;rt-complete-1967-004;rt-complete-1967-005;rt-complete-1967-006;rt-complete-1967-007;rt-complete-1967-008;rt-complete-1967-009;rt-complete-1967-010	rt-complete-1967-001;rt-complete-1967-002;rt-complete-1967-003;rt-complete-1967-004;rt-complete-1967-005;rt-complete-1967-006;rt-complete-1967-007;rt-complete-1967-008;rt-complete-1967-009;rt-complete-1967-010	Native text inspection; original typography not newly certified. Consult original holding at sheet/printed-page/anchor, not a reproduced paragraph.
rt-passage-1969-208-17-2	1969	208	223	brokiz	0deec346057ae9da1472bb9d7f0984c730ccf6695c15f7a4364a21ef893d1e3f	Identity anchored in a named lexical example/cell.	rt-complete-1969-001;rt-complete-1969-002;rt-complete-1969-003	rt-complete-1969-001;rt-complete-1969-002;rt-complete-1969-003	Native text inspection; original typography not newly certified. Consult original holding at sheet/printed-page/anchor, not a reproduced paragraph.
rt-passage-1969-227-15-1	1969	227	242	brokiz	06ecd1f25cab038152c529c43cfc9c4b6d7bb8ed07175769fd6f60fded3a671d	Identity anchored in a named lexical example/cell.	rt-complete-1969-004;rt-complete-1969-005;rt-complete-1969-006	rt-complete-1969-004;rt-complete-1969-005;rt-complete-1969-006	Native text inspection; original typography not newly certified. Consult original holding at sheet/printed-page/anchor, not a reproduced paragraph.
rt-passage-1970-224-7-1	1970	224	239	bryd	9a37a10ed2acf7a2cf4cb282153e226743f7c0c45191501738cebb62c9940336	Identity anchored in a named lexical example/cell.	rt-complete-1970-001;rt-complete-1970-003	rt-complete-1970-001;rt-complete-1970-003	Native text inspection; original typography not newly certified. Consult original holding at sheet/printed-page/anchor, not a reproduced paragraph.
rt-passage-1971-4-13-1	1971	4	19	bringan	42fd9cd9765638ae09dc2c5064614dfe1b0d642ce04a676bac1814bd5454d560	Identity anchored in a named lexical example/cell.	rt-complete-1971-001;rt-complete-1971-002;rt-complete-1971-003;rt-complete-1971-004;rt-complete-1971-005	rt-complete-1971-001;rt-complete-1971-002;rt-complete-1971-003;rt-complete-1971-004;rt-complete-1971-005	Native text inspection; original typography not newly certified. Consult original holding at sheet/printed-page/anchor, not a reproduced paragraph.
rt-passage-1971-350-14-1	1971	350	365	bringan	e989b1c650355341c490dc20e962c998c53423e3f84380375868498f10c9ade6	Identity anchored in a named lexical example/cell.	rt-complete-1971-006	rt-complete-1971-006;rt-complete-1971-007	Native text inspection; original typography not newly certified. Consult original holding at sheet/printed-page/anchor, not a reproduced paragraph.
rt-passage-1972-39-4-1	1972	39	54	need	62053cf7678c6fd96cc61721e2c5e1187b7440d159a2e2252bd433456ed159bc	Need/use verb membership argument; no inference from later strong class to PGmc.		rt-complete-1972-001;rt-complete-1972-002;rt-complete-1972-003	Native text inspection; original typography not newly certified. Consult original holding at sheet/printed-page/anchor, not a reproduced paragraph.
rt-passage-1972-39-8-1	1972	39	54	need	33aa9a26d52376da684dbc1be8b3d390146443a7436faa19f947a417044984af	Need/use verb membership argument; no inference from later strong class to PGmc.	rt-complete-1972-001;rt-complete-1972-002	rt-complete-1972-001;rt-complete-1972-002;rt-complete-1972-003	Native text inspection; original typography not newly certified. Consult original holding at sheet/printed-page/anchor, not a reproduced paragraph.
rt-passage-1974-341-2-1	1974	341	356	berstan	358a666a955dc949bf2e187195baf5b9fad5a784f1d3d66a065eadc4e0f51971	Identity anchored in a named lexical example/cell.	rt-complete-1974-001	rt-complete-1974-001	Native text inspection; original typography not newly certified. Consult original holding at sheet/printed-page/anchor, not a reproduced paragraph.
rt-passage-1974-347-2-1	1974	347	362	berstan	68c4c3a496e285f2a9cfbdb40f2f0923660734eaeb7ac65ad5aa71fd1ccccfd3	Identity anchored in a named lexical example/cell.	rt-complete-1974-002	rt-complete-1974-002;rt-complete-1974-004;rt-complete-1974-005;rt-complete-1974-006;rt-complete-1974-007	Native text inspection; original typography not newly certified. Consult original holding at sheet/printed-page/anchor, not a reproduced paragraph.
rt-passage-1975-205-7-1	1975	205	220	kalb	18f8fc9fe18c223ac90d588be28a0379f7071b360cd41eeec5ae0feabf6360f6	Identity anchored in a named lexical example/cell.	rt-complete-1975-001;rt-complete-1975-002;rt-complete-1975-003;rt-complete-1975-004;rt-complete-1975-005;rt-complete-1975-006;rt-complete-1975-007	rt-complete-1975-001;rt-complete-1975-002;rt-complete-1975-003;rt-complete-1975-004;rt-complete-1975-005;rt-complete-1975-006;rt-complete-1975-007;rt-complete-1975-026	Native text inspection; original typography not newly certified. Consult original holding at sheet/printed-page/anchor, not a reproduced paragraph.
rt-passage-1975-231-9-1	1975	231	246	kalb	459ecdf45914668dc18382d503480f10e53b7ca169b07c28ae2fe8a7360ce820	Identity anchored in a named lexical example/cell.	rt-complete-1975-008;rt-complete-1975-009;rt-complete-1975-010;rt-complete-1975-011;rt-complete-1975-012;rt-complete-1975-013;rt-complete-1975-014;rt-complete-1975-015;rt-complete-1975-016	rt-complete-1975-008;rt-complete-1975-009;rt-complete-1975-010;rt-complete-1975-011;rt-complete-1975-012;rt-complete-1975-013;rt-complete-1975-014;rt-complete-1975-015;rt-complete-1975-016	Native text inspection; original typography not newly certified. Consult original holding at sheet/printed-page/anchor, not a reproduced paragraph.
rt-passage-1975-385-3-1	1975	385	400	cealf	9f0f0db91328ea01185cfa83ef5cbcba98fc7af9b4b028c547d411b55f0cf19d	Identity anchored in a named lexical example/cell.	rt-complete-1975-017;rt-complete-1975-018;rt-complete-1975-019;rt-complete-1975-020;rt-complete-1975-021;rt-complete-1975-022;rt-complete-1975-023;rt-complete-1975-024;rt-complete-1975-025	rt-complete-1975-017;rt-complete-1975-018;rt-complete-1975-019;rt-complete-1975-020;rt-complete-1975-021;rt-complete-1975-022;rt-complete-1975-023;rt-complete-1975-024;rt-complete-1975-025;rt-complete-1975-027	Native text inspection; original typography not newly certified. Consult original holding at sheet/printed-page/anchor, not a reproduced paragraph.
rt-passage-1976-173-13-1	1976	173	188	céowan	d6650ebe592b133c15543d258d50ce1c7449b2793d1f04a7d541ab3173c7591b	Identity anchored in a named lexical example/cell.	rt-complete-1976-001;rt-complete-1976-002;rt-complete-1976-004	rt-complete-1976-001;rt-complete-1976-002;rt-complete-1976-004	Native text inspection; original typography not newly certified. Consult original holding at sheet/printed-page/anchor, not a reproduced paragraph.
rt-passage-1977-127-3-1	1977	127	142	klimban	8b012b66424eef570e5c7f566416c626aa9816169c7f39a22275949a10320998	Identity anchored in a named lexical example/cell.	rt-complete-1977-001;rt-complete-1977-002	rt-complete-1977-001;rt-complete-1977-002;rt-complete-1977-003	Native text inspection; original typography not newly certified. Consult original holding at sheet/printed-page/anchor, not a reproduced paragraph.
rt-passage-1978-144-11-1	1978	144	159	kambaz	406db1eedd35d66156582fa0e4b8e9fe360a8eb876f5879348e79db6e9370974	Identity anchored in a named lexical example/cell.	rt-complete-1978-001;rt-complete-1978-002;rt-complete-1978-003	rt-complete-1978-001;rt-complete-1978-002;rt-complete-1978-003	Native text inspection; original typography not newly certified. Consult original holding at sheet/printed-page/anchor, not a reproduced paragraph.
rt-passage-1978-202-16-1	1978	202	217	kambaz	5474fe169a032275f682d137844ffd3cc1ca91544070cb1135a24f24eac0031b	Identity anchored in a named lexical example/cell.	rt-complete-1978-004;rt-complete-1978-005;rt-complete-1978-006	rt-complete-1978-004;rt-complete-1978-005;rt-complete-1978-006	Native text inspection; original typography not newly certified. Consult original holding at sheet/printed-page/anchor, not a reproduced paragraph.
rt-passage-1980-86-11-1	1980	86	101	cow	5a9d87990129af035614f0ca270ce668b24dde1d8768cb0a93aa7b21de3fdba9	Identity anchored in a named lexical example/cell.	rt-complete-1980-001;rt-complete-1980-002;rt-complete-1980-003	rt-complete-1980-001;rt-complete-1980-002;rt-complete-1980-003;rt-complete-1980-004	Native text inspection; original typography not newly certified. Consult original holding at sheet/printed-page/anchor, not a reproduced paragraph.
rt-passage-1980-86-13-1	1980	86	101	cow	bdb53cc2fcdfeec34d84b72c9b9db5b9bd14e4124c0e8987301a907394ebc6da	Identity anchored in a named lexical example/cell.	rt-complete-1980-004	rt-complete-1980-001;rt-complete-1980-002;rt-complete-1980-003;rt-complete-1980-004	Native text inspection; original typography not newly certified. Consult original holding at sheet/printed-page/anchor, not a reproduced paragraph.
rt-passage-1980-318-4-1	1980	318	333	cow	b0ed300346c493f5f11b659c9ffbc993a6c3416cbefacc3bcb57286028feb623	Identity anchored in a named lexical example/cell.	rt-complete-1980-005;rt-complete-1980-006;rt-complete-1980-007;rt-complete-1980-008;rt-complete-1980-009	rt-complete-1980-005;rt-complete-1980-006;rt-complete-1980-007;rt-complete-1980-008;rt-complete-1980-009	Native text inspection; original typography not newly certified. Consult original holding at sheet/printed-page/anchor, not a reproduced paragraph.
rt-passage-1983-323-4-1	1983	323	338	kwidu	f8b1190a7e531e729c85b2cefe09e467e952daf4ec79d3b5de0fddb667aec6d0	Identity anchored in a named lexical example/cell.	rt-complete-1983-001;rt-complete-1983-002;rt-complete-1983-003;rt-complete-1983-004;rt-complete-1983-005	rt-complete-1983-001;rt-complete-1983-002;rt-complete-1983-003;rt-complete-1983-004;rt-complete-1983-005;rt-complete-1983-006	Native text inspection; original typography not newly certified. Consult original holding at sheet/printed-page/anchor, not a reproduced paragraph.
rt-passage-1985-147-23-1	1985	147	162	dagaz	d5d2c67514f7874df56afb65b0abb7821a0ccb306b2a91282496125af29ffbd5	Identity anchored in a named lexical example/cell.	rt-complete-1985-001;rt-complete-1985-002;rt-complete-1985-003	rt-complete-1985-001;rt-complete-1985-002;rt-complete-1985-003	Native text inspection; original typography not newly certified. Consult original holding at sheet/printed-page/anchor, not a reproduced paragraph.
rt-passage-1985-212-5-1	1985	212	227	dagaz	bcc7445f3663c27537f3838852fc8c8d21bc41f2c8a6b24026ee6067a0aba509	Identity anchored in a named lexical example/cell.	rt-complete-1985-004;rt-complete-1985-005;rt-complete-1985-006;rt-complete-1985-007;rt-complete-1985-008;rt-complete-1985-009;rt-complete-1985-010;rt-complete-1985-011;rt-complete-1985-012;rt-complete-1985-013	rt-complete-1985-004;rt-complete-1985-005;rt-complete-1985-006;rt-complete-1985-007;rt-complete-1985-008;rt-complete-1985-009;rt-complete-1985-010;rt-complete-1985-011;rt-complete-1985-012;rt-complete-1985-013	Native text inspection; original typography not newly certified. Consult original holding at sheet/printed-page/anchor, not a reproduced paragraph.
rt-passage-1986-234-5-1	1986	234	249	dailiz	6e0b41256cb0d53face2827cd086d3180f267afb42840c56caa0b0a21dad835f	Identity anchored in a named lexical example/cell.	rt-complete-1986-001;rt-complete-1986-002;rt-complete-1986-003	rt-complete-1986-001;rt-complete-1986-002;rt-complete-1986-003	Native text inspection; original typography not newly certified. Consult original holding at sheet/printed-page/anchor, not a reproduced paragraph.
rt-passage-1986-287-6-1	1986	287	302	dailiz	47601e125d77619e670002069f9dc7aa03636c159c600c9ac6bf1b7fbca03da8	Identity anchored in a named lexical example/cell.	rt-complete-1986-004;rt-complete-1986-005;rt-complete-1986-006;rt-complete-1986-007	rt-complete-1986-004;rt-complete-1986-005;rt-complete-1986-006;rt-complete-1986-007	Native text inspection; original typography not newly certified. Consult original holding at sheet/printed-page/anchor, not a reproduced paragraph.
rt-passage-1987-12-9-1	1987	12	27	dédiz	741dc4991c2deb06036f1339d68261d69721d1c5423a6cd92fc78474341bde2c	Identity anchored in a named lexical example/cell.	rt-complete-1987-001;rt-complete-1987-002;rt-complete-1987-003	rt-complete-1987-001;rt-complete-1987-002;rt-complete-1987-003	Native text inspection; original typography not newly certified. Consult original holding at sheet/printed-page/anchor, not a reproduced paragraph.
rt-passage-1987-149-10-1	1987	149	164	dédiz	7f3ff730552e4ddad7128891b37c55ab6558845c4ce444a89ddbdf03281b54e8	Identity anchored in a named lexical example/cell.	rt-complete-1987-004;rt-complete-1987-005;rt-complete-1987-006;rt-complete-1987-007	rt-complete-1987-004;rt-complete-1987-005;rt-complete-1987-006;rt-complete-1987-007	Native text inspection; original typography not newly certified. Consult original holding at sheet/printed-page/anchor, not a reproduced paragraph.
rt-passage-1987-239-4-1	1987	239	254	dédiz	20e4adbabe7a0bb331379cc2c7a02cc7cfaba9ecce148f556180d0c66777894e	Identity anchored in a named lexical example/cell.	rt-complete-1987-008;rt-complete-1987-009;rt-complete-1987-010;rt-complete-1987-011;rt-complete-1987-012;rt-complete-1987-013;rt-complete-1987-014	rt-complete-1987-008;rt-complete-1987-009;rt-complete-1987-010;rt-complete-1987-011;rt-complete-1987-012;rt-complete-1987-013;rt-complete-1987-014	Native text inspection; original typography not newly certified. Consult original holding at sheet/printed-page/anchor, not a reproduced paragraph.
rt-passage-1987-287-7-1	1987	287	302	dédiz	1977e96cbc05cc7df79116508fad5fd45a061c9ee640b97b06864d5a1563cd67	Identity anchored in a named lexical example/cell.	rt-complete-1987-015;rt-complete-1987-016;rt-complete-1987-017;rt-complete-1987-018;rt-complete-1987-019;rt-complete-1987-020;rt-complete-1987-021	rt-complete-1987-015;rt-complete-1987-016;rt-complete-1987-017;rt-complete-1987-018;rt-complete-1987-019;rt-complete-1987-020;rt-complete-1987-021	Native text inspection; original typography not newly certified. Consult original holding at sheet/printed-page/anchor, not a reproduced paragraph.
rt-passage-1987-520-2-1	1987	520	535	dédiz	6e840fc3ac5676a497b27acf9ea559d930086155ef64c68fec0a4e0b83d521ae	Identity anchored in a named lexical example/cell.	rt-complete-1987-022;rt-complete-1987-023;rt-complete-1987-024;rt-complete-1987-025;rt-complete-1987-026;rt-complete-1987-027	rt-complete-1987-022;rt-complete-1987-023;rt-complete-1987-024;rt-complete-1987-025;rt-complete-1987-026;rt-complete-1987-027;rt-complete-1987-038	Native text inspection; original typography not newly certified. Consult original holding at sheet/printed-page/anchor, not a reproduced paragraph.
rt-passage-1988-174-2-1	1988	174	189	deuza	f7255e2a8218788d5414ea676cb0866db0737cb1493c612d62cb36e195d29d30	Identity anchored in a named lexical example/cell.	rt-complete-1988-001;rt-complete-1988-002	rt-complete-1988-001;rt-complete-1988-002	Native text inspection; original typography not newly certified. Consult original holding at sheet/printed-page/anchor, not a reproduced paragraph.
rt-passage-1991-110-2-1	1991	110	125	don	01ea81a0f655a02d874f1b267103e959e369def3b418ff0a642151ed48c25970	Identity anchored in a named lexical example/cell.	rt-complete-1991-001	rt-complete-1991-001	Native text inspection; original typography not newly certified. Consult original holding at sheet/printed-page/anchor, not a reproduced paragraph.
rt-passage-1991-143-11-1	1991	143	158	don	ec41cb6fe920b7bee30da68df97474be132179ff4307ad4a341248e9650166f3	Identity anchored in a named lexical example/cell.	rt-complete-1991-002;rt-complete-1991-003;rt-complete-1991-004;rt-complete-1991-006	rt-complete-1991-002;rt-complete-1991-003;rt-complete-1991-004;rt-complete-1991-006;rt-complete-1991-039	Native text inspection; original typography not newly certified. Consult original holding at sheet/printed-page/anchor, not a reproduced paragraph.
rt-passage-1991-369-3-1	1991	369	384	don	35c27b881adbbf1c8d4f18d41c42e730815cfdc87f354244a72738d8cb9c458d	Identity anchored in a named lexical example/cell.	rt-complete-1991-007;rt-complete-1991-008;rt-complete-1991-009;rt-complete-1991-010;rt-complete-1991-011;rt-complete-1991-012;rt-complete-1991-013;rt-complete-1991-014;rt-complete-1991-015;rt-complete-1991-016;rt-complete-1991-017	rt-complete-1991-007;rt-complete-1991-008;rt-complete-1991-009;rt-complete-1991-010;rt-complete-1991-011;rt-complete-1991-012;rt-complete-1991-013;rt-complete-1991-014;rt-complete-1991-015;rt-complete-1991-016;rt-complete-1991-017	Native text inspection; original typography not newly certified. Consult original holding at sheet/printed-page/anchor, not a reproduced paragraph.
rt-passage-1991-370-2-1	1991	370	385	du-du-	461ee221cbb55b871bce0df73dfeeb41b4fc9234c53f205023f2d70ef3e11c5d	Identity anchored in a named lexical example/cell.	rt-complete-1991-018;rt-complete-1991-019;rt-complete-1991-020;rt-complete-1991-021;rt-complete-1991-022	rt-complete-1991-018;rt-complete-1991-019;rt-complete-1991-020;rt-complete-1991-021;rt-complete-1991-022	Native text inspection; original typography not newly certified. Consult original holding at sheet/printed-page/anchor, not a reproduced paragraph.
rt-passage-1991-520-2-1	1991	520	535	dénaz	6e840fc3ac5676a497b27acf9ea559d930086155ef64c68fec0a4e0b83d521ae	Identity anchored in a named lexical example/cell.	rt-complete-1991-023;rt-complete-1991-024;rt-complete-1991-025;rt-complete-1991-026;rt-complete-1991-027;rt-complete-1991-028	rt-complete-1991-023;rt-complete-1991-024;rt-complete-1991-025;rt-complete-1991-026;rt-complete-1991-027;rt-complete-1991-028;rt-complete-1991-041;rt-complete-1991-042	Native text inspection; original typography not newly certified. Consult original holding at sheet/printed-page/anchor, not a reproduced paragraph.
rt-passage-1991-519-15-1	1991	519	534	done	16346c3810347f7769247a2a3752767a52cc640a324d27585f2d53c0acfecab3	Identity anchored in a named lexical example/cell.	rt-complete-1991-029;rt-complete-1991-030	rt-complete-1991-029;rt-complete-1991-030	Native text inspection; original typography not newly certified. Consult original holding at sheet/printed-page/anchor, not a reproduced paragraph.
rt-passage-1991-517-2-1	1991	517	532	dédun	5d8b8a1ccce58f42b4bb185580f7691274b879f078b7d465071e96f07a9c95c5	Identity anchored in a named lexical example/cell.	rt-complete-1991-031;rt-complete-1991-032;rt-complete-1991-033;rt-complete-1991-034;rt-complete-1991-035;rt-complete-1991-036;rt-complete-1991-037;rt-complete-1991-038	rt-complete-1991-031;rt-complete-1991-032;rt-complete-1991-033;rt-complete-1991-034;rt-complete-1991-035;rt-complete-1991-036;rt-complete-1991-037;rt-complete-1991-038;rt-complete-1991-040;rt-complete-1991-043;rt-complete-1991-044	Native text inspection; original typography not newly certified. Consult original holding at sheet/printed-page/anchor, not a reproduced paragraph.
rt-passage-1992-28-15-2	1992	28	43	dur-	c6a9aeb250b6e0155da9877687fa000db32f28ad8a10732e95bfc2c68b2379ac	Door root/u-stem formations and case history are retained, not equated to selected dor.	rt-complete-1992-001	rt-complete-1992-001	Native text inspection; original typography not newly certified. Consult original holding at sheet/printed-page/anchor, not a reproduced paragraph.
rt-passage-1992-385-2-1	1992	385	400	duru	6790d36daf81e7ce753cc92422d032937bfb367218b783c50e9475bf42b3716f	Door root/u-stem formations and case history are retained, not equated to selected dor.		rt-complete-1992-002	Native text inspection; original typography not newly certified. Consult original holding at sheet/printed-page/anchor, not a reproduced paragraph.
rt-passage-1997-211-2-1	1997	211	226	drincan	edfa71f760ecbb6df3e51fbbf9ae9eea6490e444f3a5302ff8b8956c40b24e5d	Identity anchored in a named lexical example/cell.	rt-complete-1997-001;rt-complete-1997-002;rt-complete-1997-003;rt-complete-1997-004;rt-complete-1997-005;rt-complete-1997-006;rt-complete-1997-007	rt-complete-1997-001;rt-complete-1997-002;rt-complete-1997-003;rt-complete-1997-004;rt-complete-1997-005;rt-complete-1997-006;rt-complete-1997-007	Native text inspection; original typography not newly certified. Consult original holding at sheet/printed-page/anchor, not a reproduced paragraph.
rt-passage-1997-347-2-1	1997	347	362	drincan	68c4c3a496e285f2a9cfbdb40f2f0923660734eaeb7ac65ad5aa71fd1ccccfd3	Identity anchored in a named lexical example/cell.	rt-complete-1997-008	rt-complete-1997-008;rt-complete-1997-011;rt-complete-1997-012;rt-complete-1997-013;rt-complete-1997-014	Native text inspection; original typography not newly certified. Consult original holding at sheet/printed-page/anchor, not a reproduced paragraph.
rt-passage-1997-350-9-1	1997	350	365	drincan	ebd9075b2bfb0dea874b0e0dd122f29640e888e668b5c9c1042b8429481c69fd	Identity anchored in a named lexical example/cell.	rt-complete-1997-010	rt-complete-1997-010;rt-complete-1997-015	Native text inspection; original typography not newly certified. Consult original holding at sheet/printed-page/anchor, not a reproduced paragraph.
rt-passage-1998-292-3-1	1998	292	307	drifan	ccb18c85ac01d8dc838b553270d4604232dbe76ada282842c94f928e239e4f78	Identity anchored in a named lexical example/cell.	rt-complete-1998-001;rt-complete-1998-002;rt-complete-1998-003;rt-complete-1998-004	rt-complete-1998-001;rt-complete-1998-002;rt-complete-1998-003;rt-complete-1998-004	Native text inspection; original typography not newly certified. Consult original holding at sheet/printed-page/anchor, not a reproduced paragraph.
rt-passage-1998-347-1-1	1998	347	362	drifan	9785ba4e5bcc0930654057cc15492f81d1fcb44676de273299a71da07ab50c8c	Identity anchored in a named lexical example/cell.		rt-complete-1998-007;rt-complete-1998-008;rt-complete-1998-009;rt-complete-1998-010	Native text inspection; original typography not newly certified. Consult original holding at sheet/printed-page/anchor, not a reproduced paragraph.
rt-passage-1998-350-4-1	1998	350	365	drifan	94985d334f09eda017784a9fdbfd03cc0b70d265769e04384e0389a185e42468	Identity anchored in a named lexical example/cell.	rt-complete-1998-006	rt-complete-1998-006;rt-complete-1998-012	Native text inspection; original typography not newly certified. Consult original holding at sheet/printed-page/anchor, not a reproduced paragraph.
rt-passage-1999-182-10-1	1999	182	197	eorbe	cef208428d488e21147b9dd11e36e8fbb35b84ff80cfbd34003d7b2ce60ee755	Identity anchored in a named lexical example/cell.	rt-complete-1999-001;rt-complete-1999-002;rt-complete-1999-003;rt-complete-1999-004;rt-complete-1999-005	rt-complete-1999-001;rt-complete-1999-002;rt-complete-1999-003;rt-complete-1999-004;rt-complete-1999-005	Native text inspection; original typography not newly certified. Consult original holding at sheet/printed-page/anchor, not a reproduced paragraph.
rt-passage-2000-325-11-1	2000	325	340	etan	099e5f05938ec9d5e445cf063cae9bcebe197eed31ec42d758809fdd0710a642	Identity anchored in a named lexical example/cell.	rt-complete-2000-001;rt-complete-2000-002;rt-complete-2000-003;rt-complete-2000-004;rt-complete-2000-005	rt-complete-2000-001;rt-complete-2000-002;rt-complete-2000-003;rt-complete-2000-004;rt-complete-2000-005	Native text inspection; original typography not newly certified. Consult original holding at sheet/printed-page/anchor, not a reproduced paragraph.
rt-passage-2000-348-6-1	2000	348	363	etan	02d8c6963cc1ef9c77d0bc64653a3831611e6d9dd00d46de3d72ac99973fbca1	Identity anchored in a named lexical example/cell.		rt-complete-2000-007;rt-complete-2000-008;rt-complete-2000-009;rt-complete-2000-010	Native text inspection; original typography not newly certified. Consult original holding at sheet/printed-page/anchor, not a reproduced paragraph.
rt-passage-2002-129-10-1	2002	129	144	fallan	1c8e819e4268fff3e3c2014638aec46d61ca33c35237fb7b473aeb4b386cef23	Identity anchored in a named lexical example/cell.	rt-complete-2002-001;rt-complete-2002-002;rt-complete-2002-003;rt-complete-2002-004;rt-complete-2002-005	rt-complete-2002-001;rt-complete-2002-002;rt-complete-2002-003;rt-complete-2002-004;rt-complete-2002-005	Native text inspection; original typography not newly certified. Consult original holding at sheet/printed-page/anchor, not a reproduced paragraph.
rt-passage-2002-185-2-1	2002	185	200	fallan	4aeffd47c3de1ae0395f3629ce534e4847dcb4ff64e0638612a310a6f8c79169	Identity anchored in a named lexical example/cell.	rt-complete-2002-006;rt-complete-2002-007;rt-complete-2002-008;rt-complete-2002-009	rt-complete-2002-006;rt-complete-2002-007;rt-complete-2002-008;rt-complete-2002-009	Native text inspection; original typography not newly certified. Consult original holding at sheet/printed-page/anchor, not a reproduced paragraph.
rt-passage-2003-195-3-1	2003	195	210	faran	14586e4ed3f8e871e2c6d289fb8423e2aad07f3f6a619492e44cef383fd60843	Identity anchored in a named lexical example/cell.	rt-complete-2003-001;rt-complete-2003-002;rt-complete-2003-003;rt-complete-2003-004;rt-complete-2003-005;rt-complete-2003-006;rt-complete-2003-007	rt-complete-2003-001;rt-complete-2003-002;rt-complete-2003-003;rt-complete-2003-004;rt-complete-2003-005;rt-complete-2003-006;rt-complete-2003-007	Native text inspection; original typography not newly certified. Consult original holding at sheet/printed-page/anchor, not a reproduced paragraph.
rt-passage-2003-197-3-1	2003	197	212	faran	187409e75dfb65778418dcd0c83bac82489b64fe3e248d3b71b1b3d798e17761	Identity anchored in a named lexical example/cell.	rt-complete-2003-008;rt-complete-2003-009;rt-complete-2003-010;rt-complete-2003-011;rt-complete-2003-012;rt-complete-2003-013;rt-complete-2003-014;rt-complete-2003-015;rt-complete-2003-016	rt-complete-2003-008;rt-complete-2003-009;rt-complete-2003-010;rt-complete-2003-011;rt-complete-2003-012;rt-complete-2003-013;rt-complete-2003-014;rt-complete-2003-015;rt-complete-2003-016	Native text inspection; original typography not newly certified. Consult original holding at sheet/printed-page/anchor, not a reproduced paragraph.
rt-passage-2003-198-6-1	2003	198	213	faran	5f19235c20249892de94f370f803b7cbb91e305d1992452df83faf1e1fb229e5	Identity anchored in a named lexical example/cell.	rt-complete-2003-017;rt-complete-2003-018;rt-complete-2003-019;rt-complete-2003-020	rt-complete-2003-017;rt-complete-2003-018;rt-complete-2003-019;rt-complete-2003-020	Native text inspection; original typography not newly certified. Consult original holding at sheet/printed-page/anchor, not a reproduced paragraph.
rt-passage-2003-232-11-1	2003	232	247	faran	1fb296fc5d3f085e5899151461ad10fbb5b58cb220f3ef1bc76ac39a1f9f85db	Identity anchored in a named lexical example/cell.	rt-complete-2003-021;rt-complete-2003-022;rt-complete-2003-023;rt-complete-2003-024;rt-complete-2003-025;rt-complete-2003-026;rt-complete-2003-027;rt-complete-2003-028;rt-complete-2003-029;rt-complete-2003-030;rt-complete-2003-031;rt-complete-2003-032;rt-complete-2003-033	rt-complete-2003-021;rt-complete-2003-022;rt-complete-2003-023;rt-complete-2003-024;rt-complete-2003-025;rt-complete-2003-026;rt-complete-2003-027;rt-complete-2003-028;rt-complete-2003-029;rt-complete-2003-030;rt-complete-2003-031;rt-complete-2003-032;rt-complete-2003-033	Native text inspection; original typography not newly certified. Consult original holding at sheet/printed-page/anchor, not a reproduced paragraph.
rt-passage-2003-346-2-1	2003	346	361	faran	4db0f8262c4b99ab3b1a0ce1691be44b7859d260b3f53fcc56def3a2799d69cd	Identity anchored in a named lexical example/cell.	rt-complete-2003-034;rt-complete-2003-035	rt-complete-2003-034;rt-complete-2003-035;rt-complete-2003-043	Native text inspection; original typography not newly certified. Consult original holding at sheet/printed-page/anchor, not a reproduced paragraph.
rt-passage-2003-348-8-1	2003	348	363	faran	e58632ddd9bfeada98c5d8537006a6c6b755f5f48ba6552fc61a6b505de262ed	Identity anchored in a named lexical example/cell.		rt-complete-2003-038;rt-complete-2003-039;rt-complete-2003-040;rt-complete-2003-041	Native text inspection; original typography not newly certified. Consult original holding at sheet/printed-page/anchor, not a reproduced paragraph.
rt-passage-2003-351-19-1	2003	351	366	faran	8694ead1e562148a5223b32f1de62eb85359f168abc19266d2976bded4992ef7	Identity anchored in a named lexical example/cell.	rt-complete-2003-037	rt-complete-2003-037	Native text inspection; original typography not newly certified. Consult original holding at sheet/printed-page/anchor, not a reproduced paragraph.
rt-passage-2004-95-4-1	2004	95	110	feestan	c95e5ae5ff78ac34f8e97d8dbc9960cc6f3196359838043f85de331472428c77	Identity anchored in a named lexical example/cell.	rt-complete-2004-001;rt-complete-2004-002;rt-complete-2004-003;rt-complete-2004-005	rt-complete-2004-001;rt-complete-2004-002;rt-complete-2004-003;rt-complete-2004-005	Native text inspection; original typography not newly certified. Consult original holding at sheet/printed-page/anchor, not a reproduced paragraph.
rt-passage-2004-131-5-1	2004	131	146	fastaz	30618735d36766d4f2a97da9d30186262a1fbac89f0f327e819c3a4964533031	Identity anchored in a named lexical example/cell.	rt-complete-2004-006;rt-complete-2004-007;rt-complete-2004-008;rt-complete-2004-009;rt-complete-2004-010	rt-complete-2004-006;rt-complete-2004-007;rt-complete-2004-008;rt-complete-2004-009;rt-complete-2004-010	Native text inspection; original typography not newly certified. Consult original holding at sheet/printed-page/anchor, not a reproduced paragraph.
rt-passage-2004-147-17-1	2004	147	162	fastaz	285ea59f3b34c68e3a30f8070c8ddcfd31265475fa2c60303bd8fbd5bda1fed2	Identity anchored in a named lexical example/cell.	rt-complete-2004-011;rt-complete-2004-012;rt-complete-2004-013	rt-complete-2004-011;rt-complete-2004-012;rt-complete-2004-013	Native text inspection; original typography not newly certified. Consult original holding at sheet/printed-page/anchor, not a reproduced paragraph.
rt-passage-2005-25-10-1	2005	25	40	fadér	4dd358169beaaca987554fcd473a086251eacbfa28e90b1e33dd87d94478ee78	Identity anchored in a named lexical example/cell.	rt-complete-2005-001;rt-complete-2005-002	rt-complete-2005-001;rt-complete-2005-002	Native text inspection; original typography not newly certified. Consult original holding at sheet/printed-page/anchor, not a reproduced paragraph.
rt-passage-2005-60-8-2	2005	60	75	fadér	407602a04b7a4cba24ec0a241714b3826a677741dd471d36fdc05b15cbb00cd9	Identity anchored in a named lexical example/cell.	rt-complete-2005-003;rt-complete-2005-004;rt-complete-2005-005	rt-complete-2005-003;rt-complete-2005-004;rt-complete-2005-005	Native text inspection; original typography not newly certified. Consult original holding at sheet/printed-page/anchor, not a reproduced paragraph.
rt-passage-2005-147-11-1	2005	147	162	fadér	0bab246c9c16122b62f5a5e8ca50307f78f99e3c9a5b9992d18f7b6822605cd0	Identity anchored in a named lexical example/cell.	rt-complete-2005-006;rt-complete-2005-007;rt-complete-2005-008	rt-complete-2005-006;rt-complete-2005-007;rt-complete-2005-008	Native text inspection; original typography not newly certified. Consult original holding at sheet/printed-page/anchor, not a reproduced paragraph.
rt-passage-2005-386-2-1	2005	386	401	fadur	504583dcb57e8c437ccdf13760c740354af039fddb08e2f03b324151daacea5d	Identity anchored in a named lexical example/cell.	rt-complete-2005-009;rt-complete-2005-010;rt-complete-2005-011;rt-complete-2005-012	rt-complete-2005-009;rt-complete-2005-010;rt-complete-2005-011;rt-complete-2005-012	Native text inspection; original typography not newly certified. Consult original holding at sheet/printed-page/anchor, not a reproduced paragraph.
rt-passage-2006-177-14-1	2006	177	192	fehu	e177e8d2b7cac5ab209e24f4c6bf9bd739c37dbdb8c4bc69799fc905fa13188e	Identity anchored in a named lexical example/cell.	rt-complete-2006-001;rt-complete-2006-002;rt-complete-2006-003;rt-complete-2006-004;rt-complete-2006-005	rt-complete-2006-001;rt-complete-2006-002;rt-complete-2006-003;rt-complete-2006-004;rt-complete-2006-005	Native text inspection; original typography not newly certified. Consult original holding at sheet/printed-page/anchor, not a reproduced paragraph.
rt-passage-2006-312-10-2	2006	312	327	fehu	0ba2a39470e1171bd45721189747d8022ea318acffa0762d32595c74f9330881	Identity anchored in a named lexical example/cell.	rt-complete-2006-006;rt-complete-2006-007	rt-complete-2006-006;rt-complete-2006-007	Native text inspection; original typography not newly certified. Consult original holding at sheet/printed-page/anchor, not a reproduced paragraph.
rt-passage-2009-155-5-1	2009	155	170	feld	509e62665db06e1a8a65c2550aa83dfc2019c902ee4bdbe5a2a3c06ab4248e11	Identity anchored in a named lexical example/cell.	rt-complete-2009-001;rt-complete-2009-002;rt-complete-2009-003;rt-complete-2009-004;rt-complete-2009-005;rt-complete-2009-006;rt-complete-2009-007	rt-complete-2009-001;rt-complete-2009-002;rt-complete-2009-003;rt-complete-2009-004;rt-complete-2009-005;rt-complete-2009-006;rt-complete-2009-007	Native text inspection; original typography not newly certified. Consult original holding at sheet/printed-page/anchor, not a reproduced paragraph.
rt-passage-2010-178-7-1	2010	178	193	fehtan	149898d9c2db1cba61c15fab61f88d0fce19991463fad43c639df097f5f487c6	Identity anchored in a named lexical example/cell.	rt-complete-2010-001;rt-complete-2010-002	rt-complete-2010-001;rt-complete-2010-002	Native text inspection; original typography not newly certified. Consult original holding at sheet/printed-page/anchor, not a reproduced paragraph.
rt-passage-2010-312-14-1	2010	312	327	fehtan	30fe6994231039012ff3d981993df6f8934de2130663dd60a9f2fb6eb71a692e	Identity anchored in a named lexical example/cell.	rt-complete-2010-003;rt-complete-2010-004;rt-complete-2010-005;rt-complete-2010-006	rt-complete-2010-003;rt-complete-2010-004;rt-complete-2010-005;rt-complete-2010-006	Native text inspection; original typography not newly certified. Consult original holding at sheet/printed-page/anchor, not a reproduced paragraph.
rt-passage-2011-140-11-1	2011	140	155	findan	5d18635d3e3079acb0a8aa8c93a9add6df2721e0d6a75b9e33893126d916bfae	Selected row is the participle fundene. Present findan is another cell; funden and the voiced-alternant levelling argument are retained separately.	rt-complete-2011-001;rt-complete-2011-002	rt-complete-2011-001;rt-complete-2011-002;rt-complete-2011-009	Native text inspection; original typography not newly certified. Consult original holding at sheet/printed-page/anchor, not a reproduced paragraph.
rt-passage-2011-344-4-1	2011	344	359	findan	004a8b06cc26989b583e6779d96ce1610e77ad25ee332f8c7654e9b3dec99b42	Selected row is the participle fundene. Present findan is another cell; funden and the voiced-alternant levelling argument are retained separately.	rt-complete-2011-003	rt-complete-2011-003;rt-complete-2011-004;rt-complete-2011-005;rt-complete-2011-006;rt-complete-2011-007;rt-complete-2011-010	Native text inspection; original typography not newly certified. Consult original holding at sheet/printed-page/anchor, not a reproduced paragraph.
rt-passage-2011-344-7-1	2011	344	359	findan	d67342f407b719d26aaf1372c55d6dfc600124b199727165f0c6c19de38db14b	Selected row is the participle fundene. Present findan is another cell; funden and the voiced-alternant levelling argument are retained separately.		rt-complete-2011-003;rt-complete-2011-004;rt-complete-2011-005;rt-complete-2011-006;rt-complete-2011-007;rt-complete-2011-010	Native text inspection; original typography not newly certified. Consult original holding at sheet/printed-page/anchor, not a reproduced paragraph.
rt-passage-2012-48-5-3	2012	48	63	fingraz	c9f293ebe2554555800d4d2a748143da9cb626c6bfb1e86cfc40c8ebe6f01ffb	Identity anchored in a named lexical example/cell.	rt-complete-2012-001;rt-complete-2012-002	rt-complete-2012-001;rt-complete-2012-002	Native text inspection; original typography not newly certified. Consult original holding at sheet/printed-page/anchor, not a reproduced paragraph.
rt-passage-2013-119-2-1	2013	119	134	fuir	438163402a89761d077ae3252cc814053d49b9898b71f6999b6a913774aaa6e1	Identity anchored in a named lexical example/cell.	rt-complete-2013-001;rt-complete-2013-002;rt-complete-2013-003;rt-complete-2013-004;rt-complete-2013-005;rt-complete-2013-006;rt-complete-2013-007;rt-complete-2013-008	rt-complete-2013-001;rt-complete-2013-002;rt-complete-2013-003;rt-complete-2013-004;rt-complete-2013-005;rt-complete-2013-006;rt-complete-2013-007;rt-complete-2013-008;rt-complete-2013-015	Native text inspection; original typography not newly certified. Consult original holding at sheet/printed-page/anchor, not a reproduced paragraph.
rt-passage-2013-318-4-1	2013	318	333	fuir	b0ed300346c493f5f11b659c9ffbc993a6c3416cbefacc3bcb57286028feb623	Identity anchored in a named lexical example/cell.	rt-complete-2013-009;rt-complete-2013-010;rt-complete-2013-011;rt-complete-2013-012;rt-complete-2013-013	rt-complete-2013-009;rt-complete-2013-010;rt-complete-2013-011;rt-complete-2013-012;rt-complete-2013-013	Native text inspection; original typography not newly certified. Consult original holding at sheet/printed-page/anchor, not a reproduced paragraph.
rt-passage-2014-188-8-1	2014	188	203	fiscas	08e09ecf7a5f6c56847629bee2e986ccd74bc2cb145db11c55d776a136c97f20	Source fish plural metathesis is another cell/process, not a quoted PGmc singular.	rt-complete-2014-001	rt-complete-2014-001	Native text inspection; original typography not newly certified. Consult original holding at sheet/printed-page/anchor, not a reproduced paragraph.
rt-passage-2015-224-19-1	2015	224	239	fist	44c18ffc89eca10ffbeb64cc9eeb9c78c9cf9bb579c359f3153368d5d3c15fa6	Identity anchored in a named lexical example/cell.	rt-complete-2015-001;rt-complete-2015-002	rt-complete-2015-001;rt-complete-2015-002	Native text inspection; original typography not newly certified. Consult original holding at sheet/printed-page/anchor, not a reproduced paragraph.
rt-passage-2015-287-13-1	2015	287	302	fist	bacf8eaa94af40194a559a206f61497ee4bc4e5b519cc7886dfe7ba73c271c64	Identity anchored in a named lexical example/cell.	rt-complete-2015-003;rt-complete-2015-004;rt-complete-2015-005	rt-complete-2015-003;rt-complete-2015-004;rt-complete-2015-005	Native text inspection; original typography not newly certified. Consult original holding at sheet/printed-page/anchor, not a reproduced paragraph.
rt-passage-2016-192-6-1	2016	192	207	flask	00c55d8fdd8a1e93a936a52aaa7fc61c5cdeb19f18535b3cf34fcea4c075f969	Identity anchored in a named lexical example/cell.	rt-complete-2016-001;rt-complete-2016-002;rt-complete-2016-003;rt-complete-2016-004;rt-complete-2016-005	rt-complete-2016-001;rt-complete-2016-002;rt-complete-2016-003;rt-complete-2016-004;rt-complete-2016-005	Native text inspection; original typography not newly certified. Consult original holding at sheet/printed-page/anchor, not a reproduced paragraph.
rt-passage-2017-176-13-1	2017	176	191	flahs	8a0ac6c7521e50e457be0c1fc7f61f5eadbc6a08d29f9f8da129fa88c8a1e65c	Identity anchored in a named lexical example/cell.	rt-complete-2017-001;rt-complete-2017-002;rt-complete-2017-003;rt-complete-2017-004	rt-complete-2017-001;rt-complete-2017-002;rt-complete-2017-003;rt-complete-2017-004	Native text inspection; original typography not newly certified. Consult original holding at sheet/printed-page/anchor, not a reproduced paragraph.
rt-passage-2019-315-4-1	2019	315	330	fléon	88c8dba11661ce9e7baa5bdcc440707e844ae95ce38db8f755096ba65e748291	Identity anchored in a named lexical example/cell.	rt-complete-2019-001;rt-complete-2019-002;rt-complete-2019-003;rt-complete-2019-004;rt-complete-2019-005;rt-complete-2019-006;rt-complete-2019-007;rt-complete-2019-008;rt-complete-2019-009;rt-complete-2019-010;rt-complete-2019-011;rt-complete-2019-012;rt-complete-2019-013;rt-complete-2019-015	rt-complete-2019-001;rt-complete-2019-002;rt-complete-2019-003;rt-complete-2019-004;rt-complete-2019-005;rt-complete-2019-006;rt-complete-2019-007;rt-complete-2019-008;rt-complete-2019-009;rt-complete-2019-010;rt-complete-2019-011;rt-complete-2019-012;rt-complete-2019-013;rt-complete-2019-015	Native text inspection; original typography not newly certified. Consult original holding at sheet/printed-page/anchor, not a reproduced paragraph.
rt-passage-2019-345-3-1	2019	345	360	fléon	2d4f8bdb3ce54593a9fee0cbc74460a23606123e3e6d950835685f2849c06c4d	Identity anchored in a named lexical example/cell.	rt-complete-2019-016	rt-complete-2019-016	Native text inspection; original typography not newly certified. Consult original holding at sheet/printed-page/anchor, not a reproduced paragraph.
rt-passage-2020-126-15-1	2020	126	141	flaiski	9f5b35ed6fa9d0b1f76fe34d281b07643cde6033b722d582d85587f11462a6b8	Identity anchored in a named lexical example/cell.	rt-complete-2020-001;rt-complete-2020-002	rt-complete-2020-001;rt-complete-2020-002	Native text inspection; original typography not newly certified. Consult original holding at sheet/printed-page/anchor, not a reproduced paragraph.
rt-passage-2022-130-3-1	2022	130	145	fleug	3c696fda80a4630dd8f2c1f871098eb5bc8c1aa215318112de60b020ca078d18	Identity anchored in a named lexical example/cell.	rt-complete-2022-001;rt-complete-2022-002;rt-complete-2022-003;rt-complete-2022-004;rt-complete-2022-005;rt-complete-2022-006	rt-complete-2022-001;rt-complete-2022-002;rt-complete-2022-003;rt-complete-2022-004;rt-complete-2022-005;rt-complete-2022-006	Native text inspection; original typography not newly certified. Consult original holding at sheet/printed-page/anchor, not a reproduced paragraph.
rt-passage-2022-174-4-1	2022	174	189	fleug	d65886002612eb82adc20575b7e8fcdc07749da480714d83793efa97a1e6021a	Identity anchored in a named lexical example/cell.	rt-complete-2022-007;rt-complete-2022-008	rt-complete-2022-007;rt-complete-2022-008	Native text inspection; original typography not newly certified. Consult original holding at sheet/printed-page/anchor, not a reproduced paragraph.
rt-passage-2022-309-12-1	2022	309	324	fleug	69262902486fb65f0e4b4a618fa523c2547b41272a3a97d8e160f012fab21a73	Identity anchored in a named lexical example/cell.	rt-complete-2022-009;rt-complete-2022-010;rt-complete-2022-011;rt-complete-2022-012	rt-complete-2022-009;rt-complete-2022-010;rt-complete-2022-011;rt-complete-2022-012	Native text inspection; original typography not newly certified. Consult original holding at sheet/printed-page/anchor, not a reproduced paragraph.
rt-passage-2024-327-7-1	2024	327	342	fodra	4c4cdd94a5823d0c93876283dec72967917259d31523e608f43e02111a139259	Sheath/lining formation is a semantic comparandum, not proof of the selected fodder identity.	rt-complete-2024-001;rt-complete-2024-002;rt-complete-2024-003	rt-complete-2024-001;rt-complete-2024-002;rt-complete-2024-003;rt-complete-2024-004	Native text inspection; original typography not newly certified. Consult original holding at sheet/printed-page/anchor, not a reproduced paragraph.
rt-passage-2025-156-3-1	2025	156	171	fealdan	7aadc2240966474f09285aafc9f3f34d04b29e0390b8e1b69a4412cf37f6418f	Identity anchored in a named lexical example/cell.	rt-complete-2025-001;rt-complete-2025-002;rt-complete-2025-003;rt-complete-2025-004	rt-complete-2025-001;rt-complete-2025-002;rt-complete-2025-003;rt-complete-2025-004	Native text inspection; original typography not newly certified. Consult original holding at sheet/printed-page/anchor, not a reproduced paragraph.
rt-passage-2026-28-4-1	2026	28	43	fulka	e9321f0d8bee24d6e2c48095cc7deff1219e36fea6dc368517a84c25e2d1320c	Identity anchored in a named lexical example/cell.	rt-complete-2026-001;rt-complete-2026-002	rt-complete-2026-001;rt-complete-2026-002	Native text inspection; original typography not newly certified. Consult original holding at sheet/printed-page/anchor, not a reproduced paragraph.
rt-passage-2026-33-3-2	2026	33	48	fulka	66999df5a52ddd7bf3021c7d3834015e583190ce61ecf37358b9a2b262a20415	Identity anchored in a named lexical example/cell.	rt-complete-2026-003;rt-complete-2026-004	rt-complete-2026-003;rt-complete-2026-004	Native text inspection; original typography not newly certified. Consult original holding at sheet/printed-page/anchor, not a reproduced paragraph.
rt-passage-2027-33-2-2	2027	33	48	fulg	c0a69b8e78b909e003d0a595080635a1aad424e3236cc7c6921540bb96d7d822	Identity anchored in a named lexical example/cell.	rt-complete-2027-001;rt-complete-2027-002;rt-complete-2027-003	rt-complete-2027-001;rt-complete-2027-002;rt-complete-2027-003	Native text inspection; original typography not newly certified. Consult original holding at sheet/printed-page/anchor, not a reproduced paragraph.
rt-passage-2027-33-3-1	2027	33	48	fulg	507e95d8a137d50b1e81824ba715c3e019f5632ac38e92fa6ecc2d095096470e	Identity anchored in a named lexical example/cell.		rt-complete-2027-001;rt-complete-2027-002;rt-complete-2027-003	Native text inspection; original typography not newly certified. Consult original holding at sheet/printed-page/anchor, not a reproduced paragraph.
rt-passage-2028-342-10-1	2028	342	357	forléosan	57a6a41ac151039c573fad39b617d7e120ff243b8f414297b42d993f7af012b7	Identity anchored in a named lexical example/cell.		rt-complete-2028-001;rt-complete-2028-002;rt-complete-2028-003;rt-complete-2028-004;rt-complete-2028-009	Native text inspection; original typography not newly certified. Consult original holding at sheet/printed-page/anchor, not a reproduced paragraph.
rt-passage-2029-41-7-1	2029	41	56	fedwor	25bbfa4de5629074559e8c46362d36eb4f0eee4bc310929638592f6290f166e9	Identity anchored in a named lexical example/cell.	rt-complete-2029-001;rt-complete-2029-002;rt-complete-2029-003;rt-complete-2029-004	rt-complete-2029-001;rt-complete-2029-002;rt-complete-2029-003;rt-complete-2029-004;rt-complete-2029-009	Native text inspection; original typography not newly certified. Consult original holding at sheet/printed-page/anchor, not a reproduced paragraph.
rt-passage-2029-59-2-1	2029	59	74	fedwor	5ac07e6237b98ee9fd3a1eae13a200885567580f27ce7f26df42ac49f1bcda93	Identity anchored in a named lexical example/cell.	rt-complete-2029-005;rt-complete-2029-006;rt-complete-2029-007;rt-complete-2029-008	rt-complete-2029-005;rt-complete-2029-006;rt-complete-2029-007;rt-complete-2029-008	Native text inspection; original typography not newly certified. Consult original holding at sheet/printed-page/anchor, not a reproduced paragraph.
rt-passage-2030-32-7-1	2030	32	47	fugl	2efa60fa5b881fb73214746debc45685c3242370f77b52fe942be2e957e67ac9	Identity anchored in a named lexical example/cell.	rt-complete-2030-001;rt-complete-2030-002	rt-complete-2030-001;rt-complete-2030-002	Native text inspection; original typography not newly certified. Consult original holding at sheet/printed-page/anchor, not a reproduced paragraph.
rt-passage-2030-48-5-4	2030	48	63	fugl	09eae1717f93c85b36162a494f7d3bbe0968d0f912cc5c71ebe8c64cb628981d	Identity anchored in a named lexical example/cell.	rt-complete-2030-003;rt-complete-2030-004	rt-complete-2030-003;rt-complete-2030-004	Native text inspection; original typography not newly certified. Consult original holding at sheet/printed-page/anchor, not a reproduced paragraph.
rt-passage-2030-330-3-1	2030	330	345	fugl	626247d67effb1a5a15fe2bfb4130c30e1e20d22fc655a392a0e0000c771ddae	Identity anchored in a named lexical example/cell.	rt-complete-2030-005;rt-complete-2030-006;rt-complete-2030-007;rt-complete-2030-008	rt-complete-2030-005;rt-complete-2030-006;rt-complete-2030-007;rt-complete-2030-008;rt-complete-2030-017	Native text inspection; original typography not newly certified. Consult original holding at sheet/printed-page/anchor, not a reproduced paragraph.
rt-passage-2030-387-2-1	2030	387	402	fugl	8b81959bb7873a0b2fd316e6681e7122c9bcfe2342cd0208c871fcef63433879	Identity anchored in a named lexical example/cell.	rt-complete-2030-009;rt-complete-2030-010;rt-complete-2030-011;rt-complete-2030-012;rt-complete-2030-013;rt-complete-2030-014;rt-complete-2030-015;rt-complete-2030-016	rt-complete-2030-009;rt-complete-2030-010;rt-complete-2030-011;rt-complete-2030-012;rt-complete-2030-013;rt-complete-2030-014;rt-complete-2030-015;rt-complete-2030-016	Native text inspection; original typography not newly certified. Consult original holding at sheet/printed-page/anchor, not a reproduced paragraph.
rt-passage-2032-173-19-1	2032	173	188	freusana	32a60e355c57979c4af731f078588ab7127ec5e4969e666f107d7e57853a4b4c	Identity anchored in a named lexical example/cell.	rt-complete-2032-001;rt-complete-2032-002	rt-complete-2032-001;rt-complete-2032-002	Native text inspection; original typography not newly certified. Consult original holding at sheet/printed-page/anchor, not a reproduced paragraph.
rt-passage-2032-342-10-1	2032	342	357	fréosan	57a6a41ac151039c573fad39b617d7e120ff243b8f414297b42d993f7af012b7	Identity anchored in a named lexical example/cell.		rt-complete-2032-004;rt-complete-2032-005;rt-complete-2032-006;rt-complete-2032-007;rt-complete-2032-008	Native text inspection; original typography not newly certified. Consult original holding at sheet/printed-page/anchor, not a reproduced paragraph.
rt-passage-2033-62-3-1	2033	62	77	frijond-	e8582ee38d154d2f98067d3e666e852a9caee74869403bc1c8e98a5771b1476d	Identity anchored in a named lexical example/cell.	rt-complete-2033-001;rt-complete-2033-002;rt-complete-2033-003	rt-complete-2033-001;rt-complete-2033-002;rt-complete-2033-003	Native text inspection; original typography not newly certified. Consult original holding at sheet/printed-page/anchor, not a reproduced paragraph.
rt-passage-2033-386-3-1	2033	386	401	fréond	8e8f5cf972b3f65bec4c7c75f5c857255a86f12088378d7e72b724991e02612b	Identity anchored in a named lexical example/cell.	rt-complete-2033-004;rt-complete-2033-005	rt-complete-2033-004;rt-complete-2033-005;rt-complete-2033-006	Native text inspection; original typography not newly certified. Consult original holding at sheet/printed-page/anchor, not a reproduced paragraph.
rt-passage-2036-28-11-1	2036	28	43	furh	1a01c2befabd6a83c764eaf75e71782d255d0948888efa2434def4a3dea19a67	Identity anchored in a named lexical example/cell.	rt-complete-2036-001;rt-complete-2036-002;rt-complete-2036-003;rt-complete-2036-004;rt-complete-2036-005	rt-complete-2036-001;rt-complete-2036-002;rt-complete-2036-003;rt-complete-2036-004;rt-complete-2036-005	Native text inspection; original typography not newly certified. Consult original holding at sheet/printed-page/anchor, not a reproduced paragraph.
rt-passage-2036-202-14-1	2036	202	217	furh	42d31f04e2476502ecbebe740239ebf340fd0aec575652a2123c53c1bbcbeccf	Identity anchored in a named lexical example/cell.	rt-complete-2036-006;rt-complete-2036-007;rt-complete-2036-008;rt-complete-2036-009	rt-complete-2036-006;rt-complete-2036-007;rt-complete-2036-008;rt-complete-2036-009;rt-complete-2036-015	Native text inspection; original typography not newly certified. Consult original holding at sheet/printed-page/anchor, not a reproduced paragraph.
rt-passage-2036-308-4-1	2036	308	323	furh	6da89f9647073585e68854775e0763f7102966bc16560f32aaa7d7e4ce974f8f	Identity anchored in a named lexical example/cell.	rt-complete-2036-010;rt-complete-2036-011;rt-complete-2036-012;rt-complete-2036-013;rt-complete-2036-014	rt-complete-2036-010;rt-complete-2036-011;rt-complete-2036-012;rt-complete-2036-013;rt-complete-2036-014	Native text inspection; original typography not newly certified. Consult original holding at sheet/printed-page/anchor, not a reproduced paragraph.
rt-passage-2039-126-19-1	2039	126	141	gaist	718ba35fbf9db0d5c0e5b614e53352418cfb57f2fb3d826c1ec37629a065e9f0	Identity anchored in a named lexical example/cell.	rt-complete-2039-001;rt-complete-2039-002	rt-complete-2039-001;rt-complete-2039-002	Native text inspection; original typography not newly certified. Consult original holding at sheet/printed-page/anchor, not a reproduced paragraph.
rt-passage-2039-171-11-1	2039	171	186	gaist	a256669ac990a0ac9355e5332a238695686fd9696f5866cbb938b4605999e4e0	Identity anchored in a named lexical example/cell.	rt-complete-2039-003	rt-complete-2039-003	Native text inspection; original typography not newly certified. Consult original holding at sheet/printed-page/anchor, not a reproduced paragraph.
rt-passage-2040-15-7-1	2040	15	30	gift	93698b664108a93ae6a79f850e6696bc1b0f617a59b4e30e06e3e6f777257671	Giefu/gebō is the give-family ō-stem, not a quotation of the selected gift i-stem singular.	rt-complete-2040-001;rt-complete-2040-002	rt-complete-2040-001;rt-complete-2040-002	Native text inspection; original typography not newly certified. Consult original holding at sheet/printed-page/anchor, not a reproduced paragraph.
rt-passage-2040-43-6-1	2040	43	58	gift	880edcd5aaa4bfece9c3a241d2d9988ee720bbbb8e990b79d77a215b3aa4f28d	Giefu/gebō is the give-family ō-stem, not a quotation of the selected gift i-stem singular.	rt-complete-2040-003;rt-complete-2040-004;rt-complete-2040-005	rt-complete-2040-003;rt-complete-2040-004;rt-complete-2040-005;rt-complete-2040-006;rt-complete-2040-007;rt-complete-2040-008	Native text inspection; original typography not newly certified. Consult original holding at sheet/printed-page/anchor, not a reproduced paragraph.
rt-passage-2040-43-7-1	2040	43	58	gift	f5ebe5122dc93003e86617c0f302f2c80e166bed1a15db5b33a2966544da744a	Giefu/gebō is the give-family ō-stem, not a quotation of the selected gift i-stem singular.	rt-complete-2040-006;rt-complete-2040-007;rt-complete-2040-008	rt-complete-2040-003;rt-complete-2040-004;rt-complete-2040-005;rt-complete-2040-006;rt-complete-2040-007;rt-complete-2040-008	Native text inspection; original typography not newly certified. Consult original holding at sheet/printed-page/anchor, not a reproduced paragraph.
rt-passage-2040-59-4-1	2040	59	74	gift	51fc11a8aac42d4d5acb6ef34ac7ae1e0ab0066b2a7165994bd00bc26407e117	Giefu/gebō is the give-family ō-stem, not a quotation of the selected gift i-stem singular.	rt-complete-2040-009;rt-complete-2040-010;rt-complete-2040-011;rt-complete-2040-012	rt-complete-2040-009;rt-complete-2040-010;rt-complete-2040-011;rt-complete-2040-012;rt-complete-2040-013;rt-complete-2040-014;rt-complete-2040-015;rt-complete-2040-016;rt-complete-2040-017;rt-complete-2040-018;rt-complete-2040-019;rt-complete-2040-020;rt-complete-2040-021;rt-complete-2040-022;rt-complete-2040-023	Native text inspection; original typography not newly certified. Consult original holding at sheet/printed-page/anchor, not a reproduced paragraph.
rt-passage-2040-59-9-1	2040	59	74	gift	aee3d71c9731f9491d61bb069c6205a4c0eb25c63dd2f45efc9324a37e0d503e	Giefu/gebō is the give-family ō-stem, not a quotation of the selected gift i-stem singular.	rt-complete-2040-013;rt-complete-2040-014;rt-complete-2040-015	rt-complete-2040-009;rt-complete-2040-010;rt-complete-2040-011;rt-complete-2040-012;rt-complete-2040-013;rt-complete-2040-014;rt-complete-2040-015;rt-complete-2040-016;rt-complete-2040-017;rt-complete-2040-018;rt-complete-2040-019;rt-complete-2040-020;rt-complete-2040-021;rt-complete-2040-022;rt-complete-2040-023	Native text inspection; original typography not newly certified. Consult original holding at sheet/printed-page/anchor, not a reproduced paragraph.
rt-passage-2040-59-13-1	2040	59	74	gift	197e63c055407f64f6c74f8b8be82a605d08666086dc252cb7ca2f801e274e96	Giefu/gebō is the give-family ō-stem, not a quotation of the selected gift i-stem singular.	rt-complete-2040-016;rt-complete-2040-017;rt-complete-2040-018;rt-complete-2040-019;rt-complete-2040-020;rt-complete-2040-021;rt-complete-2040-022;rt-complete-2040-023	rt-complete-2040-009;rt-complete-2040-010;rt-complete-2040-011;rt-complete-2040-012;rt-complete-2040-013;rt-complete-2040-014;rt-complete-2040-015;rt-complete-2040-016;rt-complete-2040-017;rt-complete-2040-018;rt-complete-2040-019;rt-complete-2040-020;rt-complete-2040-021;rt-complete-2040-022;rt-complete-2040-023	Native text inspection; original typography not newly certified. Consult original holding at sheet/printed-page/anchor, not a reproduced paragraph.
rt-passage-2040-61-3-1	2040	61	76	gift	e256dda76c6a2ece8832e0f55d25199a4a3af4498517b0f22e6d600ad8071223	Giefu/gebō is the give-family ō-stem, not a quotation of the selected gift i-stem singular.	rt-complete-2040-024;rt-complete-2040-025;rt-complete-2040-026;rt-complete-2040-027	rt-complete-2040-024;rt-complete-2040-025;rt-complete-2040-026;rt-complete-2040-027	Native text inspection; original typography not newly certified. Consult original holding at sheet/printed-page/anchor, not a reproduced paragraph.
rt-passage-2040-114-6-1	2040	114	129	gift	3dc56636a9faf186f081d90c0877e23fea45fc4a06e19ccbe4f430569eed504b	Giefu/gebō is the give-family ō-stem, not a quotation of the selected gift i-stem singular.		rt-complete-2040-033;rt-complete-2040-034;rt-complete-2040-035;rt-complete-2040-036;rt-complete-2040-037;rt-complete-2040-038;rt-complete-2040-039;rt-complete-2040-040;rt-complete-2040-041	Native text inspection; original typography not newly certified. Consult original holding at sheet/printed-page/anchor, not a reproduced paragraph.
rt-passage-2040-114-7-1	2040	114	129	gift	14948debe57e26ffaf5b62e9455efd39bbb553c9e75b3ba3f545cd65488fd73d	Giefu/gebō is the give-family ō-stem, not a quotation of the selected gift i-stem singular.		rt-complete-2040-033;rt-complete-2040-034;rt-complete-2040-035;rt-complete-2040-036;rt-complete-2040-037;rt-complete-2040-038;rt-complete-2040-039;rt-complete-2040-040;rt-complete-2040-041	Native text inspection; original typography not newly certified. Consult original holding at sheet/printed-page/anchor, not a reproduced paragraph.
rt-passage-2040-288-10-1	2040	288	303	gift	d276c090beea9b08c4c6f734bcf50136caef7c94da16adebfb908cf53f9de97c	Giefu/gebō is the give-family ō-stem, not a quotation of the selected gift i-stem singular.	rt-complete-2040-028;rt-complete-2040-029;rt-complete-2040-030;rt-complete-2040-031	rt-complete-2040-028;rt-complete-2040-029;rt-complete-2040-030;rt-complete-2040-031	Native text inspection; original typography not newly certified. Consult original holding at sheet/printed-page/anchor, not a reproduced paragraph.
rt-passage-2040-325-2-1	2040	325	340	gift	a87f5e7a58652dba7b41f99156e827f5ab01309327613778deb0675529cfa209	Giefu/gebō is the give-family ō-stem, not a quotation of the selected gift i-stem singular.	rt-complete-2040-032	rt-complete-2040-032	Native text inspection; original typography not newly certified. Consult original holding at sheet/printed-page/anchor, not a reproduced paragraph.
rt-passage-2041-325-5-1	2041	325	340	gebang	d07a90256bd8b45ac571e513fbc3b9dd2abc84684d6642f9aa752114ab8e7db0	Identity anchored in a named lexical example/cell.	rt-complete-2041-001;rt-complete-2041-002;rt-complete-2041-003;rt-complete-2041-004	rt-complete-2041-001;rt-complete-2041-002;rt-complete-2041-003;rt-complete-2041-004	Native text inspection; original typography not newly certified. Consult original holding at sheet/printed-page/anchor, not a reproduced paragraph.
rt-passage-2041-215-13-1	2041	215	230	giefan	b8b6de5fe1c97ea8beca1879decc70781dd7647b5551fe172a842bf3a390d127	Identity anchored in a named lexical example/cell.	rt-complete-2041-005;rt-complete-2041-006;rt-complete-2041-007;rt-complete-2041-008;rt-complete-2041-009;rt-complete-2041-010;rt-complete-2041-011;rt-complete-2041-012	rt-complete-2041-005;rt-complete-2041-006;rt-complete-2041-007;rt-complete-2041-008;rt-complete-2041-009;rt-complete-2041-010;rt-complete-2041-011;rt-complete-2041-012	Native text inspection; original typography not newly certified. Consult original holding at sheet/printed-page/anchor, not a reproduced paragraph.
rt-passage-2042-28-6-2	2042	28	43	guda	8e8794c63b739dd62ad87b4ae81d07727fa24e64925c652dc2b3aca060c82a6e	Identity anchored in a named lexical example/cell.	rt-complete-2042-001	rt-complete-2042-001	Native text inspection; original typography not newly certified. Consult original holding at sheet/printed-page/anchor, not a reproduced paragraph.
rt-passage-2043-28-6-1	2043	28	43	gulba	6180f784eaa735c10976be0d6180f3b8765f108c3883983a2a3ae2b202f04a80	Identity anchored in a named lexical example/cell.	rt-complete-2043-001;rt-complete-2043-002	rt-complete-2043-001;rt-complete-2043-002	Native text inspection; original typography not newly certified. Consult original holding at sheet/printed-page/anchor, not a reproduced paragraph.
rt-passage-2043-155-5-1	2043	155	170	gulba	509e62665db06e1a8a65c2550aa83dfc2019c902ee4bdbe5a2a3c06ab4248e11	Identity anchored in a named lexical example/cell.	rt-complete-2043-003;rt-complete-2043-004;rt-complete-2043-005;rt-complete-2043-006;rt-complete-2043-007;rt-complete-2043-008	rt-complete-2043-003;rt-complete-2043-004;rt-complete-2043-005;rt-complete-2043-006;rt-complete-2043-007;rt-complete-2043-008	Native text inspection; original typography not newly certified. Consult original holding at sheet/printed-page/anchor, not a reproduced paragraph.
rt-passage-2044-141-9-1	2044	141	156	gans	833c3a46080112da1e0747c29c7a34ead37f8ef250beb3d19a5435ac1344d428	Identity anchored in a named lexical example/cell.	rt-complete-2044-001;rt-complete-2044-002;rt-complete-2044-003	rt-complete-2044-001;rt-complete-2044-002;rt-complete-2044-003	Native text inspection; original typography not newly certified. Consult original holding at sheet/printed-page/anchor, not a reproduced paragraph.
rt-passage-2045-147-16-1	2045	147	162	grasa	2b3cf3bc73c4138ffe725299026cb74fd0763231629a62dd98c09606308e088c	Identity anchored in a named lexical example/cell.	rt-complete-2045-001;rt-complete-2045-002;rt-complete-2045-003	rt-complete-2045-001;rt-complete-2045-002;rt-complete-2045-003	Native text inspection; original typography not newly certified. Consult original holding at sheet/printed-page/anchor, not a reproduced paragraph.
rt-passage-2045-198-2-1	2045	198	213	grasa	3a6c2aff84109868f1f178645dcfb287d2dffaf656119eba3dbd55846acfecde	Identity anchored in a named lexical example/cell.	rt-complete-2045-004;rt-complete-2045-005;rt-complete-2045-006;rt-complete-2045-007;rt-complete-2045-008;rt-complete-2045-009;rt-complete-2045-010;rt-complete-2045-011;rt-complete-2045-012	rt-complete-2045-004;rt-complete-2045-005;rt-complete-2045-006;rt-complete-2045-007;rt-complete-2045-008;rt-complete-2045-009;rt-complete-2045-010;rt-complete-2045-011;rt-complete-2045-012	Native text inspection; original typography not newly certified. Consult original holding at sheet/printed-page/anchor, not a reproduced paragraph.
rt-passage-2049-43-9-1	2049	43	58	gastiz	a9603f518e3d31ec977f769d20a385b1ed184c696b6e7c8bcac47ee3b738adba	Identity anchored in a named lexical example/cell.	rt-complete-2049-001;rt-complete-2049-002;rt-complete-2049-003	rt-complete-2049-001;rt-complete-2049-002;rt-complete-2049-003;rt-complete-2049-004;rt-complete-2049-005	Native text inspection; original typography not newly certified. Consult original holding at sheet/printed-page/anchor, not a reproduced paragraph.
rt-passage-2049-43-10-1	2049	43	58	gastiz	2e90e8fb83f2ff92ea47f9ee3ff69bec5d4996c357d95b31259d795ac7e7ff22	Identity anchored in a named lexical example/cell.	rt-complete-2049-004;rt-complete-2049-005	rt-complete-2049-001;rt-complete-2049-002;rt-complete-2049-003;rt-complete-2049-004;rt-complete-2049-005	Native text inspection; original typography not newly certified. Consult original holding at sheet/printed-page/anchor, not a reproduced paragraph.
rt-passage-2049-55-4-1	2049	55	70	gastiz	1ee836dcb7f0cdc3c005473227889d0f3b209eccf52b77ae23b41add240e249c	Identity anchored in a named lexical example/cell.	rt-complete-2049-006;rt-complete-2049-007;rt-complete-2049-008;rt-complete-2049-009	rt-complete-2049-006;rt-complete-2049-007;rt-complete-2049-008;rt-complete-2049-009	Native text inspection; original typography not newly certified. Consult original holding at sheet/printed-page/anchor, not a reproduced paragraph.
rt-passage-2049-216-10-1	2049	216	231	gastiz	cb41fea6aeee368d299b7255adbf3ccce5d85a77eba64ce4842f24bd4e943a84	Identity anchored in a named lexical example/cell.	rt-complete-2049-010;rt-complete-2049-011;rt-complete-2049-012;rt-complete-2049-013	rt-complete-2049-010;rt-complete-2049-011;rt-complete-2049-012;rt-complete-2049-013	Native text inspection; original typography not newly certified. Consult original holding at sheet/printed-page/anchor, not a reproduced paragraph.
rt-passage-2049-244-18-1	2049	244	259	gastiz	5bc9160dd5250fa2fe5291e3e2fde39097608506fe4fe02beb1d9bc1db06a11a	Identity anchored in a named lexical example/cell.	rt-complete-2049-014;rt-complete-2049-015;rt-complete-2049-016;rt-complete-2049-017;rt-complete-2049-018	rt-complete-2049-014;rt-complete-2049-015;rt-complete-2049-016;rt-complete-2049-017;rt-complete-2049-018	Native text inspection; original typography not newly certified. Consult original holding at sheet/printed-page/anchor, not a reproduced paragraph.
rt-passage-2049-287-4-1	2049	287	302	gastiz	67be32d1b3d19ca971ecfe6561914cd53d8444484d16f7d11d67aa6e9916aff9	Identity anchored in a named lexical example/cell.	rt-complete-2049-019;rt-complete-2049-020;rt-complete-2049-021;rt-complete-2049-022;rt-complete-2049-023;rt-complete-2049-024;rt-complete-2049-025;rt-complete-2049-026;rt-complete-2049-027	rt-complete-2049-019;rt-complete-2049-020;rt-complete-2049-021;rt-complete-2049-022;rt-complete-2049-023;rt-complete-2049-024;rt-complete-2049-025;rt-complete-2049-026;rt-complete-2049-027	Native text inspection; original typography not newly certified. Consult original holding at sheet/printed-page/anchor, not a reproduced paragraph.
rt-passage-2052-185-3-1	2052	185	200	hallu	d7341a7e98d5cdd4ab072ea088cce32e0b0e6f72b1a7a33820fbcc6ffb37ded0	Identity anchored in a named lexical example/cell.	rt-complete-2052-001;rt-complete-2052-002	rt-complete-2052-001;rt-complete-2052-002	Native text inspection; original typography not newly certified. Consult original holding at sheet/printed-page/anchor, not a reproduced paragraph.
rt-passage-2052-285-19-1	2052	285	300	hallu	a0f65ee52b1d2b148b3c65f8e07651dd06b5dd078c38686a19a0ae78a4770558	Identity anchored in a named lexical example/cell.	rt-complete-2052-003;rt-complete-2052-004	rt-complete-2052-003;rt-complete-2052-004	Native text inspection; original typography not newly certified. Consult original holding at sheet/printed-page/anchor, not a reproduced paragraph.
rt-passage-2054-144-9-1	2054	144	159	handuz	f3b4d81f708a029d9e0f5194a40ccd77b4da6398b0670886256f50cfb1f142f5	Identity anchored in a named lexical example/cell.	rt-complete-2054-001;rt-complete-2054-002;rt-complete-2054-003	rt-complete-2054-001;rt-complete-2054-002;rt-complete-2054-003	Native text inspection; original typography not newly certified. Consult original holding at sheet/printed-page/anchor, not a reproduced paragraph.
rt-passage-2054-287-16-1	2054	287	302	handu	b1bfd36ed8188b6ed45af6a6973e1a32c29afdd60e7a629f240aec8c523ee95e	Identity anchored in a named lexical example/cell.	rt-complete-2054-004;rt-complete-2054-005;rt-complete-2054-006;rt-complete-2054-007	rt-complete-2054-004;rt-complete-2054-005;rt-complete-2054-006;rt-complete-2054-007	Native text inspection; original typography not newly certified. Consult original holding at sheet/printed-page/anchor, not a reproduced paragraph.
rt-passage-2055-131-9-2	2055	131	146	handul	a502cb20eac6eab225a7fa462277aaaecebac9e572eec84e665975b2e268c516	Handle derivative; source retains the internal -ul- and later morphological remodelling.	rt-complete-2055-001;rt-complete-2055-002;rt-complete-2055-003;rt-complete-2055-004	rt-complete-2055-001;rt-complete-2055-002;rt-complete-2055-003;rt-complete-2055-004	Native text inspection; original typography not newly certified. Consult original holding at sheet/printed-page/anchor, not a reproduced paragraph.
rt-passage-2055-269-4-1	2055	269	284	handul	7f7386b64a0bd70b1e69c27720043c49523e9d4f69750d9bc7b48891e13cdc5a	Handle derivative; source retains the internal -ul- and later morphological remodelling.	rt-complete-2055-005;rt-complete-2055-006	rt-complete-2055-005;rt-complete-2055-006;rt-complete-2055-007	Native text inspection; original typography not newly certified. Consult original holding at sheet/printed-page/anchor, not a reproduced paragraph.
rt-passage-2055-269-5-1	2055	269	284	handul	698da342cd33dcdb9dd141ab1369a12272f443a376a1c23e42bdd0bbf4166690	Handle derivative; source retains the internal -ul- and later morphological remodelling.	rt-complete-2055-007	rt-complete-2055-005;rt-complete-2055-006;rt-complete-2055-007	Native text inspection; original typography not newly certified. Consult original holding at sheet/printed-page/anchor, not a reproduced paragraph.
rt-passage-2057-126-21-1	2057	126	141	harbist	17cd3d7ef723daef59c0ad2c9422b6720f8e48798ca8d02e57b8e3e57df081bc	Identity anchored in a named lexical example/cell.	rt-complete-2057-001;rt-complete-2057-002	rt-complete-2057-001;rt-complete-2057-002;rt-complete-2057-003;rt-complete-2057-005	Native text inspection; original typography not newly certified. Consult original holding at sheet/printed-page/anchor, not a reproduced paragraph.
rt-passage-2058-93-3-1	2058	93	108	habban	93b5270e8cddff43c63cf5a65f4bda67066d2d382d792bf16efb0a847b94fe73	Identity anchored in a named lexical example/cell.	rt-complete-2058-001	rt-complete-2058-001	Native text inspection; original typography not newly certified. Consult original holding at sheet/printed-page/anchor, not a reproduced paragraph.
rt-passage-2058-363-4-1	2058	363	378	habban	9b9a1c80942f8237d78a430d7216689aadc23f25bcb3c7208a09d95e0b4a7f65	Identity anchored in a named lexical example/cell.	rt-complete-2058-002;rt-complete-2058-003	rt-complete-2058-002;rt-complete-2058-003;rt-complete-2058-004;rt-complete-2058-005	Native text inspection; original typography not newly certified. Consult original holding at sheet/printed-page/anchor, not a reproduced paragraph.
rt-passage-2058-363-5-1	2058	363	378	habban	ed74140af785d250fc13e7e1b820001c7758033edbe4d8de3032ddb90cb8422c	Identity anchored in a named lexical example/cell.	rt-complete-2058-004;rt-complete-2058-005	rt-complete-2058-002;rt-complete-2058-003;rt-complete-2058-004;rt-complete-2058-005	Native text inspection; original typography not newly certified. Consult original holding at sheet/printed-page/anchor, not a reproduced paragraph.
rt-passage-2058-364-2-1	2058	364	379	habban	dfc1a24af6bb4312d1c339fa96ab9bf4326692e015bf2420c249df32792dc9f7	Identity anchored in a named lexical example/cell.	rt-complete-2058-006;rt-complete-2058-007;rt-complete-2058-008;rt-complete-2058-009	rt-complete-2058-006;rt-complete-2058-007;rt-complete-2058-008;rt-complete-2058-009;rt-complete-2058-018	Native text inspection; original typography not newly certified. Consult original holding at sheet/printed-page/anchor, not a reproduced paragraph.
rt-passage-2058-131-6-1	2058	131	146	habja-	89369fb7acdb53d4d740f4f35392dc38b04c6beabb6743c8de98eb230e47a7c1	Identity anchored in a named lexical example/cell.	rt-complete-2058-010;rt-complete-2058-011;rt-complete-2058-012;rt-complete-2058-013;rt-complete-2058-014;rt-complete-2058-015;rt-complete-2058-016	rt-complete-2058-010;rt-complete-2058-011;rt-complete-2058-012;rt-complete-2058-013;rt-complete-2058-014;rt-complete-2058-015;rt-complete-2058-016	Native text inspection; original typography not newly certified. Consult original holding at sheet/printed-page/anchor, not a reproduced paragraph.
rt-passage-2060-191-12-1	2060	191	206	hafoc	8179986089eec0b5a490053bb63f4ee158e83480396c18357794fb96d8da7c73	Identity anchored in a named lexical example/cell.	rt-complete-2060-001;rt-complete-2060-002;rt-complete-2060-004	rt-complete-2060-001;rt-complete-2060-002;rt-complete-2060-004	Native text inspection; original typography not newly certified. Consult original holding at sheet/printed-page/anchor, not a reproduced paragraph.
rt-passage-2060-219-10-1	2060	219	234	hafoc	63bb93de803b6149a0e493fd8dfe1692f66ee963972e9576cf37eb92c9bb7476	Identity anchored in a named lexical example/cell.	rt-complete-2060-005;rt-complete-2060-006	rt-complete-2060-005;rt-complete-2060-006	Native text inspection; original typography not newly certified. Consult original holding at sheet/printed-page/anchor, not a reproduced paragraph.
rt-passage-2060-272-6-1	2060	272	287	hafoc	a5b9cb24dd7396335974a8ab2583423674a6839506b02436e28baae9f2cfd4f8	Identity anchored in a named lexical example/cell.	rt-complete-2060-007;rt-complete-2060-008;rt-complete-2060-009;rt-complete-2060-010;rt-complete-2060-012	rt-complete-2060-007;rt-complete-2060-008;rt-complete-2060-009;rt-complete-2060-010;rt-complete-2060-012	Native text inspection; original typography not newly certified. Consult original holding at sheet/printed-page/anchor, not a reproduced paragraph.
rt-passage-2061-173-10-1	2061	173	188	hawi	30db1ce183175486ad631519fa0a823f47bf20910b65434119ea41c9778d3342	Identity anchored in a named lexical example/cell.	rt-complete-2061-001;rt-complete-2061-002;rt-complete-2061-003;rt-complete-2061-004;rt-complete-2061-005;rt-complete-2061-006;rt-complete-2061-007	rt-complete-2061-001;rt-complete-2061-002;rt-complete-2061-003;rt-complete-2061-004;rt-complete-2061-005;rt-complete-2061-006;rt-complete-2061-007	Native text inspection; original typography not newly certified. Consult original holding at sheet/printed-page/anchor, not a reproduced paragraph.
rt-passage-2061-246-13-1	2061	246	261	hawi	3e82c9065aedcd9600753425aadeb8db01f5bd37fb38c78e6b215a6fd996f2a2	Identity anchored in a named lexical example/cell.	rt-complete-2061-008;rt-complete-2061-009;rt-complete-2061-010;rt-complete-2061-011;rt-complete-2061-012;rt-complete-2061-013;rt-complete-2061-014;rt-complete-2061-015;rt-complete-2061-016;rt-complete-2061-017	rt-complete-2061-008;rt-complete-2061-009;rt-complete-2061-010;rt-complete-2061-011;rt-complete-2061-012;rt-complete-2061-013;rt-complete-2061-014;rt-complete-2061-015;rt-complete-2061-016;rt-complete-2061-017	Native text inspection; original typography not newly certified. Consult original holding at sheet/printed-page/anchor, not a reproduced paragraph.
rt-passage-2061-53-9-1	2061	53	68	hawja	9dbdaa1a4e216b756638a71218829eaa1be0cb9dfab05a842a0a0c79346e82fc	Identity anchored in a named lexical example/cell.	rt-complete-2061-018;rt-complete-2061-019;rt-complete-2061-020	rt-complete-2061-018;rt-complete-2061-019;rt-complete-2061-020	Native text inspection; original typography not newly certified. Consult original holding at sheet/printed-page/anchor, not a reproduced paragraph.
rt-passage-2062-329-18-1	2062	329	344	haslaz	1f3fcd1207ab430b95515c9ed8d4fa31d317510724dfce98f43399db08be36db	Identity anchored in a named lexical example/cell.	rt-complete-2062-001;rt-complete-2062-002;rt-complete-2062-003	rt-complete-2062-001;rt-complete-2062-002;rt-complete-2062-003	Native text inspection; original typography not newly certified. Consult original holding at sheet/printed-page/anchor, not a reproduced paragraph.
rt-passage-2063-257-5-1	2063	257	272	héafod	07f278d522db37f28aec97e589d55f1be3f9b2594668576a34d1609f4f7519bb	Identity anchored in a named lexical example/cell.	rt-complete-2063-001;rt-complete-2063-002;rt-complete-2063-003;rt-complete-2063-004;rt-complete-2063-005;rt-complete-2063-006;rt-complete-2063-007;rt-complete-2063-008;rt-complete-2063-009;rt-complete-2063-010;rt-complete-2063-011;rt-complete-2063-012;rt-complete-2063-013;rt-complete-2063-014;rt-complete-2063-015	rt-complete-2063-001;rt-complete-2063-002;rt-complete-2063-003;rt-complete-2063-004;rt-complete-2063-005;rt-complete-2063-006;rt-complete-2063-007;rt-complete-2063-008;rt-complete-2063-009;rt-complete-2063-010;rt-complete-2063-011;rt-complete-2063-012;rt-complete-2063-013;rt-complete-2063-014;rt-complete-2063-015	Native text inspection; original typography not newly certified. Consult original holding at sheet/printed-page/anchor, not a reproduced paragraph.
rt-passage-2063-270-2-1	2063	270	285	héafod	2cee2b30f7a3fd3055ec3fd6bbd34a78c87ae85861d9649c095092c4b1841e74	Identity anchored in a named lexical example/cell.	rt-complete-2063-016;rt-complete-2063-017;rt-complete-2063-018;rt-complete-2063-019;rt-complete-2063-020;rt-complete-2063-021;rt-complete-2063-022	rt-complete-2063-016;rt-complete-2063-017;rt-complete-2063-018;rt-complete-2063-019;rt-complete-2063-020;rt-complete-2063-021;rt-complete-2063-022	Native text inspection; original typography not newly certified. Consult original holding at sheet/printed-page/anchor, not a reproduced paragraph.
rt-passage-2063-378-3-1	2063	378	393	héafod	9374f9a489dc0e2c686dab2d52129cd246ea7d402d0e1a77566bb100c1622eff	Identity anchored in a named lexical example/cell.	rt-complete-2063-023;rt-complete-2063-024	rt-complete-2063-023;rt-complete-2063-024;rt-complete-2063-025	Native text inspection; original typography not newly certified. Consult original holding at sheet/printed-page/anchor, not a reproduced paragraph.
rt-passage-2063-378-4-1	2063	378	393	héafod	5c36161258b59941d49004c36378828a576478d699748546269cda800f90288c	Identity anchored in a named lexical example/cell.	rt-complete-2063-025	rt-complete-2063-023;rt-complete-2063-024;rt-complete-2063-025	Native text inspection; original typography not newly certified. Consult original holding at sheet/printed-page/anchor, not a reproduced paragraph.
rt-passage-2064-234-6-1	2064	234	249	hailijan	78ad76b37a734df30f74b36dd0f8c566fe145cda13da304b56c06fba29a46481	Identity anchored in a named lexical example/cell.	rt-complete-2064-001;rt-complete-2064-002;rt-complete-2064-003	rt-complete-2064-001;rt-complete-2064-002;rt-complete-2064-003	Native text inspection; original typography not newly certified. Consult original holding at sheet/printed-page/anchor, not a reproduced paragraph.
rt-passage-2065-59-7-1	2065	59	74	herta	9c28f3e6059497c7b8317b3db22adabba620fe12f0d4e54d8e0bf31fc50de7b7	Identity anchored in a named lexical example/cell.	rt-complete-2065-001;rt-complete-2065-002;rt-complete-2065-003;rt-complete-2065-004;rt-complete-2065-005	rt-complete-2065-001;rt-complete-2065-002;rt-complete-2065-003;rt-complete-2065-004;rt-complete-2065-005	Native text inspection; original typography not newly certified. Consult original holding at sheet/printed-page/anchor, not a reproduced paragraph.
rt-passage-2065-182-11-1	2065	182	197	hert6n-	0fcf409548f296a14aeca52769ebf126b48d6101afe991f431d8871d852d5da7	Identity anchored in a named lexical example/cell.	rt-complete-2065-006;rt-complete-2065-007;rt-complete-2065-008	rt-complete-2065-006;rt-complete-2065-007;rt-complete-2065-008	Native text inspection; original typography not newly certified. Consult original holding at sheet/printed-page/anchor, not a reproduced paragraph.
rt-passage-2067-234-15-1	2067	234	249	haipi	ca79c4345e74031f89895a5d3e72a8884ba018b6a0888171871a1413cf16e982	Identity anchored in a named lexical example/cell.	rt-complete-2067-001;rt-complete-2067-002;rt-complete-2067-003	rt-complete-2067-001;rt-complete-2067-002;rt-complete-2067-003	Native text inspection; original typography not newly certified. Consult original holding at sheet/printed-page/anchor, not a reproduced paragraph.
rt-passage-2068-272-12-1	2068	272	287	heofon	1cacefbc83074f3dd8eacaa8816c091cfa954bb4655efc9df6e22d3d06e30471	Identity anchored in a named lexical example/cell.	rt-complete-2068-001	rt-complete-2068-001;rt-complete-2068-013	Native text inspection; original typography not newly certified. Consult original holding at sheet/printed-page/anchor, not a reproduced paragraph.
rt-passage-2068-324-10-1	2068	324	339	heofon	4937db717bf8a46624bf2e7b390cfc5080a038a7898a77542271ccf082765a52	Identity anchored in a named lexical example/cell.	rt-complete-2068-002;rt-complete-2068-003	rt-complete-2068-002;rt-complete-2068-003;rt-complete-2068-014	Native text inspection; original typography not newly certified. Consult original holding at sheet/printed-page/anchor, not a reproduced paragraph.
rt-passage-2068-387-2-1	2068	387	402	heofon	8b81959bb7873a0b2fd316e6681e7122c9bcfe2342cd0208c871fcef63433879	Identity anchored in a named lexical example/cell.	rt-complete-2068-004;rt-complete-2068-005;rt-complete-2068-006;rt-complete-2068-007;rt-complete-2068-008;rt-complete-2068-009;rt-complete-2068-010;rt-complete-2068-011;rt-complete-2068-012	rt-complete-2068-004;rt-complete-2068-005;rt-complete-2068-006;rt-complete-2068-007;rt-complete-2068-008;rt-complete-2068-009;rt-complete-2068-010;rt-complete-2068-011;rt-complete-2068-012	Native text inspection; original typography not newly certified. Consult original holding at sheet/printed-page/anchor, not a reproduced paragraph.
rt-passage-2071-347-2-1	2071	347	362	helpan	68c4c3a496e285f2a9cfbdb40f2f0923660734eaeb7ac65ad5aa71fd1ccccfd3	Identity anchored in a named lexical example/cell.	rt-complete-2071-001	rt-complete-2071-001;rt-complete-2071-004;rt-complete-2071-005;rt-complete-2071-006;rt-complete-2071-007	Native text inspection; original typography not newly certified. Consult original holding at sheet/printed-page/anchor, not a reproduced paragraph.
rt-passage-2071-30-18-1	2071	30	45	hulpun	27eea2a5dd74fe51e7dabe82722f36ee5de720caba9806e706b875d669df3452	Identity anchored in a named lexical example/cell.	rt-complete-2071-003	rt-complete-2071-003	Native text inspection; original typography not newly certified. Consult original holding at sheet/printed-page/anchor, not a reproduced paragraph.
rt-passage-2072-56-2-1	2072	56	71	help	e3bd2a6c5210d1f2c37ad8d26d76383745291740b016cbf959295cdd65334674	Help-verb family and productive-rule illustration, not a quoted help-noun citation.	rt-complete-2072-001;rt-complete-2072-002;rt-complete-2072-003;rt-complete-2072-004;rt-complete-2072-005;rt-complete-2072-006;rt-complete-2072-007;rt-complete-2072-008;rt-complete-2072-009;rt-complete-2072-010;rt-complete-2072-011;rt-complete-2072-012;rt-complete-2072-013;rt-complete-2072-014;rt-complete-2072-015;rt-complete-2072-016;rt-complete-2072-017;rt-complete-2072-018;rt-complete-2072-019;rt-complete-2072-020;rt-complete-2072-021;rt-complete-2072-022;rt-complete-2072-023;rt-complete-2072-024;rt-complete-2072-025;rt-complete-2072-026;rt-complete-2072-027;rt-complete-2072-028;rt-complete-2072-029	rt-complete-2072-001;rt-complete-2072-002;rt-complete-2072-003;rt-complete-2072-004;rt-complete-2072-005;rt-complete-2072-006;rt-complete-2072-007;rt-complete-2072-008;rt-complete-2072-009;rt-complete-2072-010;rt-complete-2072-011;rt-complete-2072-012;rt-complete-2072-013;rt-complete-2072-014;rt-complete-2072-015;rt-complete-2072-016;rt-complete-2072-017;rt-complete-2072-018;rt-complete-2072-019;rt-complete-2072-020;rt-complete-2072-021;rt-complete-2072-022;rt-complete-2072-023;rt-complete-2072-024;rt-complete-2072-025;rt-complete-2072-026;rt-complete-2072-027;rt-complete-2072-028;rt-complete-2072-029	Native text inspection; original typography not newly certified. Consult original holding at sheet/printed-page/anchor, not a reproduced paragraph.
rt-passage-2073-182-9-1	2073	182	197	herdu	27d9b3019a5b47f70f6bb554633031ef413b73029bfe4598ea95e523f2d4923a	Identity anchored in a named lexical example/cell.	rt-complete-2073-001;rt-complete-2073-002;rt-complete-2073-003	rt-complete-2073-001;rt-complete-2073-002;rt-complete-2073-003	Native text inspection; original typography not newly certified. Consult original holding at sheet/printed-page/anchor, not a reproduced paragraph.
rt-passage-2074-66-6-1	2074	66	81	haww	b778030c9fd4ac897870ea147df7b5f62193a39209240ae2c40551c0eb7f2e66	Identity anchored in a named lexical example/cell.	rt-complete-2074-001;rt-complete-2074-002;rt-complete-2074-003	rt-complete-2074-001;rt-complete-2074-002;rt-complete-2074-003	Native text inspection; original typography not newly certified. Consult original holding at sheet/printed-page/anchor, not a reproduced paragraph.
rt-passage-2074-89-3-1	2074	89	104	haww	514ae65b1eea3c8906b5bc1629259d911c9313befe1817ecc05d0146d062b075	Identity anchored in a named lexical example/cell.	rt-complete-2074-004;rt-complete-2074-005;rt-complete-2074-006;rt-complete-2074-007	rt-complete-2074-004;rt-complete-2074-005;rt-complete-2074-006;rt-complete-2074-007;rt-complete-2074-008;rt-complete-2074-009;rt-complete-2074-010;rt-complete-2074-011;rt-complete-2074-012	Native text inspection; original typography not newly certified. Consult original holding at sheet/printed-page/anchor, not a reproduced paragraph.
rt-passage-2074-89-5-1	2074	89	104	haww	ef028808552ae4a4893878b6dc17841986ff84138a30efdc237cf5737abd1c6b	Identity anchored in a named lexical example/cell.	rt-complete-2074-008;rt-complete-2074-009;rt-complete-2074-010;rt-complete-2074-011;rt-complete-2074-012	rt-complete-2074-004;rt-complete-2074-005;rt-complete-2074-006;rt-complete-2074-007;rt-complete-2074-008;rt-complete-2074-009;rt-complete-2074-010;rt-complete-2074-011;rt-complete-2074-012	Native text inspection; original typography not newly certified. Consult original holding at sheet/printed-page/anchor, not a reproduced paragraph.
rt-passage-2074-172-3-1	2074	172	187	haww	0613a406932a8730eb0d326c52d4a71607f1e3d0a77cd609ad8bc081e81f2aa5	Identity anchored in a named lexical example/cell.	rt-complete-2074-013;rt-complete-2074-014;rt-complete-2074-015	rt-complete-2074-013;rt-complete-2074-014;rt-complete-2074-015	Native text inspection; original typography not newly certified. Consult original holding at sheet/printed-page/anchor, not a reproduced paragraph.
rt-passage-2076-27-9-1	2076	27	42	huzda	1d1b2287832a33695dc9c1454be1c70ee6ebd04b1a25fe54318c435907c84d8e	Identity anchored in a named lexical example/cell.	rt-complete-2076-001	rt-complete-2076-001	Native text inspection; original typography not newly certified. Consult original holding at sheet/printed-page/anchor, not a reproduced paragraph.
rt-passage-2076-84-5-1	2076	84	99	huzda	208cec79a8db8bcf3a801ecab4366cb4b247cb732045524e6c735539c480b398	Identity anchored in a named lexical example/cell.	rt-complete-2076-002;rt-complete-2076-003	rt-complete-2076-002;rt-complete-2076-003	Native text inspection; original typography not newly certified. Consult original holding at sheet/printed-page/anchor, not a reproduced paragraph.
rt-passage-2077-184-15-1	2077	184	199	healdan	d872af8f7fc869ad63374bb1b3f7e4c129bfb520993f30f542ced67c5f1cfda7	Identity anchored in a named lexical example/cell.	rt-complete-2077-001;rt-complete-2077-002;rt-complete-2077-003;rt-complete-2077-005;rt-complete-2077-006;rt-complete-2077-007	rt-complete-2077-001;rt-complete-2077-002;rt-complete-2077-003;rt-complete-2077-005;rt-complete-2077-006;rt-complete-2077-007	Native text inspection; original typography not newly certified. Consult original holding at sheet/printed-page/anchor, not a reproduced paragraph.
rt-passage-2077-350-13-1	2077	350	365	healdan	0a8f170895bb7498afdebc3bb5dd869500529323d50134e3bf5a431b0606a02c	Identity anchored in a named lexical example/cell.	rt-complete-2077-008	rt-complete-2077-008;rt-complete-2077-009	Native text inspection; original typography not newly certified. Consult original holding at sheet/printed-page/anchor, not a reproduced paragraph.
rt-passage-2078-15-16-1	2078	15	30	home	202893fb275981b79b5b35dad55fe8931e3f5d3e9db5ea0af2b53b7317aeb7d5	Identity anchored in a named lexical example/cell.	rt-complete-2078-001	rt-complete-2078-001	Native text inspection; original typography not newly certified. Consult original holding at sheet/printed-page/anchor, not a reproduced paragraph.
rt-passage-2078-170-10-1	2078	170	185	home	fa0ba2cef8c4017e0f0a8427f00bad2b0a86eaff318581ec8f5d3f07873a1961	Identity anchored in a named lexical example/cell.	rt-complete-2078-002;rt-complete-2078-003	rt-complete-2078-002;rt-complete-2078-003	Native text inspection; original typography not newly certified. Consult original holding at sheet/printed-page/anchor, not a reproduced paragraph.
rt-passage-2078-380-2-2	2078	380	395	home	88e76d8bf1ef7fdf38cbb06a0e690f649c6da9181b453ecc40fe231d0e315eb0	Identity anchored in a named lexical example/cell.	rt-complete-2078-004;rt-complete-2078-005;rt-complete-2078-006;rt-complete-2078-007	rt-complete-2078-004;rt-complete-2078-005;rt-complete-2078-006;rt-complete-2078-007	Native text inspection; original typography not newly certified. Consult original holding at sheet/printed-page/anchor, not a reproduced paragraph.
rt-passage-2079-31-12-1	2079	31	46	hunag	70c3ad575152c2b79f3e8db1dd36caaa4729aa96f5ee314438a7ca8b690d6fe9	Identity anchored in a named lexical example/cell.	rt-complete-2079-001;rt-complete-2079-002	rt-complete-2079-001;rt-complete-2079-002	Native text inspection; original typography not newly certified. Consult original holding at sheet/printed-page/anchor, not a reproduced paragraph.
rt-passage-2079-152-10-1	2079	152	167	hunag	3986903d65bf5029ae9f73a42ffb0578ca250e3e3ecfc236d1fc496100f76b41	Identity anchored in a named lexical example/cell.	rt-complete-2079-003;rt-complete-2079-004;rt-complete-2079-005;rt-complete-2079-006	rt-complete-2079-003;rt-complete-2079-004;rt-complete-2079-005;rt-complete-2079-006	Native text inspection; original typography not newly certified. Consult original holding at sheet/printed-page/anchor, not a reproduced paragraph.
rt-passage-2079-212-19-1	2079	212	227	hunag	5196f847ace5d8ab64a1bfb45821c540a35ad351f444e6f1985dc97a9974861f	Identity anchored in a named lexical example/cell.	rt-complete-2079-007;rt-complete-2079-008;rt-complete-2079-009	rt-complete-2079-007;rt-complete-2079-008;rt-complete-2079-009	Native text inspection; original typography not newly certified. Consult original holding at sheet/printed-page/anchor, not a reproduced paragraph.
rt-passage-2079-335-2-1	2079	335	350	hunag	ccd9afe40b26c3d7df20aaa3586dea5ab0677f4a1c761685d89f12a27fe9f66a	Identity anchored in a named lexical example/cell.	rt-complete-2079-010;rt-complete-2079-011;rt-complete-2079-012;rt-complete-2079-013;rt-complete-2079-014;rt-complete-2079-015	rt-complete-2079-010;rt-complete-2079-011;rt-complete-2079-012;rt-complete-2079-013;rt-complete-2079-014;rt-complete-2079-015	Native text inspection; original typography not newly certified. Consult original holding at sheet/printed-page/anchor, not a reproduced paragraph.
rt-passage-2082-27-19-1	2082	27	42	hurn	a31a14defef26b7928e878f548f6c80f4e18fd4d1d7d6f96f47f61e4f1f291f5	Identity anchored in a named lexical example/cell.	rt-complete-2082-001	rt-complete-2082-001	Native text inspection; original typography not newly certified. Consult original holding at sheet/printed-page/anchor, not a reproduced paragraph.
rt-passage-2082-45-7-1	2082	45	60	hurn	5242463d504a23e618bdd0affa6ab95d7d3113258b0cffbe558762bd2cb9d584	Identity anchored in a named lexical example/cell.	rt-complete-2082-002;rt-complete-2082-003;rt-complete-2082-004	rt-complete-2082-002;rt-complete-2082-003;rt-complete-2082-004	Native text inspection; original typography not newly certified. Consult original holding at sheet/printed-page/anchor, not a reproduced paragraph.
rt-passage-2083-29-6-1	2083	29	44	hundaz	d4aee5f856f4201856f4d8538549a133290a2dbe6c07941a179c698240d67dd6	Identity anchored in a named lexical example/cell.	rt-complete-2083-001	rt-complete-2083-001	Native text inspection; original typography not newly certified. Consult original holding at sheet/printed-page/anchor, not a reproduced paragraph.
rt-passage-2084-78-5-1	2084	78	93	knedan	25b3ddef3f21159088a70e62ed80f3e6b7733b98f4958054b274e1aedf9d0a3f	Identity anchored in a named lexical example/cell.	rt-complete-2084-001;rt-complete-2084-002;rt-complete-2084-003;rt-complete-2084-004;rt-complete-2084-005;rt-complete-2084-006	rt-complete-2084-001;rt-complete-2084-002;rt-complete-2084-003;rt-complete-2084-004;rt-complete-2084-005;rt-complete-2084-006	Native text inspection; original typography not newly certified. Consult original holding at sheet/printed-page/anchor, not a reproduced paragraph.
rt-passage-2085-61-8-1	2085	61	76	kneu	5807d0bdf2b20fe7a2399903d1847bb6bc73cf8413485b732261a6cc2f428c1a	Selected short dative cneowe: source endingless long cnéo and speculative long-vowel levelling do not quote that dative.	rt-complete-2085-001;rt-complete-2085-002;rt-complete-2085-003;rt-complete-2085-004	rt-complete-2085-001;rt-complete-2085-002;rt-complete-2085-003;rt-complete-2085-004	Native text inspection; original typography not newly certified. Consult original holding at sheet/printed-page/anchor, not a reproduced paragraph.
rt-passage-2085-387-4-1	2085	387	402	kneu	f4967433c1d2784104ec1aeb787453aad8098c71f18dda56e1e3d9385b2fa69e	Selected short dative cneowe: source endingless long cnéo and speculative long-vowel levelling do not quote that dative.	rt-complete-2085-005;rt-complete-2085-006;rt-complete-2085-007;rt-complete-2085-008;rt-complete-2085-009;rt-complete-2085-010;rt-complete-2085-011;rt-complete-2085-012;rt-complete-2085-013;rt-complete-2085-014	rt-complete-2085-005;rt-complete-2085-006;rt-complete-2085-007;rt-complete-2085-008;rt-complete-2085-009;rt-complete-2085-010;rt-complete-2085-011;rt-complete-2085-012;rt-complete-2085-013;rt-complete-2085-014;rt-complete-2085-018	Native text inspection; original typography not newly certified. Consult original holding at sheet/printed-page/anchor, not a reproduced paragraph.
rt-passage-2085-174-17-1	2085	174	189	knewa	64a11e37bf6e8c216bf2e1e290d8166cc4425fc72f31b7b6b2d179da913b7672	Selected short dative cneowe: source endingless long cnéo and speculative long-vowel levelling do not quote that dative.	rt-complete-2085-015	rt-complete-2085-015	Native text inspection; original typography not newly certified. Consult original holding at sheet/printed-page/anchor, not a reproduced paragraph.
rt-passage-2085-187-9-1	2085	187	202	knewa	4effa6a554560179439398f4947327505d87e41d7e2f3c0243783ca2720c6de3	Selected short dative cneowe: source endingless long cnéo and speculative long-vowel levelling do not quote that dative.	rt-complete-2085-016	rt-complete-2085-016	Native text inspection; original typography not newly certified. Consult original holding at sheet/printed-page/anchor, not a reproduced paragraph.
rt-passage-2086-127-4-1	2086	127	142	kneht	df06cfee04c148c05eb310fa53a4e160514dae43d5775ef993c9fcdb0fa933e6	Identity anchored in a named lexical example/cell.	rt-complete-2086-001;rt-complete-2086-002	rt-complete-2086-001;rt-complete-2086-002;rt-complete-2086-007	Native text inspection; original typography not newly certified. Consult original holding at sheet/printed-page/anchor, not a reproduced paragraph.
rt-passage-2086-337-5-1	2086	337	352	kneht	3c0a6b8301cb67189e1171bd5db5c529aa7a22254d555ee882d063a3308b09e4	Identity anchored in a named lexical example/cell.	rt-complete-2086-003;rt-complete-2086-004;rt-complete-2086-005;rt-complete-2086-006	rt-complete-2086-003;rt-complete-2086-004;rt-complete-2086-005;rt-complete-2086-006	Native text inspection; original typography not newly certified. Consult original holding at sheet/printed-page/anchor, not a reproduced paragraph.
rt-passage-2089-15-12-1	2089	15	30	landu	ddffce29d6738732865dc66bf3180e997cb850367e4128c82490b2ed9d71b383	Identity anchored in a named lexical example/cell.	rt-complete-2089-001	rt-complete-2089-001	Native text inspection; original typography not newly certified. Consult original holding at sheet/printed-page/anchor, not a reproduced paragraph.
rt-passage-2089-286-11-1	2089	286	301	landu	84eb561c745835fecc1f7da06810e9116be195b9fd648c2ea99691fa8679348e	Identity anchored in a named lexical example/cell.	rt-complete-2089-002;rt-complete-2089-003;rt-complete-2089-004;rt-complete-2089-005	rt-complete-2089-002;rt-complete-2089-003;rt-complete-2089-004;rt-complete-2089-005	Native text inspection; original typography not newly certified. Consult original holding at sheet/printed-page/anchor, not a reproduced paragraph.
rt-passage-2090-219-7-1	2090	219	234	lappa	f88b7987cb029741fbe1455b1cbfddde69a2befa55b80caf332fd8543a6caff8	Identity anchored in a named lexical example/cell.	rt-complete-2090-001	rt-complete-2090-001	Native text inspection; original typography not newly certified. Consult original holding at sheet/printed-page/anchor, not a reproduced paragraph.
rt-passage-2091-234-10-1	2091	234	249	laistijana	b19bd347fde9a0b891c9be1a62abd0320850cd1abb6efb23fdd9db2b4f58fbdd	Identity anchored in a named lexical example/cell.	rt-complete-2091-001;rt-complete-2091-002;rt-complete-2091-003	rt-complete-2091-001;rt-complete-2091-002;rt-complete-2091-003	Native text inspection; original typography not newly certified. Consult original holding at sheet/printed-page/anchor, not a reproduced paragraph.
rt-passage-2092-51-18-1	2092	51	66	hlahjan	3258d379a62ca72dbdcdc3e05b225a131a4b1cea0e705d82111527c5e1d15a28	Identity anchored in a named lexical example/cell.	rt-complete-2092-001;rt-complete-2092-002;rt-complete-2092-003;rt-complete-2092-004	rt-complete-2092-001;rt-complete-2092-002;rt-complete-2092-003;rt-complete-2092-004;rt-complete-2092-020	Native text inspection; original typography not newly certified. Consult original holding at sheet/printed-page/anchor, not a reproduced paragraph.
rt-passage-2092-177-3-1	2092	177	192	hlahjan	b9c80b478316bd94fada4e4ee5ca44ca23977f90bb952882392a9f440b4ffa8e	Identity anchored in a named lexical example/cell.	rt-complete-2092-005;rt-complete-2092-006;rt-complete-2092-007;rt-complete-2092-008;rt-complete-2092-009	rt-complete-2092-005;rt-complete-2092-006;rt-complete-2092-007;rt-complete-2092-008;rt-complete-2092-009	Native text inspection; original typography not newly certified. Consult original holding at sheet/printed-page/anchor, not a reproduced paragraph.
rt-passage-2092-240-6-1	2092	240	255	hlahjan	9c6e6659a8ad61831050017c32e22bfbd531f9ce1f052911ce0ac243fe7f0f6e	Identity anchored in a named lexical example/cell.	rt-complete-2092-010;rt-complete-2092-011;rt-complete-2092-012;rt-complete-2092-013;rt-complete-2092-014	rt-complete-2092-010;rt-complete-2092-011;rt-complete-2092-012;rt-complete-2092-013;rt-complete-2092-014	Native text inspection; original typography not newly certified. Consult original holding at sheet/printed-page/anchor, not a reproduced paragraph.
rt-passage-2092-343-10-1	2092	343	358	hliehhan	37a2fa879df18bdf3f8ed346e8b43d7eb9758a89e75a8286d5eca3be6c5a7d43	Identity anchored in a named lexical example/cell.		rt-complete-2092-016;rt-complete-2092-017;rt-complete-2092-018;rt-complete-2092-019	Native text inspection; original typography not newly certified. Consult original holding at sheet/printed-page/anchor, not a reproduced paragraph.
rt-passage-2092-348-14-1	2092	348	363	hliehhan	7983fadcfcd9838cf94cfd002a1740d23c63d67ce3c5e078dc3191edb3284704	Identity anchored in a named lexical example/cell.	rt-complete-2092-015	rt-complete-2092-015	Native text inspection; original typography not newly certified. Consult original holding at sheet/printed-page/anchor, not a reproduced paragraph.
rt-passage-2093-234-8-1	2093	234	249	laidijan	c73d9a7c1a9ddfe67e854d47e18dc00e4f09a7c79b5714558041fb8542aa6795	Identity anchored in a named lexical example/cell.	rt-complete-2093-001;rt-complete-2093-002;rt-complete-2093-003;rt-complete-2093-004;rt-complete-2093-005	rt-complete-2093-001;rt-complete-2093-002;rt-complete-2093-003;rt-complete-2093-004;rt-complete-2093-005	Native text inspection; original typography not newly certified. Consult original holding at sheet/printed-page/anchor, not a reproduced paragraph.
rt-passage-2094-172-5-1	2094	172	187	laub	ddbe979cec4a2105ba28205e9dfc7a16ee4276e930b93d1b37f2d2d2b0d727a3	Identity anchored in a named lexical example/cell.	rt-complete-2094-001;rt-complete-2094-002;rt-complete-2094-003	rt-complete-2094-001;rt-complete-2094-002;rt-complete-2094-003	Native text inspection; original typography not newly certified. Consult original holding at sheet/printed-page/anchor, not a reproduced paragraph.
rt-passage-2095-38-4-1	2095	38	53	lizn	f7b3978b169f45aea7e254c36664181184d231ff6d3ffe1b92c7fba56e06b27b	Identity anchored in a named lexical example/cell.	rt-complete-2095-001;rt-complete-2095-002;rt-complete-2095-003	rt-complete-2095-001;rt-complete-2095-002;rt-complete-2095-003;rt-complete-2095-017	Native text inspection; original typography not newly certified. Consult original holding at sheet/printed-page/anchor, not a reproduced paragraph.
rt-passage-2095-84-8-1	2095	84	99	lizn	c0a07e54f6c10557103951d6e7427452c5d2670d6f90b308ed64c8dc997c5eae	Identity anchored in a named lexical example/cell.	rt-complete-2095-004;rt-complete-2095-005;rt-complete-2095-006;rt-complete-2095-007	rt-complete-2095-004;rt-complete-2095-005;rt-complete-2095-006;rt-complete-2095-007	Native text inspection; original typography not newly certified. Consult original holding at sheet/printed-page/anchor, not a reproduced paragraph.
rt-passage-2095-95-12-1	2095	95	110	lizn	853a404f0e7b0e6877a7a335127f67c36825463df066dcdb21f5ef07ab4c154f	Identity anchored in a named lexical example/cell.	rt-complete-2095-008;rt-complete-2095-009;rt-complete-2095-010;rt-complete-2095-011	rt-complete-2095-008;rt-complete-2095-009;rt-complete-2095-010;rt-complete-2095-011;rt-complete-2095-018	Native text inspection; original typography not newly certified. Consult original holding at sheet/printed-page/anchor, not a reproduced paragraph.
rt-passage-2095-183-4-1	2095	183	198	lizn	1f6ac4e268ea688de7aa2da4b2978be612be5459f6d82ce93a1f11e6c654f00e	Identity anchored in a named lexical example/cell.	rt-complete-2095-012;rt-complete-2095-013;rt-complete-2095-014;rt-complete-2095-015;rt-complete-2095-016	rt-complete-2095-012;rt-complete-2095-013;rt-complete-2095-014;rt-complete-2095-015;rt-complete-2095-016	Native text inspection; original typography not newly certified. Consult original holding at sheet/printed-page/anchor, not a reproduced paragraph.
rt-passage-2098-11-4-1	2098	11	26	létana	ee9906594e5327159b7d91d04eb7de329a43706001f1f100c7923aa339196bd2	Identity anchored in a named lexical example/cell.	rt-complete-2098-001;rt-complete-2098-002;rt-complete-2098-003	rt-complete-2098-001;rt-complete-2098-002;rt-complete-2098-003	Native text inspection; original typography not newly certified. Consult original holding at sheet/printed-page/anchor, not a reproduced paragraph.
rt-passage-2098-90-11-1	2098	90	105	létana	c0c229704d9f52b2390542e71d741440d03f2dac744cba5766ac21fc169a1e6f	Identity anchored in a named lexical example/cell.	rt-complete-2098-004;rt-complete-2098-005;rt-complete-2098-006;rt-complete-2098-007;rt-complete-2098-008;rt-complete-2098-009;rt-complete-2098-010;rt-complete-2098-011;rt-complete-2098-012	rt-complete-2098-004;rt-complete-2098-005;rt-complete-2098-006;rt-complete-2098-007;rt-complete-2098-008;rt-complete-2098-009;rt-complete-2098-010;rt-complete-2098-011;rt-complete-2098-012	Native text inspection; original typography not newly certified. Consult original holding at sheet/printed-page/anchor, not a reproduced paragraph.
rt-passage-2098-518-5-1	2098	518	533	lelot	48ab8ddc434ac7c19656a7a184475c420554806670eca1257aa426e97b25a479	Identity anchored in a named lexical example/cell.	rt-complete-2098-013;rt-complete-2098-014;rt-complete-2098-015;rt-complete-2098-016;rt-complete-2098-017;rt-complete-2098-018;rt-complete-2098-019;rt-complete-2098-020	rt-complete-2098-013;rt-complete-2098-014;rt-complete-2098-015;rt-complete-2098-016;rt-complete-2098-017;rt-complete-2098-018;rt-complete-2098-019;rt-complete-2098-020;rt-complete-2098-021	Native text inspection; original typography not newly certified. Consult original holding at sheet/printed-page/anchor, not a reproduced paragraph.
rt-passage-2099-35-6-1	2099	35	50	li/ekk	8846253ce295ff394903f99b566b5b76521c8240a9bd0d3415ad3af017040c7c	Identity anchored in a named lexical example/cell.	rt-complete-2099-001;rt-complete-2099-002	rt-complete-2099-001;rt-complete-2099-002;rt-complete-2099-003	Native text inspection; original typography not newly certified. Consult original holding at sheet/printed-page/anchor, not a reproduced paragraph.
rt-passage-2101-298-5-1	2101	298	313	liba	8a304d5f66120aa267fad449dd1f6f26a4a95b4f166f1dd2762bf0388d67abb1	Identity anchored in a named lexical example/cell.	rt-complete-2101-001;rt-complete-2101-002	rt-complete-2101-001;rt-complete-2101-002;rt-complete-2101-003	Native text inspection; original typography not newly certified. Consult original holding at sheet/printed-page/anchor, not a reproduced paragraph.
rt-passage-2102-249-12-1	2102	249	264	liehtan	22caf0a54f379b7cbfae6037c0ce29a98fcfc405589f10457e4a5e77d608d302	Identity anchored in a named lexical example/cell.	rt-complete-2102-001;rt-complete-2102-002;rt-complete-2102-003;rt-complete-2102-004;rt-complete-2102-005	rt-complete-2102-001;rt-complete-2102-002;rt-complete-2102-003;rt-complete-2102-004;rt-complete-2102-005;rt-complete-2102-006;rt-complete-2102-007;rt-complete-2102-008;rt-complete-2102-009	Native text inspection; original typography not newly certified. Consult original holding at sheet/printed-page/anchor, not a reproduced paragraph.
rt-passage-2102-249-13-1	2102	249	264	liehtan	816ae0d49b1ccaac39ab1db00513819857dbedab5759b7edbcda8b4651dbeba8	Identity anchored in a named lexical example/cell.	rt-complete-2102-006;rt-complete-2102-007;rt-complete-2102-008;rt-complete-2102-009	rt-complete-2102-001;rt-complete-2102-002;rt-complete-2102-003;rt-complete-2102-004;rt-complete-2102-005;rt-complete-2102-006;rt-complete-2102-007;rt-complete-2102-008;rt-complete-2102-009	Native text inspection; original typography not newly certified. Consult original holding at sheet/printed-page/anchor, not a reproduced paragraph.
rt-passage-2102-310-4-1	2102	310	325	liehtan	f8639baa3751c85f5bcac4edbec3799528fda3d9294d1684e44a92f7a8075577	Identity anchored in a named lexical example/cell.	rt-complete-2102-010;rt-complete-2102-011;rt-complete-2102-012;rt-complete-2102-013;rt-complete-2102-014;rt-complete-2102-015	rt-complete-2102-010;rt-complete-2102-011;rt-complete-2102-012;rt-complete-2102-013;rt-complete-2102-014;rt-complete-2102-015	Native text inspection; original typography not newly certified. Consult original holding at sheet/printed-page/anchor, not a reproduced paragraph.
rt-passage-2107-34-10-1	2107	34	49	libja-	125920626cda68e75014e8d6e4389c19b643e7da8498b56df3cc8369016b550a	Identity anchored in a named lexical example/cell.	rt-complete-2107-001;rt-complete-2107-002;rt-complete-2107-003	rt-complete-2107-001;rt-complete-2107-002;rt-complete-2107-003	Native text inspection; original typography not newly certified. Consult original holding at sheet/printed-page/anchor, not a reproduced paragraph.
rt-passage-2107-93-3-1	2107	93	108	libban	93b5270e8cddff43c63cf5a65f4bda67066d2d382d792bf16efb0a847b94fe73	Identity anchored in a named lexical example/cell.	rt-complete-2107-004	rt-complete-2107-004	Native text inspection; original typography not newly certified. Consult original holding at sheet/printed-page/anchor, not a reproduced paragraph.
rt-passage-2107-321-7-1	2107	321	336	libban	aee7d9dfbbce06746365b9c61f824b2b8f7685ef21b17a89f81302833f4bc729	Identity anchored in a named lexical example/cell.	rt-complete-2107-005;rt-complete-2107-006;rt-complete-2107-007;rt-complete-2107-008;rt-complete-2107-009;rt-complete-2107-010;rt-complete-2107-011	rt-complete-2107-005;rt-complete-2107-006;rt-complete-2107-007;rt-complete-2107-008;rt-complete-2107-009;rt-complete-2107-010;rt-complete-2107-011	Native text inspection; original typography not newly certified. Consult original holding at sheet/printed-page/anchor, not a reproduced paragraph.
rt-passage-2107-363-2-1	2107	363	378	libban	3862bb63e4de1323bdf8491213993039d68449682e35178323d013a77dfe8403	Identity anchored in a named lexical example/cell.	rt-complete-2107-012	rt-complete-2107-012	Native text inspection; original typography not newly certified. Consult original holding at sheet/printed-page/anchor, not a reproduced paragraph.
rt-passage-2107-364-2-1	2107	364	379	libban	dfc1a24af6bb4312d1c339fa96ab9bf4326692e015bf2420c249df32792dc9f7	Identity anchored in a named lexical example/cell.	rt-complete-2107-013;rt-complete-2107-014;rt-complete-2107-015;rt-complete-2107-016	rt-complete-2107-013;rt-complete-2107-014;rt-complete-2107-015;rt-complete-2107-016;rt-complete-2107-017;rt-complete-2107-018	Native text inspection; original typography not newly certified. Consult original holding at sheet/printed-page/anchor, not a reproduced paragraph.
rt-passage-2107-364-3-1	2107	364	379	libban	c1da0ec4913b5eaecd6509c63969154a43b62e2e4b776df06af7ec70b30e7f56	Identity anchored in a named lexical example/cell.	rt-complete-2107-017	rt-complete-2107-013;rt-complete-2107-014;rt-complete-2107-015;rt-complete-2107-016;rt-complete-2107-017;rt-complete-2107-018	Native text inspection; original typography not newly certified. Consult original holding at sheet/printed-page/anchor, not a reproduced paragraph.
rt-passage-2108-34-12-1	2108	34	49	libru	a1790bf444b65c701a2ffe16fb50432bcbdf3f12a69ece915b97146d10dd9f1e	Identity anchored in a named lexical example/cell.	rt-complete-2108-001;rt-complete-2108-002;rt-complete-2108-003	rt-complete-2108-001;rt-complete-2108-002;rt-complete-2108-003	Native text inspection; original typography not newly certified. Consult original holding at sheet/printed-page/anchor, not a reproduced paragraph.
rt-passage-2108-328-18-1	2108	328	343	libru	f1163313abe5de428428d3b679b93b15b27e5b552e17944a5f845ceabe48b470	Identity anchored in a named lexical example/cell.	rt-complete-2108-004;rt-complete-2108-005;rt-complete-2108-006	rt-complete-2108-004;rt-complete-2108-005;rt-complete-2108-006	Native text inspection; original typography not newly certified. Consult original holding at sheet/printed-page/anchor, not a reproduced paragraph.
rt-passage-2110-129-8-1	2110	129	144	laibaz	e1ea5d3d38e262ff0d188811cd2f405682f22f1f9bf4cb30ad924416f8217982	Identity anchored in a named lexical example/cell.	rt-complete-2110-001;rt-complete-2110-002;rt-complete-2110-003	rt-complete-2110-001;rt-complete-2110-002;rt-complete-2110-003	Native text inspection; original typography not newly certified. Consult original holding at sheet/printed-page/anchor, not a reproduced paragraph.
rt-passage-2115-30-21-1	2115	30	45	lustuz	eb7abb5779ca94f845f007461b1c452ef5cf366d3effde675bf7bfcdde9fef66	Desire noun and its suffixed derivative remain separate.	rt-complete-2115-001	rt-complete-2115-001	Native text inspection; original typography not newly certified. Consult original holding at sheet/printed-page/anchor, not a reproduced paragraph.
rt-passage-2115-521-5-1	2115	521	536	lustusamaz	67b98194ec2931250e6fad60f30df0286738ae9058eb9ea93034dbc6121e370b	Desire noun and its suffixed derivative remain separate.	rt-complete-2115-002;rt-complete-2115-003	rt-complete-2115-002;rt-complete-2115-003;rt-complete-2115-004	Native text inspection; original typography not newly certified. Consult original holding at sheet/printed-page/anchor, not a reproduced paragraph.
rt-passage-2117-127-9-1	2117	127	142	makon	3d9557f3a732cfac8b59acd42010ce7496918014f7b7616a99361b0e6e32c388	Identity anchored in a named lexical example/cell.	rt-complete-2117-001;rt-complete-2117-002	rt-complete-2117-001;rt-complete-2117-002	Native text inspection; original typography not newly certified. Consult original holding at sheet/printed-page/anchor, not a reproduced paragraph.
rt-passage-2117-228-3-1	2117	228	243	mak6n	e3648ed846f7c384f0890dc1d020a0d00ff55a037a21d20ce169e3a110dd938b	Identity anchored in a named lexical example/cell.	rt-complete-2117-003;rt-complete-2117-004;rt-complete-2117-005;rt-complete-2117-006	rt-complete-2117-003;rt-complete-2117-004;rt-complete-2117-005;rt-complete-2117-006	Native text inspection; original typography not newly certified. Consult original holding at sheet/printed-page/anchor, not a reproduced paragraph.
rt-passage-2117-191-4-1	2117	191	206	macian	5a4bb63aa19f9705194e91fdb166b3b89ede794763959c2fd4c2988453c0b02a	Identity anchored in a named lexical example/cell.	rt-complete-2117-007;rt-complete-2117-008;rt-complete-2117-010	rt-complete-2117-007;rt-complete-2117-008;rt-complete-2117-010	Native text inspection; original typography not newly certified. Consult original holding at sheet/printed-page/anchor, not a reproduced paragraph.
rt-passage-2119-144-8-1	2119	144	159	mann-	68d2fe8c793a654d0cb711408915d0ef4830f8e194a1ede035352693c7a1973c	Selected genitive mannes is not the source nominative/plural. No mann/wer identity conflation.	rt-complete-2119-001;rt-complete-2119-002;rt-complete-2119-003	rt-complete-2119-001;rt-complete-2119-002;rt-complete-2119-003	Native text inspection; original typography not newly certified. Consult original holding at sheet/printed-page/anchor, not a reproduced paragraph.
rt-passage-2119-229-4-1	2119	229	244	manniz	f993ebe581cc63def21b396c0ef419c2a3e9d45f039003a7065473de5e47f466	Selected genitive mannes is not the source nominative/plural. No mann/wer identity conflation.	rt-complete-2119-004;rt-complete-2119-005;rt-complete-2119-006	rt-complete-2119-004;rt-complete-2119-005;rt-complete-2119-006;rt-complete-2119-013	Native text inspection; original typography not newly certified. Consult original holding at sheet/printed-page/anchor, not a reproduced paragraph.
rt-passage-2119-286-16-1	2119	286	301	manniz	65d3e468d06dd9fe05318a7ea4fd195b5605bcad03298c060acb8c4bde8aca06	Selected genitive mannes is not the source nominative/plural. No mann/wer identity conflation.	rt-complete-2119-007;rt-complete-2119-008;rt-complete-2119-009;rt-complete-2119-010	rt-complete-2119-007;rt-complete-2119-008;rt-complete-2119-009;rt-complete-2119-010;rt-complete-2119-014	Native text inspection; original typography not newly certified. Consult original holding at sheet/printed-page/anchor, not a reproduced paragraph.
rt-passage-2120-180-16-1	2120	180	195	mark	11e1b7e10a56ff91495cc8b3ee25381043925ce76bfc8a14533c81d81f859a4b	Identity anchored in a named lexical example/cell.	rt-complete-2120-001;rt-complete-2120-002;rt-complete-2120-003;rt-complete-2120-004	rt-complete-2120-001;rt-complete-2120-002;rt-complete-2120-003;rt-complete-2120-004;rt-complete-2120-016	Native text inspection; original typography not newly certified. Consult original holding at sheet/printed-page/anchor, not a reproduced paragraph.
rt-passage-2120-285-3-1	2120	285	300	mark	f35576d7e433e0c5e17d87a910ba494bc661ae381a85c2872aff90710288da4e	Identity anchored in a named lexical example/cell.	rt-complete-2120-005;rt-complete-2120-006;rt-complete-2120-007;rt-complete-2120-008	rt-complete-2120-005;rt-complete-2120-006;rt-complete-2120-007;rt-complete-2120-008	Native text inspection; original typography not newly certified. Consult original holding at sheet/printed-page/anchor, not a reproduced paragraph.
rt-passage-2120-313-2-1	2120	313	328	mark	fa6bbd57d63fe4a27d2fd30c5efc9a1219a4c1bdd4f0b645f130cb104dab6d35	Identity anchored in a named lexical example/cell.	rt-complete-2120-009;rt-complete-2120-010;rt-complete-2120-011;rt-complete-2120-012;rt-complete-2120-013;rt-complete-2120-014;rt-complete-2120-015	rt-complete-2120-009;rt-complete-2120-010;rt-complete-2120-011;rt-complete-2120-012;rt-complete-2120-013;rt-complete-2120-014;rt-complete-2120-015	Native text inspection; original typography not newly certified. Consult original holding at sheet/printed-page/anchor, not a reproduced paragraph.
rt-passage-2122-150-3-1	2122	150	165	méla	546d5d1ae2d86880db3ec5fc410b81c0e2748bbe77b21d9be34d2bd9e9785d33	Mǣl '(a) time', not melwą flour.	rt-complete-2122-001;rt-complete-2122-002;rt-complete-2122-003	rt-complete-2122-001;rt-complete-2122-002;rt-complete-2122-003	Native text inspection; original typography not newly certified. Consult original holding at sheet/printed-page/anchor, not a reproduced paragraph.
rt-passage-2122-239-15-1	2122	239	254	méla	b8e80aae53ade5476922d2136bfabe238ffc48508667b33c2f5b3fae9ccab81b	Mǣl '(a) time', not melwą flour.	rt-complete-2122-004;rt-complete-2122-005;rt-complete-2122-006	rt-complete-2122-004;rt-complete-2122-005;rt-complete-2122-006	Native text inspection; original typography not newly certified. Consult original holding at sheet/printed-page/anchor, not a reproduced paragraph.
rt-passage-2124-84-6-1	2124	84	99	mizd	fe00ac56745e805a1767b8f8bd5ba66aa94e264312d18203503410ee4432aa79	Identity anchored in a named lexical example/cell.	rt-complete-2124-001;rt-complete-2124-002	rt-complete-2124-001;rt-complete-2124-002	Native text inspection; original typography not newly certified. Consult original holding at sheet/printed-page/anchor, not a reproduced paragraph.
rt-passage-2124-285-6-1	2124	285	300	mizd	b817cdcd43003df70a5f8b9c19c1203c8a7098a4e4f5afcba31edf5fab597ea1	Identity anchored in a named lexical example/cell.	rt-complete-2124-003;rt-complete-2124-004;rt-complete-2124-005	rt-complete-2124-003;rt-complete-2124-004;rt-complete-2124-005	Native text inspection; original typography not newly certified. Consult original holding at sheet/printed-page/anchor, not a reproduced paragraph.
rt-passage-2126-253-10-1	2126	253	268	meluk	8859d99481b5ab5cc61f8123858ed7155b393402c761de5bc05a9fc282ea774f	Identity anchored in a named lexical example/cell.	rt-complete-2126-001;rt-complete-2126-002;rt-complete-2126-003;rt-complete-2126-004;rt-complete-2126-005;rt-complete-2126-006	rt-complete-2126-001;rt-complete-2126-002;rt-complete-2126-003;rt-complete-2126-004;rt-complete-2126-005;rt-complete-2126-006;rt-complete-2126-008	Native text inspection; original typography not newly certified. Consult original holding at sheet/printed-page/anchor, not a reproduced paragraph.
rt-passage-2126-324-14-1	2126	324	339	meluk	4920435e917f9bdae8dd63a9e81d5678934621dc358a76f120df3adb50c89350	Identity anchored in a named lexical example/cell.	rt-complete-2126-007	rt-complete-2126-007;rt-complete-2126-009	Native text inspection; original typography not newly certified. Consult original holding at sheet/printed-page/anchor, not a reproduced paragraph.
rt-passage-2127-143-10-1	2127	143	158	ménop-	e1d7319797f9a6975659fb1a09bd13d2532d351423be8762774136e86b81f18d	Identity anchored in a named lexical example/cell.	rt-complete-2127-001;rt-complete-2127-002;rt-complete-2127-003;rt-complete-2127-004;rt-complete-2127-005;rt-complete-2127-006;rt-complete-2127-007	rt-complete-2127-001;rt-complete-2127-002;rt-complete-2127-003;rt-complete-2127-004;rt-complete-2127-005;rt-complete-2127-006;rt-complete-2127-007;rt-complete-2127-013	Native text inspection; original typography not newly certified. Consult original holding at sheet/printed-page/anchor, not a reproduced paragraph.
rt-passage-2127-11-18-1	2127	11	26	méndb-	d1b55c69800b62878023252304d4dce0d030d80f9ef4c7bc77bd0cd9b4db58a3	Identity anchored in a named lexical example/cell.	rt-complete-2127-008;rt-complete-2127-009;rt-complete-2127-010;rt-complete-2127-011;rt-complete-2127-012	rt-complete-2127-008;rt-complete-2127-009;rt-complete-2127-010;rt-complete-2127-011;rt-complete-2127-012	Native text inspection; original typography not newly certified. Consult original holding at sheet/printed-page/anchor, not a reproduced paragraph.
rt-passage-2129-381-5-1	2129	381	396	stéopmoder	3ea7743f4d004a1ca576699f6ffe444296d103f39bdd56eabf3ef126b417a723	Step-mother compound supplies a kinship-paradigm example, not an assembled standalone mother citation.	rt-complete-2129-001;rt-complete-2129-002	rt-complete-2129-001;rt-complete-2129-002	Native text inspection; original typography not newly certified. Consult original holding at sheet/printed-page/anchor, not a reproduced paragraph.
rt-passage-2130-148-4-1	2130	148	163	nagl	fb29ec191a9a38abc581c1069cfbd21eb02e50f74837222dcacb5905ef02824a	Identity anchored in a named lexical example/cell.	rt-complete-2130-001;rt-complete-2130-002;rt-complete-2130-003	rt-complete-2130-001;rt-complete-2130-002;rt-complete-2130-003	Native text inspection; original typography not newly certified. Consult original holding at sheet/printed-page/anchor, not a reproduced paragraph.
rt-passage-2130-212-8-1	2130	212	227	nagl	fef03fdd4a90cb79ca7bf5ffda073a17a38412e2baeb8c8bdcb743917d5e20e1	Identity anchored in a named lexical example/cell.	rt-complete-2130-004;rt-complete-2130-005;rt-complete-2130-006	rt-complete-2130-004;rt-complete-2130-005;rt-complete-2130-006	Native text inspection; original typography not newly certified. Consult original holding at sheet/printed-page/anchor, not a reproduced paragraph.
rt-passage-2130-329-7-1	2130	329	344	nagl	a7a47ab6dae8af45e85fc50f25d099007efa1ab97d1418210dcc92b46252e23e	Identity anchored in a named lexical example/cell.	rt-complete-2130-007;rt-complete-2130-008;rt-complete-2130-009	rt-complete-2130-007;rt-complete-2130-008;rt-complete-2130-009	Native text inspection; original typography not newly certified. Consult original holding at sheet/printed-page/anchor, not a reproduced paragraph.
rt-passage-2131-59-10-1	2131	59	74	namo	530c76c1cc3ce4ea0457808c52d56b7fd779f61547fca97c6ff80f4a8add521b	Identity anchored in a named lexical example/cell.	rt-complete-2131-001;rt-complete-2131-002;rt-complete-2131-003	rt-complete-2131-001;rt-complete-2131-002;rt-complete-2131-003	Native text inspection; original typography not newly certified. Consult original holding at sheet/printed-page/anchor, not a reproduced paragraph.
rt-passage-2131-144-14-1	2131	144	159	namo	ae5c860db4d38b5f5acd320add4e952ce5df3cf7596c476a6a2788afd379f466	Identity anchored in a named lexical example/cell.	rt-complete-2131-004;rt-complete-2131-005;rt-complete-2131-006	rt-complete-2131-004;rt-complete-2131-005;rt-complete-2131-006	Native text inspection; original typography not newly certified. Consult original holding at sheet/printed-page/anchor, not a reproduced paragraph.
rt-passage-2131-154-4-1	2131	154	169	namo	7a507e2eab3fcbc35c7fa11493e396bf3b6c5a724eb059905a0083af90d0f837	Identity anchored in a named lexical example/cell.	rt-complete-2131-007;rt-complete-2131-008;rt-complete-2131-009;rt-complete-2131-010	rt-complete-2131-007;rt-complete-2131-008;rt-complete-2131-009;rt-complete-2131-010	Native text inspection; original typography not newly certified. Consult original holding at sheet/printed-page/anchor, not a reproduced paragraph.
rt-passage-2131-300-5-1	2131	300	315	namo	ea5a7f34543c0f09a8c5c06dec5e5b797bf8e37fb7fd0c03ebbea82f1849f395	Identity anchored in a named lexical example/cell.	rt-complete-2131-011;rt-complete-2131-012;rt-complete-2131-013;rt-complete-2131-014;rt-complete-2131-015;rt-complete-2131-016;rt-complete-2131-017;rt-complete-2131-018;rt-complete-2131-019	rt-complete-2131-011;rt-complete-2131-012;rt-complete-2131-013;rt-complete-2131-014;rt-complete-2131-015;rt-complete-2131-016;rt-complete-2131-017;rt-complete-2131-018;rt-complete-2131-019	Native text inspection; original typography not newly certified. Consult original holding at sheet/printed-page/anchor, not a reproduced paragraph.
rt-passage-2131-79-7-1	2131	79	94	nama	51eb6df6f83a67463f5c859739f6a2daa47acbcfeaeefa41ec9ed923d2a5bb06	Identity anchored in a named lexical example/cell.	rt-complete-2131-020;rt-complete-2131-021;rt-complete-2131-022	rt-complete-2131-020;rt-complete-2131-021;rt-complete-2131-022	Native text inspection; original typography not newly certified. Consult original holding at sheet/printed-page/anchor, not a reproduced paragraph.
rt-passage-2131-163-4-1	2131	163	178	nama	30959af5f73b1229ef723fef3153d14862f92f7e8c8671b147532828a915baa7	Identity anchored in a named lexical example/cell.	rt-complete-2131-023	rt-complete-2131-023	Native text inspection; original typography not newly certified. Consult original holding at sheet/printed-page/anchor, not a reproduced paragraph.
rt-passage-2133-191-11-1	2133	191	206	nabul	1cb367be05a668104843b08d7716ae77df712be803dd45f946adb434033e33ad	Identity anchored in a named lexical example/cell.	rt-complete-2133-001;rt-complete-2133-002	rt-complete-2133-001;rt-complete-2133-002	Native text inspection; original typography not newly certified. Consult original holding at sheet/printed-page/anchor, not a reproduced paragraph.
rt-passage-2133-270-12-1	2133	270	285	nabul	05ba2e053f4b5b01eeeed94455156ebeb09bde0dfdf42d19fffba87260edd268	Identity anchored in a named lexical example/cell.	rt-complete-2133-003;rt-complete-2133-004;rt-complete-2133-005	rt-complete-2133-003;rt-complete-2133-004;rt-complete-2133-005	Native text inspection; original typography not newly certified. Consult original holding at sheet/printed-page/anchor, not a reproduced paragraph.
rt-passage-2135-250-5-1	2135	250	265	niudi	8e3b4c8216b0c9203b484a0cc6545ad18d16ef63b90df9b9f68c4882cb86a53a	Identity anchored in a named lexical example/cell.	rt-complete-2135-001;rt-complete-2135-002;rt-complete-2135-003	rt-complete-2135-001;rt-complete-2135-002;rt-complete-2135-003	Native text inspection; original typography not newly certified. Consult original holding at sheet/printed-page/anchor, not a reproduced paragraph.
rt-passage-2136-329-9-1	2136	329	344	nédlo-	f8140376d7a221664fc42f9d4fc3f12cf08a9829dd5a34f51938dce52116038a	Identity anchored in a named lexical example/cell.	rt-complete-2136-001;rt-complete-2136-002;rt-complete-2136-003;rt-complete-2136-004;rt-complete-2136-005	rt-complete-2136-001;rt-complete-2136-002;rt-complete-2136-003;rt-complete-2136-004;rt-complete-2136-005	Native text inspection; original typography not newly certified. Consult original holding at sheet/printed-page/anchor, not a reproduced paragraph.
rt-passage-2137-34-5-1	2137	34	49	nistaz	19ca3136b9280697806d150504a3d83c185774790ce62920341a39c3b86fa643	Identity anchored in a named lexical example/cell.	rt-complete-2137-001;rt-complete-2137-002;rt-complete-2137-003	rt-complete-2137-001;rt-complete-2137-002;rt-complete-2137-003;rt-complete-2137-004	Native text inspection; original typography not newly certified. Consult original holding at sheet/printed-page/anchor, not a reproduced paragraph.
rt-passage-2138-238-9-1	2138	238	253	natja	615133000258c3b38569a68d6c58ef46282b3e6e52c54de978645d0870d9634e	Identity anchored in a named lexical example/cell.	rt-complete-2138-001;rt-complete-2138-002;rt-complete-2138-003;rt-complete-2138-004	rt-complete-2138-001;rt-complete-2138-002;rt-complete-2138-003;rt-complete-2138-004	Native text inspection; original typography not newly certified. Consult original holding at sheet/printed-page/anchor, not a reproduced paragraph.
rt-passage-2139-272-15-1	2139	272	287	netle	7816deba3d43940af7c7dd31475d8125dfa9f9eeebd0e05d082b4d35b03241ae	Identity anchored in a named lexical example/cell.	rt-complete-2139-001	rt-complete-2139-001	Native text inspection; original typography not newly certified. Consult original holding at sheet/printed-page/anchor, not a reproduced paragraph.
rt-passage-2139-275-10-1	2139	275	290	netle	063df13f5b69e1ebea5fbcc94fd521168395e31b9df09f53b901078476a02dad	Identity anchored in a named lexical example/cell.	rt-complete-2139-002	rt-complete-2139-002	Native text inspection; original typography not newly certified. Consult original holding at sheet/printed-page/anchor, not a reproduced paragraph.
rt-passage-2140-240-10-1	2140	240	255	nahtiz	60fb2a783a7f0d444084429675070e4e5174ddf41a1b3c8133185271ead3a981	Identity anchored in a named lexical example/cell.	rt-complete-2140-001;rt-complete-2140-002;rt-complete-2140-003;rt-complete-2140-004;rt-complete-2140-005;rt-complete-2140-006;rt-complete-2140-007;rt-complete-2140-008	rt-complete-2140-001;rt-complete-2140-002;rt-complete-2140-003;rt-complete-2140-004;rt-complete-2140-005;rt-complete-2140-006;rt-complete-2140-007;rt-complete-2140-008	Native text inspection; original typography not newly certified. Consult original holding at sheet/printed-page/anchor, not a reproduced paragraph.
rt-passage-2140-380-2-1	2140	380	395	niht	3762138bc30fa48b828f19615cde1741361d74f43cb202cdaf93a3191fa32fcd	Identity anchored in a named lexical example/cell.	rt-complete-2140-009;rt-complete-2140-010;rt-complete-2140-011;rt-complete-2140-012;rt-complete-2140-013;rt-complete-2140-014	rt-complete-2140-009;rt-complete-2140-010;rt-complete-2140-011;rt-complete-2140-012;rt-complete-2140-013;rt-complete-2140-014	Native text inspection; original typography not newly certified. Consult original holding at sheet/printed-page/anchor, not a reproduced paragraph.
rt-passage-2140-380-2-2	2140	380	395	niht	88e76d8bf1ef7fdf38cbb06a0e690f649c6da9181b453ecc40fe231d0e315eb0	Identity anchored in a named lexical example/cell.	rt-complete-2140-009;rt-complete-2140-010;rt-complete-2140-011;rt-complete-2140-012;rt-complete-2140-013;rt-complete-2140-014	rt-complete-2140-009;rt-complete-2140-010;rt-complete-2140-011;rt-complete-2140-012;rt-complete-2140-013;rt-complete-2140-014	Native text inspection; original typography not newly certified. Consult original holding at sheet/printed-page/anchor, not a reproduced paragraph.
rt-passage-2141-192-7-1	2141	192	207	maron-	01672dcbfbd1fbc0ac60862a3a44290017ee023bf35a79862bbb436377e1fe7c	Identity anchored in a named lexical example/cell.	rt-complete-2141-001;rt-complete-2141-002;rt-complete-2141-003;rt-complete-2141-004;rt-complete-2141-005;rt-complete-2141-006	rt-complete-2141-001;rt-complete-2141-002;rt-complete-2141-003;rt-complete-2141-004;rt-complete-2141-005;rt-complete-2141-006	Native text inspection; original typography not newly certified. Consult original holding at sheet/printed-page/anchor, not a reproduced paragraph.
rt-passage-2142-166-5-1	2142	166	181	nigun	840c41efc1bb11facdb4c117ac9c621aef61da1b209686d9bb036dd153b97bcf	Identity anchored in a named lexical example/cell.	rt-complete-2142-001;rt-complete-2142-002	rt-complete-2142-001;rt-complete-2142-002	Native text inspection; original typography not newly certified. Consult original holding at sheet/printed-page/anchor, not a reproduced paragraph.
rt-passage-2143-385-2-1	2143	385	400	nosu	6790d36daf81e7ce753cc92422d032937bfb367218b783c50e9475bf42b3716f	Identity anchored in a named lexical example/cell.	rt-complete-2143-001	rt-complete-2143-001;rt-complete-2143-002	Native text inspection; original typography not newly certified. Consult original holding at sheet/printed-page/anchor, not a reproduced paragraph.
rt-passage-2144-120-8-1	2144	120	135	ain	ab390269ff282057e176290057cf49c18165c4bf7dd4af9a29eca1973ff30666	Identity anchored in a named lexical example/cell.	rt-complete-2144-001;rt-complete-2144-002;rt-complete-2144-003;rt-complete-2144-004;rt-complete-2144-005;rt-complete-2144-006	rt-complete-2144-001;rt-complete-2144-002;rt-complete-2144-003;rt-complete-2144-004;rt-complete-2144-005;rt-complete-2144-006	Native text inspection; original typography not newly certified. Consult original holding at sheet/printed-page/anchor, not a reproduced paragraph.
rt-passage-2145-331-4-1	2145	331	346	ufnaz	f4869a5cae2e83f5e09f35a22acc34ab2a91f723d03a463a012b76b322b5af6d	Identity anchored in a named lexical example/cell.	rt-complete-2145-001;rt-complete-2145-002;rt-complete-2145-003	rt-complete-2145-001;rt-complete-2145-002;rt-complete-2145-003	Native text inspection; original typography not newly certified. Consult original holding at sheet/printed-page/anchor, not a reproduced paragraph.
rt-passage-2146-34-2-1	2146	34	49	uhso	cbbd273cdec2fb7b08b6766d46d00b3ecae56b3efacea3e508aab614a6f18083	Identity anchored in a named lexical example/cell.	rt-complete-2146-001;rt-complete-2146-002;rt-complete-2146-003;rt-complete-2146-004;rt-complete-2146-005	rt-complete-2146-001;rt-complete-2146-002;rt-complete-2146-003;rt-complete-2146-004;rt-complete-2146-005	Native text inspection; original typography not newly certified. Consult original holding at sheet/printed-page/anchor, not a reproduced paragraph.
rt-passage-2147-212-15-1	2147	212	227	regn	1ab23cb48eb253eaffff7f2c564f490680401299b6887b576159be48a112f2ce	Identity anchored in a named lexical example/cell.	rt-complete-2147-001;rt-complete-2147-002;rt-complete-2147-003	rt-complete-2147-001;rt-complete-2147-002;rt-complete-2147-003	Native text inspection; original typography not newly certified. Consult original holding at sheet/printed-page/anchor, not a reproduced paragraph.
rt-passage-2147-330-13-1	2147	330	345	regn	b727e6f27cb2d1bec09b23d075949310d74c5e57b9a03ba6530b323eea33c7de	Identity anchored in a named lexical example/cell.	rt-complete-2147-004;rt-complete-2147-005;rt-complete-2147-006	rt-complete-2147-004;rt-complete-2147-005;rt-complete-2147-006;rt-complete-2147-007	Native text inspection; original typography not newly certified. Consult original holding at sheet/printed-page/anchor, not a reproduced paragraph.
rt-passage-2148-330-13-1	2148	330	345	regn	b727e6f27cb2d1bec09b23d075949310d74c5e57b9a03ba6530b323eea33c7de	Rain compound component only; no complete rainbow reconstruction is assembled.	rt-complete-2148-001;rt-complete-2148-002;rt-complete-2148-003	rt-complete-2148-001;rt-complete-2148-002;rt-complete-2148-003	Native text inspection; original typography not newly certified. Consult original holding at sheet/printed-page/anchor, not a reproduced paragraph.
rt-passage-2149-330-15-1	2149	330	345	hrabnaz	7de91290cb0da049fc5c486b0c04ca5a2604e29f30d9421dfaabf0772a01940c	Identity anchored in a named lexical example/cell.	rt-complete-2149-001;rt-complete-2149-002;rt-complete-2149-003	rt-complete-2149-001;rt-complete-2149-002;rt-complete-2149-003	Native text inspection; original typography not newly certified. Consult original holding at sheet/printed-page/anchor, not a reproduced paragraph.
rt-passage-2150-11-6-1	2150	11	26	rédana	e31f77a4ca938d12c722c5d681796c4009f03bba97f1d2c585268656c5305c12	Identity anchored in a named lexical example/cell.	rt-complete-2150-001;rt-complete-2150-002;rt-complete-2150-003	rt-complete-2150-001;rt-complete-2150-002;rt-complete-2150-003	Native text inspection; original typography not newly certified. Consult original holding at sheet/printed-page/anchor, not a reproduced paragraph.
rt-passage-2150-518-5-1	2150	518	533	rerd	48ab8ddc434ac7c19656a7a184475c420554806670eca1257aa426e97b25a479	Identity anchored in a named lexical example/cell.	rt-complete-2150-004;rt-complete-2150-005;rt-complete-2150-006;rt-complete-2150-007;rt-complete-2150-008;rt-complete-2150-009;rt-complete-2150-010;rt-complete-2150-011	rt-complete-2150-004;rt-complete-2150-005;rt-complete-2150-006;rt-complete-2150-007;rt-complete-2150-008;rt-complete-2150-009;rt-complete-2150-010;rt-complete-2150-011;rt-complete-2150-013	Native text inspection; original typography not newly certified. Consult original holding at sheet/printed-page/anchor, not a reproduced paragraph.
rt-passage-2153-171-7-1	2153	171	186	raidu	8e0f817ae9bd14e407b9db666646d28106c07dc32c8c65e4a71696bab5c8a640	Riding-event noun supplies a bounded verbal-family comparandum; it does not quote selected rīdan or establish that verb's PGmc citation.	rt-complete-2153-001;rt-complete-2153-002	rt-complete-2153-001;rt-complete-2153-002	Native text inspection; original typography not newly certified. Consult original holding at sheet/printed-page/anchor, not a reproduced paragraph.
rt-passage-2153-285-17-1	2153	285	300	raidu	cea67c042ee58b5b8a32e5a23147883ff82b4a87df1238e12696f0d0b2a15956	Riding-event noun supplies a bounded verbal-family comparandum; it does not quote selected rīdan or establish that verb's PGmc citation.	rt-complete-2153-003;rt-complete-2153-004;rt-complete-2153-005	rt-complete-2153-003;rt-complete-2153-004;rt-complete-2153-005	Native text inspection; original typography not newly certified. Consult original holding at sheet/printed-page/anchor, not a reproduced paragraph.
rt-passage-2154-127-13-1	2154	127	142	rinda	3d98bd93acf0652f540941d180bcec463226d652d1850e00edd9a4a5114e9e0a	Identity anchored in a named lexical example/cell.	rt-complete-2154-001;rt-complete-2154-002	rt-complete-2154-001;rt-complete-2154-002	Native text inspection; original typography not newly certified. Consult original holding at sheet/printed-page/anchor, not a reproduced paragraph.
rt-passage-2156-171-13-1	2156	171	186	raiho	e6a39106a125e7177f566c3a05a18bbf95f2e75cf83f026c335967f5915b0da7	Identity anchored in a named lexical example/cell.	rt-complete-2156-001;rt-complete-2156-002;rt-complete-2156-003;rt-complete-2156-004;rt-complete-2156-005	rt-complete-2156-001;rt-complete-2156-002;rt-complete-2156-003;rt-complete-2156-004;rt-complete-2156-005	Native text inspection; original typography not newly certified. Consult original holding at sheet/printed-page/anchor, not a reproduced paragraph.
rt-passage-2156-314-10-1	2156	314	329	raiho	53f6d460ea5274004bd41d7efa943842ba34e918e0881ae86eae28dfa470aa5d	Identity anchored in a named lexical example/cell.	rt-complete-2156-006;rt-complete-2156-007	rt-complete-2156-006;rt-complete-2156-007	Native text inspection; original typography not newly certified. Consult original holding at sheet/printed-page/anchor, not a reproduced paragraph.
rt-passage-2159-213-10-1	2159	213	228	stegareif	16d6e9ea9c173f2ab3b24c33333b914c85156d24bd3718973ef26845ceec66ca	Rope is the component of an OHG-to-OE-to-ON stirrup loan history; no standalone PGmc rope citation is assembled.	rt-complete-2159-001	rt-complete-2159-001	Native text inspection; original typography not newly certified. Consult original holding at sheet/printed-page/anchor, not a reproduced paragraph.
rt-passage-2161-340-10-1	2161	340	355	rinnang	df1e2e9b228ece2b8e587a6a8118cb51ef2d7ee243199bfbcce729a0760bbbc8	Rinnan/irnan family, never hlaupan.	rt-complete-2161-001;rt-complete-2161-002;rt-complete-2161-003	rt-complete-2161-001;rt-complete-2161-002;rt-complete-2161-003;rt-complete-2161-005	Native text inspection; original typography not newly certified. Consult original holding at sheet/printed-page/anchor, not a reproduced paragraph.
rt-passage-2161-341-2-1	2161	341	356	irnan	358a666a955dc949bf2e187195baf5b9fad5a784f1d3d66a065eadc4e0f51971	Rinnan/irnan family, never hlaupan.	rt-complete-2161-004	rt-complete-2161-004	Native text inspection; original typography not newly certified. Consult original holding at sheet/printed-page/anchor, not a reproduced paragraph.
rt-passage-2163-223-8-1	2163	223	238	rugiz	20f9bad0c81bb06e1aace73ea1e90451701164949068135da8f0cc6c130739f5	Identity anchored in a named lexical example/cell.	rt-complete-2163-001;rt-complete-2163-002	rt-complete-2163-001;rt-complete-2163-002	Native text inspection; original typography not newly certified. Consult original holding at sheet/printed-page/anchor, not a reproduced paragraph.
rt-passage-2164-213-4-1	2164	213	228	segl	45e934917f0c1750656d5f929293a34220682034076c5ec2fd6fb3e396c26099	Identity anchored in a named lexical example/cell.	rt-complete-2164-001;rt-complete-2164-002	rt-complete-2164-001;rt-complete-2164-002	Native text inspection; original typography not newly certified. Consult original holding at sheet/printed-page/anchor, not a reproduced paragraph.
rt-passage-2164-329-11-1	2164	329	344	segl	10fc736d69d98dd45c4a8ea9e2ed147c19f01701ba362a4d910b4a297433a4ad	Identity anchored in a named lexical example/cell.	rt-complete-2164-003;rt-complete-2164-004;rt-complete-2164-005	rt-complete-2164-003;rt-complete-2164-004;rt-complete-2164-005	Native text inspection; original typography not newly certified. Consult original holding at sheet/printed-page/anchor, not a reproduced paragraph.
rt-passage-2165-128-7-1	2165	128	143	saku	814256e4cff6f2182c59493881780f0dbd138834f21c39c76c7d9e3c293b65a5	Identity anchored in a named lexical example/cell.	rt-complete-2165-001;rt-complete-2165-002;rt-complete-2165-003;rt-complete-2165-004;rt-complete-2165-005;rt-complete-2165-006;rt-complete-2165-007	rt-complete-2165-001;rt-complete-2165-002;rt-complete-2165-003;rt-complete-2165-004;rt-complete-2165-005;rt-complete-2165-006;rt-complete-2165-007;rt-complete-2165-018	Native text inspection; original typography not newly certified. Consult original holding at sheet/printed-page/anchor, not a reproduced paragraph.
rt-passage-2165-195-7-2	2165	195	210	saku	1448037f42cfff323dc74a25316bd3ab0341967008a01f97c1424350fb6b4dc9	Identity anchored in a named lexical example/cell.	rt-complete-2165-008;rt-complete-2165-009;rt-complete-2165-010;rt-complete-2165-011;rt-complete-2165-012;rt-complete-2165-013;rt-complete-2165-014	rt-complete-2165-008;rt-complete-2165-009;rt-complete-2165-010;rt-complete-2165-011;rt-complete-2165-012;rt-complete-2165-013;rt-complete-2165-014	Native text inspection; original typography not newly certified. Consult original holding at sheet/printed-page/anchor, not a reproduced paragraph.
rt-passage-2165-288-14-1	2165	288	303	saku	977c30b13a1532d24f6df61c91f40f05953c5ff8f6b38f5eb5221f74183ff8dd	Identity anchored in a named lexical example/cell.	rt-complete-2165-015;rt-complete-2165-016;rt-complete-2165-017	rt-complete-2165-015;rt-complete-2165-016;rt-complete-2165-017	Native text inspection; original typography not newly certified. Consult original holding at sheet/printed-page/anchor, not a reproduced paragraph.
rt-passage-2166-184-12-1	2166	184	199	salta	ebc4cdf729d25fa2b1f6a4e99e1821a97ad353a160bdd33598b73a183eaf6e39	Identity anchored in a named lexical example/cell.	rt-complete-2166-001;rt-complete-2166-002;rt-complete-2166-003;rt-complete-2166-004;rt-complete-2166-005;rt-complete-2166-006	rt-complete-2166-001;rt-complete-2166-002;rt-complete-2166-003;rt-complete-2166-004;rt-complete-2166-005;rt-complete-2166-006	Native text inspection; original typography not newly certified. Consult original holding at sheet/printed-page/anchor, not a reproduced paragraph.
rt-passage-2167-297-13-1	2167	297	312	salbu	5fb396b634fd1902b2d4cb4b13542bc40b5299d762c3e0885d389cf25e704e6d	Salve noun and anoint verb are distinct units wherever both occur.	rt-complete-2167-001;rt-complete-2167-002;rt-complete-2167-003;rt-complete-2167-004;rt-complete-2167-005;rt-complete-2167-006;rt-complete-2167-007	rt-complete-2167-001;rt-complete-2167-002;rt-complete-2167-003;rt-complete-2167-004;rt-complete-2167-005;rt-complete-2167-006;rt-complete-2167-007	Native text inspection; original typography not newly certified. Consult original holding at sheet/printed-page/anchor, not a reproduced paragraph.
rt-passage-2169-234-3-1	2169	234	249	saiwiz	6f78e0ddd0c834973c0f61946681c9335254c1e333edf1b46b17565fb14c06ce	Identity anchored in a named lexical example/cell.	rt-complete-2169-001;rt-complete-2169-002;rt-complete-2169-003;rt-complete-2169-004	rt-complete-2169-001;rt-complete-2169-002;rt-complete-2169-003;rt-complete-2169-004	Native text inspection; original typography not newly certified. Consult original holding at sheet/printed-page/anchor, not a reproduced paragraph.
rt-passage-2169-259-2-1	2169	259	274	saiwiz	1edba9bb3b05a364a9bfe26708bbf322610a15055853eeeb99cba7615d1bd197	Identity anchored in a named lexical example/cell.	rt-complete-2169-005;rt-complete-2169-006;rt-complete-2169-007;rt-complete-2169-008	rt-complete-2169-005;rt-complete-2169-006;rt-complete-2169-007;rt-complete-2169-008	Native text inspection; original typography not newly certified. Consult original holding at sheet/printed-page/anchor, not a reproduced paragraph.
rt-passage-2169-318-3-1	2169	318	333	sea	82fb2bd98b515d014b190c502275726cc183eda53a526085ac75761b016399f0	Identity anchored in a named lexical example/cell.	rt-complete-2169-009;rt-complete-2169-010;rt-complete-2169-011;rt-complete-2169-012;rt-complete-2169-013;rt-complete-2169-014;rt-complete-2169-015;rt-complete-2169-016;rt-complete-2169-017;rt-complete-2169-018	rt-complete-2169-009;rt-complete-2169-010;rt-complete-2169-011;rt-complete-2169-012;rt-complete-2169-013;rt-complete-2169-014;rt-complete-2169-015;rt-complete-2169-016;rt-complete-2169-017;rt-complete-2169-018	Native text inspection; original typography not newly certified. Consult original holding at sheet/printed-page/anchor, not a reproduced paragraph.
rt-passage-2171-157-6-1	2171	157	172	sdkijan	1a469ab8e93ccfce59cd6956372530d4aebae27bd979754d768b1b132d2a9aec	Identity anchored in a named lexical example/cell.	rt-complete-2171-001;rt-complete-2171-002;rt-complete-2171-003;rt-complete-2171-004	rt-complete-2171-001;rt-complete-2171-002;rt-complete-2171-003;rt-complete-2171-004	Native text inspection; original typography not newly certified. Consult original holding at sheet/printed-page/anchor, not a reproduced paragraph.
rt-passage-2171-208-3-1	2171	208	223	sokijan	b3b04a426dd2fe2e573069fc217436ceeeec865cde5bd70de0f508e797cf7a69	Identity anchored in a named lexical example/cell.	rt-complete-2171-005;rt-complete-2171-006;rt-complete-2171-007;rt-complete-2171-008	rt-complete-2171-005;rt-complete-2171-006;rt-complete-2171-007;rt-complete-2171-008	Native text inspection; original typography not newly certified. Consult original holding at sheet/printed-page/anchor, not a reproduced paragraph.
rt-passage-2171-226-13-1	2171	226	241	sdkijan	78560f3243a67f41ebedda5c815cb0437c838116da12d9a9c73d7b24f1ef24e2	Identity anchored in a named lexical example/cell.	rt-complete-2171-009;rt-complete-2171-010;rt-complete-2171-011;rt-complete-2171-012;rt-complete-2171-013	rt-complete-2171-009;rt-complete-2171-010;rt-complete-2171-011;rt-complete-2171-012;rt-complete-2171-013	Native text inspection; original typography not newly certified. Consult original holding at sheet/printed-page/anchor, not a reproduced paragraph.
rt-passage-2172-229-2-1	2172	229	244	sandijan	36cb08b7bc033a436e44309e13a8e8eb6303943db1a1c6334b3245ee3a20856b	Identity anchored in a named lexical example/cell.	rt-complete-2172-001;rt-complete-2172-002;rt-complete-2172-003	rt-complete-2172-001;rt-complete-2172-002;rt-complete-2172-003	Native text inspection; original typography not newly certified. Consult original holding at sheet/printed-page/anchor, not a reproduced paragraph.
rt-passage-2173-51-7-1	2173	51	66	satjan	3f9afb0803720d63d994ab5ac4bc422cb9bda36025a436ae077eedc6ae172b58	Identity anchored in a named lexical example/cell.	rt-complete-2173-001;rt-complete-2173-002;rt-complete-2173-003;rt-complete-2173-004	rt-complete-2173-001;rt-complete-2173-002;rt-complete-2173-003;rt-complete-2173-004;rt-complete-2173-022	Native text inspection; original typography not newly certified. Consult original holding at sheet/printed-page/anchor, not a reproduced paragraph.
rt-passage-2173-238-2-1	2173	238	253	settan	d81b6ec8efc245208adf93a92b80fd9cdeba19c1bfaef341e7d2504c1158f04b	Identity anchored in a named lexical example/cell.		rt-complete-2173-005	Native text inspection; original typography not newly certified. Consult original holding at sheet/printed-page/anchor, not a reproduced paragraph.
rt-passage-2173-351-22-1	2173	351	366	settan	ecb3d21f3d7c3a136974d9e06418638612bd797d5c61cbda910a07e1863fe7c7	Identity anchored in a named lexical example/cell.		rt-complete-2173-006;rt-complete-2173-007;rt-complete-2173-008;rt-complete-2173-009;rt-complete-2173-010;rt-complete-2173-011;rt-complete-2173-012	Native text inspection; original typography not newly certified. Consult original holding at sheet/printed-page/anchor, not a reproduced paragraph.
rt-passage-2173-358-2-1	2173	358	373	settan	3840abac89ca8f59357bfda768b27d01c076af132dd89b7d6d1a4e116377deb7	Identity anchored in a named lexical example/cell.		rt-complete-2173-013;rt-complete-2173-014;rt-complete-2173-015;rt-complete-2173-016;rt-complete-2173-017;rt-complete-2173-018;rt-complete-2173-019;rt-complete-2173-020;rt-complete-2173-021	Native text inspection; original typography not newly certified. Consult original holding at sheet/printed-page/anchor, not a reproduced paragraph.
rt-passage-2174-324-6-1	2174	324	339	sebun	4a90a28c556f94f8562034e2601824e4c207a7e1b88a0833a88cfa06dd3dbde3	Identity anchored in a named lexical example/cell.	rt-complete-2174-001;rt-complete-2174-002	rt-complete-2174-001;rt-complete-2174-002;rt-complete-2174-003	Native text inspection; original typography not newly certified. Consult original holding at sheet/printed-page/anchor, not a reproduced paragraph.
rt-passage-2175-216-14-1	2175	216	231	skafta	a2f35e4b13416d05ce16c86a55fc8ba13a1d4e1da1ee0b091e81286e14f4b848	Identity anchored in a named lexical example/cell.	rt-complete-2175-001;rt-complete-2175-002;rt-complete-2175-003;rt-complete-2175-004	rt-complete-2175-001;rt-complete-2175-002;rt-complete-2175-003;rt-complete-2175-004	Native text inspection; original typography not newly certified. Consult original holding at sheet/printed-page/anchor, not a reproduced paragraph.
rt-passage-2176-207-9-1	2176	207	222	shame	33d2c7560e93e10a32ce57ead6bab519a3aafe42bfb9f62601324c11c58322b7	Identity anchored in a named lexical example/cell.	rt-complete-2176-001;rt-complete-2176-002;rt-complete-2176-003	rt-complete-2176-001;rt-complete-2176-002;rt-complete-2176-003	Native text inspection; original typography not newly certified. Consult original holding at sheet/printed-page/anchor, not a reproduced paragraph.
rt-passage-2177-216-12-1	2177	216	231	skeran	5324218ac545442697250472325e94c9d6dcc03e8f0d103c0db8219aabec0983	Identity anchored in a named lexical example/cell.	rt-complete-2177-001;rt-complete-2177-002;rt-complete-2177-003;rt-complete-2177-004;rt-complete-2177-005;rt-complete-2177-006	rt-complete-2177-001;rt-complete-2177-002;rt-complete-2177-003;rt-complete-2177-004;rt-complete-2177-005;rt-complete-2177-006	Native text inspection; original typography not newly certified. Consult original holding at sheet/printed-page/anchor, not a reproduced paragraph.
rt-passage-2177-347-2-1	2177	347	362	scieran	68c4c3a496e285f2a9cfbdb40f2f0923660734eaeb7ac65ad5aa71fd1ccccfd3	Identity anchored in a named lexical example/cell.	rt-complete-2177-007	rt-complete-2177-007;rt-complete-2177-009;rt-complete-2177-010;rt-complete-2177-011;rt-complete-2177-012	Native text inspection; original typography not newly certified. Consult original holding at sheet/printed-page/anchor, not a reproduced paragraph.
rt-passage-2178-235-8-1	2178	235	250	skaibiz	407d47831d7bfa72b96fa2c0152c464bb1d7418f02112f992746e56b06fcf77d	Identity anchored in a named lexical example/cell.	rt-complete-2178-001;rt-complete-2178-002;rt-complete-2178-003;rt-complete-2178-004	rt-complete-2178-001;rt-complete-2178-002;rt-complete-2178-003;rt-complete-2178-004	Native text inspection; original typography not newly certified. Consult original holding at sheet/printed-page/anchor, not a reproduced paragraph.
rt-passage-2179-127-14-1	2179	127	142	skap	45aa517d2acdf917931ce7776a392314300618e99bb7d2689bee6e95f9c64220	Identity anchored in a named lexical example/cell.	rt-complete-2179-001;rt-complete-2179-002	rt-complete-2179-001;rt-complete-2179-002	Native text inspection; original typography not newly certified. Consult original holding at sheet/printed-page/anchor, not a reproduced paragraph.
rt-passage-2179-216-15-1	2179	216	231	skap	7c06225e2c894f9a87dc63e9f466bd29ac0ea1e292b9c6465157ca796fe6b304	Identity anchored in a named lexical example/cell.	rt-complete-2179-003;rt-complete-2179-004;rt-complete-2179-005	rt-complete-2179-003;rt-complete-2179-004;rt-complete-2179-005	Native text inspection; original typography not newly certified. Consult original holding at sheet/printed-page/anchor, not a reproduced paragraph.
rt-passage-2180-216-6-1	2180	216	231	skeldu	859ef7d9b2f0dbe0aabb6f831d646223bc12614478983282a3d871be9828c1d7	Identity anchored in a named lexical example/cell.	rt-complete-2180-001;rt-complete-2180-002;rt-complete-2180-003;rt-complete-2180-004	rt-complete-2180-001;rt-complete-2180-002;rt-complete-2180-003;rt-complete-2180-004	Native text inspection; original typography not newly certified. Consult original holding at sheet/printed-page/anchor, not a reproduced paragraph.
rt-passage-2180-287-17-1	2180	287	302	skeldu	e8721efacf4bccde3382da0215dac863a92a611de7e3e91c316043fd31859bc5	Identity anchored in a named lexical example/cell.	rt-complete-2180-005;rt-complete-2180-006;rt-complete-2180-007;rt-complete-2180-008	rt-complete-2180-005;rt-complete-2180-006;rt-complete-2180-007;rt-complete-2180-008	Native text inspection; original typography not newly certified. Consult original holding at sheet/printed-page/anchor, not a reproduced paragraph.
rt-passage-2182-204-9-1	2182	204	219	scinan	de63247c0c430b70335a3d637e9dc9aa78efd08f94538df2bcc82fda5af1b101	Identity anchored in a named lexical example/cell.	rt-complete-2182-001;rt-complete-2182-002;rt-complete-2182-003	rt-complete-2182-001;rt-complete-2182-002;rt-complete-2182-003	Native text inspection; original typography not newly certified. Consult original holding at sheet/printed-page/anchor, not a reproduced paragraph.
rt-passage-2183-127-15-1	2183	127	142	skuldru	8e822bddc78bc0e0d52e04eecc7deac7571fffa15fd4b45c96e6d98443f73489	Identity anchored in a named lexical example/cell.	rt-complete-2183-001;rt-complete-2183-002	rt-complete-2183-001;rt-complete-2183-002;rt-complete-2183-003	Native text inspection; original typography not newly certified. Consult original holding at sheet/printed-page/anchor, not a reproduced paragraph.
rt-passage-2184-298-3-1	2184	298	313	skaub	664b2b107c9f71abb0c3a417caa5bd14243205f71ad4872b46500187352a8e25	Identity anchored in a named lexical example/cell.	rt-complete-2184-001;rt-complete-2184-002	rt-complete-2184-001;rt-complete-2184-002;rt-complete-2184-003	Native text inspection; original typography not newly certified. Consult original holding at sheet/printed-page/anchor, not a reproduced paragraph.
rt-passage-2187-207-8-1	2187	207	222	shower	dcede104c2194fe9c50a23ec3eb9ee36e128db09633ed0510d7954479963ccad	Identity anchored in a named lexical example/cell.	rt-complete-2187-001;rt-complete-2187-002	rt-complete-2187-001;rt-complete-2187-002	Native text inspection; original typography not newly certified. Consult original holding at sheet/printed-page/anchor, not a reproduced paragraph.
rt-passage-2190-215-6-1	2190	215	230	sing	c3d837aa96caab3a6de45a48b5fcdfee3a8f7650348fd5ae9455071592084d50	Identity anchored in a named lexical example/cell.	rt-complete-2190-001;rt-complete-2190-002;rt-complete-2190-003	rt-complete-2190-001;rt-complete-2190-002;rt-complete-2190-003	Native text inspection; original typography not newly certified. Consult original holding at sheet/printed-page/anchor, not a reproduced paragraph.
rt-passage-2192-515-13-1	2192	515	530	sweostor	fb3d0efa3783bb60b0073ee7319c81493731eca4b79bc3be28b3304866ce51cc	Identity anchored in a named lexical example/cell.	rt-complete-2192-001;rt-complete-2192-002;rt-complete-2192-003;rt-complete-2192-004;rt-complete-2192-005;rt-complete-2192-006;rt-complete-2192-007;rt-complete-2192-008;rt-complete-2192-009;rt-complete-2192-011	rt-complete-2192-001;rt-complete-2192-002;rt-complete-2192-003;rt-complete-2192-004;rt-complete-2192-005;rt-complete-2192-006;rt-complete-2192-007;rt-complete-2192-008;rt-complete-2192-009;rt-complete-2192-011;rt-complete-2192-026	Native text inspection; original typography not newly certified. Consult original holding at sheet/printed-page/anchor, not a reproduced paragraph.
rt-passage-2192-326-13-1	2192	326	341	sweostor	505d671e21dbf620879c38ff6f5073a36cd2d326c71f9ffc374ede0323fa04f8	Identity anchored in a named lexical example/cell.	rt-complete-2192-012;rt-complete-2192-013	rt-complete-2192-012;rt-complete-2192-013;rt-complete-2192-025	Native text inspection; original typography not newly certified. Consult original holding at sheet/printed-page/anchor, not a reproduced paragraph.
rt-passage-2192-382-2-1	2192	382	397	sweostor	ee165520d0000b74b7f4d02fb88f0abe918c44d100540d6c78e4ebc5ad8b8540	Identity anchored in a named lexical example/cell.	rt-complete-2192-014;rt-complete-2192-015;rt-complete-2192-016;rt-complete-2192-017;rt-complete-2192-018	rt-complete-2192-014;rt-complete-2192-015;rt-complete-2192-016;rt-complete-2192-017;rt-complete-2192-018;rt-complete-2192-019;rt-complete-2192-020;rt-complete-2192-021;rt-complete-2192-022;rt-complete-2192-023;rt-complete-2192-024	Native text inspection; original typography not newly certified. Consult original holding at sheet/printed-page/anchor, not a reproduced paragraph.
rt-passage-2192-382-2-2	2192	382	397	sweostor	d72e7f73827fefb5028b4bda9242c44d6e5b806b24c43efffcea976e2c03ce80	Identity anchored in a named lexical example/cell.	rt-complete-2192-014;rt-complete-2192-015;rt-complete-2192-016;rt-complete-2192-017;rt-complete-2192-018	rt-complete-2192-014;rt-complete-2192-015;rt-complete-2192-016;rt-complete-2192-017;rt-complete-2192-018;rt-complete-2192-019;rt-complete-2192-020;rt-complete-2192-021;rt-complete-2192-022;rt-complete-2192-023;rt-complete-2192-024	Native text inspection; original typography not newly certified. Consult original holding at sheet/printed-page/anchor, not a reproduced paragraph.
rt-passage-2192-382-3-1	2192	382	397	sweostor	be4327bbbb38a39730e5abcf5838ce7e7fa10545f499a5d7175c9210b0c5b877	Identity anchored in a named lexical example/cell.	rt-complete-2192-019;rt-complete-2192-020;rt-complete-2192-021;rt-complete-2192-022;rt-complete-2192-023;rt-complete-2192-024	rt-complete-2192-014;rt-complete-2192-015;rt-complete-2192-016;rt-complete-2192-017;rt-complete-2192-018;rt-complete-2192-019;rt-complete-2192-020;rt-complete-2192-021;rt-complete-2192-022;rt-complete-2192-023;rt-complete-2192-024	Native text inspection; original typography not newly certified. Consult original holding at sheet/printed-page/anchor, not a reproduced paragraph.
rt-passage-2193-51-6-1	2193	51	66	sitjang	204b961a1b61899f1c614a1dc2a9449d0e24177187b568f3f0424967d0d0e43f	Identity anchored in a named lexical example/cell.	rt-complete-2193-001;rt-complete-2193-002;rt-complete-2193-003;rt-complete-2193-004	rt-complete-2193-001;rt-complete-2193-002;rt-complete-2193-003;rt-complete-2193-004;rt-complete-2193-005	Native text inspection; original typography not newly certified. Consult original holding at sheet/printed-page/anchor, not a reproduced paragraph.
rt-passage-2194-337-2-2	2194	337	352	sehs	dc9206e6af9e4ca03cd2052ad6403ff09925641ae6f9523159e5e7d432438055	Identity anchored in a named lexical example/cell.	rt-complete-2194-001;rt-complete-2194-002;rt-complete-2194-003	rt-complete-2194-001;rt-complete-2194-002;rt-complete-2194-003	Native text inspection; original typography not newly certified. Consult original holding at sheet/printed-page/anchor, not a reproduced paragraph.
rt-passage-2195-177-5-1	2195	177	192	slahan	55132edbc688ac36acfadc3c2efa6253ac09ca5c80bdc1f6a1faf454883bd057	Identity anchored in a named lexical example/cell.	rt-complete-2195-001;rt-complete-2195-002;rt-complete-2195-003;rt-complete-2195-004	rt-complete-2195-001;rt-complete-2195-002;rt-complete-2195-003;rt-complete-2195-004	Native text inspection; original typography not newly certified. Consult original holding at sheet/printed-page/anchor, not a reproduced paragraph.
rt-passage-2195-189-7-1	2195	189	204	slahan	178e7b1707f64e9617e5825434429e94943b4bf09b41184e519d0eeaca570c41	Identity anchored in a named lexical example/cell.	rt-complete-2195-005;rt-complete-2195-006;rt-complete-2195-007;rt-complete-2195-008	rt-complete-2195-005;rt-complete-2195-006;rt-complete-2195-007;rt-complete-2195-008	Native text inspection; original typography not newly certified. Consult original holding at sheet/printed-page/anchor, not a reproduced paragraph.
rt-passage-2195-315-6-1	2195	315	330	slahan	3bc9fb86d45619063f5c9b8c6968372182f01cec4384bcde6610de7d8d23d077	Identity anchored in a named lexical example/cell.	rt-complete-2195-009;rt-complete-2195-010;rt-complete-2195-011;rt-complete-2195-012;rt-complete-2195-013;rt-complete-2195-014;rt-complete-2195-015;rt-complete-2195-016;rt-complete-2195-017;rt-complete-2195-018;rt-complete-2195-019;rt-complete-2195-020;rt-complete-2195-021;rt-complete-2195-022;rt-complete-2195-023;rt-complete-2195-024	rt-complete-2195-009;rt-complete-2195-010;rt-complete-2195-011;rt-complete-2195-012;rt-complete-2195-013;rt-complete-2195-014;rt-complete-2195-015;rt-complete-2195-016;rt-complete-2195-017;rt-complete-2195-018;rt-complete-2195-019;rt-complete-2195-020;rt-complete-2195-021;rt-complete-2195-022;rt-complete-2195-023;rt-complete-2195-024	Native text inspection; original typography not newly certified. Consult original holding at sheet/printed-page/anchor, not a reproduced paragraph.
rt-passage-2195-343-8-1	2195	343	358	sléan	f8b797fd8177c43e03ca6b85fc6669dce387680adbeb91a05675f059f2bcb3c6	Identity anchored in a named lexical example/cell.	rt-complete-2195-025	rt-complete-2195-025	Native text inspection; original typography not newly certified. Consult original holding at sheet/printed-page/anchor, not a reproduced paragraph.
rt-passage-2195-348-9-1	2195	348	363	sléan	7766ef4f339cc96518556b537d631e4732f5b86cf2d97e10e02f15dd9df9b342	Identity anchored in a named lexical example/cell.	rt-complete-2195-026	rt-complete-2195-026	Native text inspection; original typography not newly certified. Consult original holding at sheet/printed-page/anchor, not a reproduced paragraph.
rt-passage-2196-11-2-1	2196	11	26	slépan	5f29dac9217c36dbbbb001929bb3630997aba8c362ad9bc3e709a9aba7718a7f	Identity anchored in a named lexical example/cell.	rt-complete-2196-001;rt-complete-2196-002;rt-complete-2196-004	rt-complete-2196-001;rt-complete-2196-002;rt-complete-2196-004	Native text inspection; original typography not newly certified. Consult original holding at sheet/printed-page/anchor, not a reproduced paragraph.
rt-passage-2196-149-4-1	2196	149	164	slépan	3e804e0d9225369dd3b6c0edcbcf6dfdc68d7e8be32ce448af29ff5628f0d2e5	Identity anchored in a named lexical example/cell.	rt-complete-2196-005;rt-complete-2196-006;rt-complete-2196-008	rt-complete-2196-005;rt-complete-2196-006;rt-complete-2196-008	Native text inspection; original typography not newly certified. Consult original holding at sheet/printed-page/anchor, not a reproduced paragraph.
rt-passage-2196-199-7-1	2196	199	214	slépan	ec7d054c0b5e7d14282e3136c6e30b0d6b6037bda5eefbd151b305c497e8a5ab	Identity anchored in a named lexical example/cell.	rt-complete-2196-009;rt-complete-2196-010;rt-complete-2196-011;rt-complete-2196-012;rt-complete-2196-013;rt-complete-2196-014;rt-complete-2196-015;rt-complete-2196-017	rt-complete-2196-009;rt-complete-2196-010;rt-complete-2196-011;rt-complete-2196-012;rt-complete-2196-013;rt-complete-2196-014;rt-complete-2196-015;rt-complete-2196-017	Native text inspection; original typography not newly certified. Consult original holding at sheet/printed-page/anchor, not a reproduced paragraph.
rt-passage-2198-183-9-1	2198	183	198	smier	7bc4acdc57ab1f2a649f2ff117a84e444714b65979bc7f93fbbfa732a4634077	Identity anchored in a named lexical example/cell.	rt-complete-2198-001;rt-complete-2198-002;rt-complete-2198-003;rt-complete-2198-004;rt-complete-2198-005	rt-complete-2198-001;rt-complete-2198-002;rt-complete-2198-003;rt-complete-2198-004;rt-complete-2198-005	Native text inspection; original typography not newly certified. Consult original holding at sheet/printed-page/anchor, not a reproduced paragraph.
rt-passage-2198-248-9-1	2198	248	263	smier	c6f62ab6ed197be71b604f773b8f77b74567507cd55d58f91a724a63d2008710	Identity anchored in a named lexical example/cell.	rt-complete-2198-006;rt-complete-2198-007;rt-complete-2198-008;rt-complete-2198-009;rt-complete-2198-010;rt-complete-2198-011;rt-complete-2198-012;rt-complete-2198-013	rt-complete-2198-006;rt-complete-2198-007;rt-complete-2198-008;rt-complete-2198-009;rt-complete-2198-010;rt-complete-2198-011;rt-complete-2198-012;rt-complete-2198-013	Native text inspection; original typography not newly certified. Consult original holding at sheet/printed-page/anchor, not a reproduced paragraph.
rt-passage-2199-171-5-1	2199	171	186	snaiwaz	196f90ee09ba1d388a4856a1ea1b3a4dca526103dad1b0eb8a2684d48e490508	Identity anchored in a named lexical example/cell.	rt-complete-2199-001;rt-complete-2199-002	rt-complete-2199-001;rt-complete-2199-002	Native text inspection; original typography not newly certified. Consult original holding at sheet/printed-page/anchor, not a reproduced paragraph.
rt-passage-2200-27-22-1	2200	27	42	surgo	6132ebf20003a2c76860f805694570bc8a2d79aaa6c857b646e4e9c7f9e85d56	Identity anchored in a named lexical example/cell.	rt-complete-2200-001;rt-complete-2200-002	rt-complete-2200-001;rt-complete-2200-002	Native text inspection; original typography not newly certified. Consult original holding at sheet/printed-page/anchor, not a reproduced paragraph.
rt-passage-2201-171-6-1	2201	171	186	saiwal	cde4ebcae59618a42201c02d2c14283d5a79889e7451b9e297e939813a9f45c5	Identity anchored in a named lexical example/cell.	rt-complete-2201-001;rt-complete-2201-002	rt-complete-2201-001;rt-complete-2201-002	Native text inspection; original typography not newly certified. Consult original holding at sheet/printed-page/anchor, not a reproduced paragraph.
rt-passage-2201-265-3-1	2201	265	280	saiwal	9940e8677f4d19d38c1acea46d8575e5c292126a79100c5d4e6a8fed71955124	Identity anchored in a named lexical example/cell.	rt-complete-2201-003;rt-complete-2201-004;rt-complete-2201-005;rt-complete-2201-006;rt-complete-2201-007;rt-complete-2201-008;rt-complete-2201-009	rt-complete-2201-003;rt-complete-2201-004;rt-complete-2201-005;rt-complete-2201-006;rt-complete-2201-007;rt-complete-2201-008;rt-complete-2201-009	Native text inspection; original typography not newly certified. Consult original holding at sheet/printed-page/anchor, not a reproduced paragraph.
rt-passage-2201-330-6-1	2201	330	345	saiwal	1a52fc0a16a8eed09eefcef63b2a2c2af6718167654f5d96cf8a4b06dcc39f17	Identity anchored in a named lexical example/cell.	rt-complete-2201-010;rt-complete-2201-011;rt-complete-2201-012;rt-complete-2201-013;rt-complete-2201-014	rt-complete-2201-010;rt-complete-2201-011;rt-complete-2201-012;rt-complete-2201-013;rt-complete-2201-014	Native text inspection; original typography not newly certified. Consult original holding at sheet/printed-page/anchor, not a reproduced paragraph.
rt-passage-2202-127-17-1	2202	127	142	spannan	22be991db9d847880f7b963165772a682cac178ba9ac23e8ac39d85103cde579	Identity anchored in a named lexical example/cell.	rt-complete-2202-001	rt-complete-2202-001;rt-complete-2202-002	Native text inspection; original typography not newly certified. Consult original holding at sheet/printed-page/anchor, not a reproduced paragraph.
rt-passage-2203-127-17-1	2203	127	142	spannan	22be991db9d847880f7b963165772a682cac178ba9ac23e8ac39d85103cde579	Harness verb is family evidence, not the selected span-noun dative.	rt-complete-2203-001	rt-complete-2203-001	Native text inspection; original typography not newly certified. Consult original holding at sheet/printed-page/anchor, not a reproduced paragraph.
rt-passage-2205-162-7-1	2205	162	177	spar	0ee7d94ff1b15bf1161dc34c9087041c1d43bd97d7b3baab380e1f5aa357c1b1	Identity anchored in a named lexical example/cell.	rt-complete-2205-001;rt-complete-2205-002;rt-complete-2205-003;rt-complete-2205-004;rt-complete-2205-005;rt-complete-2205-006	rt-complete-2205-001;rt-complete-2205-002;rt-complete-2205-003;rt-complete-2205-004;rt-complete-2205-005;rt-complete-2205-006	Native text inspection; original typography not newly certified. Consult original holding at sheet/printed-page/anchor, not a reproduced paragraph.
rt-passage-2205-191-3-1	2205	191	206	spar	2d0e95f84240037920536e2575b71730658ac564b5f5c9798700d78f17537e53	Identity anchored in a named lexical example/cell.	rt-complete-2205-007;rt-complete-2205-008;rt-complete-2205-009;rt-complete-2205-010;rt-complete-2205-011;rt-complete-2205-012	rt-complete-2205-007;rt-complete-2205-008;rt-complete-2205-009;rt-complete-2205-010;rt-complete-2205-011;rt-complete-2205-012	Native text inspection; original typography not newly certified. Consult original holding at sheet/printed-page/anchor, not a reproduced paragraph.
rt-passage-2205-219-12-1	2205	219	234	spar	07b55e6dad9673f119ab32b7369738ec05d5437785b98a9e6da06a48b2ed1cc3	Identity anchored in a named lexical example/cell.		rt-complete-2205-016;rt-complete-2205-017	Native text inspection; original typography not newly certified. Consult original holding at sheet/printed-page/anchor, not a reproduced paragraph.
rt-passage-2205-367-11-1	2205	367	382	spar	ae6fe875dbad892544ab049923d786535345d65fc7ffd6bce59921066dbb3e8c	Identity anchored in a named lexical example/cell.	rt-complete-2205-013;rt-complete-2205-014;rt-complete-2205-015	rt-complete-2205-013;rt-complete-2205-014;rt-complete-2205-015;rt-complete-2205-018	Native text inspection; original typography not newly certified. Consult original holding at sheet/printed-page/anchor, not a reproduced paragraph.
rt-passage-2208-330-8-1	2208	330	345	spinnilu	07d2f2161086cb119694f86520f439e50f11316f870f78d390118fbd392b1adc	Identity anchored in a named lexical example/cell.	rt-complete-2208-001;rt-complete-2208-002;rt-complete-2208-003;rt-complete-2208-004	rt-complete-2208-001;rt-complete-2208-002;rt-complete-2208-003;rt-complete-2208-004;rt-complete-2208-005	Native text inspection; original typography not newly certified. Consult original holding at sheet/printed-page/anchor, not a reproduced paragraph.
rt-passage-2209-143-15-1	2209	143	158	spanuz	dd57b2c37c3bf27cad56d3d2015cdcf88eecc5422cd74b67dc032fa700c75c9c	Identity anchored in a named lexical example/cell.	rt-complete-2209-001;rt-complete-2209-002	rt-complete-2209-001;rt-complete-2209-002;rt-complete-2209-003	Native text inspection; original typography not newly certified. Consult original holding at sheet/printed-page/anchor, not a reproduced paragraph.
rt-passage-2212-147-7-1	2212	147	162	stabaz	c75c4d6d078d04a17733633bc201691ec5a5904a91305f09345b64e96cba8590	Identity anchored in a named lexical example/cell.	rt-complete-2212-001;rt-complete-2212-002;rt-complete-2212-003	rt-complete-2212-001;rt-complete-2212-002;rt-complete-2212-003	Native text inspection; original typography not newly certified. Consult original holding at sheet/printed-page/anchor, not a reproduced paragraph.
rt-passage-2212-193-8-1	2212	193	208	stabaz	c469e826703bcbd403d9440868218b6c06ae17e930af5c4dd9d99b03276a61f7	Identity anchored in a named lexical example/cell.	rt-complete-2212-004;rt-complete-2212-005;rt-complete-2212-006;rt-complete-2212-007;rt-complete-2212-008;rt-complete-2212-009;rt-complete-2212-010;rt-complete-2212-011;rt-complete-2212-012	rt-complete-2212-004;rt-complete-2212-005;rt-complete-2212-006;rt-complete-2212-007;rt-complete-2212-008;rt-complete-2212-009;rt-complete-2212-010;rt-complete-2212-011;rt-complete-2212-012	Native text inspection; original typography not newly certified. Consult original holding at sheet/printed-page/anchor, not a reproduced paragraph.
rt-passage-2214-127-21-1	2214	127	142	sterban	0bba1792a627cf97b729a3a57da50482161889e69356d2dcbfb4b90b1588518f	Identity anchored in a named lexical example/cell.	rt-complete-2214-001;rt-complete-2214-002	rt-complete-2214-001;rt-complete-2214-002	Native text inspection; original typography not newly certified. Consult original holding at sheet/printed-page/anchor, not a reproduced paragraph.
rt-passage-2214-182-19-1	2214	182	197	sterban	b16ab44a4c432e5a1be4a929f4f2aab00e3f37da5b9b0e8f45104d114f365cc7	Identity anchored in a named lexical example/cell.	rt-complete-2214-003;rt-complete-2214-004	rt-complete-2214-003;rt-complete-2214-004	Native text inspection; original typography not newly certified. Consult original holding at sheet/printed-page/anchor, not a reproduced paragraph.
rt-passage-2216-330-16-1	2216	330	345	stebn	1e16d9ee51c2357f1c78f9dd3ba3bff22b82af46b807ecdbfbc799026c63d333	Identity anchored in a named lexical example/cell.	rt-complete-2216-001;rt-complete-2216-002;rt-complete-2216-003	rt-complete-2216-001;rt-complete-2216-002;rt-complete-2216-003;rt-complete-2216-004	Native text inspection; original typography not newly certified. Consult original holding at sheet/printed-page/anchor, not a reproduced paragraph.
rt-passage-2220-170-16-1	2220	170	185	stainaz	b85e4d0e41d79c0099d791b616990c2bc703049e47f5b1317b19338c7419d36d	Identity anchored in a named lexical example/cell.	rt-complete-2220-001;rt-complete-2220-002	rt-complete-2220-001;rt-complete-2220-002	Native text inspection; original typography not newly certified. Consult original holding at sheet/printed-page/anchor, not a reproduced paragraph.
rt-passage-2220-45-5-3	2220	45	60	staing	fcdd8517d9f3b0b191525096ed7370324413b05519f1d12e01dee84df2e31ba4	Identity anchored in a named lexical example/cell.	rt-complete-2220-003	rt-complete-2220-003	Native text inspection; original typography not newly certified. Consult original holding at sheet/printed-page/anchor, not a reproduced paragraph.
rt-passage-2224-173-2-1	2224	173	188	strawa	018638180ac1f12d6e381ad715d43c2ccecf84a91404e0b0c711a7a3b0312f9d	Identity anchored in a named lexical example/cell.	rt-complete-2224-001;rt-complete-2224-002;rt-complete-2224-003	rt-complete-2224-001;rt-complete-2224-002;rt-complete-2224-003	Native text inspection; original typography not newly certified. Consult original holding at sheet/printed-page/anchor, not a reproduced paragraph.
rt-passage-2224-387-4-1	2224	387	402	stréaw	f4967433c1d2784104ec1aeb787453aad8098c71f18dda56e1e3d9385b2fa69e	Identity anchored in a named lexical example/cell.	rt-complete-2224-004;rt-complete-2224-005;rt-complete-2224-006;rt-complete-2224-007;rt-complete-2224-008;rt-complete-2224-009;rt-complete-2224-010;rt-complete-2224-011;rt-complete-2224-012;rt-complete-2224-013;rt-complete-2224-014	rt-complete-2224-004;rt-complete-2224-005;rt-complete-2224-006;rt-complete-2224-007;rt-complete-2224-008;rt-complete-2224-009;rt-complete-2224-010;rt-complete-2224-011;rt-complete-2224-012;rt-complete-2224-013;rt-complete-2224-014;rt-complete-2224-015	Native text inspection; original typography not newly certified. Consult original holding at sheet/printed-page/anchor, not a reproduced paragraph.
rt-passage-2225-172-6-1	2225	172	187	straumaz	66bd26d742f2f4ee9bbea22c628f6fb3dff6c99db38a1acd501705cc99c32023	Identity anchored in a named lexical example/cell.	rt-complete-2225-001;rt-complete-2225-002	rt-complete-2225-001;rt-complete-2225-002	Native text inspection; original typography not newly certified. Consult original holding at sheet/printed-page/anchor, not a reproduced paragraph.
rt-passage-2225-515-11-1	2225	515	530	straumaz	dacf747571ef865569839d020d42b0a763ef828a74f24b3284c8c68303965629	Identity anchored in a named lexical example/cell.	rt-complete-2225-003;rt-complete-2225-004;rt-complete-2225-005;rt-complete-2225-006	rt-complete-2225-003;rt-complete-2225-004;rt-complete-2225-005;rt-complete-2225-006;rt-complete-2225-007	Native text inspection; original typography not newly certified. Consult original holding at sheet/printed-page/anchor, not a reproduced paragraph.
rt-passage-2226-97-11-1	2226	97	112	streccan	83a42696f65138fa36a94fde0c326cc222f09a6fc05dd2ab4565ba3655e8a287	Identity anchored in a named lexical example/cell.	rt-complete-2226-001	rt-complete-2226-001	Native text inspection; original typography not newly certified. Consult original holding at sheet/printed-page/anchor, not a reproduced paragraph.
rt-passage-2226-238-5-1	2226	238	253	streccan	1989cfd5abef3a82327027531bf577dba3a88ed9faf91a1aec376f2fad5de710	Identity anchored in a named lexical example/cell.	rt-complete-2226-002;rt-complete-2226-003;rt-complete-2226-005	rt-complete-2226-002;rt-complete-2226-003;rt-complete-2226-005	Native text inspection; original typography not newly certified. Consult original holding at sheet/printed-page/anchor, not a reproduced paragraph.
rt-passage-2227-53-10-1	2227	53	68	strawjan	f2b60cc872a8a33d9d1cbb0af185f118ef2fcbaeaacdbc96a01eaaac22a99976	Identity anchored in a named lexical example/cell.	rt-complete-2227-001;rt-complete-2227-002	rt-complete-2227-001;rt-complete-2227-002	Native text inspection; original typography not newly certified. Consult original holding at sheet/printed-page/anchor, not a reproduced paragraph.
rt-passage-2227-173-11-1	2227	173	188	strawjan	5cc7b8966f869d27e250714ffea01834261754b0b1de604b3f4acde3cae12ebe	Identity anchored in a named lexical example/cell.	rt-complete-2227-003;rt-complete-2227-004;rt-complete-2227-005;rt-complete-2227-006;rt-complete-2227-007	rt-complete-2227-003;rt-complete-2227-004;rt-complete-2227-005;rt-complete-2227-006;rt-complete-2227-007	Native text inspection; original typography not newly certified. Consult original holding at sheet/printed-page/anchor, not a reproduced paragraph.
rt-passage-2227-318-3-1	2227	318	333	streide	82fb2bd98b515d014b190c502275726cc183eda53a526085ac75761b016399f0	Identity anchored in a named lexical example/cell.	rt-complete-2227-008;rt-complete-2227-009;rt-complete-2227-010;rt-complete-2227-011;rt-complete-2227-012;rt-complete-2227-013;rt-complete-2227-014;rt-complete-2227-015;rt-complete-2227-016;rt-complete-2227-017	rt-complete-2227-008;rt-complete-2227-009;rt-complete-2227-010;rt-complete-2227-011;rt-complete-2227-012;rt-complete-2227-013;rt-complete-2227-014;rt-complete-2227-015;rt-complete-2227-016;rt-complete-2227-017	Native text inspection; original typography not newly certified. Consult original holding at sheet/printed-page/anchor, not a reproduced paragraph.
rt-passage-2228-209-6-1	2228	209	224	strangiz	eb744417d0f1a31dd59387677b4812b8afc8ebc8bc64ac3ae9e69b55d13999f0	Identity anchored in a named lexical example/cell.	rt-complete-2228-001;rt-complete-2228-002;rt-complete-2228-003	rt-complete-2228-001;rt-complete-2228-002;rt-complete-2228-003	Native text inspection; original typography not newly certified. Consult original holding at sheet/printed-page/anchor, not a reproduced paragraph.
rt-passage-2230-31-10-1	2230	31	46	sumaraz	593daa2ceff094031d2fd38fff17d9fa04588bb722bdee34716a7655ff0473bd	Identity anchored in a named lexical example/cell.	rt-complete-2230-001;rt-complete-2230-002	rt-complete-2230-001;rt-complete-2230-002	Native text inspection; original typography not newly certified. Consult original holding at sheet/printed-page/anchor, not a reproduced paragraph.
rt-passage-2231-29-4-1	2231	29	44	sunnon-	4fa680c0b1901638b0701d6ae81fb087b08ade840332ab97c6cba1f129949b46	Identity anchored in a named lexical example/cell.	rt-complete-2231-001	rt-complete-2231-001	Native text inspection; original typography not newly certified. Consult original holding at sheet/printed-page/anchor, not a reproduced paragraph.
rt-passage-2233-39-7-2	2233	39	54	slurp	096ee24dbc29a5fdecd3abab1e0a9c2b69e257c8c7fad0971c45160906de2a6f	Identity anchored in a named lexical example/cell.	rt-complete-2233-001	rt-complete-2233-001;rt-complete-2233-002	Native text inspection; original typography not newly certified. Consult original holding at sheet/printed-page/anchor, not a reproduced paragraph.
rt-passage-2234-185-6-1	2234	185	200	swalwa	30f215a21c0b3d98ec60662a783a097b74b516bf43cf4263e4d110ec80461c28	Identity anchored in a named lexical example/cell.	rt-complete-2234-001;rt-complete-2234-002;rt-complete-2234-003	rt-complete-2234-001;rt-complete-2234-002;rt-complete-2234-003	Native text inspection; original typography not newly certified. Consult original holding at sheet/printed-page/anchor, not a reproduced paragraph.
rt-passage-2237-144-20-1	2237	144	159	swamm	dd60b89fe4c4295fc373cef7a106ca3dfe7a77944c099799002327ae75a93796	Identity anchored in a named lexical example/cell.	rt-complete-2237-001;rt-complete-2237-002;rt-complete-2237-003	rt-complete-2237-001;rt-complete-2237-002;rt-complete-2237-003	Native text inspection; original typography not newly certified. Consult original holding at sheet/printed-page/anchor, not a reproduced paragraph.
rt-passage-2239-182-17-1	2239	182	197	swerda	6e3f49f6845a00be7e53b65eba864a59834c0e9d4d976441f8abd6dc59cb6dde	Identity anchored in a named lexical example/cell.	rt-complete-2239-001;rt-complete-2239-002	rt-complete-2239-001;rt-complete-2239-002	Native text inspection; original typography not newly certified. Consult original holding at sheet/printed-page/anchor, not a reproduced paragraph.
rt-passage-2241-178-11-1	2241	178	193	tiuche	68dd712038e5c52a598a5739024d5ec996ff9249bd22531d779f07bb06f1c837	OF team reflex is a comparandum; selected OE team ancestry is not established by that translation.	rt-complete-2241-001;rt-complete-2241-002	rt-complete-2241-001;rt-complete-2241-002	Native text inspection; original typography not newly certified. Consult original holding at sheet/printed-page/anchor, not a reproduced paragraph.
rt-passage-2242-253-7-1	2242	253	268	tehuni-	9f8b4c6799ea50c6612baf783bef969615b6de5ad53b83a576008bdbc5a91923	Identity anchored in a named lexical example/cell.	rt-complete-2242-001;rt-complete-2242-002;rt-complete-2242-003;rt-complete-2242-004;rt-complete-2242-005;rt-complete-2242-006	rt-complete-2242-001;rt-complete-2242-002;rt-complete-2242-003;rt-complete-2242-004;rt-complete-2242-005;rt-complete-2242-006;rt-complete-2242-007	Native text inspection; original typography not newly certified. Consult original holding at sheet/printed-page/anchor, not a reproduced paragraph.
rt-passage-2243-213-3-1	2243	213	228	begnaz	fe46e5735991b18def3974cb29d22a9424ff610b0397034944aa3c2c6bca632b	Identity anchored in a named lexical example/cell.	rt-complete-2243-001;rt-complete-2243-002	rt-complete-2243-001;rt-complete-2243-002	Native text inspection; original typography not newly certified. Consult original holding at sheet/printed-page/anchor, not a reproduced paragraph.
rt-passage-2243-330-14-1	2243	330	345	begnaz	54e436da36b35d6c209108a41b92d3f22421a3cd0680e2978a159cb7e497e911	Identity anchored in a named lexical example/cell.	rt-complete-2243-003;rt-complete-2243-004;rt-complete-2243-005	rt-complete-2243-003;rt-complete-2243-004;rt-complete-2243-005;rt-complete-2243-006	Native text inspection; original typography not newly certified. Consult original holding at sheet/printed-page/anchor, not a reproduced paragraph.
rt-passage-2244-512-10-1	2244	512	527	bankaz	b7109e36bdf58170168b98b1549f764ba9e2c6c5fd9ec768e466d886c1454a6e	Identity anchored in a named lexical example/cell.	rt-complete-2244-001;rt-complete-2244-002;rt-complete-2244-003	rt-complete-2244-001;rt-complete-2244-002;rt-complete-2244-003;rt-complete-2244-004	Native text inspection; original typography not newly certified. Consult original holding at sheet/printed-page/anchor, not a reproduced paragraph.
rt-passage-2245-147-19-1	2245	147	162	roof	31ca0833e460b5c398f672a05ac8c955619273ce20c9395a62e383a29532bbc9	Identity anchored in a named lexical example/cell.	rt-complete-2245-001;rt-complete-2245-002;rt-complete-2245-003;rt-complete-2245-004	rt-complete-2245-001;rt-complete-2245-002;rt-complete-2245-003;rt-complete-2245-004	Native text inspection; original typography not newly certified. Consult original holding at sheet/printed-page/anchor, not a reproduced paragraph.
rt-passage-2246-173-16-1	2246	173	188	peubaz	e4ea0c6ae969245e5dd4f2a09482daa2bb0c5be0e03cb6688427fd555d47ec6d	Identity anchored in a named lexical example/cell.	rt-complete-2246-001;rt-complete-2246-002	rt-complete-2246-001;rt-complete-2246-002	Native text inspection; original typography not newly certified. Consult original holding at sheet/printed-page/anchor, not a reproduced paragraph.
rt-passage-2247-128-7-1	2247	128	143	binga	814256e4cff6f2182c59493881780f0dbd138834f21c39c76c7d9e3c293b65a5	Identity anchored in a named lexical example/cell.	rt-complete-2247-001;rt-complete-2247-002;rt-complete-2247-003;rt-complete-2247-004;rt-complete-2247-005;rt-complete-2247-006;rt-complete-2247-007;rt-complete-2247-008	rt-complete-2247-001;rt-complete-2247-002;rt-complete-2247-003;rt-complete-2247-004;rt-complete-2247-005;rt-complete-2247-006;rt-complete-2247-007;rt-complete-2247-008;rt-complete-2247-009	Native text inspection; original typography not newly certified. Consult original holding at sheet/printed-page/anchor, not a reproduced paragraph.
rt-passage-2248-4-14-1	2248	4	19	bencan	89de8217f253cefd5fbea612389d67931ba7ec2890b894d07af5c5341122ebad	Think/thought family argument and reflex, not a quoted selected infinitive in every passage.		rt-complete-2248-004;rt-complete-2248-005	Native text inspection; original typography not newly certified. Consult original holding at sheet/printed-page/anchor, not a reproduced paragraph.
rt-passage-2248-512-10-1	2248	512	527	bankijanga	b7109e36bdf58170168b98b1549f764ba9e2c6c5fd9ec768e466d886c1454a6e	Think/thought family argument and reflex, not a quoted selected infinitive in every passage.	rt-complete-2248-001;rt-complete-2248-002;rt-complete-2248-003	rt-complete-2248-001;rt-complete-2248-002;rt-complete-2248-003;rt-complete-2248-006	Native text inspection; original typography not newly certified. Consult original holding at sheet/printed-page/anchor, not a reproduced paragraph.
rt-passage-2254-121-4-1	2254	121	136	three	ff5d9cb82f7d365dfd60ab6bf4436532dd981221c279757d2f6ded9b03dd55bb	Inherited numeral and later gender-specific endings are separate; no ending removal creates agreement.		rt-complete-2254-001;rt-complete-2254-003;rt-complete-2254-004;rt-complete-2254-005;rt-complete-2254-006;rt-complete-2254-007;rt-complete-2254-008;rt-complete-2254-009;rt-complete-2254-010;rt-complete-2254-011;rt-complete-2254-012	Native text inspection; original typography not newly certified. Consult original holding at sheet/printed-page/anchor, not a reproduced paragraph.
rt-passage-2254-121-6-1	2254	121	136	three	09f8e909f6af186a0f365b02770c13ed034121627434b4e5da2db46bf518f846	Inherited numeral and later gender-specific endings are separate; no ending removal creates agreement.	rt-complete-2254-001	rt-complete-2254-001;rt-complete-2254-003;rt-complete-2254-004;rt-complete-2254-005;rt-complete-2254-006;rt-complete-2254-007;rt-complete-2254-008;rt-complete-2254-009;rt-complete-2254-010;rt-complete-2254-011;rt-complete-2254-012	Native text inspection; original typography not newly certified. Consult original holding at sheet/printed-page/anchor, not a reproduced paragraph.
rt-passage-2254-388-9-1	2254	388	403	three	21cc573f864ed49b3ab427c8f010ac84f31731f09940f1346b8cd04282884304	Inherited numeral and later gender-specific endings are separate; no ending removal creates agreement.	rt-complete-2254-002	rt-complete-2254-002;rt-complete-2254-017	Native text inspection; original typography not newly certified. Consult original holding at sheet/printed-page/anchor, not a reproduced paragraph.
rt-passage-2254-515-8-1	2254	515	530	three	8cac55f0354938bf4115b5a58854013c65bb6399f0a49ace292c5d60634615d3	Inherited numeral and later gender-specific endings are separate; no ending removal creates agreement.		rt-complete-2254-013;rt-complete-2254-014;rt-complete-2254-018	Native text inspection; original typography not newly certified. Consult original holding at sheet/printed-page/anchor, not a reproduced paragraph.
rt-passage-2258-327-9-1	2258	327	342	timra	0a40b8d09666509039910f9fa94f4a218dc1dd50a1716c27a885f3d011f3a9a6	Identity anchored in a named lexical example/cell.	rt-complete-2258-001;rt-complete-2258-002;rt-complete-2258-003;rt-complete-2258-004	rt-complete-2258-001;rt-complete-2258-002;rt-complete-2258-003;rt-complete-2258-004;rt-complete-2258-005	Native text inspection; original typography not newly certified. Consult original holding at sheet/printed-page/anchor, not a reproduced paragraph.
rt-passage-2255-32-2-1	2255	32	47	thunder	0717b6dd65b1e54798259c8cd02c54c026e67a5b491ab1c54fffb44689393e41	Identity anchored in a named lexical example/cell.	rt-complete-2255-001;rt-complete-2255-002	rt-complete-2255-001;rt-complete-2255-002	Native text inspection; original typography not newly certified. Consult original holding at sheet/printed-page/anchor, not a reproduced paragraph.
rt-passage-2255-328-6-1	2255	328	343	thunder	d43350dda195009dbdefa1ceee4520ccd850ced81f17f887e213ad04051d6f0e	Identity anchored in a named lexical example/cell.	rt-complete-2255-003;rt-complete-2255-004	rt-complete-2255-003;rt-complete-2255-004	Native text inspection; original typography not newly certified. Consult original holding at sheet/printed-page/anchor, not a reproduced paragraph.
rt-passage-2259-171-9-1	2259	171	186	taih6n-	483021c64f242bfefefe7978b18bf8d7af25211d852d64c89fd8c97b269d0d73	Identity anchored in a named lexical example/cell.	rt-complete-2259-001;rt-complete-2259-002	rt-complete-2259-001;rt-complete-2259-002	Native text inspection; original typography not newly certified. Consult original holding at sheet/printed-page/anchor, not a reproduced paragraph.
rt-passage-2259-314-9-1	2259	314	329	taih6n-	3e1067a74d2fdef03e3c7418769b3dd9e1f72227043cd6104bf0748b5aaf5e65	Identity anchored in a named lexical example/cell.	rt-complete-2259-003;rt-complete-2259-004;rt-complete-2259-005	rt-complete-2259-003;rt-complete-2259-004;rt-complete-2259-005	Native text inspection; original typography not newly certified. Consult original holding at sheet/printed-page/anchor, not a reproduced paragraph.
rt-passage-2260-48-5-5	2260	48	63	taikn	a8240421ce6dc9194cac328c9f6171b8f3f62e84da450c49de7c4e64e4da858e	Identity anchored in a named lexical example/cell.	rt-complete-2260-001;rt-complete-2260-002	rt-complete-2260-001;rt-complete-2260-002	Native text inspection; original typography not newly certified. Consult original holding at sheet/printed-page/anchor, not a reproduced paragraph.
rt-passage-2260-331-7-1	2260	331	346	taikn	461ab4ba3a8302f95852c200bef5f24de7e452654a3574b9f0434c0afc93c11d	Identity anchored in a named lexical example/cell.	rt-complete-2260-003;rt-complete-2260-004;rt-complete-2260-005	rt-complete-2260-003;rt-complete-2260-004;rt-complete-2260-005	Native text inspection; original typography not newly certified. Consult original holding at sheet/printed-page/anchor, not a reproduced paragraph.
rt-passage-2262-29-12-1	2262	29	44	tungon-	80ae71dcf1d54cfc197e3bada8f9ff3785092cbff8a27964bb2634c7d9a13d82	Identity anchored in a named lexical example/cell.	rt-complete-2262-001	rt-complete-2262-001	Native text inspection; original typography not newly certified. Consult original holding at sheet/printed-page/anchor, not a reproduced paragraph.
rt-passage-2262-59-7-1	2262	59	74	tunga	9c28f3e6059497c7b8317b3db22adabba620fe12f0d4e54d8e0bf31fc50de7b7	Identity anchored in a named lexical example/cell.	rt-complete-2262-002;rt-complete-2262-003;rt-complete-2262-004;rt-complete-2262-005;rt-complete-2262-006	rt-complete-2262-002;rt-complete-2262-003;rt-complete-2262-004;rt-complete-2262-005;rt-complete-2262-006	Native text inspection; original typography not newly certified. Consult original holding at sheet/printed-page/anchor, not a reproduced paragraph.
rt-passage-2262-153-3-1	2262	153	168	tunga	9f9501191143d0d26d5689e311b5040a76f1f660e76050ba824bc23aac699a22	Identity anchored in a named lexical example/cell.	rt-complete-2262-007;rt-complete-2262-008;rt-complete-2262-009;rt-complete-2262-010;rt-complete-2262-011	rt-complete-2262-007;rt-complete-2262-008;rt-complete-2262-009;rt-complete-2262-010;rt-complete-2262-011;rt-complete-2262-012	Native text inspection; original typography not newly certified. Consult original holding at sheet/printed-page/anchor, not a reproduced paragraph.
rt-passage-2264-325-14-1	2264	325	340	trudang	d5e0216e595156c51943b8d08fd26aaa0cdeca8cb425806d9038f4fba4f80098	Identity anchored in a named lexical example/cell.	rt-complete-2264-001;rt-complete-2264-002;rt-complete-2264-003	rt-complete-2264-001;rt-complete-2264-002;rt-complete-2264-003	Native text inspection; original typography not newly certified. Consult original holding at sheet/printed-page/anchor, not a reproduced paragraph.
rt-passage-2264-78-5-1	2264	78	93	tredan	25b3ddef3f21159088a70e62ed80f3e6b7733b98f4958054b274e1aedf9d0a3f	Identity anchored in a named lexical example/cell.	rt-complete-2264-004;rt-complete-2264-005;rt-complete-2264-006;rt-complete-2264-007;rt-complete-2264-008;rt-complete-2264-009	rt-complete-2264-004;rt-complete-2264-005;rt-complete-2264-006;rt-complete-2264-007;rt-complete-2264-008;rt-complete-2264-009	Native text inspection; original typography not newly certified. Consult original holding at sheet/printed-page/anchor, not a reproduced paragraph.
rt-passage-2268-162-3-1	2268	162	177	wakai-	98ac8f25e35dfaba1a09841a4d83ec58687d69f5f2a145b77360c6d0bd4aaba6	Stative/fientive wake-family forms are not equated to the selected strong wake infinitive.	rt-complete-2268-001;rt-complete-2268-002;rt-complete-2268-003;rt-complete-2268-004;rt-complete-2268-005;rt-complete-2268-006;rt-complete-2268-007	rt-complete-2268-001;rt-complete-2268-002;rt-complete-2268-003;rt-complete-2268-004;rt-complete-2268-005;rt-complete-2268-006;rt-complete-2268-007	Native text inspection; original typography not newly certified. Consult original holding at sheet/printed-page/anchor, not a reproduced paragraph.
rt-passage-2268-190-7-1	2268	190	205	wakja-	bb90948574ad4dad1147c86beaf0096bf54ea2d6a0714612e4922b2704005907	Stative/fientive wake-family forms are not equated to the selected strong wake infinitive.	rt-complete-2268-008;rt-complete-2268-009;rt-complete-2268-010;rt-complete-2268-011;rt-complete-2268-012;rt-complete-2268-013;rt-complete-2268-014;rt-complete-2268-015	rt-complete-2268-008;rt-complete-2268-009;rt-complete-2268-010;rt-complete-2268-011;rt-complete-2268-012;rt-complete-2268-013;rt-complete-2268-014;rt-complete-2268-015	Native text inspection; original typography not newly certified. Consult original holding at sheet/printed-page/anchor, not a reproduced paragraph.
rt-passage-2269-180-5-1	2269	180	195	warp	6f1ac7a364753b77e2f7a367edc1fd72e9171ac1c33a1fc8125130e07a3cf829	Source wearp is the throw-verb past, not a quotation of the selected ending-bearing warp-noun input; retain only as a bounded lexical comparandum.	rt-complete-2269-001;rt-complete-2269-002;rt-complete-2269-003	rt-complete-2269-001;rt-complete-2269-002;rt-complete-2269-003;rt-complete-2269-004;rt-complete-2269-005;rt-complete-2269-006;rt-complete-2269-007	Native text inspection; original typography not newly certified. Consult original holding at sheet/printed-page/anchor, not a reproduced paragraph.
rt-passage-2269-180-6-1	2269	180	195	warp	3e05a8ff7060a3c83da30ef03a18e7712a87995d13273fd68ad1ad814296e971	Source wearp is the throw-verb past, not a quotation of the selected ending-bearing warp-noun input; retain only as a bounded lexical comparandum.	rt-complete-2269-004;rt-complete-2269-005;rt-complete-2269-006	rt-complete-2269-001;rt-complete-2269-002;rt-complete-2269-003;rt-complete-2269-004;rt-complete-2269-005;rt-complete-2269-006;rt-complete-2269-007	Native text inspection; original typography not newly certified. Consult original holding at sheet/printed-page/anchor, not a reproduced paragraph.
rt-passage-2270-182-5-1	2270	182	197	werpan	147f103ab06a7bbc4bb49bbb815c74549ef7a0d0574b9eec38ccd2652cf59f01	Identity anchored in a named lexical example/cell.	rt-complete-2270-001;rt-complete-2270-002	rt-complete-2270-001;rt-complete-2270-002	Native text inspection; original typography not newly certified. Consult original holding at sheet/printed-page/anchor, not a reproduced paragraph.
rt-passage-2270-347-2-1	2270	347	362	weorpan	68c4c3a496e285f2a9cfbdb40f2f0923660734eaeb7ac65ad5aa71fd1ccccfd3	Identity anchored in a named lexical example/cell.	rt-complete-2270-003	rt-complete-2270-003;rt-complete-2270-007;rt-complete-2270-008;rt-complete-2270-009;rt-complete-2270-010	Native text inspection; original typography not newly certified. Consult original holding at sheet/printed-page/anchor, not a reproduced paragraph.
rt-passage-2270-350-10-1	2270	350	365	weorpan	d651ba5a273727410e0a71b20b38a2e00e7df689e1df8a4e843ed599c82ba5be	Identity anchored in a named lexical example/cell.	rt-complete-2270-005	rt-complete-2270-005;rt-complete-2270-006;rt-complete-2270-011	Native text inspection; original typography not newly certified. Consult original holding at sheet/printed-page/anchor, not a reproduced paragraph.
rt-passage-2270-350-11-1	2270	350	365	weorpan	1393130d137f56843224e6038aa4d3120948835b75431f4d8504cefd2d89023d	Identity anchored in a named lexical example/cell.	rt-complete-2270-006	rt-complete-2270-005;rt-complete-2270-006;rt-complete-2270-011	Native text inspection; original typography not newly certified. Consult original holding at sheet/printed-page/anchor, not a reproduced paragraph.
rt-passage-2272-127-26-1	2272	127	142	waskan	376d4bfacb82707e897476ce94f8ed969f8024634b64727fa7af14a0b61b9149	Identity anchored in a named lexical example/cell.	rt-complete-2272-001;rt-complete-2272-002	rt-complete-2272-001;rt-complete-2272-002;rt-complete-2272-005	Native text inspection; original typography not newly certified. Consult original holding at sheet/printed-page/anchor, not a reproduced paragraph.
rt-passage-2272-233-10-1	2272	233	248	waskan	36de891253fc8f8cf82cf79de982a579e34d0dc745a0a260c9888eef357c936e	Identity anchored in a named lexical example/cell.		rt-complete-2272-003;rt-complete-2272-004	Native text inspection; original typography not newly certified. Consult original holding at sheet/printed-page/anchor, not a reproduced paragraph.
rt-passage-2274-59-3-1	2274	59	74	wator	f491baabd2cb73442a1fda6474a7ec1b9520c31b519a723f25de161b931f1153	Identity anchored in a named lexical example/cell.	rt-complete-2274-001;rt-complete-2274-002;rt-complete-2274-003;rt-complete-2274-004	rt-complete-2274-001;rt-complete-2274-002;rt-complete-2274-003;rt-complete-2274-004	Native text inspection; original typography not newly certified. Consult original holding at sheet/printed-page/anchor, not a reproduced paragraph.
rt-passage-2274-119-2-1	2274	119	134	wator	438163402a89761d077ae3252cc814053d49b9898b71f6999b6a913774aaa6e1	Identity anchored in a named lexical example/cell.	rt-complete-2274-005;rt-complete-2274-006;rt-complete-2274-007;rt-complete-2274-008;rt-complete-2274-009;rt-complete-2274-010;rt-complete-2274-011;rt-complete-2274-012	rt-complete-2274-005;rt-complete-2274-006;rt-complete-2274-007;rt-complete-2274-008;rt-complete-2274-009;rt-complete-2274-010;rt-complete-2274-011;rt-complete-2274-012;rt-complete-2274-032	Native text inspection; original typography not newly certified. Consult original holding at sheet/printed-page/anchor, not a reproduced paragraph.
rt-passage-2274-147-9-1	2274	147	162	wator	ef889a7f2e519050847b0ca5ad3553de8c7f0140b040abae63cad89a39c59606	Identity anchored in a named lexical example/cell.	rt-complete-2274-013;rt-complete-2274-014;rt-complete-2274-015	rt-complete-2274-013;rt-complete-2274-014;rt-complete-2274-015	Native text inspection; original typography not newly certified. Consult original holding at sheet/printed-page/anchor, not a reproduced paragraph.
rt-passage-2274-152-8-1	2274	152	167	wator	a346076207fe38d89b1c66b7d025c57d2970a7a12e3f71d8619c2ac4d109b702	Identity anchored in a named lexical example/cell.	rt-complete-2274-016;rt-complete-2274-017;rt-complete-2274-018;rt-complete-2274-019	rt-complete-2274-016;rt-complete-2274-017;rt-complete-2274-018;rt-complete-2274-019	Native text inspection; original typography not newly certified. Consult original holding at sheet/printed-page/anchor, not a reproduced paragraph.
rt-passage-2274-333-6-1	2274	333	348	wator	d467e4a7e6c7663309c73b84940a49e83eea5b4099c0e2471ae62c93fd3062f5	Identity anchored in a named lexical example/cell.	rt-complete-2274-020;rt-complete-2274-021;rt-complete-2274-022;rt-complete-2274-023	rt-complete-2274-020;rt-complete-2274-021;rt-complete-2274-022;rt-complete-2274-023	Native text inspection; original typography not newly certified. Consult original holding at sheet/printed-page/anchor, not a reproduced paragraph.
rt-passage-2274-387-2-1	2274	387	402	weeter	8b81959bb7873a0b2fd316e6681e7122c9bcfe2342cd0208c871fcef63433879	Identity anchored in a named lexical example/cell.	rt-complete-2274-024;rt-complete-2274-025;rt-complete-2274-026;rt-complete-2274-027;rt-complete-2274-028;rt-complete-2274-029;rt-complete-2274-030;rt-complete-2274-031	rt-complete-2274-024;rt-complete-2274-025;rt-complete-2274-026;rt-complete-2274-027;rt-complete-2274-028;rt-complete-2274-029;rt-complete-2274-030;rt-complete-2274-031;rt-complete-2274-034	Native text inspection; original typography not newly certified. Consult original holding at sheet/printed-page/anchor, not a reproduced paragraph.
rt-passage-2276-176-10-1	2276	176	191	wahsijan	ced67cae288945c888ecd3c0f7f6d3bfa51cc6a4eb174ef22bb50c4083f8a7cc	Identity anchored in a named lexical example/cell.	rt-complete-2276-001;rt-complete-2276-002;rt-complete-2276-003;rt-complete-2276-004	rt-complete-2276-001;rt-complete-2276-002;rt-complete-2276-003;rt-complete-2276-004	Native text inspection; original typography not newly certified. Consult original holding at sheet/printed-page/anchor, not a reproduced paragraph.
rt-passage-2276-312-7-1	2276	312	327	wahsijan	25219bdb2b2e0755bd82760190afe7ff03febaf1d9a8d7f7b43d0a35ebadba09	Identity anchored in a named lexical example/cell.	rt-complete-2276-005;rt-complete-2276-006;rt-complete-2276-007;rt-complete-2276-008;rt-complete-2276-009	rt-complete-2276-005;rt-complete-2276-006;rt-complete-2276-007;rt-complete-2276-008;rt-complete-2276-009	Native text inspection; original typography not newly certified. Consult original holding at sheet/printed-page/anchor, not a reproduced paragraph.
rt-passage-2277-212-11-1	2277	212	227	wegaz	ca2bb253865c974332aae0bf525726f931cb61571f5ec9dbb9993384143b935c	Identity anchored in a named lexical example/cell.	rt-complete-2277-001;rt-complete-2277-002;rt-complete-2277-003	rt-complete-2277-001;rt-complete-2277-002;rt-complete-2277-003	Native text inspection; original typography not newly certified. Consult original holding at sheet/printed-page/anchor, not a reproduced paragraph.
rt-passage-2278-10-7-1	2278	10	25	wépna	cc5fd626520f08f227df114839f058cda29b9f86a24af060690672339cb4bc4e	Identity anchored in a named lexical example/cell.	rt-complete-2278-001;rt-complete-2278-002;rt-complete-2278-003;rt-complete-2278-004	rt-complete-2278-001;rt-complete-2278-002;rt-complete-2278-003;rt-complete-2278-004	Native text inspection; original typography not newly certified. Consult original holding at sheet/printed-page/anchor, not a reproduced paragraph.
rt-passage-2278-149-5-1	2278	149	164	wépna	9ab132e73d19590fb97f5a8f21c3d3f141c91d8ce448f2cbd54bb38df1f1f572	Identity anchored in a named lexical example/cell.	rt-complete-2278-005;rt-complete-2278-006;rt-complete-2278-007;rt-complete-2278-008	rt-complete-2278-005;rt-complete-2278-006;rt-complete-2278-007;rt-complete-2278-008	Native text inspection; original typography not newly certified. Consult original holding at sheet/printed-page/anchor, not a reproduced paragraph.
rt-passage-2278-331-6-1	2278	331	346	wépna	a2d3326877aca98a65c223c47839672056256b9b3f267d95a535aa448cef3ecf	Identity anchored in a named lexical example/cell.	rt-complete-2278-009;rt-complete-2278-010	rt-complete-2278-009;rt-complete-2278-010	Native text inspection; original typography not newly certified. Consult original holding at sheet/printed-page/anchor, not a reproduced paragraph.
rt-passage-2281-325-6-1	2281	325	340	webana	27b972eca5f22b801f4824219ed07a16769d592ea4f2e7ba0b9e6bfd51ee62bc	Identity anchored in a named lexical example/cell.	rt-complete-2281-001;rt-complete-2281-002;rt-complete-2281-003;rt-complete-2281-004	rt-complete-2281-001;rt-complete-2281-002;rt-complete-2281-003;rt-complete-2281-004	Native text inspection; original typography not newly certified. Consult original holding at sheet/printed-page/anchor, not a reproduced paragraph.
rt-passage-2284-50-6-1	2284	50	65	whale	b777a93d3bc749d11603c370030bcd138b9380b239a5b6e700e2d4411a02855b	Identity anchored in a named lexical example/cell.	rt-complete-2284-001;rt-complete-2284-002;rt-complete-2284-003	rt-complete-2284-001;rt-complete-2284-002;rt-complete-2284-003	Native text inspection; original typography not newly certified. Consult original holding at sheet/printed-page/anchor, not a reproduced paragraph.
rt-passage-2284-194-3-1	2284	194	209	whale	45bc1df2d3087efc53a3164b79de212cbc60edcafb8b07dbf9b4cb07dceac712	Identity anchored in a named lexical example/cell.	rt-complete-2284-004;rt-complete-2284-005;rt-complete-2284-006;rt-complete-2284-007;rt-complete-2284-008;rt-complete-2284-009;rt-complete-2284-010;rt-complete-2284-011;rt-complete-2284-012	rt-complete-2284-004;rt-complete-2284-005;rt-complete-2284-006;rt-complete-2284-007;rt-complete-2284-008;rt-complete-2284-009;rt-complete-2284-010;rt-complete-2284-011;rt-complete-2284-012	Native text inspection; original typography not newly certified. Consult original holding at sheet/printed-page/anchor, not a reproduced paragraph.
rt-passage-2286-130-12-1	2286	130	145	hwinan	54736b7e1a32e3cfc342a6630761afa7bc98173fbc939b6479a9628e82071136	Identity anchored in a named lexical example/cell.	rt-complete-2286-001;rt-complete-2286-002;rt-complete-2286-003;rt-complete-2286-004	rt-complete-2286-001;rt-complete-2286-002;rt-complete-2286-003;rt-complete-2286-004	Native text inspection; original typography not newly certified. Consult original holding at sheet/printed-page/anchor, not a reproduced paragraph.
rt-passage-2288-270-11-1	2288	270	285	widuw	6acf12cd84481e9bc95c3edb7d317ff161d357fc7e8e098757ddcb421ed9fa1a	Identity anchored in a named lexical example/cell.	rt-complete-2288-001;rt-complete-2288-002;rt-complete-2288-003	rt-complete-2288-001;rt-complete-2288-002;rt-complete-2288-003	Native text inspection; original typography not newly certified. Consult original holding at sheet/printed-page/anchor, not a reproduced paragraph.
rt-passage-2288-322-13-1	2288	322	337	widuw	be05e543f374dc32d2d97675f62a41a8bcef768545cbbd4de7c698a578bf9727	Identity anchored in a named lexical example/cell.	rt-complete-2288-004;rt-complete-2288-005;rt-complete-2288-006;rt-complete-2288-007	rt-complete-2288-004;rt-complete-2288-005;rt-complete-2288-006;rt-complete-2288-007	Native text inspection; original typography not newly certified. Consult original holding at sheet/printed-page/anchor, not a reproduced paragraph.
rt-passage-2289-232-6-1	2289	232	247	waldang	b634fa6ddf8c03c1d93738e9dd895e6af9726db7782fd352ea014c9da37b677d	Identity anchored in a named lexical example/cell.	rt-complete-2289-001;rt-complete-2289-002;rt-complete-2289-003	rt-complete-2289-001;rt-complete-2289-002;rt-complete-2289-003	Native text inspection; original typography not newly certified. Consult original holding at sheet/printed-page/anchor, not a reproduced paragraph.
rt-passage-2290-297-15-1	2290	297	312	wibu	f9f9e8f3587b037338f03793a5dbb8a8840a8e48520f13fa6fc102fa63bcc8e9	Identity anchored in a named lexical example/cell.	rt-complete-2290-001;rt-complete-2290-002	rt-complete-2290-001;rt-complete-2290-002;rt-complete-2290-004	Native text inspection; original typography not newly certified. Consult original holding at sheet/printed-page/anchor, not a reproduced paragraph.
rt-passage-2290-378-4-1	2290	378	393	wif	5c36161258b59941d49004c36378828a576478d699748546269cda800f90288c	Identity anchored in a named lexical example/cell.	rt-complete-2290-003	rt-complete-2290-003	Native text inspection; original typography not newly certified. Consult original holding at sheet/printed-page/anchor, not a reproduced paragraph.
rt-passage-2291-337-3-1	2291	337	352	wihti	e595fe0bd6fa0a36dc95557182c34f386b65e89d995d8fd5c43696083e7653c8	Identity anchored in a named lexical example/cell.	rt-complete-2291-001;rt-complete-2291-002;rt-complete-2291-003;rt-complete-2291-004;rt-complete-2291-005	rt-complete-2291-001;rt-complete-2291-002;rt-complete-2291-003;rt-complete-2291-004;rt-complete-2291-005	Native text inspection; original typography not newly certified. Consult original holding at sheet/printed-page/anchor, not a reproduced paragraph.
rt-passage-2292-52-6-1	2292	52	67	wiljang	adcde046789dfee8b8f05d2eaaf4d81e70e99af159c617d83117d14f4942b29b	Want willan, never the boiling verb.	rt-complete-2292-001;rt-complete-2292-002;rt-complete-2292-003	rt-complete-2292-001;rt-complete-2292-002;rt-complete-2292-003	Native text inspection; original typography not newly certified. Consult original holding at sheet/printed-page/anchor, not a reproduced paragraph.
rt-passage-2292-74-4-1	2292	74	89	willan	970c6d45c059c07c82b8154d5a84b0a756f1a695b9936da28444bc4c620cf673	Want willan, never the boiling verb.	rt-complete-2292-004;rt-complete-2292-005;rt-complete-2292-006;rt-complete-2292-007;rt-complete-2292-008;rt-complete-2292-009;rt-complete-2292-010;rt-complete-2292-011;rt-complete-2292-012;rt-complete-2292-013;rt-complete-2292-014	rt-complete-2292-004;rt-complete-2292-005;rt-complete-2292-006;rt-complete-2292-007;rt-complete-2292-008;rt-complete-2292-009;rt-complete-2292-010;rt-complete-2292-011;rt-complete-2292-012;rt-complete-2292-013;rt-complete-2292-014	Native text inspection; original typography not newly certified. Consult original holding at sheet/printed-page/anchor, not a reproduced paragraph.
rt-passage-2292-355-3-1	2292	355	370	willan	b60e8ecb7bbc654c290d863e79dbc783779aa3864bdc8962b21bb7064f3e4fa4	Want willan, never the boiling verb.	rt-complete-2292-015;rt-complete-2292-016;rt-complete-2292-017	rt-complete-2292-015;rt-complete-2292-016;rt-complete-2292-017	Native text inspection; original typography not newly certified. Consult original holding at sheet/printed-page/anchor, not a reproduced paragraph.
rt-passage-2292-371-5-1	2292	371	386	willan	8da2f24c6d7143b82440b7ff19a7793f757a4c068681cae67b5a0b06cde04ae0	Want willan, never the boiling verb.	rt-complete-2292-018;rt-complete-2292-019;rt-complete-2292-020	rt-complete-2292-018;rt-complete-2292-019;rt-complete-2292-020	Native text inspection; original typography not newly certified. Consult original holding at sheet/printed-page/anchor, not a reproduced paragraph.
rt-passage-2293-52-6-1	2293	52	67	wiljang	adcde046789dfee8b8f05d2eaaf4d81e70e99af159c617d83117d14f4942b29b	Want verb is family evidence, not a quotation of the selected will noun.	rt-complete-2293-001;rt-complete-2293-002;rt-complete-2293-003	rt-complete-2293-001;rt-complete-2293-002;rt-complete-2293-003	Native text inspection; original typography not newly certified. Consult original holding at sheet/printed-page/anchor, not a reproduced paragraph.
rt-passage-2295-328-15-1	2295	328	343	wintruz	2d3c9a88d03df1dcd0cd45ddcdf7e75ec3c3ff4e352bb131f6d6971032a2d393	Identity anchored in a named lexical example/cell.	rt-complete-2295-001;rt-complete-2295-002;rt-complete-2295-003;rt-complete-2295-004	rt-complete-2295-001;rt-complete-2295-002;rt-complete-2295-003;rt-complete-2295-004	Native text inspection; original typography not newly certified. Consult original holding at sheet/printed-page/anchor, not a reproduced paragraph.
rt-passage-2298-32-6-1	2298	32	47	wulfaz	ece0fd1cc9e34389f26570c516419265987efa87f2d326c8ad4eaf0274c0607e	Identity anchored in a named lexical example/cell.	rt-complete-2298-001	rt-complete-2298-001	Native text inspection; original typography not newly certified. Consult original holding at sheet/printed-page/anchor, not a reproduced paragraph.
rt-passage-2299-328-11-1	2299	328	343	wundra	5e5958452df1725309116a44473e7ae8cf0185618f6966e98bde44216313e21c	Identity anchored in a named lexical example/cell.	rt-complete-2299-001;rt-complete-2299-002;rt-complete-2299-003	rt-complete-2299-001;rt-complete-2299-002;rt-complete-2299-003	Native text inspection; original typography not newly certified. Consult original holding at sheet/printed-page/anchor, not a reproduced paragraph.
rt-passage-2300-32-4-1	2300	32	47	wull	5fee9c82ba1e4cb97e3236a7ab12858e85ef5fbfe96b6c06a2496d775af99fe6	Identity anchored in a named lexical example/cell.	rt-complete-2300-001;rt-complete-2300-002;rt-complete-2300-003;rt-complete-2300-004;rt-complete-2300-005	rt-complete-2300-001;rt-complete-2300-002;rt-complete-2300-003;rt-complete-2300-004;rt-complete-2300-005	Native text inspection; original typography not newly certified. Consult original holding at sheet/printed-page/anchor, not a reproduced paragraph.
rt-passage-2301-27-18-1	2301	27	42	wurda	814b21d45a8f81d61e1b61d0a738e6cb315d8d99bfb0ab5528f8b70e4a9a8891	Identity anchored in a named lexical example/cell.	rt-complete-2301-001	rt-complete-2301-001	Native text inspection; original typography not newly certified. Consult original holding at sheet/printed-page/anchor, not a reproduced paragraph.
rt-passage-2302-202-15-1	2302	202	217	werald	12cbb0ba28eca4a263d346109b5e20e37ad5ade657403b904f49235507e6f85c	Wer is the compound's man/warrior component, not the separate mann row.	rt-complete-2302-001;rt-complete-2302-002;rt-complete-2302-003;rt-complete-2302-004	rt-complete-2302-001;rt-complete-2302-002;rt-complete-2302-003;rt-complete-2302-004;rt-complete-2302-015	Native text inspection; original typography not newly certified. Consult original holding at sheet/printed-page/anchor, not a reproduced paragraph.
rt-passage-2302-326-4-1	2302	326	341	werald	5140fdb897c88552b45de7f4c10bb8f354294de362d5d976bb09485002b48834	Wer is the compound's man/warrior component, not the separate mann row.	rt-complete-2302-005;rt-complete-2302-006;rt-complete-2302-007;rt-complete-2302-008;rt-complete-2302-009	rt-complete-2302-005;rt-complete-2302-006;rt-complete-2302-007;rt-complete-2302-008;rt-complete-2302-009;rt-complete-2302-016	Native text inspection; original typography not newly certified. Consult original holding at sheet/printed-page/anchor, not a reproduced paragraph.
rt-passage-2302-34-4-1	2302	34	49	wiraz	9a2bdf116af108fa233b7c5720a9853c03cd94e2858cbd940f0cf17000011c22	Wer is the compound's man/warrior component, not the separate mann row.	rt-complete-2302-010;rt-complete-2302-011;rt-complete-2302-012;rt-complete-2302-013	rt-complete-2302-010;rt-complete-2302-011;rt-complete-2302-012;rt-complete-2302-013;rt-complete-2302-014	Native text inspection; original typography not newly certified. Consult original holding at sheet/printed-page/anchor, not a reproduced paragraph.
rt-passage-2303-223-9-1	2303	223	238	wurmiz	d70a7cf8a775a7f434d1f40cad2824822646017ddc0a4d6d8441472cb058be44	Identity anchored in a named lexical example/cell.	rt-complete-2303-001;rt-complete-2303-002	rt-complete-2303-001;rt-complete-2303-002	Native text inspection; original typography not newly certified. Consult original holding at sheet/printed-page/anchor, not a reproduced paragraph.
rt-passage-2305-205-12-1	2305	205	220	garna	93a89b0bac6125aad7c49a794863364c4748b85e64b51be67721179b4ecd4492	Identity anchored in a named lexical example/cell.	rt-complete-2305-001;rt-complete-2305-002;rt-complete-2305-003;rt-complete-2305-004	rt-complete-2305-001;rt-complete-2305-002;rt-complete-2305-003;rt-complete-2305-004	Native text inspection; original typography not newly certified. Consult original holding at sheet/printed-page/anchor, not a reproduced paragraph.
rt-passage-2306-12-3-1	2306	12	27	jéra	3f7c5dc9bb84c8d9679812f66439a9046db95de0aa1362f5c3e64d0386eed151	Identity anchored in a named lexical example/cell.	rt-complete-2306-001;rt-complete-2306-002;rt-complete-2306-003	rt-complete-2306-001;rt-complete-2306-002;rt-complete-2306-003	Native text inspection; original typography not newly certified. Consult original holding at sheet/printed-page/anchor, not a reproduced paragraph.
rt-passage-2306-150-2-1	2306	150	165	géar	83a9939805fc4351c956709138f0ac2c989783598ec85c04536858a0fef4b241	Identity anchored in a named lexical example/cell.	rt-complete-2306-004;rt-complete-2306-005;rt-complete-2306-006;rt-complete-2306-007;rt-complete-2306-008	rt-complete-2306-004;rt-complete-2306-005;rt-complete-2306-006;rt-complete-2306-007;rt-complete-2306-008	Native text inspection; original typography not newly certified. Consult original holding at sheet/printed-page/anchor, not a reproduced paragraph.
rt-passage-2306-216-8-1	2306	216	231	géar	33a600cd379088e283a67143747a245e51f5ced7b378f7a8312fd845fd6cb244	Identity anchored in a named lexical example/cell.	rt-complete-2306-009;rt-complete-2306-010;rt-complete-2306-011	rt-complete-2306-009;rt-complete-2306-010;rt-complete-2306-011	Native text inspection; original typography not newly certified. Consult original holding at sheet/printed-page/anchor, not a reproduced paragraph.
rt-passage-2307-27-10-1	2307	27	42	jukg	a88a913cc72a128c2be2fe6aeecd757dedd3471ac79af87afcd95ab0b0263341	Identity anchored in a named lexical example/cell.	rt-complete-2307-001;rt-complete-2307-002	rt-complete-2307-001;rt-complete-2307-002	Native text inspection; original typography not newly certified. Consult original holding at sheet/printed-page/anchor, not a reproduced paragraph.
rt-passage-2307-114-9-1	2307	114	129	jok	6a60dd5bf7c40f48603cc1b768bb7728c1a16705e00c7f3f19fc3d5c3208f3e4	Identity anchored in a named lexical example/cell.		rt-complete-2307-003;rt-complete-2307-004;rt-complete-2307-005;rt-complete-2307-006;rt-complete-2307-007;rt-complete-2307-008;rt-complete-2307-009;rt-complete-2307-010;rt-complete-2307-011	Native text inspection; original typography not newly certified. Consult original holding at sheet/printed-page/anchor, not a reproduced paragraph.
rt-passage-2307-114-10-1	2307	114	129	jok	7bc60af7b074bfc4cb250698d05a20b85bcbeaefddfe1b853fd7c6a8ce78ad09	Identity anchored in a named lexical example/cell.		rt-complete-2307-003;rt-complete-2307-004;rt-complete-2307-005;rt-complete-2307-006;rt-complete-2307-007;rt-complete-2307-008;rt-complete-2307-009;rt-complete-2307-010;rt-complete-2307-011	Native text inspection; original typography not newly certified. Consult original holding at sheet/printed-page/anchor, not a reproduced paragraph.
rt-passage-2307-114-11-1	2307	114	129	jok	252d0a0f0e055db7bfd25f6504e80b9668d8c851ec0b1b896abed29a8ef51497	Identity anchored in a named lexical example/cell.		rt-complete-2307-003;rt-complete-2307-004;rt-complete-2307-005;rt-complete-2307-006;rt-complete-2307-007;rt-complete-2307-008;rt-complete-2307-009;rt-complete-2307-010;rt-complete-2307-011	Native text inspection; original typography not newly certified. Consult original holding at sheet/printed-page/anchor, not a reproduced paragraph.
rt-passage-2308-141-6-1	2308	141	156	jugunpi	0b4c2de3c3538ded102725dfdcef3d5c700d96e445c0220ebec21e0bc98e4518	Youth nominal formation; the unrelated young adjective is not a source quotation of youth.	rt-complete-2308-001;rt-complete-2308-002;rt-complete-2308-003	rt-complete-2308-001;rt-complete-2308-002;rt-complete-2308-003	Native text inspection; original typography not newly certified. Consult original holding at sheet/printed-page/anchor, not a reproduced paragraph.
rt-passage-2309-228-3-1	2309	228	243	mak6n	e3648ed846f7c384f0890dc1d020a0d00ff55a037a21d20ce169e3a110dd938b	Named verb stem/infinitive is family evidence for this finite-cell row; no finite ending is manufactured.	rt-complete-2309-001;rt-complete-2309-002;rt-complete-2309-003;rt-complete-2309-004	rt-complete-2309-001;rt-complete-2309-002;rt-complete-2309-003;rt-complete-2309-004	Native text inspection; original typography not newly certified. Consult original holding at sheet/printed-page/anchor, not a reproduced paragraph.
rt-passage-2310-228-3-1	2310	228	243	mak6n	e3648ed846f7c384f0890dc1d020a0d00ff55a037a21d20ce169e3a110dd938b	Named verb stem/infinitive is family evidence for this finite-cell row; no finite ending is manufactured.	rt-complete-2310-001;rt-complete-2310-002;rt-complete-2310-003;rt-complete-2310-004	rt-complete-2310-001;rt-complete-2310-002;rt-complete-2310-003;rt-complete-2310-004	Native text inspection; original typography not newly certified. Consult original holding at sheet/printed-page/anchor, not a reproduced paragraph.
rt-passage-2313-38-4-1	2313	38	53	lizn	f7b3978b169f45aea7e254c36664181184d231ff6d3ffe1b92c7fba56e06b27b	Named verb stem/infinitive is family evidence for this finite-cell row; no finite ending is manufactured.	rt-complete-2313-001;rt-complete-2313-002;rt-complete-2313-003	rt-complete-2313-001;rt-complete-2313-002;rt-complete-2313-003;rt-complete-2313-017	Native text inspection; original typography not newly certified. Consult original holding at sheet/printed-page/anchor, not a reproduced paragraph.
rt-passage-2313-84-8-1	2313	84	99	lizn	c0a07e54f6c10557103951d6e7427452c5d2670d6f90b308ed64c8dc997c5eae	Named verb stem/infinitive is family evidence for this finite-cell row; no finite ending is manufactured.	rt-complete-2313-004;rt-complete-2313-005;rt-complete-2313-006;rt-complete-2313-007	rt-complete-2313-004;rt-complete-2313-005;rt-complete-2313-006;rt-complete-2313-007	Native text inspection; original typography not newly certified. Consult original holding at sheet/printed-page/anchor, not a reproduced paragraph.
rt-passage-2313-95-12-1	2313	95	110	lizn	853a404f0e7b0e6877a7a335127f67c36825463df066dcdb21f5ef07ab4c154f	Named verb stem/infinitive is family evidence for this finite-cell row; no finite ending is manufactured.	rt-complete-2313-008;rt-complete-2313-009;rt-complete-2313-010;rt-complete-2313-011	rt-complete-2313-008;rt-complete-2313-009;rt-complete-2313-010;rt-complete-2313-011;rt-complete-2313-018	Native text inspection; original typography not newly certified. Consult original holding at sheet/printed-page/anchor, not a reproduced paragraph.
rt-passage-2313-183-4-1	2313	183	198	lizn	1f6ac4e268ea688de7aa2da4b2978be612be5459f6d82ce93a1f11e6c654f00e	Named verb stem/infinitive is family evidence for this finite-cell row; no finite ending is manufactured.	rt-complete-2313-012;rt-complete-2313-013;rt-complete-2313-014;rt-complete-2313-015;rt-complete-2313-016	rt-complete-2313-012;rt-complete-2313-013;rt-complete-2313-014;rt-complete-2313-015;rt-complete-2313-016	Native text inspection; original typography not newly certified. Consult original holding at sheet/printed-page/anchor, not a reproduced paragraph.
rt-passage-2314-38-4-1	2314	38	53	lizn	f7b3978b169f45aea7e254c36664181184d231ff6d3ffe1b92c7fba56e06b27b	Named verb stem/infinitive is family evidence for this finite-cell row; no finite ending is manufactured.	rt-complete-2314-001;rt-complete-2314-002;rt-complete-2314-003	rt-complete-2314-001;rt-complete-2314-002;rt-complete-2314-003;rt-complete-2314-017	Native text inspection; original typography not newly certified. Consult original holding at sheet/printed-page/anchor, not a reproduced paragraph.
rt-passage-2314-84-8-1	2314	84	99	lizn	c0a07e54f6c10557103951d6e7427452c5d2670d6f90b308ed64c8dc997c5eae	Named verb stem/infinitive is family evidence for this finite-cell row; no finite ending is manufactured.	rt-complete-2314-004;rt-complete-2314-005;rt-complete-2314-006;rt-complete-2314-007	rt-complete-2314-004;rt-complete-2314-005;rt-complete-2314-006;rt-complete-2314-007	Native text inspection; original typography not newly certified. Consult original holding at sheet/printed-page/anchor, not a reproduced paragraph.
rt-passage-2314-95-12-1	2314	95	110	lizn	853a404f0e7b0e6877a7a335127f67c36825463df066dcdb21f5ef07ab4c154f	Named verb stem/infinitive is family evidence for this finite-cell row; no finite ending is manufactured.	rt-complete-2314-008;rt-complete-2314-009;rt-complete-2314-010;rt-complete-2314-011	rt-complete-2314-008;rt-complete-2314-009;rt-complete-2314-010;rt-complete-2314-011;rt-complete-2314-018	Native text inspection; original typography not newly certified. Consult original holding at sheet/printed-page/anchor, not a reproduced paragraph.
rt-passage-2314-183-4-1	2314	183	198	lizn	1f6ac4e268ea688de7aa2da4b2978be612be5459f6d82ce93a1f11e6c654f00e	Named verb stem/infinitive is family evidence for this finite-cell row; no finite ending is manufactured.	rt-complete-2314-012;rt-complete-2314-013;rt-complete-2314-014;rt-complete-2314-015;rt-complete-2314-016	rt-complete-2314-012;rt-complete-2314-013;rt-complete-2314-014;rt-complete-2314-015;rt-complete-2314-016	Native text inspection; original typography not newly certified. Consult original holding at sheet/printed-page/anchor, not a reproduced paragraph.
rt-passage-2315-35-6-1	2315	35	50	li/ekk	8846253ce295ff394903f99b566b5b76521c8240a9bd0d3415ad3af017040c7c	Named verb stem/infinitive is family evidence for this finite-cell row; no finite ending is manufactured.	rt-complete-2315-001;rt-complete-2315-002	rt-complete-2315-001;rt-complete-2315-002;rt-complete-2315-003	Native text inspection; original typography not newly certified. Consult original holding at sheet/printed-page/anchor, not a reproduced paragraph.
rt-passage-2316-35-6-1	2316	35	50	li/ekk	8846253ce295ff394903f99b566b5b76521c8240a9bd0d3415ad3af017040c7c	Named verb stem/infinitive is family evidence for this finite-cell row; no finite ending is manufactured.	rt-complete-2316-001;rt-complete-2316-002	rt-complete-2316-001;rt-complete-2316-002;rt-complete-2316-003	Native text inspection; original typography not newly certified. Consult original holding at sheet/printed-page/anchor, not a reproduced paragraph.
rt-passage-2322-86-10-1	2322	86	101	hwaz	625c281cfd10808c1b01bd51333c484e751d8231e82e6e1b9407e5528b18628d	Identity anchored in a named lexical example/cell.	rt-complete-2322-001;rt-complete-2322-002;rt-complete-2322-003;rt-complete-2322-004	rt-complete-2322-001;rt-complete-2322-002;rt-complete-2322-003;rt-complete-2322-004	Native text inspection; original typography not newly certified. Consult original holding at sheet/printed-page/anchor, not a reproduced paragraph.
rt-passage-2322-125-2-1	2322	125	140	hwa	7710e405de2749f96dd8b4b2a8bfd9c67aad90c51bab6ea7cdf4132b9cb23411	Identity anchored in a named lexical example/cell.		rt-complete-2322-007;rt-complete-2322-008;rt-complete-2322-009;rt-complete-2322-010;rt-complete-2322-011;rt-complete-2322-012;rt-complete-2322-013	Native text inspection; original typography not newly certified. Consult original holding at sheet/printed-page/anchor, not a reproduced paragraph.
rt-passage-2322-391-4-1	2322	391	406	hwa	3c94ba65e8a8189f61e4dc9bdaa21cf52e56089fc5d65e7449123449d01cdf9b	Identity anchored in a named lexical example/cell.	rt-complete-2322-005;rt-complete-2322-006	rt-complete-2322-005;rt-complete-2322-006;rt-complete-2322-014	Native text inspection; original typography not newly certified. Consult original holding at sheet/printed-page/anchor, not a reproduced paragraph.
rt-passage-2326-41-8-1	2326	41	56	izwiz	041dc37549b88d4e711a0a69b87163e0b7c728232cc020fc7f3c917d12305f82	Identity anchored in a named lexical example/cell.	rt-complete-2326-001;rt-complete-2326-002;rt-complete-2326-003;rt-complete-2326-004;rt-complete-2326-005	rt-complete-2326-001;rt-complete-2326-002;rt-complete-2326-003;rt-complete-2326-004;rt-complete-2326-005;rt-complete-2326-011	Native text inspection; original typography not newly certified. Consult original holding at sheet/printed-page/anchor, not a reproduced paragraph.
rt-passage-2326-391-5-1	2326	391	406	iow	df8fccf7acd30d0e0a4f8591be7321a0f083a2d95b8bf26e1000530bbb68e0bf	Identity anchored in a named lexical example/cell.	rt-complete-2326-006;rt-complete-2326-007;rt-complete-2326-008;rt-complete-2326-009	rt-complete-2326-006;rt-complete-2326-007;rt-complete-2326-008;rt-complete-2326-009;rt-complete-2326-013	Native text inspection; original typography not newly certified. Consult original holding at sheet/printed-page/anchor, not a reproduced paragraph.
rt-passage-2326-125-8-1	2326	125	140	iuw	11c890634804dbc0928ff306fbdc651e2f3fc042dd2d9eb83c4a1495cd3cd6f8	Identity anchored in a named lexical example/cell.		rt-complete-2326-010	Native text inspection; original typography not newly certified. Consult original holding at sheet/printed-page/anchor, not a reproduced paragraph.
rt-passage-2328-12-6-1	2328	12	27	séang	990854f54078c6efd6ed83114cb2ccaba0caf22142700fb2f9769a87b20fad7a	Identity anchored in a named lexical example/cell.	rt-complete-2328-001;rt-complete-2328-002	rt-complete-2328-001;rt-complete-2328-002	Native text inspection; original typography not newly certified. Consult original holding at sheet/printed-page/anchor, not a reproduced paragraph.
rt-passage-2329-150-10-1	2329	150	165	léwijang	dbdf26870de311da15466a1ff43c04ce6f1d93312e5ca9167ff8428e93cbaffc	Identity anchored in a named lexical example/cell.	rt-complete-2329-001;rt-complete-2329-002;rt-complete-2329-003;rt-complete-2329-004;rt-complete-2329-005	rt-complete-2329-001;rt-complete-2329-002;rt-complete-2329-003;rt-complete-2329-004;rt-complete-2329-005	Native text inspection; original typography not newly certified. Consult original holding at sheet/printed-page/anchor, not a reproduced paragraph.
rt-passage-2330-72-2-1	2330	72	87	panhté	9f97d8b7e03eb1f0f34a0f5a5a1492e7befe30cb0276015d71ea9802e1992a44	Selected thought past has source past-stem evidence, not a thought-noun substitution.	rt-complete-2330-001;rt-complete-2330-002;rt-complete-2330-003;rt-complete-2330-004;rt-complete-2330-005;rt-complete-2330-006;rt-complete-2330-007	rt-complete-2330-001;rt-complete-2330-002;rt-complete-2330-003;rt-complete-2330-004;rt-complete-2330-005;rt-complete-2330-006;rt-complete-2330-007	Native text inspection; original typography not newly certified. Consult original holding at sheet/printed-page/anchor, not a reproduced paragraph.
rt-passage-2330-142-9-1	2330	142	157	panhté	a523ce52bd17941508d623209ebc2c8b6c90c8a0a239971eb36ed91260561ad8	Selected thought past has source past-stem evidence, not a thought-noun substitution.	rt-complete-2330-008;rt-complete-2330-009;rt-complete-2330-010	rt-complete-2330-008;rt-complete-2330-009;rt-complete-2330-010	Native text inspection; original typography not newly certified. Consult original holding at sheet/printed-page/anchor, not a reproduced paragraph.
rt-passage-2332-250-10-1	2332	250	265	hiwja	2ebf38853b4cfa7ff2152ec7d806223f572606dc7d9acd1256f9be575e14b800	Identity anchored in a named lexical example/cell.	rt-complete-2332-001;rt-complete-2332-002;rt-complete-2332-003;rt-complete-2332-004;rt-complete-2332-005;rt-complete-2332-006;rt-complete-2332-007;rt-complete-2332-008;rt-complete-2332-009;rt-complete-2332-010;rt-complete-2332-011	rt-complete-2332-001;rt-complete-2332-002;rt-complete-2332-003;rt-complete-2332-004;rt-complete-2332-005;rt-complete-2332-006;rt-complete-2332-007;rt-complete-2332-008;rt-complete-2332-009;rt-complete-2332-010;rt-complete-2332-011;rt-complete-2332-013	Native text inspection; original typography not newly certified. Consult original holding at sheet/printed-page/anchor, not a reproduced paragraph.
