sheet	printed_folio	held_page_sha256	holding	folio_basis
1		8a2d82a26e28f34d93b401016b306434c1c066121718059fc527101d07ab59db	docs/references/ringe_taylor_linguistic_history_vol2.txt	Held running header or explicitly contents-confirmed chapter opener; no universal offset.
2		5d77a646880b327813b1040e92387d9f16616346e9879e41c66a8344e9f2fae5	docs/references/ringe_taylor_linguistic_history_vol2.txt	Held running header or explicitly contents-confirmed chapter opener; no universal offset.
3		e3b0c44298fc1c149afbf4c8996fb92427ae41e4649b934ca495991b7852b855	docs/references/ringe_taylor_linguistic_history_vol2.txt	Held running header or explicitly contents-confirmed chapter opener; no universal offset.
4		32c37baa3c64e6416c15f7c304d17d94147cd6dd086f72f3682a89b437d689df	docs/references/ringe_taylor_linguistic_history_vol2.txt	Held running header or explicitly contents-confirmed chapter opener; no universal offset.
5		073a7c21aa98cb62510ed573c26718d9e6bcc1e9933514031c5b1caf293676ea	docs/references/ringe_taylor_linguistic_history_vol2.txt	Held running header or explicitly contents-confirmed chapter opener; no universal offset.
6		b82b65bc4a25d50c0bbaff9ce85ba8fa48a070ebe3f26b35049c507dfac9a0bd	docs/references/ringe_taylor_linguistic_history_vol2.txt	Held running header or explicitly contents-confirmed chapter opener; no universal offset.
7		d0d8c78f5b7593c8a54883667551d2a7909c5fe98cf95f262639e804306f38e6	docs/references/ringe_taylor_linguistic_history_vol2.txt	Held running header or explicitly contents-confirmed chapter opener; no universal offset.
8		76b544418fa9fbe045bd68678457bc14d603a40e3d95929b3cdf40e717b1f224	docs/references/ringe_taylor_linguistic_history_vol2.txt	Held running header or explicitly contents-confirmed chapter opener; no universal offset.
9		b930a384c3bb43b099c90dfc56d0db779b9c025a9df77c6d89ecc782505bdd03	docs/references/ringe_taylor_linguistic_history_vol2.txt	Held running header or explicitly contents-confirmed chapter opener; no universal offset.
10		ae65427f44390a01a10702ffaf4e3ff2758d76df176ab6e4e57b0830a78cbe98	docs/references/ringe_taylor_linguistic_history_vol2.txt	Held running header or explicitly contents-confirmed chapter opener; no universal offset.
11		259268151e2087fb5d2c2da44a67cfa285890c695f97004183a3486dd1ecbfe2	docs/references/ringe_taylor_linguistic_history_vol2.txt	Held running header or explicitly contents-confirmed chapter opener; no universal offset.
12		cdc5a89f7bea2271dd79e9b7a99001c3a3c8cd5ca70feae131ac2d1d6119620c	docs/references/ringe_taylor_linguistic_history_vol2.txt	Held running header or explicitly contents-confirmed chapter opener; no universal offset.
13		dbc41699134be087706c2bd47a4992169c4339d84c317da8e0cdf474cbed05da	docs/references/ringe_taylor_linguistic_history_vol2.txt	Held running header or explicitly contents-confirmed chapter opener; no universal offset.
14		eedc95cf9249dffd0998f1c52345d08cd29d82227af3505c93f5773365bd2df3	docs/references/ringe_taylor_linguistic_history_vol2.txt	Held running header or explicitly contents-confirmed chapter opener; no universal offset.
15		e3b0c44298fc1c149afbf4c8996fb92427ae41e4649b934ca495991b7852b855	docs/references/ringe_taylor_linguistic_history_vol2.txt	Held running header or explicitly contents-confirmed chapter opener; no universal offset.
16	1	87df16b8490ca76a214569d00ed8fdd434674c687b7c2b1bbaf30b8728cc2822	docs/references/ringe_taylor_linguistic_history_vol2.txt	Held running header or explicitly contents-confirmed chapter opener; no universal offset.
17	2	87a60a8321dbb70cbe2de1fb9a8ec04089ab093e71c42bb96a6ed49194b5499b	docs/references/ringe_taylor_linguistic_history_vol2.txt	Held running header or explicitly contents-confirmed chapter opener; no universal offset.
18	3	649da5dd9f181514f56840c5255bce5bc4eeea34116b4b8a28d377ca3530fbaa	docs/references/ringe_taylor_linguistic_history_vol2.txt	Held running header or explicitly contents-confirmed chapter opener; no universal offset.
19	4	d4619d1d135d436f7323bdd8c548951cd7942aca40f9f7791b1f001fa8b0c6a6	docs/references/ringe_taylor_linguistic_history_vol2.txt	Held running header or explicitly contents-confirmed chapter opener; no universal offset.
20	5	e9548aac1e4c8c36e07bba3da043db05d1e347d379825347f103fa1c46d860ce	docs/references/ringe_taylor_linguistic_history_vol2.txt	Held running header or explicitly contents-confirmed chapter opener; no universal offset.
21	6	618d0cbbe362a5e51eb5424ff672cf54e9ef4dfd8fd9ec2018169277947bf99e	docs/references/ringe_taylor_linguistic_history_vol2.txt	Held running header or explicitly contents-confirmed chapter opener; no universal offset.
22	7	e7b75375bdaa8b37a6165b7fb7020e632e557cfc640aad09fb615927baf71902	docs/references/ringe_taylor_linguistic_history_vol2.txt	Held running header or explicitly contents-confirmed chapter opener; no universal offset.
23	8	a1824b89f6fff9239588c37b2b9254333c91f8fe5cbafaf21c13ba0f3a7ab48d	docs/references/ringe_taylor_linguistic_history_vol2.txt	Held running header or explicitly contents-confirmed chapter opener; no universal offset.
24	9	7a4ed5abd20599b45d55b29515a0ffa4f4f0ce6bd785f7e52e309ec4b01d9e73	docs/references/ringe_taylor_linguistic_history_vol2.txt	Held running header or explicitly contents-confirmed chapter opener; no universal offset.
25	10	361f3bffbcdf184fc0730f29a1bd662c2b924f11742fa4fc8c9d6c4bbbbfc285	docs/references/ringe_taylor_linguistic_history_vol2.txt	Held running header or explicitly contents-confirmed chapter opener; no universal offset.
26	11	a127c04bae06bb5c34ae4f88d0fb29f73627d744753d718949af582cd6bdb6c0	docs/references/ringe_taylor_linguistic_history_vol2.txt	Held running header or explicitly contents-confirmed chapter opener; no universal offset.
27	12	4257f6ced9617dd7606fc2047b6960b1d557ae318fd17e19562e9738a9ec083c	docs/references/ringe_taylor_linguistic_history_vol2.txt	Held running header or explicitly contents-confirmed chapter opener; no universal offset.
28	13	f71a940b5f0569e694270ffc52a9bdb2cf2b91a58144d9c1dfa4db82d09bfe28	docs/references/ringe_taylor_linguistic_history_vol2.txt	Held running header or explicitly contents-confirmed chapter opener; no universal offset.
29	14	aa6cb7dd0b89b42e968ebddc4cd8f3e06a447d9d40ba826fcc26ba6ea116ad2c	docs/references/ringe_taylor_linguistic_history_vol2.txt	Held running header or explicitly contents-confirmed chapter opener; no universal offset.
30	15	c4ca23d513b20040c6b4cfdaaeae73c019a74ea590e317c7f1cdb7ceee10aef1	docs/references/ringe_taylor_linguistic_history_vol2.txt	Held running header or explicitly contents-confirmed chapter opener; no universal offset.
31	16	244f394870f41d59f7f2cc55ac28bd8fa98587439df1f13fda87d50c5accc64a	docs/references/ringe_taylor_linguistic_history_vol2.txt	Held running header or explicitly contents-confirmed chapter opener; no universal offset.
32	17	3fa7f65f383037d78de27fbb4b21f860c1d060419b0ae9c684aa260c04955619	docs/references/ringe_taylor_linguistic_history_vol2.txt	Held running header or explicitly contents-confirmed chapter opener; no universal offset.
33	18	056d637931844eaf03779dabbcb8971945bbd816fb4862274aa4575d96c50bc8	docs/references/ringe_taylor_linguistic_history_vol2.txt	Held running header or explicitly contents-confirmed chapter opener; no universal offset.
34	19	ad6968161401095e64eafcd231d3061b8bd1244f8e313634809d0c460d3a8306	docs/references/ringe_taylor_linguistic_history_vol2.txt	Held running header or explicitly contents-confirmed chapter opener; no universal offset.
35	20	e326d00a2f61695f26d70f0db1ac3c219c8115dfc1d0ca47da1de5d602f837eb	docs/references/ringe_taylor_linguistic_history_vol2.txt	Held running header or explicitly contents-confirmed chapter opener; no universal offset.
36	21	6aa1ce5be6c717192234bcea55d47b138c08bcfb53f67b79ec3cfd087e1f68f0	docs/references/ringe_taylor_linguistic_history_vol2.txt	Held running header or explicitly contents-confirmed chapter opener; no universal offset.
37	22	a03a0ae52a8fd4d85bfb4cfa25e84b2d1e57b24cacf1c971314eef30699f5ddf	docs/references/ringe_taylor_linguistic_history_vol2.txt	Held running header or explicitly contents-confirmed chapter opener; no universal offset.
38	23	a75e2712a8950e1383391bb42cac3f4e6f695e2bd8835940b2ad3f2b2b70b231	docs/references/ringe_taylor_linguistic_history_vol2.txt	Held running header or explicitly contents-confirmed chapter opener; no universal offset.
39	24	c74f6b81a98ed7767030e825d1c7ce0538a92663b1247fc711afb5585873cd90	docs/references/ringe_taylor_linguistic_history_vol2.txt	Held running header or explicitly contents-confirmed chapter opener; no universal offset.
40	25	340d741c7cb2004b4cf2ddf1ec3cea111f2b6f667ad508d314fbf51273d582b7	docs/references/ringe_taylor_linguistic_history_vol2.txt	Held running header or explicitly contents-confirmed chapter opener; no universal offset.
41	26	9860f11b789248ab0cb9d10371c1dd9600259dae8b3798fdd1a5d6693466c84b	docs/references/ringe_taylor_linguistic_history_vol2.txt	Held running header or explicitly contents-confirmed chapter opener; no universal offset.
42	27	0b62de65a48518be579391ec9f14055cc08f42e7ed06f435e4b3abd34cedb4c6	docs/references/ringe_taylor_linguistic_history_vol2.txt	Held running header or explicitly contents-confirmed chapter opener; no universal offset.
43	28	72f7d686cc97c3d879ab49a4a01325c2060752537aee893cc2c0ff859ae5a33a	docs/references/ringe_taylor_linguistic_history_vol2.txt	Held running header or explicitly contents-confirmed chapter opener; no universal offset.
44	29	37c00a1412a7bf0dd6d3481b394cc9658db6a19a8cf25990eecaee45e9810839	docs/references/ringe_taylor_linguistic_history_vol2.txt	Held running header or explicitly contents-confirmed chapter opener; no universal offset.
45	30	df621b7001fc5039dc91d574d5ed1b3fc24a606a21649887c857c0050931ec2b	docs/references/ringe_taylor_linguistic_history_vol2.txt	Held running header or explicitly contents-confirmed chapter opener; no universal offset.
46	31	c938c04b8795184ce1b5da2adb092497f5dc3d98da033d30743e53ebebe1ff03	docs/references/ringe_taylor_linguistic_history_vol2.txt	Held running header or explicitly contents-confirmed chapter opener; no universal offset.
47	32	e7c5b8b74dcc1a2d1636b183e866cee69201823f68b5f5d5bcd58f5c247bc5f1	docs/references/ringe_taylor_linguistic_history_vol2.txt	Held running header or explicitly contents-confirmed chapter opener; no universal offset.
48	33	1a3558b4b1f32622b32d0919483704d309f9573e6f3f83510eff64bf2db445b9	docs/references/ringe_taylor_linguistic_history_vol2.txt	Held running header or explicitly contents-confirmed chapter opener; no universal offset.
49	34	96cb234c8290a1184db97d1a48142c9127de8da8b7dcf392a7f99b6ec8360b15	docs/references/ringe_taylor_linguistic_history_vol2.txt	Held running header or explicitly contents-confirmed chapter opener; no universal offset.
50	35	c0f5853ca3a9cd848c2932a6079ff25471b86fe09db3c88d9be62ac855fe321e	docs/references/ringe_taylor_linguistic_history_vol2.txt	Held running header or explicitly contents-confirmed chapter opener; no universal offset.
51	36	806d89e899419a4658cd593361f50e3f7158892b4df15341146f48c94295a860	docs/references/ringe_taylor_linguistic_history_vol2.txt	Held running header or explicitly contents-confirmed chapter opener; no universal offset.
52	37	e0e7a3d77781a3c49609cbcd8691196c2d6f32c15543c56f4a682073ac20b314	docs/references/ringe_taylor_linguistic_history_vol2.txt	Held running header or explicitly contents-confirmed chapter opener; no universal offset.
53	38	da53c5e719135d9fe67c439e4adfb06e39ca5ccad69e3849159229f1487eae86	docs/references/ringe_taylor_linguistic_history_vol2.txt	Held running header or explicitly contents-confirmed chapter opener; no universal offset.
54	39	3142a1761a7f4eb65f59be598d604a7dcb3ee74159b6f88e95285a694a14a216	docs/references/ringe_taylor_linguistic_history_vol2.txt	Held running header or explicitly contents-confirmed chapter opener; no universal offset.
55	40	98b6549aa8e015c2770db37afb22ee6542c8ad0099db6efad9ed5c3cf9b8e7d1	docs/references/ringe_taylor_linguistic_history_vol2.txt	Held running header or explicitly contents-confirmed chapter opener; no universal offset.
56	41	4e511e4ef497c02cbece8604a5adc48389cbd6f93fb3a365a64fc8b1f1d5354e	docs/references/ringe_taylor_linguistic_history_vol2.txt	Held running header or explicitly contents-confirmed chapter opener; no universal offset.
57	42	9d85e9a48823dd5b9d94a8a380cd39df84834e7ceb5ef9db8e70c7252bdc0155	docs/references/ringe_taylor_linguistic_history_vol2.txt	Held running header or explicitly contents-confirmed chapter opener; no universal offset.
58	43	5630d557e6f70d8e6a2a4c7f2962761ea005ad9b5405ff6b40add457b7803919	docs/references/ringe_taylor_linguistic_history_vol2.txt	Held running header or explicitly contents-confirmed chapter opener; no universal offset.
59	44	11046f41a4911be3a10103770a57fb928422b5585ab47922461884a1f44aaa37	docs/references/ringe_taylor_linguistic_history_vol2.txt	Held running header or explicitly contents-confirmed chapter opener; no universal offset.
60	45	975babfd15769c046e7be0b2a746696ab214847980cd2b3e750070c3a297ebe7	docs/references/ringe_taylor_linguistic_history_vol2.txt	Held running header or explicitly contents-confirmed chapter opener; no universal offset.
61	46	a4e612e9fbd05103f3e0ef1df03661646a060b7b38b8b976f4e3fb52b3a6f236	docs/references/ringe_taylor_linguistic_history_vol2.txt	Held running header or explicitly contents-confirmed chapter opener; no universal offset.
62	47	8eb3bb679a93a2540a8e4f0b01a77e98af797d57965f9d89f598963420527bc7	docs/references/ringe_taylor_linguistic_history_vol2.txt	Held running header or explicitly contents-confirmed chapter opener; no universal offset.
63	48	a02245eedfd4a5c6481d988cfd486143d18691f5e47dbbe5b4df38d95c187453	docs/references/ringe_taylor_linguistic_history_vol2.txt	Held running header or explicitly contents-confirmed chapter opener; no universal offset.
64	49	3ad7711b3ebabec45d6368e691822982153e681437576f5122a664617f3ec9cf	docs/references/ringe_taylor_linguistic_history_vol2.txt	Held running header or explicitly contents-confirmed chapter opener; no universal offset.
65	50	0b2bbaae1b2f0a7050f4d2ebcb8bd98f19e6fe68fa0fbe5ec8b7eb62a3e979d1	docs/references/ringe_taylor_linguistic_history_vol2.txt	Held running header or explicitly contents-confirmed chapter opener; no universal offset.
66	51	599d5081679cb5a08e8bf12a6d21192e25fb295ded4daa7885ea5ba97a6f255b	docs/references/ringe_taylor_linguistic_history_vol2.txt	Held running header or explicitly contents-confirmed chapter opener; no universal offset.
67	52	7941b68b49e34dc1c230c2f4db9d48bc8c9f922095d381cf49989d4edb6d2857	docs/references/ringe_taylor_linguistic_history_vol2.txt	Held running header or explicitly contents-confirmed chapter opener; no universal offset.
68	53	0a2082876530ba03e798b4913a9914852f8546515a9c7745b9dc9968d38e9373	docs/references/ringe_taylor_linguistic_history_vol2.txt	Held running header or explicitly contents-confirmed chapter opener; no universal offset.
69	54	3038f00f8c664353fff3d2f87786870e30fb6cf3122aa33918090462073d1d3a	docs/references/ringe_taylor_linguistic_history_vol2.txt	Held running header or explicitly contents-confirmed chapter opener; no universal offset.
70	55	e4b39b0c50884181e9c6b8472f739b4b4f7a8333e6b90f1f6d89f43688418f42	docs/references/ringe_taylor_linguistic_history_vol2.txt	Held running header or explicitly contents-confirmed chapter opener; no universal offset.
71	56	e49e758c5c87b1cb4e79217170b75625fd459013e1299b95b0fdcee0bdecabfe	docs/references/ringe_taylor_linguistic_history_vol2.txt	Held running header or explicitly contents-confirmed chapter opener; no universal offset.
72	57	d3c3f3b769de1c40307deb9b8607110cbc85966cb13d8d458c14def1ef90a458	docs/references/ringe_taylor_linguistic_history_vol2.txt	Held running header or explicitly contents-confirmed chapter opener; no universal offset.
73	58	4d0156c131944aba0b19e7c9da42f30e92e22ce036c69b1c641867c8f4059ef1	docs/references/ringe_taylor_linguistic_history_vol2.txt	Held running header or explicitly contents-confirmed chapter opener; no universal offset.
74	59	6d110b23e98b3d2a754b274cb763975eedcbaa9bfad8162f740c14be0de610cb	docs/references/ringe_taylor_linguistic_history_vol2.txt	Held running header or explicitly contents-confirmed chapter opener; no universal offset.
75	60	f991dd407312bbd6b828415b8617b8bafeb861a9e810ccad716ece1889ddfc77	docs/references/ringe_taylor_linguistic_history_vol2.txt	Held running header or explicitly contents-confirmed chapter opener; no universal offset.
76	61	419060b667eca69305b8a66491671989f7bf6f44bcdf6d5dda059e445013a690	docs/references/ringe_taylor_linguistic_history_vol2.txt	Held running header or explicitly contents-confirmed chapter opener; no universal offset.
77	62	44d246af48127863f4649f2f3e198a0e8c8ff05d059bbf925506dad7eb1b37e9	docs/references/ringe_taylor_linguistic_history_vol2.txt	Held running header or explicitly contents-confirmed chapter opener; no universal offset.
78	63	71ca517cf97723e63d856c494db1af7a64c3b9486d574da08a6cb29d513d7e8b	docs/references/ringe_taylor_linguistic_history_vol2.txt	Held running header or explicitly contents-confirmed chapter opener; no universal offset.
79	64	2f004d1d076d4de8e2c8942cfd2322412166260d4057add9a6442b86af2a2940	docs/references/ringe_taylor_linguistic_history_vol2.txt	Held running header or explicitly contents-confirmed chapter opener; no universal offset.
80	65	8279dac386cc2bea71a61e7ee3059caac4fd81791cd1c1c9680c87f03deaddc8	docs/references/ringe_taylor_linguistic_history_vol2.txt	Held running header or explicitly contents-confirmed chapter opener; no universal offset.
81	66	d789bd683efe9f03122598459c4f775a9a3ab588a484787eaf47453780aa111d	docs/references/ringe_taylor_linguistic_history_vol2.txt	Held running header or explicitly contents-confirmed chapter opener; no universal offset.
82	67	6b89494b21cb8dd49f68ce9dcd8e30a6a02048953d0a76ab38fcf449b111eb5d	docs/references/ringe_taylor_linguistic_history_vol2.txt	Held running header or explicitly contents-confirmed chapter opener; no universal offset.
83	68	9f122417a0bb9a3c1c72623aee0a8e1d1739e5d4acc9c51bdd47b0c2ef19d47f	docs/references/ringe_taylor_linguistic_history_vol2.txt	Held running header or explicitly contents-confirmed chapter opener; no universal offset.
84	69	89c84672d373b478644b0f0f7f046ee872d979af71ca5afa890ccc144d1f8c40	docs/references/ringe_taylor_linguistic_history_vol2.txt	Held running header or explicitly contents-confirmed chapter opener; no universal offset.
85	70	86518722669ee7d1d60bccceb0185d93a4718b0a1ff9bb9d7f165f4bc4fb90c3	docs/references/ringe_taylor_linguistic_history_vol2.txt	Held running header or explicitly contents-confirmed chapter opener; no universal offset.
86	71	cf4e05f3b72da085818ce1ece38d0a815bc2fbff67069b53b9a7dc7ff932bfd5	docs/references/ringe_taylor_linguistic_history_vol2.txt	Held running header or explicitly contents-confirmed chapter opener; no universal offset.
87	72	d3d416e7fbdf824ac72e2fd981f188d0523609dcc77ba20ae8c49b84bef6e0b4	docs/references/ringe_taylor_linguistic_history_vol2.txt	Held running header or explicitly contents-confirmed chapter opener; no universal offset.
88	73	3bcaa51af139439a22a7c973d45d2981dd06dfdb95612ead003908bf08856aba	docs/references/ringe_taylor_linguistic_history_vol2.txt	Held running header or explicitly contents-confirmed chapter opener; no universal offset.
89	74	37936dfa945a9e524db5ccf543c2f12ba5b4a0eaef6bdbafd120cbda1bd4447c	docs/references/ringe_taylor_linguistic_history_vol2.txt	Held running header or explicitly contents-confirmed chapter opener; no universal offset.
90	75	841ad0ad5d8c63e8ad075c0ff13eee9aa2308d0425e98a51965a8c36523ab4c4	docs/references/ringe_taylor_linguistic_history_vol2.txt	Held running header or explicitly contents-confirmed chapter opener; no universal offset.
91	76	f4a357e6fe693f256168a2287d6d45994351d1d43aaa32846754ffc73a97ff21	docs/references/ringe_taylor_linguistic_history_vol2.txt	Held running header or explicitly contents-confirmed chapter opener; no universal offset.
92	77	5c7254f0f63684cbf037d9062a474db575b3c3e3e619603723646b455360926a	docs/references/ringe_taylor_linguistic_history_vol2.txt	Held running header or explicitly contents-confirmed chapter opener; no universal offset.
93	78	9fc560a2424655476827fa8e97a4514ddad4090254f89fff33ec2101bfe45226	docs/references/ringe_taylor_linguistic_history_vol2.txt	Held running header or explicitly contents-confirmed chapter opener; no universal offset.
94	79	5149a58fa5c27cd0323c1b0d0bf70a9ef4da5fe6f43eb4ffc343058a88bb368a	docs/references/ringe_taylor_linguistic_history_vol2.txt	Held running header or explicitly contents-confirmed chapter opener; no universal offset.
95	80	e4dbed29b1fc0e50947d2c3b8ea2c946f63a6d127a72e272e53aa8235ad3ad63	docs/references/ringe_taylor_linguistic_history_vol2.txt	Held running header or explicitly contents-confirmed chapter opener; no universal offset.
96	81	b35fd57a75b042df8a7dac8e0a82df3c9d806356a3f101c56951dbe618aa301b	docs/references/ringe_taylor_linguistic_history_vol2.txt	Held running header or explicitly contents-confirmed chapter opener; no universal offset.
97	82	5837ca3c437264fac306ab3c48ece9640c1586384837f9aa0016e599d5d5bfe8	docs/references/ringe_taylor_linguistic_history_vol2.txt	Held running header or explicitly contents-confirmed chapter opener; no universal offset.
98	83	96de303299127a9f5b0c9ed94b208f0e6b6e0f383e7a65650e6ee2a9f5cd2d5c	docs/references/ringe_taylor_linguistic_history_vol2.txt	Held running header or explicitly contents-confirmed chapter opener; no universal offset.
99	84	6fd7dacc2662090e8c6aafe299fddc2c81e51b1adc95ff352f622b2b3f5ee09f	docs/references/ringe_taylor_linguistic_history_vol2.txt	Held running header or explicitly contents-confirmed chapter opener; no universal offset.
100	85	4bedbfb544a84c826f94d41795cfa7583a06a92bb1b969de7cc1f6b3d0041cbe	docs/references/ringe_taylor_linguistic_history_vol2.txt	Held running header or explicitly contents-confirmed chapter opener; no universal offset.
101	86	c8bdd4bb3f4acaba2e1ec3df0d05ad79e64c0a30e2c315eb2b99ffbf12275e49	docs/references/ringe_taylor_linguistic_history_vol2.txt	Held running header or explicitly contents-confirmed chapter opener; no universal offset.
102	87	9b3b416a707561cefd5f48d8a657f4988ded59ce2a89377224a508fe889e60d6	docs/references/ringe_taylor_linguistic_history_vol2.txt	Held running header or explicitly contents-confirmed chapter opener; no universal offset.
103	88	b3a4eb4d8275e79b795ad31f40caf7e9c473523f001c64649ae9a31a33de5b34	docs/references/ringe_taylor_linguistic_history_vol2.txt	Held running header or explicitly contents-confirmed chapter opener; no universal offset.
104	89	a4351b466ad74e69e0c252f7e617c02dc483942aad03eea373c19b2b76de87bd	docs/references/ringe_taylor_linguistic_history_vol2.txt	Held running header or explicitly contents-confirmed chapter opener; no universal offset.
105	90	3c267d42b5b5581478ebd9b3f037062b6579d968271a1472f44b437396bfc1aa	docs/references/ringe_taylor_linguistic_history_vol2.txt	Held running header or explicitly contents-confirmed chapter opener; no universal offset.
106	91	a597865246c3db39f34522698842ff6908a51f5bf9909db1a307c428cfcf4988	docs/references/ringe_taylor_linguistic_history_vol2.txt	Held running header or explicitly contents-confirmed chapter opener; no universal offset.
107	92	df372d90033eeba0fd7cceedbcd172f69fabb37edf0345063a27e84eeae86512	docs/references/ringe_taylor_linguistic_history_vol2.txt	Held running header or explicitly contents-confirmed chapter opener; no universal offset.
108	93	d5dcb7f4e4b34753ab7b0069885987dded634228b32e4dcc40479925a63b2bab	docs/references/ringe_taylor_linguistic_history_vol2.txt	Held running header or explicitly contents-confirmed chapter opener; no universal offset.
109	94	4bbc5dac050faed658f24f97c914398afb2df6d9b846c5f2fbf4da366af99383	docs/references/ringe_taylor_linguistic_history_vol2.txt	Held running header or explicitly contents-confirmed chapter opener; no universal offset.
110	95	fdc716ee39792a6d853f976b8afccd8af13ecc76b15a86138d9a44ada19d9e7f	docs/references/ringe_taylor_linguistic_history_vol2.txt	Held running header or explicitly contents-confirmed chapter opener; no universal offset.
111	96	6f8e2fccd9ff23fd2cd572c3a5e86b219996167a281e54e45356dc9386f4165a	docs/references/ringe_taylor_linguistic_history_vol2.txt	Held running header or explicitly contents-confirmed chapter opener; no universal offset.
112	97	e371b1061390758e20f81d3ef68e7d9f85b3fead19d32f2ae00a5a86ca6467ff	docs/references/ringe_taylor_linguistic_history_vol2.txt	Held running header or explicitly contents-confirmed chapter opener; no universal offset.
113	98	ce16f46bb6d8c942da08b6fa34bb635aee4cd8e6faca98309ac0d3d7621a91c1	docs/references/ringe_taylor_linguistic_history_vol2.txt	Held running header or explicitly contents-confirmed chapter opener; no universal offset.
114	99	0e83ce7377264f352ad506f3da50ee42615bce927b491e6e94a22be728d846f9	docs/references/ringe_taylor_linguistic_history_vol2.txt	Held running header or explicitly contents-confirmed chapter opener; no universal offset.
115	100	e7aee7433cbd16153b0de44cec42905bccc9ffb09e590b2bc72002a79b83b241	docs/references/ringe_taylor_linguistic_history_vol2.txt	Held running header or explicitly contents-confirmed chapter opener; no universal offset.
116	101	317797e4be933bbebd577884af08e6af28d1cd706cd7aa9f7ca3ad5f948006fb	docs/references/ringe_taylor_linguistic_history_vol2.txt	Held running header or explicitly contents-confirmed chapter opener; no universal offset.
117	102	1048968dfac5075ddadf8355ad3aa7394ccd4caecdab26488174a8afe5c58d78	docs/references/ringe_taylor_linguistic_history_vol2.txt	Held running header or explicitly contents-confirmed chapter opener; no universal offset.
118	103	877c41d08cf331a1c23eedb5ba4c53259f4bcccc73daa03baa947ba03e8d13a7	docs/references/ringe_taylor_linguistic_history_vol2.txt	Held running header or explicitly contents-confirmed chapter opener; no universal offset.
119	104	ce60210e3241f742321a2a02dc00f696edcf2146d6262ecce403172e039d015e	docs/references/ringe_taylor_linguistic_history_vol2.txt	Held running header or explicitly contents-confirmed chapter opener; no universal offset.
120	105	1b500642f9545b4e5a2cca89874610a75203f8701a807bb172b8558648887193	docs/references/ringe_taylor_linguistic_history_vol2.txt	Held running header or explicitly contents-confirmed chapter opener; no universal offset.
121	106	00493a455c411d0211c13f96990efb065283f5615074821bcc3d66425d5dfbaa	docs/references/ringe_taylor_linguistic_history_vol2.txt	Held running header or explicitly contents-confirmed chapter opener; no universal offset.
122	107	afa8cbd9d8bfd8b7fc8618469fd164b409d168f1480745e3f704749dc36ddc70	docs/references/ringe_taylor_linguistic_history_vol2.txt	Held running header or explicitly contents-confirmed chapter opener; no universal offset.
123	108	515761fb0f9a7a6ccc36567288e5d3c1e011dac2e2b9d65b8adf0c2ae2ee623b	docs/references/ringe_taylor_linguistic_history_vol2.txt	Held running header or explicitly contents-confirmed chapter opener; no universal offset.
124	109	bd583a9ac3f70444eb17464654f6e87c8de37d97119b623831e39b73c8355960	docs/references/ringe_taylor_linguistic_history_vol2.txt	Held running header or explicitly contents-confirmed chapter opener; no universal offset.
125	110	4f4a1c28299d9988d127aa6346e32462dc7167ccc7f6dd1950038420de2e71ad	docs/references/ringe_taylor_linguistic_history_vol2.txt	Held running header or explicitly contents-confirmed chapter opener; no universal offset.
126	111	fff5b9f60be9a5ce58213f8ac5bfaa79b0c8366ae866c251d7bb4b77b9b1f285	docs/references/ringe_taylor_linguistic_history_vol2.txt	Held running header or explicitly contents-confirmed chapter opener; no universal offset.
127	112	88fd3cc0651a589ec134f4ffe2f173e0b556718cb9c8ef89a2a25c00d324ccc4	docs/references/ringe_taylor_linguistic_history_vol2.txt	Held running header or explicitly contents-confirmed chapter opener; no universal offset.
128	113	18544d7b9a097b5b4291ea4147d171d74db9c76fe64fb8c1a2682ac460ef10ac	docs/references/ringe_taylor_linguistic_history_vol2.txt	Held running header or explicitly contents-confirmed chapter opener; no universal offset.
129	114	c79dbbc65fbf0f5518245d9e46c12e6f0b5f22abf67049e2053a9ad0dac438d4	docs/references/ringe_taylor_linguistic_history_vol2.txt	Held running header or explicitly contents-confirmed chapter opener; no universal offset.
130	115	3fbda3f5748e3d7ded3aff8482628722973fd5705148abaa80ef6992f549e31f	docs/references/ringe_taylor_linguistic_history_vol2.txt	Held running header or explicitly contents-confirmed chapter opener; no universal offset.
131	116	13ad4d48f6573116a37ff2061fd5b6dc21bc5189bb1d017ff0f9b046980c1e4d	docs/references/ringe_taylor_linguistic_history_vol2.txt	Held running header or explicitly contents-confirmed chapter opener; no universal offset.
132	117	83176b19f95f1b943a2a24e2deb344c4dff0c93ade6724d64e55bd49afcfc0f1	docs/references/ringe_taylor_linguistic_history_vol2.txt	Held running header or explicitly contents-confirmed chapter opener; no universal offset.
133	118	e7a58bd1bda4d1a2a8a23e08a39bdf0a756e78c39e200927446d1cb0b1998f3e	docs/references/ringe_taylor_linguistic_history_vol2.txt	Held running header or explicitly contents-confirmed chapter opener; no universal offset.
134	119	0f8d91247ab3cf448c7beae6cad4cab6fe61bdfc3df8ff74a3a6a4f9bef6db91	docs/references/ringe_taylor_linguistic_history_vol2.txt	Held running header or explicitly contents-confirmed chapter opener; no universal offset.
135	120	8b86baa458ec58b81b4a1948347057dd308a2e55a84de5cd416b11ac9ff65534	docs/references/ringe_taylor_linguistic_history_vol2.txt	Held running header or explicitly contents-confirmed chapter opener; no universal offset.
136	121	e69d6de2d8b95b5ddb9fff449d889e67651cd1bf033106bff4863e3dc7f358bf	docs/references/ringe_taylor_linguistic_history_vol2.txt	Held running header or explicitly contents-confirmed chapter opener; no universal offset.
137	122	71567ad15699990bc4a4f5ce7ad4b9fbad873e90dd521e755835ca75620f5a6a	docs/references/ringe_taylor_linguistic_history_vol2.txt	Held running header or explicitly contents-confirmed chapter opener; no universal offset.
138	123	fad8649f83ffb2dbdf0b7f7837593d02ea8f3ebeb862c217d219a73b58efbc11	docs/references/ringe_taylor_linguistic_history_vol2.txt	Held running header or explicitly contents-confirmed chapter opener; no universal offset.
139	124	ef7a655c2b429e4692cf77a3c0f1a5d6b9f247537c6fbe890982b3adb7099ade	docs/references/ringe_taylor_linguistic_history_vol2.txt	Held running header or explicitly contents-confirmed chapter opener; no universal offset.
140	125	9bc92a26540301a1ca25307d28a0bc8130cc85d350705a3de2354481b8266c78	docs/references/ringe_taylor_linguistic_history_vol2.txt	Held running header or explicitly contents-confirmed chapter opener; no universal offset.
141	126	ffa5ad6f7c4780e8894985680895aa6e9439b561abfb6783a3a211f2c8ca713f	docs/references/ringe_taylor_linguistic_history_vol2.txt	Held running header or explicitly contents-confirmed chapter opener; no universal offset.
142	127	5caf75d660ff2463bf5e2962b5c4945443714f417ebdf97eabe9119740af94bf	docs/references/ringe_taylor_linguistic_history_vol2.txt	Held running header or explicitly contents-confirmed chapter opener; no universal offset.
143	128	2a311f178424a840a69c249045a136e91cf85eb293b2b441a62451c7855e88a5	docs/references/ringe_taylor_linguistic_history_vol2.txt	Held running header or explicitly contents-confirmed chapter opener; no universal offset.
144	129	63e8356d7666c3c5ad9b47f5ac0aae9a62f45addb796abf46fe0155de2b88948	docs/references/ringe_taylor_linguistic_history_vol2.txt	Held running header or explicitly contents-confirmed chapter opener; no universal offset.
145	130	72ed0f46add59c39b3f5e902dd6a6dc8c24a0a87d91bb608ba9b950c87748ed4	docs/references/ringe_taylor_linguistic_history_vol2.txt	Held running header or explicitly contents-confirmed chapter opener; no universal offset.
146	131	3ff53bd8172b158a779f11f34757593c346b62e0b2176abf9c9ea4ba79022ba4	docs/references/ringe_taylor_linguistic_history_vol2.txt	Held running header or explicitly contents-confirmed chapter opener; no universal offset.
147	132	0c1ce2118338be39c8e18c652b22d3fcd5918a23b071c8d6ee425e1df1892490	docs/references/ringe_taylor_linguistic_history_vol2.txt	Held running header or explicitly contents-confirmed chapter opener; no universal offset.
148	133	d1dcc90626b1273bd1ab43936cb60516c59d94cab355e2d4ecfc815b1000d9b4	docs/references/ringe_taylor_linguistic_history_vol2.txt	Held running header or explicitly contents-confirmed chapter opener; no universal offset.
149	134	62bed42e764d350a24d382b0d20e58ef5a8d22c5616c04cf1b417cb7779d18c2	docs/references/ringe_taylor_linguistic_history_vol2.txt	Held running header or explicitly contents-confirmed chapter opener; no universal offset.
150	135	7d780b95bea57462ee0549967436972b06d5b3695340720a9e3b10317edaf267	docs/references/ringe_taylor_linguistic_history_vol2.txt	Held running header or explicitly contents-confirmed chapter opener; no universal offset.
151	136	85a726001ee0b1bc5cdc214b92fca43f23661d7e33b76e69498d42ac112c7f3f	docs/references/ringe_taylor_linguistic_history_vol2.txt	Held running header or explicitly contents-confirmed chapter opener; no universal offset.
152	137	a953416c70ecca97aa9a304571d9bca6e40f1ff24b60b25920f4382a9848bb89	docs/references/ringe_taylor_linguistic_history_vol2.txt	Held running header or explicitly contents-confirmed chapter opener; no universal offset.
153	138	12eca562e24669845b7d009a37ee1120bc3a855ccebfb1131c8d79846480c06b	docs/references/ringe_taylor_linguistic_history_vol2.txt	Held running header or explicitly contents-confirmed chapter opener; no universal offset.
154	139	a310167c6929b21d8eafac145f084194e8e03447960834a7dcb782e1ce51a9fc	docs/references/ringe_taylor_linguistic_history_vol2.txt	Held running header or explicitly contents-confirmed chapter opener; no universal offset.
155	140	6bcaed804b2eb7299095a16ec6b327b4312db0b0e04db70d825eaf739d2b0450	docs/references/ringe_taylor_linguistic_history_vol2.txt	Held running header or explicitly contents-confirmed chapter opener; no universal offset.
156	141	5d2e26555d9dfdc0ccf32df4ae124103bd7e4b579231ce0689b366b203c8ae8d	docs/references/ringe_taylor_linguistic_history_vol2.txt	Held running header or explicitly contents-confirmed chapter opener; no universal offset.
157	142	96aa2acd437dfc9f3814e135bf3d31034358fde01cc4fbdd77d8032a2ce2487a	docs/references/ringe_taylor_linguistic_history_vol2.txt	Held running header or explicitly contents-confirmed chapter opener; no universal offset.
158	143	50739db9be02cd18e83b2e875a1c3091ddb685e7016545c9c9d77a3fda67338d	docs/references/ringe_taylor_linguistic_history_vol2.txt	Held running header or explicitly contents-confirmed chapter opener; no universal offset.
159	144	0592689df19c41224de490dee45726e5a75ab658fa9649c57b9414a5d635ed9b	docs/references/ringe_taylor_linguistic_history_vol2.txt	Held running header or explicitly contents-confirmed chapter opener; no universal offset.
160	145	df6770bb8e137312877e8c274d50f9f94719387856d39777edf90d2c90837ecb	docs/references/ringe_taylor_linguistic_history_vol2.txt	Held running header or explicitly contents-confirmed chapter opener; no universal offset.
161	146	09b71dd01c7b64b621d6930f3d8a775cda9c95297345fa4c6bee69f79bb3b87f	docs/references/ringe_taylor_linguistic_history_vol2.txt	Held running header or explicitly contents-confirmed chapter opener; no universal offset.
162	147	60049c6e2e9a75deb5bb1e2cace13a7ff5f77ea39bfa11e330b2b2523cdf3c4b	docs/references/ringe_taylor_linguistic_history_vol2.txt	Held running header or explicitly contents-confirmed chapter opener; no universal offset.
163	148	e36cbe71058e7d2b25b664d5b07b5955d3d52f59d73ccd22f5ce54d5e1ad2e6b	docs/references/ringe_taylor_linguistic_history_vol2.txt	Held running header or explicitly contents-confirmed chapter opener; no universal offset.
164	149	4d877090ef3e1ef8060a27fc0a9c156f31994a953762d0813383e26619ca6e3e	docs/references/ringe_taylor_linguistic_history_vol2.txt	Held running header or explicitly contents-confirmed chapter opener; no universal offset.
165	150	6d03cb46045db184921dc0d21c200c52ab911d653704cdfaa6e069d076a6081c	docs/references/ringe_taylor_linguistic_history_vol2.txt	Held running header or explicitly contents-confirmed chapter opener; no universal offset.
166	151	f1eb05eaf4a7cbb3f4f3b24c31af5f8528d96f785d0b155cfbfcc0fe2ea6a0e8	docs/references/ringe_taylor_linguistic_history_vol2.txt	Held running header or explicitly contents-confirmed chapter opener; no universal offset.
167	152	0f832c4894ca6436131969e54786c61a6e1e819e37b575990218b5fc90ba1efa	docs/references/ringe_taylor_linguistic_history_vol2.txt	Held running header or explicitly contents-confirmed chapter opener; no universal offset.
168	153	e1cd6d5cffdd7e47b8122f6ffe22d7999863626a7391ca0cfbbbf0b455b46f43	docs/references/ringe_taylor_linguistic_history_vol2.txt	Held running header or explicitly contents-confirmed chapter opener; no universal offset.
169	154	8445574013af4811dfa38aa86a1ab009e734ed7b5dff7a70dea8d7e50e0623fc	docs/references/ringe_taylor_linguistic_history_vol2.txt	Held running header or explicitly contents-confirmed chapter opener; no universal offset.
170	155	a551c51ef4171e4f64217ca102851f5d209692becc9a0e593644909446f876b4	docs/references/ringe_taylor_linguistic_history_vol2.txt	Held running header or explicitly contents-confirmed chapter opener; no universal offset.
171	156	b8184be0f3d39c1aa13a2438f24ef70aaa7e01f0c4beab6f8a0c0341a0ee4ae9	docs/references/ringe_taylor_linguistic_history_vol2.txt	Held running header or explicitly contents-confirmed chapter opener; no universal offset.
172	157	8eb0bca7ddef0a9f33705b9ef459497c7da6a8062a0b7b92461307fdbbd5d6d7	docs/references/ringe_taylor_linguistic_history_vol2.txt	Held running header or explicitly contents-confirmed chapter opener; no universal offset.
173	158	fdccd91bab9d91a050ddf29d0efa5913fbb3ffe4405179aa57000e2338423055	docs/references/ringe_taylor_linguistic_history_vol2.txt	Held running header or explicitly contents-confirmed chapter opener; no universal offset.
174	159	c9fba833f235404b17de54256df2d5d8fe597b463058ee14a1109d6a7060d4fa	docs/references/ringe_taylor_linguistic_history_vol2.txt	Held running header or explicitly contents-confirmed chapter opener; no universal offset.
175	160	9124c430cd23528adca4540e95c04fda01a2bb2258be17afda34f8e9c3a425d8	docs/references/ringe_taylor_linguistic_history_vol2.txt	Held running header or explicitly contents-confirmed chapter opener; no universal offset.
176	161	0abb4f5b7b77f3e5aa6e47789d38c94309f50d17d0e7e9da96d3ca13e872b6e8	docs/references/ringe_taylor_linguistic_history_vol2.txt	Held running header or explicitly contents-confirmed chapter opener; no universal offset.
177	162	7c60598091aee8f3e658df91d10c731d94c909bb6664ceb0a58b43e0341a8544	docs/references/ringe_taylor_linguistic_history_vol2.txt	Held running header or explicitly contents-confirmed chapter opener; no universal offset.
178	163	8162681e5385e2af28f60b25792890482fbecb4dd4437b388f025646eff228f9	docs/references/ringe_taylor_linguistic_history_vol2.txt	Held running header or explicitly contents-confirmed chapter opener; no universal offset.
179	164	bc71c31ee9d63b5097c087182bf058d522b74f178731e97b35acc621c6e5b999	docs/references/ringe_taylor_linguistic_history_vol2.txt	Held running header or explicitly contents-confirmed chapter opener; no universal offset.
180	165	9f82e339cc90ff3cb5219d714dd99fe6e887b1c40967c3df8465af2cc75651ed	docs/references/ringe_taylor_linguistic_history_vol2.txt	Held running header or explicitly contents-confirmed chapter opener; no universal offset.
181	166	10572906b48a58793ebabd4a661a4aac91341f9cdf2f197e15f091e8473c3a61	docs/references/ringe_taylor_linguistic_history_vol2.txt	Held running header or explicitly contents-confirmed chapter opener; no universal offset.
182	167	a89bf52aa82c19b3f74e72ec1ad0767197811d3fa1883e1d16a600dade24cfd9	docs/references/ringe_taylor_linguistic_history_vol2.txt	Held running header or explicitly contents-confirmed chapter opener; no universal offset.
183	168	4f58e74dd9a879c0cfc0be846d38014d543f3945dce9cd9b4c31264731c4baef	docs/references/ringe_taylor_linguistic_history_vol2.txt	Held running header or explicitly contents-confirmed chapter opener; no universal offset.
184	169	22958a08db35a052aa4746749dd477192e1a2e4270fe1f0477322668809363af	docs/references/ringe_taylor_linguistic_history_vol2.txt	Held running header or explicitly contents-confirmed chapter opener; no universal offset.
185	170	8f7f57454b953d7dbfc6faec5949ce64760df9416d38228a5dd02d1deb8e575d	docs/references/ringe_taylor_linguistic_history_vol2.txt	Held running header or explicitly contents-confirmed chapter opener; no universal offset.
186	171	2491d449cbaef13759b09a563a20546160c921217c11826721eb284b52708930	docs/references/ringe_taylor_linguistic_history_vol2.txt	Held running header or explicitly contents-confirmed chapter opener; no universal offset.
187	172	5fe863fb90577457b502b254ab76fcc79dbdb1b4aba3c5d8915708cd3a767e89	docs/references/ringe_taylor_linguistic_history_vol2.txt	Held running header or explicitly contents-confirmed chapter opener; no universal offset.
188	173	7f4c9da02fa01217750258077842627d9a064e4595a23fcc2e26f479401b409b	docs/references/ringe_taylor_linguistic_history_vol2.txt	Held running header or explicitly contents-confirmed chapter opener; no universal offset.
189	174	f290c05d087dab4104bb039a9fd930320a00a2942b0492a623f51141ac7bfe2f	docs/references/ringe_taylor_linguistic_history_vol2.txt	Held running header or explicitly contents-confirmed chapter opener; no universal offset.
190	175	a80a3b65c45a017b89eee27a9a472f965eb5e6d8535027299ef0ff52ad1928ba	docs/references/ringe_taylor_linguistic_history_vol2.txt	Held running header or explicitly contents-confirmed chapter opener; no universal offset.
191	176	84f12fc90a077c32a2d76f9f96ca6a5253d57a89a78bc0ac52a15ff202b5f749	docs/references/ringe_taylor_linguistic_history_vol2.txt	Held running header or explicitly contents-confirmed chapter opener; no universal offset.
192	177	5b4f8eb44973f603fe43269c867409aa54a9009f194e1e20afb6434ec9769f35	docs/references/ringe_taylor_linguistic_history_vol2.txt	Held running header or explicitly contents-confirmed chapter opener; no universal offset.
193	178	a7bef13402bebceab82cb9394f795e6aaa080bb2b16f34109bd2a9e338735b9a	docs/references/ringe_taylor_linguistic_history_vol2.txt	Held running header or explicitly contents-confirmed chapter opener; no universal offset.
194	179	3d5790e6d6d91be7470501dbd6c060aa07dc63b546646622602f947565fdc998	docs/references/ringe_taylor_linguistic_history_vol2.txt	Held running header or explicitly contents-confirmed chapter opener; no universal offset.
195	180	ae8356add39537fada4f89be8798765e7a9230a73a8c4a84c7729db4d6dc2825	docs/references/ringe_taylor_linguistic_history_vol2.txt	Held running header or explicitly contents-confirmed chapter opener; no universal offset.
196	181	0e29d82ebb9d1907ae59bf3c0e062d3b0eaa02236518482f712d1753753c382e	docs/references/ringe_taylor_linguistic_history_vol2.txt	Held running header or explicitly contents-confirmed chapter opener; no universal offset.
197	182	f0cc01d9cb26da5136ea2cbee5158fea7242b7bd86c9a07bdffb1090b27a8734	docs/references/ringe_taylor_linguistic_history_vol2.txt	Held running header or explicitly contents-confirmed chapter opener; no universal offset.
198	183	0d6bc0aed0d6cb3086e10f9ef21a6619ef3a0031d715d37dbeb7a3f7ce8b728f	docs/references/ringe_taylor_linguistic_history_vol2.txt	Held running header or explicitly contents-confirmed chapter opener; no universal offset.
199	184	9d6410e39a8ad939cfe3aba37c64ae40c5cf6383cac012bc2f14a9853e8472e3	docs/references/ringe_taylor_linguistic_history_vol2.txt	Held running header or explicitly contents-confirmed chapter opener; no universal offset.
200	185	f3773c1af819f82acccd704b09c41e6684c422244a1607ca86c5b465853b2c2a	docs/references/ringe_taylor_linguistic_history_vol2.txt	Held running header or explicitly contents-confirmed chapter opener; no universal offset.
201	186	abd782d596d65dea8b0e3a7cae8c3ab88286af3ae8a03d92077d3f2f84d1cf17	docs/references/ringe_taylor_linguistic_history_vol2.txt	Held running header or explicitly contents-confirmed chapter opener; no universal offset.
202	187	02998d495700e5d86f536fe8786af57b18518da8ca549ee37cf630f27b1e6550	docs/references/ringe_taylor_linguistic_history_vol2.txt	Held running header or explicitly contents-confirmed chapter opener; no universal offset.
203	188	95bf6aad24ef20769e7cd21678b71dcfd5cfbf1be5d168b4679c590c9bbb258f	docs/references/ringe_taylor_linguistic_history_vol2.txt	Held running header or explicitly contents-confirmed chapter opener; no universal offset.
204	189	78910d9b6e13b667e85e1633594416319ec4dc69620bad0f934684d6606999bd	docs/references/ringe_taylor_linguistic_history_vol2.txt	Held running header or explicitly contents-confirmed chapter opener; no universal offset.
205	190	9a3d1a6aa14e947ae7842963549c9dd30799431c18702188ac0ee3f929c7ab74	docs/references/ringe_taylor_linguistic_history_vol2.txt	Held running header or explicitly contents-confirmed chapter opener; no universal offset.
206	191	36849cba0026cccf8913d6f003ce8b3e4034e5a229dfc388221f7b776946727c	docs/references/ringe_taylor_linguistic_history_vol2.txt	Held running header or explicitly contents-confirmed chapter opener; no universal offset.
207	192	ab415ac063fe3de9fa16c246e362f92c32eca98ce92fa802216632a43ced92ea	docs/references/ringe_taylor_linguistic_history_vol2.txt	Held running header or explicitly contents-confirmed chapter opener; no universal offset.
208	193	0c7d6966e4d1a13ad66272291ae1a68debf950baceaaf8a6f36a250d15980d27	docs/references/ringe_taylor_linguistic_history_vol2.txt	Held running header or explicitly contents-confirmed chapter opener; no universal offset.
209	194	b3b9327c77a150f5b99b91805abf42dd3caa7ca43454b57fbfd2e5e936ede10e	docs/references/ringe_taylor_linguistic_history_vol2.txt	Held running header or explicitly contents-confirmed chapter opener; no universal offset.
210	195	99cf49f9acd7e161a71325bde70d8d588830402a119c03e029cbd64345e7ff79	docs/references/ringe_taylor_linguistic_history_vol2.txt	Held running header or explicitly contents-confirmed chapter opener; no universal offset.
211	196	3f66d49126b000ae70776a634ec26b1e41798df0352d74933f8fbfa30212b559	docs/references/ringe_taylor_linguistic_history_vol2.txt	Held running header or explicitly contents-confirmed chapter opener; no universal offset.
212	197	1c0c0929b28636fa6b8da799c04779c991dbdd316ce0b43c1e6c519f2f3397b9	docs/references/ringe_taylor_linguistic_history_vol2.txt	Held running header or explicitly contents-confirmed chapter opener; no universal offset.
213	198	84055810a38365db99446d13de473fc59912fd69a7a0b6a12fc1da9825ae1d49	docs/references/ringe_taylor_linguistic_history_vol2.txt	Held running header or explicitly contents-confirmed chapter opener; no universal offset.
214	199	330489ebebe305897639ad82f4330050c6ff83192fbe481213f445739bd7a036	docs/references/ringe_taylor_linguistic_history_vol2.txt	Held running header or explicitly contents-confirmed chapter opener; no universal offset.
215	200	57469aadb4646b62f7209d5061a1c73acfdfd5f4cdad2d9712c8d4760e07d810	docs/references/ringe_taylor_linguistic_history_vol2.txt	Held running header or explicitly contents-confirmed chapter opener; no universal offset.
216	201	39a777649b27fabf8f1b1b6c44e16b1a8b8b61c8ae629cffa8681c6764d3d6cd	docs/references/ringe_taylor_linguistic_history_vol2.txt	Held running header or explicitly contents-confirmed chapter opener; no universal offset.
217	202	ccb8a54031888b5d970681ea49172146df8a16875640ad76df07213c8e8c52cd	docs/references/ringe_taylor_linguistic_history_vol2.txt	Held running header or explicitly contents-confirmed chapter opener; no universal offset.
218	203	3b9db8c5a8a9c94eee3a6abca8761f0368245247b8327ea747721646914ee62d	docs/references/ringe_taylor_linguistic_history_vol2.txt	Held running header or explicitly contents-confirmed chapter opener; no universal offset.
219	204	f2adda89c3935c380dada28e69a20bfd7a351e9ef3cc4fce0d34f5612bbdd809	docs/references/ringe_taylor_linguistic_history_vol2.txt	Held running header or explicitly contents-confirmed chapter opener; no universal offset.
220	205	e71d1174940e839a3caa5d3d996f26a217dcdec542b25c458cd565d806fc8b02	docs/references/ringe_taylor_linguistic_history_vol2.txt	Held running header or explicitly contents-confirmed chapter opener; no universal offset.
221	206	4e6c0b7837ead9b9b9bb74d3d92f2e73b1122d64621618284f539c62be33a0fd	docs/references/ringe_taylor_linguistic_history_vol2.txt	Held running header or explicitly contents-confirmed chapter opener; no universal offset.
222	207	1a88adb0d7cad4093c76ad134bca6f19fc37cdc66dbe2d94d630a953d7b620af	docs/references/ringe_taylor_linguistic_history_vol2.txt	Held running header or explicitly contents-confirmed chapter opener; no universal offset.
223	208	0f430ef0f763fa5996dc333cd0b3d49786da37bc65f50d7d5b0cfea5aab6b2a6	docs/references/ringe_taylor_linguistic_history_vol2.txt	Held running header or explicitly contents-confirmed chapter opener; no universal offset.
224	209	1b236fe410102a4a78a733f2bcf18073353de345468851055b6af4836e922e0d	docs/references/ringe_taylor_linguistic_history_vol2.txt	Held running header or explicitly contents-confirmed chapter opener; no universal offset.
225	210	ecc1290013545c185559dce1c7ec8fe2019498be830347e18ef9fde4193112a0	docs/references/ringe_taylor_linguistic_history_vol2.txt	Held running header or explicitly contents-confirmed chapter opener; no universal offset.
226	211	562a5dc3e03cd1f3dfaf1c15b27d4d329bf781f3c2807deda4721fe4b562dd6e	docs/references/ringe_taylor_linguistic_history_vol2.txt	Held running header or explicitly contents-confirmed chapter opener; no universal offset.
227	212	9014255ae0eff3d70d2f467bfa57d71274fea3fb30711f250818e5d625c7b966	docs/references/ringe_taylor_linguistic_history_vol2.txt	Held running header or explicitly contents-confirmed chapter opener; no universal offset.
228	213	06afa58ff0cb412a7155a369ee73a9e34b3b971712a33ca209bad1caebd2f414	docs/references/ringe_taylor_linguistic_history_vol2.txt	Held running header or explicitly contents-confirmed chapter opener; no universal offset.
229	214	c4313400b1f50553ca63dfa7c8ca9ce3ad06d86eb15e15ede2e43ef2b7c60823	docs/references/ringe_taylor_linguistic_history_vol2.txt	Held running header or explicitly contents-confirmed chapter opener; no universal offset.
230	215	c8e19aa3e00fbaddb38e4b1879bd1fb3873db0739e19a8128bd6f19c9b9f373e	docs/references/ringe_taylor_linguistic_history_vol2.txt	Held running header or explicitly contents-confirmed chapter opener; no universal offset.
231	216	430979474627441eca80186eaf81111ea6771ca22a5ba7d353472b144f199bed	docs/references/ringe_taylor_linguistic_history_vol2.txt	Held running header or explicitly contents-confirmed chapter opener; no universal offset.
232	217	5eb6da4a035c6d9ec564ad59732c9abeb8c5fede7484b069f46944c0db411a82	docs/references/ringe_taylor_linguistic_history_vol2.txt	Held running header or explicitly contents-confirmed chapter opener; no universal offset.
233	218	69696d6d7a775ace3eeab4c41b38b33fb70e20b2f88a6ac35e180b2d56c20f83	docs/references/ringe_taylor_linguistic_history_vol2.txt	Held running header or explicitly contents-confirmed chapter opener; no universal offset.
234	219	accbf39049eaae2182bdb427d51257956c043760f14cacb574bd3d4976d22c37	docs/references/ringe_taylor_linguistic_history_vol2.txt	Held running header or explicitly contents-confirmed chapter opener; no universal offset.
235	220	629fab71052ce7fe28e12a7a86464e70c17374216c547497bf53f387ee3e16fd	docs/references/ringe_taylor_linguistic_history_vol2.txt	Held running header or explicitly contents-confirmed chapter opener; no universal offset.
236	221	6842ec398e929ce7792d31f118cc690abf6d0e6128ff26bddaaafe0978f888dd	docs/references/ringe_taylor_linguistic_history_vol2.txt	Held running header or explicitly contents-confirmed chapter opener; no universal offset.
237	222	e85647f75f2c042e70a902aca2c16a55bd47765de9f0224534b9236b4015d8b9	docs/references/ringe_taylor_linguistic_history_vol2.txt	Held running header or explicitly contents-confirmed chapter opener; no universal offset.
238	223	62892c339bf7e61ccf2ff791311e916e68acaa17510dd66aeba6654b13ae7a47	docs/references/ringe_taylor_linguistic_history_vol2.txt	Held running header or explicitly contents-confirmed chapter opener; no universal offset.
239	224	cd6a406e325bfd3f937687cdaf8bf582881bfe785eaa9396755a232094edc366	docs/references/ringe_taylor_linguistic_history_vol2.txt	Held running header or explicitly contents-confirmed chapter opener; no universal offset.
240	225	d5a46983455d31478d6860b2965d3446348cfa94a7d357df9884cc0090be95f8	docs/references/ringe_taylor_linguistic_history_vol2.txt	Held running header or explicitly contents-confirmed chapter opener; no universal offset.
241	226	16b8847e542b07b41fe3b30dd42210dcb788a5fa3df8557aeb55155db602642c	docs/references/ringe_taylor_linguistic_history_vol2.txt	Held running header or explicitly contents-confirmed chapter opener; no universal offset.
242	227	7a85c014a275b09c9c94f670fbd2e1c276f676343219f353d5bc5f45962ea9ca	docs/references/ringe_taylor_linguistic_history_vol2.txt	Held running header or explicitly contents-confirmed chapter opener; no universal offset.
243	228	2316b6d250b3634d55162776f76de99c0dbc838af7fcd8db50f3f84336549b87	docs/references/ringe_taylor_linguistic_history_vol2.txt	Held running header or explicitly contents-confirmed chapter opener; no universal offset.
244	229	7d0f5840bd7feaefd56a2002f1fe063c07ec3b76f36d1b0252a2d42c14f9cdad	docs/references/ringe_taylor_linguistic_history_vol2.txt	Held running header or explicitly contents-confirmed chapter opener; no universal offset.
245	230	bcf215c546a632425233c0b67a3d0d931e0860d24d0b7be50b38cffb6b21b5dc	docs/references/ringe_taylor_linguistic_history_vol2.txt	Held running header or explicitly contents-confirmed chapter opener; no universal offset.
246	231	60dd5d98bde4239fe65cc43fe6431596c7723341508524d062fd1beb75367b30	docs/references/ringe_taylor_linguistic_history_vol2.txt	Held running header or explicitly contents-confirmed chapter opener; no universal offset.
247	232	873b4cd98e5513833ffafdb83e6efadba2fe5470b2da5156646a8ee750f75ccb	docs/references/ringe_taylor_linguistic_history_vol2.txt	Held running header or explicitly contents-confirmed chapter opener; no universal offset.
248	233	12e17bf4cb5cca614bb0e153f9729dfe885fb9215eaaa0e0069befc9be33d272	docs/references/ringe_taylor_linguistic_history_vol2.txt	Held running header or explicitly contents-confirmed chapter opener; no universal offset.
249	234	6f1b7967bcee8a37cae331455d6a6dd8b59964043bb99c39d4f12e2d8028fcf7	docs/references/ringe_taylor_linguistic_history_vol2.txt	Held running header or explicitly contents-confirmed chapter opener; no universal offset.
250	235	11b4e59986110a3f4b1a40d906f01f31d1bff5d95f7a5751e8f8920ee4aa6b1f	docs/references/ringe_taylor_linguistic_history_vol2.txt	Held running header or explicitly contents-confirmed chapter opener; no universal offset.
251	236	735e0870ddb6fbd02905c28ac932a44d30a120cfaa9ae9a89cb5b11d5347f0dc	docs/references/ringe_taylor_linguistic_history_vol2.txt	Held running header or explicitly contents-confirmed chapter opener; no universal offset.
252	237	b48f1863dadd7968411c99555416e49abc541cc20a9f2cb8a1fc1b2e3eec0958	docs/references/ringe_taylor_linguistic_history_vol2.txt	Held running header or explicitly contents-confirmed chapter opener; no universal offset.
253	238	cce90b2e27b662d46205fe8958ef2e017c1aa5340aecbe57329ec926e56d874b	docs/references/ringe_taylor_linguistic_history_vol2.txt	Held running header or explicitly contents-confirmed chapter opener; no universal offset.
254	239	f7818a30fa5492662312a61a12b694d7f14b9a4668e0d271aa2c2da4bdded449	docs/references/ringe_taylor_linguistic_history_vol2.txt	Held running header or explicitly contents-confirmed chapter opener; no universal offset.
255	240	4a9f7ceb60cb286f7dcebdc1bd18abbd0508da4c465e59dfebd4e13933ae0218	docs/references/ringe_taylor_linguistic_history_vol2.txt	Held running header or explicitly contents-confirmed chapter opener; no universal offset.
256	241	4275616430348bfd626a512bd169b342084c2ee38645e8a40b0ffdf63c6dbb96	docs/references/ringe_taylor_linguistic_history_vol2.txt	Held running header or explicitly contents-confirmed chapter opener; no universal offset.
257	242	2211836f2623580a61aa2597a5e99087e2101db9a63932953ec5015e2699525c	docs/references/ringe_taylor_linguistic_history_vol2.txt	Held running header or explicitly contents-confirmed chapter opener; no universal offset.
258	243	1d911800c1ef4c4f155c7c695759bede8a6b181e45a3f1943f3327ed1d39c1d6	docs/references/ringe_taylor_linguistic_history_vol2.txt	Held running header or explicitly contents-confirmed chapter opener; no universal offset.
259	244	d9d923624befbf78994b55a06722cce655f880d166f3cb379f0bba921f5003a6	docs/references/ringe_taylor_linguistic_history_vol2.txt	Held running header or explicitly contents-confirmed chapter opener; no universal offset.
260	245	76f90c28e3d9adbf51a3c1bf738fb3b368c935af7449129020bec54a23862a4a	docs/references/ringe_taylor_linguistic_history_vol2.txt	Held running header or explicitly contents-confirmed chapter opener; no universal offset.
261	246	fcf6d5ee98f3686bc2d008a084a461af51569f403fb5c3676a17444ba462d0c0	docs/references/ringe_taylor_linguistic_history_vol2.txt	Held running header or explicitly contents-confirmed chapter opener; no universal offset.
262	247	f3e54d20c5cbd63261ad937740ce5a145ac1f9b3280073ac23f083035185d36a	docs/references/ringe_taylor_linguistic_history_vol2.txt	Held running header or explicitly contents-confirmed chapter opener; no universal offset.
263	248	9f2af1fa434720a44a6914eb42e6461eac8fc4959b717b974b1945c37365c061	docs/references/ringe_taylor_linguistic_history_vol2.txt	Held running header or explicitly contents-confirmed chapter opener; no universal offset.
264	249	f0e579bdaa4fbf8f0add4c0423fde6ce954a9a3b942f2a2a9c21ae6965de0321	docs/references/ringe_taylor_linguistic_history_vol2.txt	Held running header or explicitly contents-confirmed chapter opener; no universal offset.
265	250	bb195cac6786610e09110048c95d07940cabd179695bd8cd548235465999f93d	docs/references/ringe_taylor_linguistic_history_vol2.txt	Held running header or explicitly contents-confirmed chapter opener; no universal offset.
266	251	e8bc31bc25f10e221dff65de2dc5bed04e453631c7b3f668d4a32f228bb7ec8d	docs/references/ringe_taylor_linguistic_history_vol2.txt	Held running header or explicitly contents-confirmed chapter opener; no universal offset.
267	252	0b75e889fddeeda4ac8c767c122a2813e60f4dafa3dfbea8108fea3c431d20bb	docs/references/ringe_taylor_linguistic_history_vol2.txt	Held running header or explicitly contents-confirmed chapter opener; no universal offset.
268	253	b6d54b14aa8ea29cd5d47249c4ced9870ee96cfdbdc44807769b32b08b8e2139	docs/references/ringe_taylor_linguistic_history_vol2.txt	Held running header or explicitly contents-confirmed chapter opener; no universal offset.
269	254	c673bc2cfadd39e838a1cccb52e6af8667e2e8220ef0d972109820525b976431	docs/references/ringe_taylor_linguistic_history_vol2.txt	Held running header or explicitly contents-confirmed chapter opener; no universal offset.
270	255	f24dd7469bb2588ad665a2ce1a759985a386fd7f3548f2938a7e2084eb738f89	docs/references/ringe_taylor_linguistic_history_vol2.txt	Held running header or explicitly contents-confirmed chapter opener; no universal offset.
271	256	329e93ea8be4e3750510cf00bf9befb65d63076ac1e6b196f4a5b911b0e039dc	docs/references/ringe_taylor_linguistic_history_vol2.txt	Held running header or explicitly contents-confirmed chapter opener; no universal offset.
272	257	1342e465ec30e71398fc48964de1f7f7f027b133c155fb12ef523e47aae0b4ab	docs/references/ringe_taylor_linguistic_history_vol2.txt	Held running header or explicitly contents-confirmed chapter opener; no universal offset.
273	258	f9727c2f080c64d0e2b9b58b911b10cf5d75f0a21d632c27907d439970f06fae	docs/references/ringe_taylor_linguistic_history_vol2.txt	Held running header or explicitly contents-confirmed chapter opener; no universal offset.
274	259	c52bb0268a277686746eab05c0add26f146164c35f5502958d151f219d177bc2	docs/references/ringe_taylor_linguistic_history_vol2.txt	Held running header or explicitly contents-confirmed chapter opener; no universal offset.
275	260	a098509985bb5a0b6321456e36d8c581d243ac455c0f70b971442a7f0e494219	docs/references/ringe_taylor_linguistic_history_vol2.txt	Held running header or explicitly contents-confirmed chapter opener; no universal offset.
276	261	f602d0525debd2975fa76014139df295bae30e2081fe62c36d8124eb038886c1	docs/references/ringe_taylor_linguistic_history_vol2.txt	Held running header or explicitly contents-confirmed chapter opener; no universal offset.
277	262	cd95ec62aa927f0f94f47842ad70c789f04827ea5d17d398f0138587b27833c1	docs/references/ringe_taylor_linguistic_history_vol2.txt	Held running header or explicitly contents-confirmed chapter opener; no universal offset.
278	263	48ff9d862a1879748a0755c0fac4b38226105aaa0b76832d5fdaac963f47cb22	docs/references/ringe_taylor_linguistic_history_vol2.txt	Held running header or explicitly contents-confirmed chapter opener; no universal offset.
279	264	677b2c223228b347517b11ed59cd6467b30a535e705f6c4d311da5a3a05cd6d4	docs/references/ringe_taylor_linguistic_history_vol2.txt	Held running header or explicitly contents-confirmed chapter opener; no universal offset.
280	265	ba50fc7d0ea51f8107ecfb33b3c420e3c16ea444deaffc344a5f4796d9d80a20	docs/references/ringe_taylor_linguistic_history_vol2.txt	Held running header or explicitly contents-confirmed chapter opener; no universal offset.
281	266	75cec12c65b5c5516f4865fe5dd8800d74820481f7b892af5378c767e51979cc	docs/references/ringe_taylor_linguistic_history_vol2.txt	Held running header or explicitly contents-confirmed chapter opener; no universal offset.
282	267	59dafd43ad1a292b2fa8d7442441535029f77bf19ce91c64669560a08a4f250c	docs/references/ringe_taylor_linguistic_history_vol2.txt	Held running header or explicitly contents-confirmed chapter opener; no universal offset.
283	268	a052a7c2ea0a4ab8976bc1b66266565575c828bcbb63e155766e28292710a56c	docs/references/ringe_taylor_linguistic_history_vol2.txt	Held running header or explicitly contents-confirmed chapter opener; no universal offset.
284	269	ef5ac8f61eb1e36a1597c3f51f5c9f1260ea42fcd87a52223e4d33ac3229b56b	docs/references/ringe_taylor_linguistic_history_vol2.txt	Held running header or explicitly contents-confirmed chapter opener; no universal offset.
285	270	bbd8f5be26db54af3a9acda0472fa97fdcff0a17e27459215940460055a02081	docs/references/ringe_taylor_linguistic_history_vol2.txt	Held running header or explicitly contents-confirmed chapter opener; no universal offset.
286	271	e684a209b5450746c65414904cf4e38e802e76d5ff7b0d37b772b13ee8c4780f	docs/references/ringe_taylor_linguistic_history_vol2.txt	Held running header or explicitly contents-confirmed chapter opener; no universal offset.
287	272	75eb8ed04db42da31e8c4a3809ba8e405b2e221a461cebad95c72c710298a070	docs/references/ringe_taylor_linguistic_history_vol2.txt	Held running header or explicitly contents-confirmed chapter opener; no universal offset.
288	273	a345d5c94a26d096e9aa3656756f686935f666f3641cc8f6a8de9b8b0fdb36a9	docs/references/ringe_taylor_linguistic_history_vol2.txt	Held running header or explicitly contents-confirmed chapter opener; no universal offset.
289	274	cb028850f52dc7ca18408b643da26d852b0756875cdc7c1a47c1d840868dc8ca	docs/references/ringe_taylor_linguistic_history_vol2.txt	Held running header or explicitly contents-confirmed chapter opener; no universal offset.
290	275	3934286a447888d21e4f0ed46f5bda810325642c28339efd951d6b1048afebe0	docs/references/ringe_taylor_linguistic_history_vol2.txt	Held running header or explicitly contents-confirmed chapter opener; no universal offset.
291	276	872fede991bb58d3fc83fb0ecafae57db20f73e3db004c12ce05299d73b9ca7c	docs/references/ringe_taylor_linguistic_history_vol2.txt	Held running header or explicitly contents-confirmed chapter opener; no universal offset.
292	277	58bdcf5e60cffef5edf500e98acc71f86e55b9f474ef2e315a1ee2887f96834c	docs/references/ringe_taylor_linguistic_history_vol2.txt	Held running header or explicitly contents-confirmed chapter opener; no universal offset.
293	278	fa3c0f47aa116d819c3180720fed54c778aebd9fc4b3022f2e765cb588f08cf8	docs/references/ringe_taylor_linguistic_history_vol2.txt	Held running header or explicitly contents-confirmed chapter opener; no universal offset.
294	279	7303a9ea755eb66e77b85d6ba77aee4c20fb54b0969c4f0b190f1849e5878a66	docs/references/ringe_taylor_linguistic_history_vol2.txt	Held running header or explicitly contents-confirmed chapter opener; no universal offset.
295	280	2ad0e814a65299946c50bae3ea7eab53ec0c39edd357c123d16f39cbec2a937d	docs/references/ringe_taylor_linguistic_history_vol2.txt	Held running header or explicitly contents-confirmed chapter opener; no universal offset.
296	281	d7bd15300bdceb5a8d7e4d6e674e6235ffdef9a854e928f426b418d2c1095ca9	docs/references/ringe_taylor_linguistic_history_vol2.txt	Held running header or explicitly contents-confirmed chapter opener; no universal offset.
297	282	df1fea694c32497c6a137f48f792b1f09e6c08442980290d1d26cec52625d395	docs/references/ringe_taylor_linguistic_history_vol2.txt	Held running header or explicitly contents-confirmed chapter opener; no universal offset.
298	283	ebf627353e8a6b86de3234c0070c17aa523e172cf3e2dd23f3f6260e5af6be39	docs/references/ringe_taylor_linguistic_history_vol2.txt	Held running header or explicitly contents-confirmed chapter opener; no universal offset.
299	284	1009f14062be135b66f1e837c44c979e5cfd37ffbf349fd336bd5ead3c7be1df	docs/references/ringe_taylor_linguistic_history_vol2.txt	Held running header or explicitly contents-confirmed chapter opener; no universal offset.
300	285	e55507daa606f87293d89655fe7debff6b1bc58e0bd290295880929f49a9606b	docs/references/ringe_taylor_linguistic_history_vol2.txt	Held running header or explicitly contents-confirmed chapter opener; no universal offset.
301	286	f19af95223841cbab2732e399d30bfeb98125188a74de25bc01f38795a40bbb0	docs/references/ringe_taylor_linguistic_history_vol2.txt	Held running header or explicitly contents-confirmed chapter opener; no universal offset.
302	287	8f0dd9fceb88d23a738e1afa07ee3b801cdd94e3827d328a6120cc1d14899537	docs/references/ringe_taylor_linguistic_history_vol2.txt	Held running header or explicitly contents-confirmed chapter opener; no universal offset.
303	288	f766fe5fcdf3bda89e52941158db0e6e7999d01bf58087ef48b967a10cfaeea9	docs/references/ringe_taylor_linguistic_history_vol2.txt	Held running header or explicitly contents-confirmed chapter opener; no universal offset.
304	289	72e9f47bc70cc66b077038428ca38aff2257fdffe9c5a4ded1be5dc3b3894e26	docs/references/ringe_taylor_linguistic_history_vol2.txt	Held running header or explicitly contents-confirmed chapter opener; no universal offset.
305	290	6d3608a24136245b1935d7d97e99d4768f0d44b20dc09a0ef75e88f759fd693f	docs/references/ringe_taylor_linguistic_history_vol2.txt	Held running header or explicitly contents-confirmed chapter opener; no universal offset.
306	291	4fe8e490fb7331b14fdae24815c6a69657cff377c2d2408fc03a843fd31aef66	docs/references/ringe_taylor_linguistic_history_vol2.txt	Held running header or explicitly contents-confirmed chapter opener; no universal offset.
307	292	be65aa7a8c7cefd58245d388d72416a17a7da01b699c43ac0f1ff82faee3a739	docs/references/ringe_taylor_linguistic_history_vol2.txt	Held running header or explicitly contents-confirmed chapter opener; no universal offset.
308	293	676a3f274b4ee429a9498df52ec19020f8958c7f0b573498ab0a06e64d2b0e65	docs/references/ringe_taylor_linguistic_history_vol2.txt	Held running header or explicitly contents-confirmed chapter opener; no universal offset.
309	294	3c52f4751a6870611d5dd58caf2f0ab74246d608f2439b813d003f5986a8d7e9	docs/references/ringe_taylor_linguistic_history_vol2.txt	Held running header or explicitly contents-confirmed chapter opener; no universal offset.
310	295	15d18a543a36b017c8065036c661fb1032771e4ee487e5f57d9f005b62cd07c4	docs/references/ringe_taylor_linguistic_history_vol2.txt	Held running header or explicitly contents-confirmed chapter opener; no universal offset.
311	296	4e5dca0b80428431126443bddbeee48775fb17d0d31035fb263158acc7fbf4b7	docs/references/ringe_taylor_linguistic_history_vol2.txt	Held running header or explicitly contents-confirmed chapter opener; no universal offset.
312	297	2669e7ef214f197c039819b8a503958c92648c575a14e94f872369011638cc61	docs/references/ringe_taylor_linguistic_history_vol2.txt	Held running header or explicitly contents-confirmed chapter opener; no universal offset.
313	298	b4ccd0b592e58ac3a972b5b3a7fa7931aca214c980bf6b7d406edeb0e2ca0f39	docs/references/ringe_taylor_linguistic_history_vol2.txt	Held running header or explicitly contents-confirmed chapter opener; no universal offset.
314	299	40d92b07cd531a047fab29037cec29c44f98ae19ace4007c3963aaa5b6cad97d	docs/references/ringe_taylor_linguistic_history_vol2.txt	Held running header or explicitly contents-confirmed chapter opener; no universal offset.
315	300	3c6f50f461c050c47a00faf9f197d709ff6e0197aa9c318b88afe09fb72bcd21	docs/references/ringe_taylor_linguistic_history_vol2.txt	Held running header or explicitly contents-confirmed chapter opener; no universal offset.
316	301	b48c8769eef041f1a24a1b87d3b968f1afddf3b31991c69d96634bd72621a7bd	docs/references/ringe_taylor_linguistic_history_vol2.txt	Held running header or explicitly contents-confirmed chapter opener; no universal offset.
317	302	03dfdda7c3e3db1dfd2a898df6457019aaef5ebad2f3f27da55e4260667fcefb	docs/references/ringe_taylor_linguistic_history_vol2.txt	Held running header or explicitly contents-confirmed chapter opener; no universal offset.
318	303	5cf81d0ad2c1fc335cdae935338eee897c3f61d2f04200d626f69081c9a4f80e	docs/references/ringe_taylor_linguistic_history_vol2.txt	Held running header or explicitly contents-confirmed chapter opener; no universal offset.
319	304	4366b6561d4b8dc0319ac6580a178ae21e55d8b61bf303f62a7d0c91b2a52a48	docs/references/ringe_taylor_linguistic_history_vol2.txt	Held running header or explicitly contents-confirmed chapter opener; no universal offset.
320	305	6a7d63063ba1a28da5abb803fbd22bc6f24de37f74204e3dc9ac20ff837afccb	docs/references/ringe_taylor_linguistic_history_vol2.txt	Held running header or explicitly contents-confirmed chapter opener; no universal offset.
321	306	b1d08ac0cfa8aa72e0a40eb833e2a2974b747445b496e4244c33d0f3458d72c4	docs/references/ringe_taylor_linguistic_history_vol2.txt	Held running header or explicitly contents-confirmed chapter opener; no universal offset.
322	307	3cbc435e51c9b78a2de89e860e616bc03bace82a5c04ba72dcb7c5cb52ad0e25	docs/references/ringe_taylor_linguistic_history_vol2.txt	Held running header or explicitly contents-confirmed chapter opener; no universal offset.
323	308	ca949ac66c24e458dde0bce69cba229c04cf8b3710217c4ea343a06163c68037	docs/references/ringe_taylor_linguistic_history_vol2.txt	Held running header or explicitly contents-confirmed chapter opener; no universal offset.
324	309	732ca93458cbc211cc2cc45445d821a30ddcd6029a9a7aca4a5912251fa62a0d	docs/references/ringe_taylor_linguistic_history_vol2.txt	Held running header or explicitly contents-confirmed chapter opener; no universal offset.
325	310	07e4854488120193e00a34028abb6cf84ded5bf53db14eafc4b36c358a36d845	docs/references/ringe_taylor_linguistic_history_vol2.txt	Held running header or explicitly contents-confirmed chapter opener; no universal offset.
326	311	2a92da9a550c4e2bbf89635d073f3955dff9de114a04b48b33c24644325174a3	docs/references/ringe_taylor_linguistic_history_vol2.txt	Held running header or explicitly contents-confirmed chapter opener; no universal offset.
327	312	8a03ee291586239c6bcaa6733aad666f0e97b596b5a96902d2ff251f787d835b	docs/references/ringe_taylor_linguistic_history_vol2.txt	Held running header or explicitly contents-confirmed chapter opener; no universal offset.
328	313	fdb9f2183e7e87d617c4b331c5f0b5b5766436157741644cc98f80dcee32d104	docs/references/ringe_taylor_linguistic_history_vol2.txt	Held running header or explicitly contents-confirmed chapter opener; no universal offset.
329	314	10a7c2920a9ee52cc8baefc7764225d38972e29aaab949f0f6bda585fec0b2a8	docs/references/ringe_taylor_linguistic_history_vol2.txt	Held running header or explicitly contents-confirmed chapter opener; no universal offset.
330	315	7cb7be753c9454db8322233e3b19df8e1abba2569298bddc050dfd81cb96b3eb	docs/references/ringe_taylor_linguistic_history_vol2.txt	Held running header or explicitly contents-confirmed chapter opener; no universal offset.
331	316	e5632249bc70b704378459d7ea1a3163965b80de7245c2ba4346266020209ba4	docs/references/ringe_taylor_linguistic_history_vol2.txt	Held running header or explicitly contents-confirmed chapter opener; no universal offset.
332	317	28868f4aabf6e4406a56b48d5ea6daacfe02c62bae9e8210933a44ad49fbccee	docs/references/ringe_taylor_linguistic_history_vol2.txt	Held running header or explicitly contents-confirmed chapter opener; no universal offset.
333	318	015ea65daa245f901792f1837d94fe85e6378c286256cca944553ff7ad00a113	docs/references/ringe_taylor_linguistic_history_vol2.txt	Held running header or explicitly contents-confirmed chapter opener; no universal offset.
334	319	56cc7e9c436cea496619b64f0569e8b2f750563fe2b42c27baab31369cdf4f51	docs/references/ringe_taylor_linguistic_history_vol2.txt	Held running header or explicitly contents-confirmed chapter opener; no universal offset.
335	320	99b84d7aa3b5d46d6743f66532aa172a50b5146fd78c157d2ea681e9bda90fef	docs/references/ringe_taylor_linguistic_history_vol2.txt	Held running header or explicitly contents-confirmed chapter opener; no universal offset.
336	321	b3577ba4f84c596bfd9703a48f5831aa85ede74320ee1cdd4a30dfacbf515cde	docs/references/ringe_taylor_linguistic_history_vol2.txt	Held running header or explicitly contents-confirmed chapter opener; no universal offset.
337	322	f4218ca60fc0a97cfac97ef61834a163e9a6a4dec842e988a696f7d336d73ae9	docs/references/ringe_taylor_linguistic_history_vol2.txt	Held running header or explicitly contents-confirmed chapter opener; no universal offset.
338	323	73a87fd9c06fe8b6de63f8bfd98b8b252df7f589a33f789623240a3d4c08d605	docs/references/ringe_taylor_linguistic_history_vol2.txt	Held running header or explicitly contents-confirmed chapter opener; no universal offset.
339	324	080a38da3c90e6506433cc8ab496dd8fff9bc4f02eaae4c6ae97661f593e024c	docs/references/ringe_taylor_linguistic_history_vol2.txt	Held running header or explicitly contents-confirmed chapter opener; no universal offset.
340	325	4af70c696ade0b98bda4f4c58d25fb77f9e6dbc4a1989d5bdb2f2f2608111a41	docs/references/ringe_taylor_linguistic_history_vol2.txt	Held running header or explicitly contents-confirmed chapter opener; no universal offset.
341	326	d5d99383e5ff940c6b37f8d3b5a45928e43729d77c32815e70c19f15a164262e	docs/references/ringe_taylor_linguistic_history_vol2.txt	Held running header or explicitly contents-confirmed chapter opener; no universal offset.
342	327	7765114a4cac2145b25c9d08f475304d3f02f124281f87a18b4183989eddfd9f	docs/references/ringe_taylor_linguistic_history_vol2.txt	Held running header or explicitly contents-confirmed chapter opener; no universal offset.
343	328	2d8aa260db8b4c006308d822c4d000da7705d78007e66ef0b61df0d114fa0541	docs/references/ringe_taylor_linguistic_history_vol2.txt	Held running header or explicitly contents-confirmed chapter opener; no universal offset.
344	329	c7c6260f01fbf56a7c74a6a50e5d8fc450e121c9f79b45e94da2b70c739ffbb0	docs/references/ringe_taylor_linguistic_history_vol2.txt	Held running header or explicitly contents-confirmed chapter opener; no universal offset.
345	330	71d90a0937f9c0082ec7a16f7af673ced617806092506b9c376a14116a428510	docs/references/ringe_taylor_linguistic_history_vol2.txt	Held running header or explicitly contents-confirmed chapter opener; no universal offset.
346	331	5003c2635056f8a847b25eb797ef46bef383f835bf095988ef594aba5da92483	docs/references/ringe_taylor_linguistic_history_vol2.txt	Held running header or explicitly contents-confirmed chapter opener; no universal offset.
347	332	8ad4c19429745d6794d71c855aba6cd3ddf48603abc2632efeca4946bd01f6ea	docs/references/ringe_taylor_linguistic_history_vol2.txt	Held running header or explicitly contents-confirmed chapter opener; no universal offset.
348	333	0fef47e8dd6e53b0c1489f29ad715d394a02e8339097f87fdc17f0a5767c6450	docs/references/ringe_taylor_linguistic_history_vol2.txt	Held running header or explicitly contents-confirmed chapter opener; no universal offset.
349	334	d9baab4e7b96c18eb5afaa37801de53622b7896d7f535a2a3acdf4221713c6e6	docs/references/ringe_taylor_linguistic_history_vol2.txt	Held running header or explicitly contents-confirmed chapter opener; no universal offset.
350	335	e1a29081f35204b80919e1e3d08598bfc43ca7a4a5cf51917207593a6a86d508	docs/references/ringe_taylor_linguistic_history_vol2.txt	Held running header or explicitly contents-confirmed chapter opener; no universal offset.
351	336	2ec016af235ff93020ed833a1ff50fdae912b46ca64a2ba791019129189a7c80	docs/references/ringe_taylor_linguistic_history_vol2.txt	Held running header or explicitly contents-confirmed chapter opener; no universal offset.
352	337	34fd24f12d0406600960af730bbd50ebb4cb31d933ede6f33548f9b79fd6d3d3	docs/references/ringe_taylor_linguistic_history_vol2.txt	Held running header or explicitly contents-confirmed chapter opener; no universal offset.
353	338	18ceba6244f06b07a8b86f228db08eaaf204c1f9b5bfb99c336f8b4322b41a29	docs/references/ringe_taylor_linguistic_history_vol2.txt	Held running header or explicitly contents-confirmed chapter opener; no universal offset.
354	339	09b70fbd5184d2156e40f2c8a159ef753ba8666550a1ed2eec138013f0eed174	docs/references/ringe_taylor_linguistic_history_vol2.txt	Held running header or explicitly contents-confirmed chapter opener; no universal offset.
355	340	88b8156c809f1994f1b2781a530a832b088f5653ca0b641da3a3609b80a79e75	docs/references/ringe_taylor_linguistic_history_vol2.txt	Held running header or explicitly contents-confirmed chapter opener; no universal offset.
356	341	2a2205ef609f184c32c6a278b42ea83fed7810c82c4988cda2a2973176d7dca9	docs/references/ringe_taylor_linguistic_history_vol2.txt	Held running header or explicitly contents-confirmed chapter opener; no universal offset.
357	342	f17554127e0425f62a63d56dd64404cbde35be0bb16c5d15b5bee6bff7bc2dd1	docs/references/ringe_taylor_linguistic_history_vol2.txt	Held running header or explicitly contents-confirmed chapter opener; no universal offset.
358	343	53a04c3f21bbc04bea896e7df431ad30ac3ff04d67d9902a37ec141210e36b88	docs/references/ringe_taylor_linguistic_history_vol2.txt	Held running header or explicitly contents-confirmed chapter opener; no universal offset.
359	344	72b26b81bdb262267b6e08c370a241d6428e2984b4c77f88ebd6500a487b8f86	docs/references/ringe_taylor_linguistic_history_vol2.txt	Held running header or explicitly contents-confirmed chapter opener; no universal offset.
360	345	8da060f8f282751f4a5c5c2c298aebc481c6094e256b9eaa91ca7785ffc13c3b	docs/references/ringe_taylor_linguistic_history_vol2.txt	Held running header or explicitly contents-confirmed chapter opener; no universal offset.
361	346	8f7930fa21a1765d3ef74ef7cbffe14995910a1c7798047ea18544dd5cb7ea80	docs/references/ringe_taylor_linguistic_history_vol2.txt	Held running header or explicitly contents-confirmed chapter opener; no universal offset.
362	347	fc5a4fbaa08d85dc5f4631fcd97878026a1748a77186a34153e59cab0aa9923d	docs/references/ringe_taylor_linguistic_history_vol2.txt	Held running header or explicitly contents-confirmed chapter opener; no universal offset.
363	348	11343384b0bf2cf11a6bba3975d6fe0ea947adedbce76bfd1714c505023ac76b	docs/references/ringe_taylor_linguistic_history_vol2.txt	Held running header or explicitly contents-confirmed chapter opener; no universal offset.
364	349	1c4fced2d535cfce27741ac316f148f8d32ce6d91a42d547029f313f6307e8bb	docs/references/ringe_taylor_linguistic_history_vol2.txt	Held running header or explicitly contents-confirmed chapter opener; no universal offset.
365	350	f3d3fdb8007ab7e74f38896078444262c704bd3e6b3a2fafffe844523f7054c6	docs/references/ringe_taylor_linguistic_history_vol2.txt	Held running header or explicitly contents-confirmed chapter opener; no universal offset.
366	351	6599377e443ffb1d5153ba598bcbd46fa206788aee941e9f5b74401df45a3b6f	docs/references/ringe_taylor_linguistic_history_vol2.txt	Held running header or explicitly contents-confirmed chapter opener; no universal offset.
367	352	fab14eae2d0670840ce7bf91d0b4a332543469cd476b1c763a30afacac6f3889	docs/references/ringe_taylor_linguistic_history_vol2.txt	Held running header or explicitly contents-confirmed chapter opener; no universal offset.
368	353	5711e41027b2165c376bb7a02eeb27387b621b46828191ee7f36f94bc1a04aaa	docs/references/ringe_taylor_linguistic_history_vol2.txt	Held running header or explicitly contents-confirmed chapter opener; no universal offset.
369	354	2b673088b830f829079f76b6956c5b2a15081ad2f8f65aaf5244704c9fa86736	docs/references/ringe_taylor_linguistic_history_vol2.txt	Held running header or explicitly contents-confirmed chapter opener; no universal offset.
370	355	ee256112369cb9a41e5dd0daca56c46e6de4894be34a97a6ba03bf0845a7fd32	docs/references/ringe_taylor_linguistic_history_vol2.txt	Held running header or explicitly contents-confirmed chapter opener; no universal offset.
371	356	2fd84be37537ec09cf8c2e5bed34ca37008f03895f7e9d9d6fb17ce7d61b366b	docs/references/ringe_taylor_linguistic_history_vol2.txt	Held running header or explicitly contents-confirmed chapter opener; no universal offset.
372	357	e6a99f1a2164ee994778e2fcd41014b71edc4639f9288abf70688c7d7c95e023	docs/references/ringe_taylor_linguistic_history_vol2.txt	Held running header or explicitly contents-confirmed chapter opener; no universal offset.
373	358	614a9d02812e30361369d2bc7fb5aac6591bd5e5847cec0018dc34873a1e3ff4	docs/references/ringe_taylor_linguistic_history_vol2.txt	Held running header or explicitly contents-confirmed chapter opener; no universal offset.
374	359	9989c32bd9ebd6603ef12649c0a551c76a8b9f0e1ccaa6d1fe4db7fdc1f1ab3e	docs/references/ringe_taylor_linguistic_history_vol2.txt	Held running header or explicitly contents-confirmed chapter opener; no universal offset.
375	360	d406b96b34d5c146422aa9df84abfac5e774c989df47e739d02a2ad9d6bcca5f	docs/references/ringe_taylor_linguistic_history_vol2.txt	Held running header or explicitly contents-confirmed chapter opener; no universal offset.
376	361	b775d2cd0a0c6d0ca7171a95a47f85d93608d4ed4486f13a5e4eafd401a25f69	docs/references/ringe_taylor_linguistic_history_vol2.txt	Held running header or explicitly contents-confirmed chapter opener; no universal offset.
377	362	f5f14b70e457b5f140f1f714431041992afae13f77d211a106423a7f714d0450	docs/references/ringe_taylor_linguistic_history_vol2.txt	Held running header or explicitly contents-confirmed chapter opener; no universal offset.
378	363	bb01b5782fc5e386a1716ecaa7fe4e4333f4e78536fa2c61dc2deb27f19492e1	docs/references/ringe_taylor_linguistic_history_vol2.txt	Held running header or explicitly contents-confirmed chapter opener; no universal offset.
379	364	1d34200012bf3165ca8d81507179b8e8505a76194b27b636d8294d0b842fff5b	docs/references/ringe_taylor_linguistic_history_vol2.txt	Held running header or explicitly contents-confirmed chapter opener; no universal offset.
380	365	a6450ad939837378f2768d65086804999925e420c9eddfc4e13a69debd3fae15	docs/references/ringe_taylor_linguistic_history_vol2.txt	Held running header or explicitly contents-confirmed chapter opener; no universal offset.
381	366	f2b954804def7075b86277460a7487deb53ad22d705522eb0ba7fd1100fc0dce	docs/references/ringe_taylor_linguistic_history_vol2.txt	Held running header or explicitly contents-confirmed chapter opener; no universal offset.
382	367	5e0c8530cdc8a1583eab0bb6d2da512f54424169d38381f56b70d8199f8a8656	docs/references/ringe_taylor_linguistic_history_vol2.txt	Held running header or explicitly contents-confirmed chapter opener; no universal offset.
383	368	fc60691fa7f5e42c74341ecf43fe278c888af2d34d361d423c4020fc36e37006	docs/references/ringe_taylor_linguistic_history_vol2.txt	Held running header or explicitly contents-confirmed chapter opener; no universal offset.
384	369	302e545fe0eeb4e591ecb49d4b6a4454bc1b7887ebb3ef2fc1f53d0ed4d6b169	docs/references/ringe_taylor_linguistic_history_vol2.txt	Held running header or explicitly contents-confirmed chapter opener; no universal offset.
385	370	acec0d52578b123e842ace24fa3ebefde09fa1d41de8d59739d25b254f155433	docs/references/ringe_taylor_linguistic_history_vol2.txt	Held running header or explicitly contents-confirmed chapter opener; no universal offset.
386	371	aaed490e9f60741d53842e24398187ef76b94a62af9c1ce3b8b131ec29756abd	docs/references/ringe_taylor_linguistic_history_vol2.txt	Held running header or explicitly contents-confirmed chapter opener; no universal offset.
387	372	8508057a97da46e0602c182931369736ae978e784010afd33658061b20e9eec9	docs/references/ringe_taylor_linguistic_history_vol2.txt	Held running header or explicitly contents-confirmed chapter opener; no universal offset.
388	373	eee516c8fbebb62f800afaccbe4366b6ca9731427e9e92b9bc507950d4d9ce0c	docs/references/ringe_taylor_linguistic_history_vol2.txt	Held running header or explicitly contents-confirmed chapter opener; no universal offset.
389	374	1f510490eda210c9e7534f784b340f9fc20f7a2fbdf5de76c862f15515991c40	docs/references/ringe_taylor_linguistic_history_vol2.txt	Held running header or explicitly contents-confirmed chapter opener; no universal offset.
390	375	00f2204377fb3b7239346dd9ee3918e8131779eb507465c5e657afca5cf81391	docs/references/ringe_taylor_linguistic_history_vol2.txt	Held running header or explicitly contents-confirmed chapter opener; no universal offset.
391	376	f083c2113924fc1c458c13096d61ce137afeb500b398889d22b977741589bfd4	docs/references/ringe_taylor_linguistic_history_vol2.txt	Held running header or explicitly contents-confirmed chapter opener; no universal offset.
392	377	752c2aa1b4656c2930329a7275fffc26a0af7282fb9bee5ab7e174b4051a1684	docs/references/ringe_taylor_linguistic_history_vol2.txt	Held running header or explicitly contents-confirmed chapter opener; no universal offset.
393	378	3642992ea2f1ce7a8de714e8455b4486d86f2234bd72e4374b1927d6a255afde	docs/references/ringe_taylor_linguistic_history_vol2.txt	Held running header or explicitly contents-confirmed chapter opener; no universal offset.
394	379	4fd63fcfe1265b0ebd3dc0089d8ca9190f23d18ada2ee07f26fcb8fd55d9100e	docs/references/ringe_taylor_linguistic_history_vol2.txt	Held running header or explicitly contents-confirmed chapter opener; no universal offset.
395	380	7e456fd3335a2c9a608d587b5a30576998f553f82a6fcb80e6376671bcd96fcc	docs/references/ringe_taylor_linguistic_history_vol2.txt	Held running header or explicitly contents-confirmed chapter opener; no universal offset.
396	381	28cce90d271a31093c8548c5b0186b806dc21759488ca26d8119eeef9f9cbda1	docs/references/ringe_taylor_linguistic_history_vol2.txt	Held running header or explicitly contents-confirmed chapter opener; no universal offset.
397	382	dcce3b68d169351f9dfebc01b6251510e11e987925e0abde6842c1c062d90787	docs/references/ringe_taylor_linguistic_history_vol2.txt	Held running header or explicitly contents-confirmed chapter opener; no universal offset.
398	383	d2cc76c6fc499b9cbee165842aac476494a60a450134a4184f8c8ef56b32b8c4	docs/references/ringe_taylor_linguistic_history_vol2.txt	Held running header or explicitly contents-confirmed chapter opener; no universal offset.
399	384	0fa377d9516fc5510d9a7e484bda4820c55e23184932b217492bb87528bc5efd	docs/references/ringe_taylor_linguistic_history_vol2.txt	Held running header or explicitly contents-confirmed chapter opener; no universal offset.
400	385	94c73eb603f3870688d6f07f94d5197b2362d8bbfb2914df9ad636c58340ab63	docs/references/ringe_taylor_linguistic_history_vol2.txt	Held running header or explicitly contents-confirmed chapter opener; no universal offset.
401	386	83a513623358cdd1b27a833ed811a9dd09b46154a1d0782e7dc4b24a519fefdc	docs/references/ringe_taylor_linguistic_history_vol2.txt	Held running header or explicitly contents-confirmed chapter opener; no universal offset.
402	387	0b152063db29806c4cf10561e1ce3234e25bc9349fc1140ea0ba69fb60c613d7	docs/references/ringe_taylor_linguistic_history_vol2.txt	Held running header or explicitly contents-confirmed chapter opener; no universal offset.
403	388	cbe739cf643ebb833399a029fb83d358e235851093e0f4c116885036a19db920	docs/references/ringe_taylor_linguistic_history_vol2.txt	Held running header or explicitly contents-confirmed chapter opener; no universal offset.
404	389	6754bb16c4deb68c4a6f126fc9cc004b9389cac82e43c10569bfe0d0b667c21c	docs/references/ringe_taylor_linguistic_history_vol2.txt	Held running header or explicitly contents-confirmed chapter opener; no universal offset.
405	390	14faa434593b44f9ec0a52654b330ac587b25f3fee7ad259a2a055d6a2ad0fae	docs/references/ringe_taylor_linguistic_history_vol2.txt	Held running header or explicitly contents-confirmed chapter opener; no universal offset.
406	391	adf7d56073d8fcfc3a6dd22b0b5a9f518d7b312d4428d8e9b8e9cfacce3f6c22	docs/references/ringe_taylor_linguistic_history_vol2.txt	Held running header or explicitly contents-confirmed chapter opener; no universal offset.
407		f4e6afc401794238a5d0987540af310b7e96ac542614d3bf4bb2d934196e4797	docs/references/ringe_taylor_linguistic_history_vol2.txt	Held running header or explicitly contents-confirmed chapter opener; no universal offset.
408	393	8aec7b66ebef892906903fa6c3070d810f5f5aa1646eb778d32f1ede8822f1cc	docs/references/ringe_taylor_linguistic_history_vol2.txt	Held running header or explicitly contents-confirmed chapter opener; no universal offset.
409	394	65d3807c1e232cba439a2eef0a0032c6c85b41eb4b80dad5e98888b965d7a0d2	docs/references/ringe_taylor_linguistic_history_vol2.txt	Held running header or explicitly contents-confirmed chapter opener; no universal offset.
410	395	ac48bf77b4c35d94acf462b7a7f1205391f7776f737cd741d2377766d46076e8	docs/references/ringe_taylor_linguistic_history_vol2.txt	Held running header or explicitly contents-confirmed chapter opener; no universal offset.
411	396	8c940d388c7d743625bc284fd2800981149eb36dd3567e20d05e57a049c2cd74	docs/references/ringe_taylor_linguistic_history_vol2.txt	Held running header or explicitly contents-confirmed chapter opener; no universal offset.
412	397	5917779853908115211ecec22b9d0e599c9fb454e8ec95a0442ec23508a97db0	docs/references/ringe_taylor_linguistic_history_vol2.txt	Held running header or explicitly contents-confirmed chapter opener; no universal offset.
413	398	380fede552654de0e43ba1bae91008d2382b409021db64b55900444e8ee096d7	docs/references/ringe_taylor_linguistic_history_vol2.txt	Held running header or explicitly contents-confirmed chapter opener; no universal offset.
414	399	b75c1417421f0ff698397401887afc14f552f879f8605bec82cb644053deefcf	docs/references/ringe_taylor_linguistic_history_vol2.txt	Held running header or explicitly contents-confirmed chapter opener; no universal offset.
415	400	a208e834fd21c90644067bbd011d7d223f3ec91c69ac954ed507c418519a90a5	docs/references/ringe_taylor_linguistic_history_vol2.txt	Held running header or explicitly contents-confirmed chapter opener; no universal offset.
416	401	4fdfbb47c3214656b3e88242b27104665eee3d41e585c94cdef5a9689fe7eec5	docs/references/ringe_taylor_linguistic_history_vol2.txt	Held running header or explicitly contents-confirmed chapter opener; no universal offset.
417	402	4ec5812207423224d978d7eb801cecae0a615a42ce531662cb6cd608e8ed562d	docs/references/ringe_taylor_linguistic_history_vol2.txt	Held running header or explicitly contents-confirmed chapter opener; no universal offset.
418	403	ca8a54c19e12334af76ea1f9e938ceb6dfd08691061d9eb83b47198a7080de5e	docs/references/ringe_taylor_linguistic_history_vol2.txt	Held running header or explicitly contents-confirmed chapter opener; no universal offset.
419	404	7777b94c2dcda91af5849234b5e35699601101faf0f74e066cafe5ac997bea9c	docs/references/ringe_taylor_linguistic_history_vol2.txt	Held running header or explicitly contents-confirmed chapter opener; no universal offset.
420	405	9f8cd1f8aac54010f4e6cc47a17da50e03a7cad73a387c37ca73c5de9d236e57	docs/references/ringe_taylor_linguistic_history_vol2.txt	Held running header or explicitly contents-confirmed chapter opener; no universal offset.
421	406	d3e43d62dff4ab3b65fcd94c6de251f2e6882c544d5cde4483f52ead8d7224e4	docs/references/ringe_taylor_linguistic_history_vol2.txt	Held running header or explicitly contents-confirmed chapter opener; no universal offset.
422	407	577e27a870ebd89d29b0268b386faf296715ca2a843af21afc5c8b7d84c65afd	docs/references/ringe_taylor_linguistic_history_vol2.txt	Held running header or explicitly contents-confirmed chapter opener; no universal offset.
423	408	3ea375da3781f83258e91f91f82baeae6002a165497d73e6901f0fec5265a7d2	docs/references/ringe_taylor_linguistic_history_vol2.txt	Held running header or explicitly contents-confirmed chapter opener; no universal offset.
424	409	d209245530f86cc906e694b69e4eccdeb1683e74b6fd818df978f0e3b786993e	docs/references/ringe_taylor_linguistic_history_vol2.txt	Held running header or explicitly contents-confirmed chapter opener; no universal offset.
425	410	3426f1b529385d2b597e6aeb6cf0f133ebd38486e690edd00c63bb81c8e2c0e5	docs/references/ringe_taylor_linguistic_history_vol2.txt	Held running header or explicitly contents-confirmed chapter opener; no universal offset.
426	411	55d90698e787394612d5b7970c8f7582bc95a1c4d2536301420665d0d16bfb60	docs/references/ringe_taylor_linguistic_history_vol2.txt	Held running header or explicitly contents-confirmed chapter opener; no universal offset.
427	412	512b3d94bbb47095ce43bfd1eea977f5016f631c37bd30713075a00cbb2e142a	docs/references/ringe_taylor_linguistic_history_vol2.txt	Held running header or explicitly contents-confirmed chapter opener; no universal offset.
428	413	2b330c44d6d89e281ab893c70aaaaceb9514eba3b8d768616bf2ebc7baa64032	docs/references/ringe_taylor_linguistic_history_vol2.txt	Held running header or explicitly contents-confirmed chapter opener; no universal offset.
429	414	50b6d4caa3319c6218796dbb6a3e2be0acdaa596192e1c08888732d40cc79f7d	docs/references/ringe_taylor_linguistic_history_vol2.txt	Held running header or explicitly contents-confirmed chapter opener; no universal offset.
430	415	97c5264dccb9f8361f4370f61aa6169794ec59c3e88db151975eaaa530ba9593	docs/references/ringe_taylor_linguistic_history_vol2.txt	Held running header or explicitly contents-confirmed chapter opener; no universal offset.
431	416	02f04fbacd7f90718c2604c26c5f91ea722d5315ac1d0a3f045c7da2ba8a6872	docs/references/ringe_taylor_linguistic_history_vol2.txt	Held running header or explicitly contents-confirmed chapter opener; no universal offset.
432	417	fdf4769556b46c58d924eafdcf466c42b5d4f0c9fe7c77722cebc04b62e7c5ad	docs/references/ringe_taylor_linguistic_history_vol2.txt	Held running header or explicitly contents-confirmed chapter opener; no universal offset.
433	418	cf2a34b4a79e9ce24b20e5f26606e567157d1ef0614969b5e652c2efef915720	docs/references/ringe_taylor_linguistic_history_vol2.txt	Held running header or explicitly contents-confirmed chapter opener; no universal offset.
434	419	5b372b74fbd4e0bedb7d30e2fb6172cafe8b258ba372e17c1555c4aa37ca9880	docs/references/ringe_taylor_linguistic_history_vol2.txt	Held running header or explicitly contents-confirmed chapter opener; no universal offset.
435	420	2d6f70a39957aa1160ebcb51e41cf002b6773ce3fb6325bc286f1bbaec112e0e	docs/references/ringe_taylor_linguistic_history_vol2.txt	Held running header or explicitly contents-confirmed chapter opener; no universal offset.
436	421	ea0981a9bbe2e6dbc88cdb74047e85f478ab659f33343338f5336141910d7285	docs/references/ringe_taylor_linguistic_history_vol2.txt	Held running header or explicitly contents-confirmed chapter opener; no universal offset.
437	422	45b95168aabe6e891f06730823a07aaccb9c3b89e1d5a0b39d09a065b14bfefe	docs/references/ringe_taylor_linguistic_history_vol2.txt	Held running header or explicitly contents-confirmed chapter opener; no universal offset.
438	423	dc5c3fc352e027e2938fa62e119932f7e5c57eeb1d599dfa1101e39fda754af2	docs/references/ringe_taylor_linguistic_history_vol2.txt	Held running header or explicitly contents-confirmed chapter opener; no universal offset.
439	424	d7cddc7871c1ec1cf3d8554f77b91619fae017a390e409a10a2dea33c4d83177	docs/references/ringe_taylor_linguistic_history_vol2.txt	Held running header or explicitly contents-confirmed chapter opener; no universal offset.
440	425	62d29948473af59c4e1d5eb0873c9cf9ac6f012b7d92e3da1c15baaeb3fce09d	docs/references/ringe_taylor_linguistic_history_vol2.txt	Held running header or explicitly contents-confirmed chapter opener; no universal offset.
441	426	5b2cc8360481147fb774e66d2ff31d77985ab14bddab24b898bdba342f9c8d2f	docs/references/ringe_taylor_linguistic_history_vol2.txt	Held running header or explicitly contents-confirmed chapter opener; no universal offset.
442	427	58943d54fb4236a63ddda764381cbc317abd3ae9b23eaf83fde9c37a52aed281	docs/references/ringe_taylor_linguistic_history_vol2.txt	Held running header or explicitly contents-confirmed chapter opener; no universal offset.
443	428	8d4c717bdfc471bdc045cc8f67f18c5110d3c58bea263a7958f94fbbdb66f39b	docs/references/ringe_taylor_linguistic_history_vol2.txt	Held running header or explicitly contents-confirmed chapter opener; no universal offset.
444	429	442bdb193c9bb53d746eabb38e7f43d65c2840377e4c572ffefa94d2f46dd775	docs/references/ringe_taylor_linguistic_history_vol2.txt	Held running header or explicitly contents-confirmed chapter opener; no universal offset.
445	430	29ff82978e409bea9acbe367953ffc968b6587acc5d86de7e493805ce2c27be3	docs/references/ringe_taylor_linguistic_history_vol2.txt	Held running header or explicitly contents-confirmed chapter opener; no universal offset.
446	431	3ca7c345d73b03306946380026e6682708c5dc76452199199ecd794c6d35536b	docs/references/ringe_taylor_linguistic_history_vol2.txt	Held running header or explicitly contents-confirmed chapter opener; no universal offset.
447	432	6722182ceafb6fa612da4068a91144f9aecfc75ae25b2f8f244004f0b401b5aa	docs/references/ringe_taylor_linguistic_history_vol2.txt	Held running header or explicitly contents-confirmed chapter opener; no universal offset.
448	433	f55f545ef4a7a50b821dda688b5a91e9570efd1423ea9e83982d26530d3295de	docs/references/ringe_taylor_linguistic_history_vol2.txt	Held running header or explicitly contents-confirmed chapter opener; no universal offset.
449	434	817e686a6556fed55439a129aefe9398fbc23a86bc61128846857d74f349adc4	docs/references/ringe_taylor_linguistic_history_vol2.txt	Held running header or explicitly contents-confirmed chapter opener; no universal offset.
450	435	3bb1b93831fd16b7227451e7f1a1dda9da107bc60c086b0cf133eeae714347d8	docs/references/ringe_taylor_linguistic_history_vol2.txt	Held running header or explicitly contents-confirmed chapter opener; no universal offset.
451	436	d4c8a230783e011a7a77e2b1f7e09a6c25e19db80abaa06bb37b79d4cf2d270e	docs/references/ringe_taylor_linguistic_history_vol2.txt	Held running header or explicitly contents-confirmed chapter opener; no universal offset.
452	437	96ff2fa0bec96105a68a9425ed1f1771add12bc0d20c61bfd26ad04d648501ee	docs/references/ringe_taylor_linguistic_history_vol2.txt	Held running header or explicitly contents-confirmed chapter opener; no universal offset.
453	438	d1dd7c44a6b0210d4087987c9ba7b04c0e3e4fa46c0df9855157f94f95913718	docs/references/ringe_taylor_linguistic_history_vol2.txt	Held running header or explicitly contents-confirmed chapter opener; no universal offset.
454	439	af7f2863f601f1d4f9e34bde8eee2b7f61715ca7aebc2f9b2b611f033d23dd9b	docs/references/ringe_taylor_linguistic_history_vol2.txt	Held running header or explicitly contents-confirmed chapter opener; no universal offset.
455	440	f98471dea72edb7b3d686ecc378185f7212d1f3fddf1c2a569aeb2fb1a8045d7	docs/references/ringe_taylor_linguistic_history_vol2.txt	Held running header or explicitly contents-confirmed chapter opener; no universal offset.
456	441	c0b3b5381c2467a027959c3191bc1e51b93332032b3325c13fae9c785d90a6ec	docs/references/ringe_taylor_linguistic_history_vol2.txt	Held running header or explicitly contents-confirmed chapter opener; no universal offset.
457	442	0d6460ddfebc48540c29ad13a57c0a9d54c2bf381104b3d141f6dd10df8e6616	docs/references/ringe_taylor_linguistic_history_vol2.txt	Held running header or explicitly contents-confirmed chapter opener; no universal offset.
458	443	bbf448abc9d207c68f0c5df45a06ccf1a66594e5a93393c0534922ba194fb6ac	docs/references/ringe_taylor_linguistic_history_vol2.txt	Held running header or explicitly contents-confirmed chapter opener; no universal offset.
459	444	cb52702828486eb36b97f0e47e47ae7ba4bcd58f65bd4699bc096c84538787d9	docs/references/ringe_taylor_linguistic_history_vol2.txt	Held running header or explicitly contents-confirmed chapter opener; no universal offset.
460	445	0eb505e8b94a96f048c0f5a8f06248ed9864ff549fdb688f840a44c01c0f122f	docs/references/ringe_taylor_linguistic_history_vol2.txt	Held running header or explicitly contents-confirmed chapter opener; no universal offset.
461	446	e3b937c0a554acf17beac3ddbcdeed780ec187f34d7c4501bb7ac4eafa35b27b	docs/references/ringe_taylor_linguistic_history_vol2.txt	Held running header or explicitly contents-confirmed chapter opener; no universal offset.
462	447	25a61f8de04e44679f37798401a95c985203ab32955cd1a1d352da49776a36a2	docs/references/ringe_taylor_linguistic_history_vol2.txt	Held running header or explicitly contents-confirmed chapter opener; no universal offset.
463	448	65674543bf318ffaa604ef3ce8868e922993e0711cf6b16f0154bb9c02867cdc	docs/references/ringe_taylor_linguistic_history_vol2.txt	Held running header or explicitly contents-confirmed chapter opener; no universal offset.
464	449	2354bf3c1f09c21d9623cd79e523472fce7aefade913b963173f98e85797c781	docs/references/ringe_taylor_linguistic_history_vol2.txt	Held running header or explicitly contents-confirmed chapter opener; no universal offset.
465	450	d759b87e929086030f6c567e1031024bcedc05dae250e0524bacf39438f88eac	docs/references/ringe_taylor_linguistic_history_vol2.txt	Held running header or explicitly contents-confirmed chapter opener; no universal offset.
466	451	009cbbb14aed2a11ced05416a7f414d51ddbf08a3dfafce5bd49372806d1815a	docs/references/ringe_taylor_linguistic_history_vol2.txt	Held running header or explicitly contents-confirmed chapter opener; no universal offset.
467	452	ae6dbd7f5f695e8b9fb38489acee93b7eb22e763a2a9ccc00ab1136d1f97651f	docs/references/ringe_taylor_linguistic_history_vol2.txt	Held running header or explicitly contents-confirmed chapter opener; no universal offset.
468	453	77d84ca559a193ef86c89916bf6e6015b51f4b1f77635ec5fe7b394c870a9bca	docs/references/ringe_taylor_linguistic_history_vol2.txt	Held running header or explicitly contents-confirmed chapter opener; no universal offset.
469	454	8100d7f0bc32087f28bdd53adcd0924a15b539159c5c95c1cfc6b35729e9a74c	docs/references/ringe_taylor_linguistic_history_vol2.txt	Held running header or explicitly contents-confirmed chapter opener; no universal offset.
470	455	aac2f1ff1898ecc80444dd9641bd5b0facd5169b336a57ef4e0b85d3694eb102	docs/references/ringe_taylor_linguistic_history_vol2.txt	Held running header or explicitly contents-confirmed chapter opener; no universal offset.
471	456	d0fa56d5feb31663c319b2950f6f9ed2ae6d968bbc801c3fc61552914beb4ff4	docs/references/ringe_taylor_linguistic_history_vol2.txt	Held running header or explicitly contents-confirmed chapter opener; no universal offset.
472	457	02b0aea423b7c1d507cd572b8adfe046506acaba2309ed19570991a2b2818c59	docs/references/ringe_taylor_linguistic_history_vol2.txt	Held running header or explicitly contents-confirmed chapter opener; no universal offset.
473	458	379aacbbc0aeecdbcc374355e2d54b7075a9d92c3dffe670bfc297b45316533f	docs/references/ringe_taylor_linguistic_history_vol2.txt	Held running header or explicitly contents-confirmed chapter opener; no universal offset.
474	459	b84423a230281a4a5f2ed2bd4b4d55cebe7e9f85b0a7282db7f1a4b61fbd3d36	docs/references/ringe_taylor_linguistic_history_vol2.txt	Held running header or explicitly contents-confirmed chapter opener; no universal offset.
475	460	2c1c98c0507f730b9f5679d8ac3d8e56abd3d63c26c9ecb0293f7be675b35e40	docs/references/ringe_taylor_linguistic_history_vol2.txt	Held running header or explicitly contents-confirmed chapter opener; no universal offset.
476	461	8ffc6953f9d65bd4522029ebccc16111f26750a31ece67f5b872b88ede1be2c7	docs/references/ringe_taylor_linguistic_history_vol2.txt	Held running header or explicitly contents-confirmed chapter opener; no universal offset.
477	462	66261ac013017d9bc0f430b531840c1f87d9bb1212a2e5cf05506017120ab689	docs/references/ringe_taylor_linguistic_history_vol2.txt	Held running header or explicitly contents-confirmed chapter opener; no universal offset.
478	463	97532a6f8f130083ca740b2867d7222fac07fb958a72caf0f8b07797bbe67d17	docs/references/ringe_taylor_linguistic_history_vol2.txt	Held running header or explicitly contents-confirmed chapter opener; no universal offset.
479	464	1edcab6041386993fe3bf3bb4e9044be28d80991a205f7d3eddc93fcb1b0be65	docs/references/ringe_taylor_linguistic_history_vol2.txt	Held running header or explicitly contents-confirmed chapter opener; no universal offset.
480	465	211eece94657dfb5708444da2f0b89323e2946c2926d349d864ce700a77244ee	docs/references/ringe_taylor_linguistic_history_vol2.txt	Held running header or explicitly contents-confirmed chapter opener; no universal offset.
481	466	b735c43e80b5cbbe78846ba2983f741748ab854fb0a53578607463452c3331da	docs/references/ringe_taylor_linguistic_history_vol2.txt	Held running header or explicitly contents-confirmed chapter opener; no universal offset.
482	467	ba273d0a536c0cdb9d3ccb07d81dd904a98ec0defcc031e6149e57340814b32b	docs/references/ringe_taylor_linguistic_history_vol2.txt	Held running header or explicitly contents-confirmed chapter opener; no universal offset.
483	468	7445a0588ebc0c4da390066f9e892711c3f510002e4b14ca5a8313b2c0141583	docs/references/ringe_taylor_linguistic_history_vol2.txt	Held running header or explicitly contents-confirmed chapter opener; no universal offset.
484	469	772e099c590339811e761c72acadad629595c5dcc08f583174c4881ab5be0414	docs/references/ringe_taylor_linguistic_history_vol2.txt	Held running header or explicitly contents-confirmed chapter opener; no universal offset.
485	470	8e31adf7e3245ebccf350c1f5c3805c5768b8d0b83230f6d8ee551b26f6174d2	docs/references/ringe_taylor_linguistic_history_vol2.txt	Held running header or explicitly contents-confirmed chapter opener; no universal offset.
486	471	150555ce9ef4dbe6b092dca35a69b9d7b487d3091b852f081c2a6fe6df0b595f	docs/references/ringe_taylor_linguistic_history_vol2.txt	Held running header or explicitly contents-confirmed chapter opener; no universal offset.
487	472	a95e036c79f899c82c5858f5c091ef7967925a23bbdadc2d1a31efb07fb9263f	docs/references/ringe_taylor_linguistic_history_vol2.txt	Held running header or explicitly contents-confirmed chapter opener; no universal offset.
488	473	6a12cb2fe139bc71c860f8f78f1a635047ca0cefb6a24337f1b352699796c9c8	docs/references/ringe_taylor_linguistic_history_vol2.txt	Held running header or explicitly contents-confirmed chapter opener; no universal offset.
489	474	f33065151b1169ceb9c2b4fb986632bdd6a4efedf6eb5bf420f9b709e3fcacaf	docs/references/ringe_taylor_linguistic_history_vol2.txt	Held running header or explicitly contents-confirmed chapter opener; no universal offset.
490	475	ba94bee424722f9c6f86af60b15f6b895715ad2879828fe8df36618695e38be2	docs/references/ringe_taylor_linguistic_history_vol2.txt	Held running header or explicitly contents-confirmed chapter opener; no universal offset.
491	476	d26ad752b8ee7edf86acc1c48416313e4f64368c3e58e20f9e5c6ce9e8a6222d	docs/references/ringe_taylor_linguistic_history_vol2.txt	Held running header or explicitly contents-confirmed chapter opener; no universal offset.
492	477	98b2e92966a4824e219fb3a27c2bb0ed8982ae1c0d95017450c418a5432959e8	docs/references/ringe_taylor_linguistic_history_vol2.txt	Held running header or explicitly contents-confirmed chapter opener; no universal offset.
493	478	399190c67a9ccdc82e6ff8d511f5ad8d8dd29a0d01f399bd435bee346923befd	docs/references/ringe_taylor_linguistic_history_vol2.txt	Held running header or explicitly contents-confirmed chapter opener; no universal offset.
494	479	9c7df90268b494420bbaaf5748da46077cc59e6172d6c45c286ac7cd2dc29981	docs/references/ringe_taylor_linguistic_history_vol2.txt	Held running header or explicitly contents-confirmed chapter opener; no universal offset.
495	480	cf39e051b3bd2292c4b23c7c0533dfcd280bcf3bf845e066e35996f28532c0a6	docs/references/ringe_taylor_linguistic_history_vol2.txt	Held running header or explicitly contents-confirmed chapter opener; no universal offset.
496	481	8f9d184a4bceb576a098f0a9ea14107d5181ebb350aa4490ab6ab2806eaa5694	docs/references/ringe_taylor_linguistic_history_vol2.txt	Held running header or explicitly contents-confirmed chapter opener; no universal offset.
497	482	e7c0a3f889035479eaade4462cdbf396b42d07b6a30c8fc5f425f87d15a87ad0	docs/references/ringe_taylor_linguistic_history_vol2.txt	Held running header or explicitly contents-confirmed chapter opener; no universal offset.
498	483	8a8f0a4960fe3bedf855faf3e785c9eb2a711c500721f2015a35265b1165483c	docs/references/ringe_taylor_linguistic_history_vol2.txt	Held running header or explicitly contents-confirmed chapter opener; no universal offset.
499	484	8308e39c9d56ae59e510c2ba8c87df87beab8473449b49490af1ad433db5975b	docs/references/ringe_taylor_linguistic_history_vol2.txt	Held running header or explicitly contents-confirmed chapter opener; no universal offset.
500	485	cc973dab4e438cae8d114ba74094f048f41f6a80737557ad098fd3de08fb5a9e	docs/references/ringe_taylor_linguistic_history_vol2.txt	Held running header or explicitly contents-confirmed chapter opener; no universal offset.
501	486	554194e35333cccb0385bb376cd21eb00c4611078e0bf48116bb260d9b571af8	docs/references/ringe_taylor_linguistic_history_vol2.txt	Held running header or explicitly contents-confirmed chapter opener; no universal offset.
502	487	1b4b319273bc98cd84b4f26c82eda51dd9916ae09a5db94b4f28f0229d7aceb1	docs/references/ringe_taylor_linguistic_history_vol2.txt	Held running header or explicitly contents-confirmed chapter opener; no universal offset.
503	488	b105ff05eeabc215c7315d8d009b7ff3cac963049203013298c66ce90c92b33e	docs/references/ringe_taylor_linguistic_history_vol2.txt	Held running header or explicitly contents-confirmed chapter opener; no universal offset.
504	489	9f542facfd96dbc9db65a7a61dab0be21e41d5ebd2c6718de0fdaf37f307e7d8	docs/references/ringe_taylor_linguistic_history_vol2.txt	Held running header or explicitly contents-confirmed chapter opener; no universal offset.
505	490	d53d2aa270709562230774b3d344533febee2cbeef09bdd9c04a2b6ab0eec658	docs/references/ringe_taylor_linguistic_history_vol2.txt	Held running header or explicitly contents-confirmed chapter opener; no universal offset.
506	491	71f8de386e81dc34356e554a1ca18a225e766bf1cc7d23e69abe812f114ae45c	docs/references/ringe_taylor_linguistic_history_vol2.txt	Held running header or explicitly contents-confirmed chapter opener; no universal offset.
507	492	8bc74ebdd30cc29da012aa753c7bfcea1364f3584f9085db6427a037df5b1814	docs/references/ringe_taylor_linguistic_history_vol2.txt	Held running header or explicitly contents-confirmed chapter opener; no universal offset.
508	493	1547c84c6f9f2d6b88079b9885a11351bc7a9fdff5cbfe665c436a6c612d392c	docs/references/ringe_taylor_linguistic_history_vol2.txt	Held running header or explicitly contents-confirmed chapter opener; no universal offset.
509	494	63f8fa382f1911b7797e92da23c0cd2f295843c62393b0ad0e599f9b9261c614	docs/references/ringe_taylor_linguistic_history_vol2.txt	Held running header or explicitly contents-confirmed chapter opener; no universal offset.
510	495	495b83e15a35eed9b9e522045ce92a7dd655f709eaf97b4a990aebdc58f1b1ae	docs/references/ringe_taylor_linguistic_history_vol2.txt	Held running header or explicitly contents-confirmed chapter opener; no universal offset.
511	496	f88f60ab5b5986d74554a352eea13fba7285cd7b9f99d09555b4abc79806ec40	docs/references/ringe_taylor_linguistic_history_vol2.txt	Held running header or explicitly contents-confirmed chapter opener; no universal offset.
512	497	3b3cf0a4d9df2f055aa2fbbaead5646546ca2c42eda8506ddcbc891ce4c98aa1	docs/references/ringe_taylor_linguistic_history_vol2.txt	Held running header or explicitly contents-confirmed chapter opener; no universal offset.
513	498	52af0c1e7fe30aea80e7657239a9ebe55145bf1c191564254a1c5b8bbd083668	docs/references/ringe_taylor_linguistic_history_vol2.txt	Held running header or explicitly contents-confirmed chapter opener; no universal offset.
514	499	a72a9f09d441c32753ca8b06dfa2a55ce64fe27f1e8106511ddae358abf16c4d	docs/references/ringe_taylor_linguistic_history_vol2.txt	Held running header or explicitly contents-confirmed chapter opener; no universal offset.
515	500	1e37a406ec98a7773a872277a968cac502ed28f3e87057d821545b244adc680d	docs/references/ringe_taylor_linguistic_history_vol2.txt	Held running header or explicitly contents-confirmed chapter opener; no universal offset.
516	501	e0b1538b6269989f3af76384a58cf294fc4d85580e4df92c9b335d04d5d05342	docs/references/ringe_taylor_linguistic_history_vol2.txt	Held running header or explicitly contents-confirmed chapter opener; no universal offset.
517	502	572a0c08fdb73bdfd3e41829b7a084e89f3d051e71054f045ee84ad49b43a757	docs/references/ringe_taylor_linguistic_history_vol2.txt	Held running header or explicitly contents-confirmed chapter opener; no universal offset.
518	503	3e968a33eb174d6bc21c06c7068ebe56db954b4d85e216473e27559fdd5a4e5f	docs/references/ringe_taylor_linguistic_history_vol2.txt	Held running header or explicitly contents-confirmed chapter opener; no universal offset.
519	504	7151c7b1168dc60a208a87657d4968b36c36765f6695fb997286dff8a579c2b6	docs/references/ringe_taylor_linguistic_history_vol2.txt	Held running header or explicitly contents-confirmed chapter opener; no universal offset.
520	505	2520d93e188345be41c5b1ff743ffdbc04edeae98d618ce6a2fcfdfdd123d246	docs/references/ringe_taylor_linguistic_history_vol2.txt	Held running header or explicitly contents-confirmed chapter opener; no universal offset.
521	506	3b0c22c66b2bda62f009b120e41787bcd5c380a75ace7864509537d98ace9678	docs/references/ringe_taylor_linguistic_history_vol2.txt	Held running header or explicitly contents-confirmed chapter opener; no universal offset.
522	507	083fde34f6521c2057badac9aef1124d40506cbb719b9ff2efc6049cd0f501ee	docs/references/ringe_taylor_linguistic_history_vol2.txt	Held running header or explicitly contents-confirmed chapter opener; no universal offset.
523	508	e2db6fb5626d8a7d379d60e8431fe56c6600452b6964a6a7c697c2dba3fc69c9	docs/references/ringe_taylor_linguistic_history_vol2.txt	Held running header or explicitly contents-confirmed chapter opener; no universal offset.
524	509	8668c26892f70532adb0acd9875848a219cace41a9b5a258888d1ebfabe67a6a	docs/references/ringe_taylor_linguistic_history_vol2.txt	Held running header or explicitly contents-confirmed chapter opener; no universal offset.
525		e3b0c44298fc1c149afbf4c8996fb92427ae41e4649b934ca495991b7852b855	docs/references/ringe_taylor_linguistic_history_vol2.txt	Held running header or explicitly contents-confirmed chapter opener; no universal offset.
526	511	1fe81a7ee3b6b21afaf9d7231fe9e015f6358f1e73765e34ba50951ef0bc61c0	docs/references/ringe_taylor_linguistic_history_vol2.txt	Held running header or explicitly contents-confirmed chapter opener; no universal offset.
527	512	f083448e923f2708d3f566c7d7e5e56f8ddee0c8beaf877c37d8c84ddde591f4	docs/references/ringe_taylor_linguistic_history_vol2.txt	Held running header or explicitly contents-confirmed chapter opener; no universal offset.
528	513	4caed390b412dc6e919ef6fd2006bf94eee3f4e603dad4d297e013e5af9a7209	docs/references/ringe_taylor_linguistic_history_vol2.txt	Held running header or explicitly contents-confirmed chapter opener; no universal offset.
529	514	3140c6f8dc8f9924a25d29f4ca91bd3cc91f67c803e2538ea672335ca03e83fa	docs/references/ringe_taylor_linguistic_history_vol2.txt	Held running header or explicitly contents-confirmed chapter opener; no universal offset.
530	515	934e38635738f6faa3d24ee8e9f1b7f2e4e4de571f14043d628f577ccc8c2a96	docs/references/ringe_taylor_linguistic_history_vol2.txt	Held running header or explicitly contents-confirmed chapter opener; no universal offset.
531	516	51e01bf599b0c7a8eaed465791b8bdcf2b7439d14605d5c9a8e9bfc9cda6bd30	docs/references/ringe_taylor_linguistic_history_vol2.txt	Held running header or explicitly contents-confirmed chapter opener; no universal offset.
532	517	d69e299349732dc7bd6f96350d967132fda1699835885f9f48b0804b98c453b3	docs/references/ringe_taylor_linguistic_history_vol2.txt	Held running header or explicitly contents-confirmed chapter opener; no universal offset.
533	518	a879641e08456bab3bf8ad2f9f54045b871ad19479bf2eadff03620c783ff39f	docs/references/ringe_taylor_linguistic_history_vol2.txt	Held running header or explicitly contents-confirmed chapter opener; no universal offset.
534	519	570b18ca501aaf2baa38540276e699497cc56c4c5af7f752f913d611ef1802e7	docs/references/ringe_taylor_linguistic_history_vol2.txt	Held running header or explicitly contents-confirmed chapter opener; no universal offset.
535	520	a9f65772784ee57e91d3163c57b0ed4dd2e1d930f6431bcda093bd2999f6ef7c	docs/references/ringe_taylor_linguistic_history_vol2.txt	Held running header or explicitly contents-confirmed chapter opener; no universal offset.
536	521	dc625e0073eaf08a6e229f0efc84b42bcda9e3a38b88def77892d8fd5724d912	docs/references/ringe_taylor_linguistic_history_vol2.txt	Held running header or explicitly contents-confirmed chapter opener; no universal offset.
537	522	d182d2b824b0acded7deb2dbcfd3c92e0d33463017564a5cae29d8c7949330dc	docs/references/ringe_taylor_linguistic_history_vol2.txt	Held running header or explicitly contents-confirmed chapter opener; no universal offset.
538	523	d1d324f0cb41b7ae0cce6b52b64dc71a0def50ec06bfb55bac18758018577b1e	docs/references/ringe_taylor_linguistic_history_vol2.txt	Held running header or explicitly contents-confirmed chapter opener; no universal offset.
539	524	dec75c31f3009bc4d03e75673ab328cbcd0e58e5afa76211647b09be2a3ecbdc	docs/references/ringe_taylor_linguistic_history_vol2.txt	Held running header or explicitly contents-confirmed chapter opener; no universal offset.
540	525	ce7137c55ce0d936cee3a5cc2a4c669a722951b56e4ef5dc937c8b811c63e8e4	docs/references/ringe_taylor_linguistic_history_vol2.txt	Held running header or explicitly contents-confirmed chapter opener; no universal offset.
541	526	e3891e47cbecb73f83c45cbc41148d6724dc5d511b729357c594052572b5e917	docs/references/ringe_taylor_linguistic_history_vol2.txt	Held running header or explicitly contents-confirmed chapter opener; no universal offset.
542	527	0f0f8286755c25ccc7883610673253fb7c1983317b7e767935c0d669485a6dd0	docs/references/ringe_taylor_linguistic_history_vol2.txt	Held running header or explicitly contents-confirmed chapter opener; no universal offset.
543	528	bc2a54c1ee1d03b3a349d912375adb53816162142934d65ed59e6339d851e5c5	docs/references/ringe_taylor_linguistic_history_vol2.txt	Held running header or explicitly contents-confirmed chapter opener; no universal offset.
544	529	58c3743bc3af83456d6870513af2798da45feda3d0e7199a15f335f5260d4fc6	docs/references/ringe_taylor_linguistic_history_vol2.txt	Held running header or explicitly contents-confirmed chapter opener; no universal offset.
545	530	3e9076e657543be7701cbeab8018478ef002e069754617acef5ef64c71473041	docs/references/ringe_taylor_linguistic_history_vol2.txt	Held running header or explicitly contents-confirmed chapter opener; no universal offset.
546	531	4866aff11a15493241ed03015491fe5106e2081328797067eca0111a271a7120	docs/references/ringe_taylor_linguistic_history_vol2.txt	Held running header or explicitly contents-confirmed chapter opener; no universal offset.
547	532	59d6be2fe8f825d987344ef7b1bda3641fb1a96dde14805c786663c5a7d04527	docs/references/ringe_taylor_linguistic_history_vol2.txt	Held running header or explicitly contents-confirmed chapter opener; no universal offset.
548	533	17943a73e94a94032b0cc827622334454e67bd260d6a283cd49b64c520213b3e	docs/references/ringe_taylor_linguistic_history_vol2.txt	Held running header or explicitly contents-confirmed chapter opener; no universal offset.
549	534	e5c0e751feaa8526f62254c6d3396b0574baed797093635dd6eb63ce3156df1f	docs/references/ringe_taylor_linguistic_history_vol2.txt	Held running header or explicitly contents-confirmed chapter opener; no universal offset.
550	535	afdc63ff82223873b7fc0efc2df23f4c9043ce3ba90a2dc50a23e5e57aa2028f	docs/references/ringe_taylor_linguistic_history_vol2.txt	Held running header or explicitly contents-confirmed chapter opener; no universal offset.
551	536	e34a13ccd45d61927c856e549a51cada979c7ae5d98045ab9a46cfb421b3c9f6	docs/references/ringe_taylor_linguistic_history_vol2.txt	Held running header or explicitly contents-confirmed chapter opener; no universal offset.
552	537	c103c0bb28b305544a7113dc8e0e1d03c630a7c28e0a1f5acd3fc7459fbec49a	docs/references/ringe_taylor_linguistic_history_vol2.txt	Held running header or explicitly contents-confirmed chapter opener; no universal offset.
553	538	3282f46a67645b927d978b2e86872e373ebe6cdcfb2bfe1b20c1deb605c1697d	docs/references/ringe_taylor_linguistic_history_vol2.txt	Held running header or explicitly contents-confirmed chapter opener; no universal offset.
554	539	3270a081211b54707f76b1ffbfb357b200cc5385fdb203f71ed3a6a9b370d6a5	docs/references/ringe_taylor_linguistic_history_vol2.txt	Held running header or explicitly contents-confirmed chapter opener; no universal offset.
555	540	8e01342bf759d8110a9e9f6d9517ce4784f8a87f799ff0904a922022306fbeb7	docs/references/ringe_taylor_linguistic_history_vol2.txt	Held running header or explicitly contents-confirmed chapter opener; no universal offset.
556	541	7efe67afab664f1472c90527f288fbb39e2e572f8bd295694e5b380987c5846b	docs/references/ringe_taylor_linguistic_history_vol2.txt	Held running header or explicitly contents-confirmed chapter opener; no universal offset.
557	542	8431e0b9b579fc9bc3f3806eba86236e034cd21a9a3b823407af591909f8d226	docs/references/ringe_taylor_linguistic_history_vol2.txt	Held running header or explicitly contents-confirmed chapter opener; no universal offset.
558	543	1014d6c9c6dad6cb060408b8645bae3fc93afe552ca69759d8759eadfe360536	docs/references/ringe_taylor_linguistic_history_vol2.txt	Held running header or explicitly contents-confirmed chapter opener; no universal offset.
559	544	4555559f8b10bee128acd27360caa359f255217e48ff1218936648059cfce890	docs/references/ringe_taylor_linguistic_history_vol2.txt	Held running header or explicitly contents-confirmed chapter opener; no universal offset.
560	545	334e92f743365df0c24002e87d3222e7a746b5388f2e9217396ebb885b316214	docs/references/ringe_taylor_linguistic_history_vol2.txt	Held running header or explicitly contents-confirmed chapter opener; no universal offset.
561		e3b0c44298fc1c149afbf4c8996fb92427ae41e4649b934ca495991b7852b855	docs/references/ringe_taylor_linguistic_history_vol2.txt	Held running header or explicitly contents-confirmed chapter opener; no universal offset.
562	547	5c960a2d814795b369b39a3b719a16932fd490d3e4da54ee6de2083a01b4c5aa	docs/references/ringe_taylor_linguistic_history_vol2.txt	Held running header or explicitly contents-confirmed chapter opener; no universal offset.
563	548	f61f6c523ec704803dd424125eca8243fc19501cfa938a799cd03cdd1faec794	docs/references/ringe_taylor_linguistic_history_vol2.txt	Held running header or explicitly contents-confirmed chapter opener; no universal offset.
564	549	a7ba70cb059c5531f506fe9e91982124615c3afca32dedfb59226785f49af0af	docs/references/ringe_taylor_linguistic_history_vol2.txt	Held running header or explicitly contents-confirmed chapter opener; no universal offset.
565	550	bd56212557621422ed57b7f5e9345d71c689656e979c22a3c3f0e21d2d3dd7b0	docs/references/ringe_taylor_linguistic_history_vol2.txt	Held running header or explicitly contents-confirmed chapter opener; no universal offset.
566	551	4be62b30abd75f43dbbe3e93bd633ba2b47e051d921fae7b32f1f504d66eb1e6	docs/references/ringe_taylor_linguistic_history_vol2.txt	Held running header or explicitly contents-confirmed chapter opener; no universal offset.
567	552	81f86bcde89ce47c278e37f892727726ac7aeb14333496f4de7c25586589549d	docs/references/ringe_taylor_linguistic_history_vol2.txt	Held running header or explicitly contents-confirmed chapter opener; no universal offset.
568	553	e66af5f32fce762168f6c99d17c40038aa0e116dcba2635f7e26efbd86cc3cd7	docs/references/ringe_taylor_linguistic_history_vol2.txt	Held running header or explicitly contents-confirmed chapter opener; no universal offset.
569	554	86fa55a63310fe199f41b940f4fb1a3400a399f3b873df802cbd071c15bc29c8	docs/references/ringe_taylor_linguistic_history_vol2.txt	Held running header or explicitly contents-confirmed chapter opener; no universal offset.
570	555	fec9e0e11add0700eaf2f77efbcf03e67a67d37f3dff94ec3348ba2ff056daaa	docs/references/ringe_taylor_linguistic_history_vol2.txt	Held running header or explicitly contents-confirmed chapter opener; no universal offset.
571	556	0113144f986a4a0b80e947c2c3031f7ae342fe673019ecc91e7e3eb3dad176fc	docs/references/ringe_taylor_linguistic_history_vol2.txt	Held running header or explicitly contents-confirmed chapter opener; no universal offset.
572	557	33570068a0952c966d8f530d2f1c692570e408ad3a680192e509ad65f0417c19	docs/references/ringe_taylor_linguistic_history_vol2.txt	Held running header or explicitly contents-confirmed chapter opener; no universal offset.
573	558	bf1770342d503448022609d036bc6d8935cfc2e02087ff672ae4d81dd096813a	docs/references/ringe_taylor_linguistic_history_vol2.txt	Held running header or explicitly contents-confirmed chapter opener; no universal offset.
574	559	549bf75e364711d9345db9626678512b459538e332dde5ed4a18abba83896fe6	docs/references/ringe_taylor_linguistic_history_vol2.txt	Held running header or explicitly contents-confirmed chapter opener; no universal offset.
575	560	62ddc6dcf4c26f811fb1a31d92647e97dd4179f406ee1bded285169826dc872d	docs/references/ringe_taylor_linguistic_history_vol2.txt	Held running header or explicitly contents-confirmed chapter opener; no universal offset.
576	561	929142dd00c46cf30b9371cf63345f2da42c5bcc7e5fd5f5e804582695abecb7	docs/references/ringe_taylor_linguistic_history_vol2.txt	Held running header or explicitly contents-confirmed chapter opener; no universal offset.
577	562	a5d311bc128260baa57a43290888b9105b6fbf611e92e77ac8d04355d50abe42	docs/references/ringe_taylor_linguistic_history_vol2.txt	Held running header or explicitly contents-confirmed chapter opener; no universal offset.
578	563	2278fd40d481ee5de241369d36df62c041ac12d250d1d4c2feedb1836bb58318	docs/references/ringe_taylor_linguistic_history_vol2.txt	Held running header or explicitly contents-confirmed chapter opener; no universal offset.
579	564	a804a05f0ffeb26881d0b4d4fa1bf090773680ddbf3485adf1721eeb3996ca1b	docs/references/ringe_taylor_linguistic_history_vol2.txt	Held running header or explicitly contents-confirmed chapter opener; no universal offset.
580	565	ddbd0ad36c00c979cba23f74f96eb2cdb7a018fb9b21e6a4fbc28a8c80e85583	docs/references/ringe_taylor_linguistic_history_vol2.txt	Held running header or explicitly contents-confirmed chapter opener; no universal offset.
581	566	6b7971a575fd3ccf26fef8bdc10b2394f6390bf3bf7b97eacf96915b901de84b	docs/references/ringe_taylor_linguistic_history_vol2.txt	Held running header or explicitly contents-confirmed chapter opener; no universal offset.
582	567	98ef4494e51f8510418ed3516f3ea85cd10b56f9ac563924023eec105c915be6	docs/references/ringe_taylor_linguistic_history_vol2.txt	Held running header or explicitly contents-confirmed chapter opener; no universal offset.
583	568	df8eda8035949507760a9a7f5e9de03c8391c1cb5cd72c3ee7f82a8789a070ec	docs/references/ringe_taylor_linguistic_history_vol2.txt	Held running header or explicitly contents-confirmed chapter opener; no universal offset.
584	569	1acfb7535971f46efe8cf0b879a5dad0ea54259889f1c5084c808e8ba2fca47c	docs/references/ringe_taylor_linguistic_history_vol2.txt	Held running header or explicitly contents-confirmed chapter opener; no universal offset.
585	570	cabe792e0ef084fa5b71d74e7366b5c674b6aa280f98ad81ed3ea2c4df0fdc66	docs/references/ringe_taylor_linguistic_history_vol2.txt	Held running header or explicitly contents-confirmed chapter opener; no universal offset.
586	571	2be0d24e896c774bd2967d79396a7db65e41a18726d46ed52d6426522aaa39be	docs/references/ringe_taylor_linguistic_history_vol2.txt	Held running header or explicitly contents-confirmed chapter opener; no universal offset.
587	572	d94fb76ec629ffd19e5ec8ec6bc39c0bac02d6380bf8dfbcfc8c5bb4adf4016f	docs/references/ringe_taylor_linguistic_history_vol2.txt	Held running header or explicitly contents-confirmed chapter opener; no universal offset.
588	573	09d673b0adc606829bc86d76f612323036809105f229ee36a715119a7f1c5e15	docs/references/ringe_taylor_linguistic_history_vol2.txt	Held running header or explicitly contents-confirmed chapter opener; no universal offset.
589	574	98330824acd6e9c6692b4e059b68ba1e6c79c09837dc6b9413f153e66660fecc	docs/references/ringe_taylor_linguistic_history_vol2.txt	Held running header or explicitly contents-confirmed chapter opener; no universal offset.
590	575	7e8b45e533cc734f5a163787bd03a70b9e06bb4fcddd55ae92a5ad189c5800b5	docs/references/ringe_taylor_linguistic_history_vol2.txt	Held running header or explicitly contents-confirmed chapter opener; no universal offset.
591	576	8c44edc347b96800e89064a4c42f2355c8710a665071e3ae2ddf4c3685121c88	docs/references/ringe_taylor_linguistic_history_vol2.txt	Held running header or explicitly contents-confirmed chapter opener; no universal offset.
592	577	419cc2d921789dfe1b037b4fc05a2aa36ecab293418a46e29044c6e056a1ba28	docs/references/ringe_taylor_linguistic_history_vol2.txt	Held running header or explicitly contents-confirmed chapter opener; no universal offset.
593	578	a2d59c2bfe79de325b18367d81d8c9b529cbc75c2ed86844f490fa101016b319	docs/references/ringe_taylor_linguistic_history_vol2.txt	Held running header or explicitly contents-confirmed chapter opener; no universal offset.
594	579	05c371f731f206a897316421fe3b045726353c9791ad7c6013994d1702b3ae64	docs/references/ringe_taylor_linguistic_history_vol2.txt	Held running header or explicitly contents-confirmed chapter opener; no universal offset.
595	580	00cd377b2a3bae3d6cb4d804d40b082feac57e070208cc1c5f010cd5892430db	docs/references/ringe_taylor_linguistic_history_vol2.txt	Held running header or explicitly contents-confirmed chapter opener; no universal offset.
596	581	7b036c5667175a6c9329dc5869618fc8514a0d730e392b2914b63a65b5966b9f	docs/references/ringe_taylor_linguistic_history_vol2.txt	Held running header or explicitly contents-confirmed chapter opener; no universal offset.
597	582	ee8aef240a88fb5f1be75646d31874e1c7f33f164c4f583ae134b557290e9307	docs/references/ringe_taylor_linguistic_history_vol2.txt	Held running header or explicitly contents-confirmed chapter opener; no universal offset.
598	583	3a41b84abc3d443d7754f523c5d085a876b173bec99aa4e28fbd0746a30783c1	docs/references/ringe_taylor_linguistic_history_vol2.txt	Held running header or explicitly contents-confirmed chapter opener; no universal offset.
599	584	dbc796a72fc7fafbd4d625db1dcdff25b4cbcc7433d313200ecc5d7ac30b4814	docs/references/ringe_taylor_linguistic_history_vol2.txt	Held running header or explicitly contents-confirmed chapter opener; no universal offset.
600	585	a076014f88cfb036b1e8a0baf14f19102385ff924257784210224083cb1cfc4e	docs/references/ringe_taylor_linguistic_history_vol2.txt	Held running header or explicitly contents-confirmed chapter opener; no universal offset.
601	586	93b6e8c8035cd3ef69970a5b033c469aaadff40bd50db37042e0b1c4f13934aa	docs/references/ringe_taylor_linguistic_history_vol2.txt	Held running header or explicitly contents-confirmed chapter opener; no universal offset.
602	587	18932bdb12cd78b63af0ef3b4aa4665ab8fc0a6144d7e2fdeb4b5455d6b9f6e3	docs/references/ringe_taylor_linguistic_history_vol2.txt	Held running header or explicitly contents-confirmed chapter opener; no universal offset.
603	588	7cf4754759ec4443c39c4b646714a98e94623709493aa945967bb0c79070ea5c	docs/references/ringe_taylor_linguistic_history_vol2.txt	Held running header or explicitly contents-confirmed chapter opener; no universal offset.
604	589	8890074c0933f551bbfa2bb8c0b59e2da3e1ba23de8478dc2a1cf6bdc13d5caf	docs/references/ringe_taylor_linguistic_history_vol2.txt	Held running header or explicitly contents-confirmed chapter opener; no universal offset.
605	590	baed2b0120254598419df9edd7fd27325e442321c695ef52d0067ff610f77da2	docs/references/ringe_taylor_linguistic_history_vol2.txt	Held running header or explicitly contents-confirmed chapter opener; no universal offset.
606	591	3bfbee2386e0c66638aa25e623d8ffc2f9bd429422e74c553e665865b1be3eb5	docs/references/ringe_taylor_linguistic_history_vol2.txt	Held running header or explicitly contents-confirmed chapter opener; no universal offset.
607	592	693af0fe408d3897101d565a18fdff61cb233e3871fe2305338d262f42a47ee6	docs/references/ringe_taylor_linguistic_history_vol2.txt	Held running header or explicitly contents-confirmed chapter opener; no universal offset.
608	593	963c3d36ea3c77f0a0d45be82b4cb4dff3068a2d3ec3a7d9e71a18984fdd6ac4	docs/references/ringe_taylor_linguistic_history_vol2.txt	Held running header or explicitly contents-confirmed chapter opener; no universal offset.
609	594	b894a6429714567fdea19f12806dc85691203c257cd5fbecbffe5ec49bd3f745	docs/references/ringe_taylor_linguistic_history_vol2.txt	Held running header or explicitly contents-confirmed chapter opener; no universal offset.
610	595	c9314b9d5d58c052f36467b02415c701f0ba29a77601e10eb2f01abf1ac0bde2	docs/references/ringe_taylor_linguistic_history_vol2.txt	Held running header or explicitly contents-confirmed chapter opener; no universal offset.
611	596	ace70fc3f0188ce56a8e06189194eeaf0950f061433982aff5995f441be4c521	docs/references/ringe_taylor_linguistic_history_vol2.txt	Held running header or explicitly contents-confirmed chapter opener; no universal offset.
612	597	80fd4fa4527aebda1aa47bb9fec8d2c38ec3231eab9d3dc2c41bba536a84a205	docs/references/ringe_taylor_linguistic_history_vol2.txt	Held running header or explicitly contents-confirmed chapter opener; no universal offset.
613	598	d7dcea94ba7cdfa23fa572c81f0c3be4f267bc9be3b91c99f900cb83259dcb37	docs/references/ringe_taylor_linguistic_history_vol2.txt	Held running header or explicitly contents-confirmed chapter opener; no universal offset.
614	599	ddea79ccddd1cd4a16f7d3c5c232294c746d99a3101285ef88a65ccb1d9fcb25	docs/references/ringe_taylor_linguistic_history_vol2.txt	Held running header or explicitly contents-confirmed chapter opener; no universal offset.
615	600	68e8701c815241fafb5967c9113c76ea79e568ca1cde10ab239a57639a6c4441	docs/references/ringe_taylor_linguistic_history_vol2.txt	Held running header or explicitly contents-confirmed chapter opener; no universal offset.
616	601	45c6deb97dac4ccc20a69889d3bbce65f199a2d8c179181774fcec122df92e5d	docs/references/ringe_taylor_linguistic_history_vol2.txt	Held running header or explicitly contents-confirmed chapter opener; no universal offset.
617	602	390097a611cfd9f1d2f64b117cdf37140772f37715f418ba3f11641d27bd554e	docs/references/ringe_taylor_linguistic_history_vol2.txt	Held running header or explicitly contents-confirmed chapter opener; no universal offset.
618	603	92efb520b53258547c576676ee851c090c644f6abc362c4de491ca7e3e10cd58	docs/references/ringe_taylor_linguistic_history_vol2.txt	Held running header or explicitly contents-confirmed chapter opener; no universal offset.
619	604	2e11439c12b4311985a98c759ca9cdff02b1450c8bb0c0b3aecc9dda50abe3a3	docs/references/ringe_taylor_linguistic_history_vol2.txt	Held running header or explicitly contents-confirmed chapter opener; no universal offset.
620	605	f80effd9e1f66eac74db5a54876f6c613336bc7efe9c2fc1a147335aca71b031	docs/references/ringe_taylor_linguistic_history_vol2.txt	Held running header or explicitly contents-confirmed chapter opener; no universal offset.
621	606	0ec2c913a99925b563bccb50be941957eadf988cff6377d77ce850a86e70e495	docs/references/ringe_taylor_linguistic_history_vol2.txt	Held running header or explicitly contents-confirmed chapter opener; no universal offset.
622	607	ab95121e1541e7a032d764cdfb340eb2a5115913feac822fef799ec1af7f10fd	docs/references/ringe_taylor_linguistic_history_vol2.txt	Held running header or explicitly contents-confirmed chapter opener; no universal offset.
623	608	28c7be5a424af59361c4ea231ac423a681ba7eae13d563ac44b1dc8e239017bf	docs/references/ringe_taylor_linguistic_history_vol2.txt	Held running header or explicitly contents-confirmed chapter opener; no universal offset.
624	609	52ccf171efaf8932c53d40024e7adaf33af1a806698aa8ec98d46a8c4fbab7b6	docs/references/ringe_taylor_linguistic_history_vol2.txt	Held running header or explicitly contents-confirmed chapter opener; no universal offset.
625	610	6dad81707687cd59ca800d68c2b698619d9fdc76ca39f3b2dbbf31e23b832c97	docs/references/ringe_taylor_linguistic_history_vol2.txt	Held running header or explicitly contents-confirmed chapter opener; no universal offset.
626	611	ae923ab59ce9d862b0692fbf2564216c7a275f1c44b3bad8373687252bbd9b74	docs/references/ringe_taylor_linguistic_history_vol2.txt	Held running header or explicitly contents-confirmed chapter opener; no universal offset.
627	612	4a3f7e653264ceb7599f5e0c4672a02aa39be19ceeffef46089aa481aa7e6cd8	docs/references/ringe_taylor_linguistic_history_vol2.txt	Held running header or explicitly contents-confirmed chapter opener; no universal offset.
628	613	d51ee6275569d00591221f16c88a2af53aa0142dd3544e2d7fdf60e01f99b8a3	docs/references/ringe_taylor_linguistic_history_vol2.txt	Held running header or explicitly contents-confirmed chapter opener; no universal offset.
629	614	cf4aa2a71a8d63c8c7ec000b345291439764bc2ba09c056bfa2fe9daaf8dbbaf	docs/references/ringe_taylor_linguistic_history_vol2.txt	Held running header or explicitly contents-confirmed chapter opener; no universal offset.
