comparison_id	row_ids	analysis_ids	scope	question	comparison_unit	type_tags	comparability	status	explanation_status	conclusion	premises	rationale_ids	notes	alignment_status	alignment_basis	alignment_evidence_ids	alignment_limits
core-1933	1933	a-1933-fulk-complete-adder-length;a-1933-kroonen-core-1933-1;a-1933-kroonen-core-1933-2;a-1933-kroonen-core-1933-3;a-1933-kroonen-core-1933-4;a-1933-kroonen-core-1933-5;a-1933-kroonen-core-1933-6;a-1933-orel-core-1933-01;a-1933-orel-core-1933-02;a-1933-orel-core-1933-03	core_triage	What do the source units establish for adder (nǣdre)?	source_citation	consonantism;ending;gender;inflection;lexical_identity;quantity;stem_class;vocalism	undetermined	reviewed	unestablished	Feminine citations share written long ē and ō; Orel also retains a short-a feminine. Masculine and WEUR antecedents are different units. Fulk's qualified quantity explanation does not settle the extra vocalism or the inter-author cause.	All linked core alternatives are retained. Type tags mark the question or visible presentation, not a settled cause; whole-word, stem, paradigm, family and component evidence are not collapsed. Historical equivalence requires a separately aligned feature/unit comparison.	r-1933-formations	Actual individual core and comparative-source review; unknown stages and original glyph limits remain explicit. No selected-input or law adoption; position support is not inter-author explanation.	bounded_limit	Feminine long-ē/ōn citations, Orel's separate short-a feminine and masculine/WEUR comparanda are individually distinguished (Orel286; Kroonen381,386). Fulk132 supplies only a qualified gemination/shortening argument, not another authored whole-word citation.	fulk-complete-adder-length;kroonen-core-1933-1;kroonen-core-1933-2;kroonen-core-1933-3;kroonen-core-1933-4;kroonen-core-1933-5;kroonen-core-1933-6;orel-core-1933-01;orel-core-1933-02;orel-core-1933-03	Explain the additional short-a feminine through an admitted reflex set and actual formation/vowel history. Fulk's probable shortening does not by itself turn ē into a. Establish the dental convention before phonemic equivalence; masculine Northumbrian neder and uncertain sew/winder comparison cannot substitute for the feminine cell.
core-1934	1934	a-1934-fulk-complete-bake-root;a-1934-kroonen-core-1934-1;a-1934-kroonen-core-1934-2;a-1934-kroonen-core-1934-3;a-1934-kroonen-core-1934-4;a-1934-orel-core-1934-01;a-1934-orel-core-1934-02;a-ringe-complete-bake-stem-1934;a-rt-alignment-bake-paradigm-argument;a-rt-alignment-bake-second-singular;a-rt-complete-1934-001;a-rt-complete-1934-003;a-rt-complete-1934-004;a-rt-complete-1934-005;a-rt-complete-1934-006;a-rt-complete-1934-007;a-rt-complete-1934-008;a-rt-complete-1934-010;a-rt-complete-1934-011;a-rt-complete-1934-012	core_triage	What do the source units establish for bake (bacan)?	source_citation	ablaut;chronological_stage;consonantism;ending;inflection;quantity;suffix;vocalism	undetermined	reviewed	unestablished	Root-a citations can be compared descriptively; present gemination, iterative formation, past ablaut and later finite-cell histories remain separate. The source-stated later paradigm account supports RT's position, not the cause of the dictionary gemination difference.	All linked core alternatives are retained. Type tags mark the question or visible presentation, not a settled cause; whole-word, stem, paradigm, family and component evidence are not collapsed. Historical equivalence requires a separately aligned feature/unit comparison.	r-1934-rt-paradigm-position	Actual individual core and comparative-source review; unknown stages and original glyph limits remain explicit. No selected-input or law adoption; position support is not inter-author explanation.	bounded_limit	Orel33 infinitive/long-ō preterite; Kroonen49 singleton/geminate present alternatives and separate iterative; Ringe213 present-stem alternants and conditional Greek connection; Fulk257-259 reduced-grade root process. RT126,128,167,232-233 keeps PWGmc infinitive versus second singular, separate later tuple occurrences and final becst. Original arrows/ee glyphs are not silently interpreted.	fulk-complete-bake-root;kroonen-core-1934-1;kroonen-core-1934-2;kroonen-core-1934-3;kroonen-core-1934-4;orel-core-1934-01;orel-core-1934-02;ringe-complete-bake-stem;rt-alignment-bake-paradigm-argument;rt-alignment-bake-second-singular;rt-complete-1934-001;rt-complete-1934-003;rt-complete-1934-004;rt-complete-1934-005;rt-complete-1934-006;rt-complete-1934-007;rt-complete-1934-008;rt-complete-1934-010;rt-complete-1934-011;rt-complete-1934-012	Determine the actual distribution and origin of the singleton/geminate present alternatives, not just root-a agreement. Kroonen's contamination/back-formation proposal does not identify Orel's reason for citing single k. Authenticate the source arrows and middle front-vowel glyph for exact transition classification; i/a stem alternants, past ō and later finite e are not competing infinitive root grades.
core-1935	1935	a-1935-kroonen-core-1935-1;a-1935-kroonen-core-1935-2;a-1935-kroonen-core-1935-3;a-1935-kroonen-core-1935-4;a-1935-kroonen-core-1935-5;a-1935-orel-core-1935-01	core_triage	What do the source units establish for ball (-)?	source_citation	chronological_stage;consonantism;ending;inflection;pgmc_membership;stem_class	undetermined	reviewed	unestablished	A real formation/paradigm question is identified, including consonant alternation and branch membership. Kroonen explicitly derives the North Germanic u-stem from the accusative plural; Orel's cause for choosing the -uz citation remains unestablished.	All linked core alternatives are retained. Type tags mark the question or visible presentation, not a settled cause; whole-word, stem, paradigm, family and component evidence are not collapsed. Historical equivalence requires a separately aligned feature/unit comparison.	r-1935-kroonen-secondary-u	Actual individual core and comparative-source review; unknown stages and original glyph limits remain explicit. No selected-input or law adoption; position support is not inter-author explanation.	bounded_limit	Orel34 masculine -uz citation versus Kroonen50 n-stem, single-l nominative, geminate genitive/accusative plural and explicitly North Germanic u-stem. The secondary branch formation and its stated accusative-plural derivation are kept distinct from a pan-Germanic whole-word claim.	kroonen-core-1935-1;kroonen-core-1935-2;kroonen-core-1935-3;kroonen-core-1935-4;kroonen-core-1935-5;orel-core-1935-01	Establish Orel's intended historical/formation endpoint for -uz and the comparative premise for retaining a primary u-stem versus Kroonen's n-paradigm. The source's own secondary-u argument is not Orel's explanation; no OE target is admitted for this research-only row.
core-1936	1936	a-1936-kroonen-core-1936-1;a-1936-kroonen-core-1936-2;a-1936-kroonen-core-1936-3;a-1936-orel-core-1936-01;a-rt-complete-1936-001;a-rt-complete-1936-003;a-rt-complete-1936-004;a-rt-complete-1936-005	core_triage	What do the source units establish for ban (bannes)?	source_citation	ending;gender;inflection;lexical_identity;segmentation;stem_class	different_units	reviewed	unestablished	Written bann- family identity is useful but does not certify a matched noun cell. The IE nasal proposals support a verbal geminate history, not a Germanic nominal genitive or an author disagreement over its ending.	All linked core alternatives are retained. Type tags mark the question or visible presentation, not a settled cause; whole-word, stem, paradigm, family and component evidence are not collapsed. Historical equivalence requires a separately aligned feature/unit comparison.		Actual individual core and comparative-source review; unknown stages and original glyph limits remain explicit. No selected-input or law adoption; position support is not inter-author explanation.	bounded_limit	Orel36 neuter noun versus Kroonen52 summon verb and IE nu-present/n-present antecedents. RT126,128,348 supplies PWGmc membership and later verbal examples, not nominal genitive evidence. All noun, verb and conditional IE units remain separately attributed.	kroonen-core-1936-1;kroonen-core-1936-2;kroonen-core-1936-3;orel-core-1936-01;rt-complete-1936-001;rt-complete-1936-003;rt-complete-1936-004;rt-complete-1936-005	Supply the historical nominal genitive ending and its noun/verb formation relationship for selected bannes. Neither the summon verb's nasal-present explanation nor RT's later verbal example reconstructs that nominal cell; source masculine comparanda do not automatically change Orel's neuter label.
core-1937	1937	a-1937-kroonen-core-1937-1;a-1937-orel-core-1937-01;a-1937-orel-core-1937-02;a-ringe-complete-barrow-family-1937;a-rt-complete-1937-001;a-rt-complete-1937-002;a-rt-complete-1937-003;a-rt-complete-1937-004;a-rt-complete-1937-005;a-rt-complete-1937-006;a-rt-complete-1937-007	core_triage	What do the source units establish for barrow (beorg)?	source_citation	chronological_stage;consonantism;ending;gender;lexical_identity;notation	undetermined	reviewed	unestablished	Shared written e and overlapping masculine/neuter alternatives can be compared at that limited feature level. Whole citation endings, velar interpretation and the fortress formation are independent; no substantive gender dispute follows merely from a different display unit.	All linked core alternatives are retained. Type tags mark the question or visible presentation, not a settled cause; whole-word, stem, paradigm, family and component evidence are not collapsed. Historical equivalence requires a separately aligned feature/unit comparison.		Actual individual core and comparative-source review; unknown stages and original glyph limits remain explicit. No selected-input or law adoption; position support is not inter-author explanation.	bounded_limit	Orel42 masculine/neuter hill alternatives and Kroonen60 masculine/neuter a-stem; Ringe190 u-vowel fortress derivative is family evidence. RT182,313 has separately dated e-vowel PGmc stems, endingless PWGmc forms and distinct OE reflexes; all actual citation occurrences are retained.	kroonen-core-1937-1;orel-core-1937-01;orel-core-1937-02;ringe-complete-barrow-family;rt-complete-1937-001;rt-complete-1937-002;rt-complete-1937-003;rt-complete-1937-004;rt-complete-1937-005;rt-complete-1937-006;rt-complete-1937-007	Resolve ʒ/g phonetic versus representational value and the exact complete citation cell/ending before whole-word equivalence. The u-vowel fortress derivative is not evidence for an opposing hill root; both dictionaries allow gender alternatives, so a gender conflict is not established.
core-1938	1938	a-1938-kroonen-core-1938-1;a-1938-kroonen-core-1938-2;a-1938-orel-core-1938-01;a-1938-orel-core-1938-02	core_triage	What do the source units establish for bast (bæst)?	source_citation	ablaut;ending;gender;lexical_identity;quantity;stem_class	undetermined	reviewed	unestablished	The root-a citations do not remove an entry-specific gender/ending problem. The long-ō formation is related family evidence; etymological objections and formation scope, not stem-dash stripping, determine the remaining comparison.	All linked core alternatives are retained. Type tags mark the question or visible presentation, not a settled cause; whole-word, stem, paradigm, family and component evidence are not collapsed. Historical equivalence requires a separately aligned feature/unit comparison.		Actual individual core and comparative-source review; unknown stages and original glyph limits remain explicit. No selected-input or law adoption; position support is not inter-author explanation.	bounded_limit	Orel38's two printed endings remain under its original neuter label. Kroonen55 masculine a-stem and separately lengthened-ō rope/husk family are distinguished; the rejected Latin connection is not an endorsed root.	kroonen-core-1938-1;kroonen-core-1938-2;orel-core-1938-01;orel-core-1938-02	Resolve Orel's entry-label/-az tension and actual comparative gender/formation premises before explaining a masculine/neuter difference. The lengthened-grade rope/husk reflexes must be shown to bear on the same selected formation, not treated as an alternative quantity of OE bast.
core-1939	1939	a-1939-kroonen-core-1939-1;a-1939-orel-core-1939-01;a-rt-complete-1939-001;a-rt-complete-1939-002;a-rt-complete-1939-003;a-rt-complete-1939-004;a-rt-complete-1939-005;a-rt-complete-1939-006;a-rt-complete-1939-007;a-rt-complete-1939-008	core_triage	What do the source units establish for bath (bæþ)?	source_citation	ablaut;chronological_stage;consonantism;ending;inflection;lexical_identity;suffix	undetermined	reviewed	unestablished	Written root a, thorn and neuter formation support a scoped descriptive comparison. Ultimate-root agreement is not established, and RT's singular/plural history cannot be collapsed into one PGmc whole word.	All linked core alternatives are retained. Type tags mark the question or visible presentation, not a settled cause; whole-word, stem, paradigm, family and component evidence are not collapsed. Historical equivalence requires a separately aligned feature/unit comparison.		Actual individual core and comparative-source review; unknown stages and original glyph limits remain explicit. No selected-input or law adoption; position support is not inter-author explanation.	bounded_limit	Orel39 bath noun and verbal derivation versus Kroonen55 neuter zero-grade to-formation; native thorn is retained in both dictionaries. RT194 supplies separate Northwest Germanic/PWGmc singular and plural tuples, later front-vowel tokens and a following-syllable/levelling argument; native corrupt dental/vowel signs are not repaired by expectation.	kroonen-core-1939-1;orel-core-1939-01;rt-complete-1939-001;rt-complete-1939-002;rt-complete-1939-003;rt-complete-1939-004;rt-complete-1939-005;rt-complete-1939-006;rt-complete-1939-007;rt-complete-1939-008	Compare the actually adopted deeper root/derivation and admitted reflex set, especially Kroonen's rejection of irregular r-loss. Authenticate RT's dental/front-vowel glyphs and whole-cell endpoint before matching them to a dictionary citation; later plural alternation is not another singular noun reconstruction.
core-1940	1940	a-1940-kroonen-core-1940-1;a-1940-orel-core-1940-01;a-rt-complete-1940-001;a-rt-complete-1940-002;a-rt-complete-1940-003;a-rt-complete-1940-004;a-rt-complete-1940-005	core_triage	What do the source units establish for beard (beard)?	source_citation	chronological_stage;consonantism;ending;historical_analysis;lexical_identity;notation	undetermined	reviewed	unestablished	An additional z is not a dental-sign normalization. RT explicitly preserves optional z and a later z-less endpoint; this prevents a false three-author vote and narrows the chronology question without explaining the dictionary divergence.	All linked core alternatives are retained. Type tags mark the question or visible presentation, not a settled cause; whole-word, stem, paradigm, family and component evidence are not collapsed. Historical equivalence requires a separately aligned feature/unit comparison.	r-1940-kroonen-core-1940-1-argument;r-1940-rt-dated-optional-z	Actual individual core and comparative-source review; unknown stages and original glyph limits remain explicit. No selected-input or law adoption; position support is not inter-author explanation.	bounded_limit	Orel36 rđ citation versus Kroonen54 rzd stem and qualified borrowing/ablaut account. RT180's complete native *bar(z)da- token is restored from the clipped extractor; its explicit PGmc optional-z and masculine PWGmc rd endpoint are separate from later breaking/OE forms and comparative genders.	kroonen-core-1940-1;orel-core-1940-01;rt-complete-1940-001;rt-complete-1940-002;rt-complete-1940-003;rt-complete-1940-004;rt-complete-1940-005	Establish the age and phonemic status of Orel's z-less citation versus Kroonen's z-bearing stem, and each author's admitted cognates/loan direction. RT's optional-z PGmc example and z-less PWGmc endpoint provide a possible dated descriptive bridge, not proof that either dictionary intended that same endpoint or endorsed the same borrowing explanation.
core-1941	1941	a-1941-fulk-complete-beaver-stem;a-1941-fulk-complete-index-beaver;a-1941-kroonen-core-1941-1;a-1941-kroonen-core-1941-2;a-1941-orel-core-1941-01;a-beaver-direction-kroonen-core-1941-1;a-beaver-direction-orel-core-1941-01;a-fulk-alignment-beaver-oe;a-fulk-alignment-beaver-pgmc	core_triage	What do the source units establish for beaver (befer)?	source_citation	cognate_grouping;ending;historical_analysis;segmentation;stem_class;vocalism	undetermined	reviewed	unestablished	The root/formation presentations and opposed derivational directions are substantive questions, not a stem-dash normalization. Fulk independently supplies a PGmc citation but its OE back mutation does not establish PGmc e-to-i raising. See beaver-colour-direction for the separately bounded analytical argument.	All linked core alternatives are retained. Type tags mark the question or visible presentation, not a settled cause; whole-word, stem, paradigm, family and component evidence are not collapsed. Historical equivalence requires a separately aligned feature/unit comparison.	r-1941-fulk-oe-back-mutation	Individual full retained-position reconciliation; original quantity/glyph, attribution and selected-cell limits remain. No corpus, stage-sidecar, law or baseline adoption.	bounded_limit	Orel40-41 bebr- full -uz citation versus Kroonen56-57 bebur- a-stem/base and reversed animal/colour derivation. Fulk69 explicitly dates *bebruz as PGmc and gives separate beofor; its386 index stays starless/undated. Internal br versus bur, formation, semantic direction and source beofor versus selected befer are independently reviewed.	fulk-alignment-beaver-oe;fulk-alignment-beaver-pgmc;fulk-complete-beaver-stem;fulk-complete-index-beaver;kroonen-core-1941-1;kroonen-core-1941-2;orel-core-1941-01	Establish the inherited paradigm/reflex and r-vocalization premise for comparing bebr-/-uz with bebur-/-a. The focused direction comparison identifies Kroonen's argument, but Orel's rationale against that reversed account is not supplied. Source beofor is not the selected befer cell/spelling; neither successful output nor an index heading decides historical equivalence.
core-1942	1942	a-1942-fulk-complete-beech-book-family;a-1942-kroonen-core-1942-1;a-1942-kroonen-core-1942-2;a-1942-kroonen-core-1942-3;a-1942-orel-core-1942-01;a-1942-orel-core-1942-02;a-1942-orel-core-1942-03;a-1942-orel-core-1942-04	core_triage	What do the source units establish for beech (bōc)?	source_citation	ending;gender;lexical_identity;quantity;stem_class;suffix	undetermined	reviewed	unestablished	Shared long root ō does not establish one historical formation. Optional j, gender/root-stem presentation, tree/book identity and rejected comparisons remain independent.	All linked core alternatives are retained. Type tags mark the question or visible presentation, not a settled cause; whole-word, stem, paradigm, family and component evidence are not collapsed. Historical equivalence requires a separately aligned feature/unit comparison.		Individual full retained-position reconciliation; original quantity/glyph, attribution and selected-cell limits remain. No corpus, stage-sidecar, law or baseline adoption.	bounded_limit	Orel51-52 long-ō root, root/-z and j-bearing neuter/feminine alternatives versus Kroonen71-72 root/expanded feminine citations and rejected au-collective. Fulk166-167 discusses book cells, not a new tree citation. Source sense, gender, optional j and distinct formations are all retained.	fulk-complete-beech-book-family;kroonen-core-1942-1;kroonen-core-1942-2;kroonen-core-1942-3;orel-core-1942-01;orel-core-1942-02;orel-core-1942-03;orel-core-1942-04	Determine the formation and selected cell behind beech bōc before aligning Orel's alternatives with Kroonen's expanded/root citations. A book paradigm is not selected beech evidence; Orel's OE béce j-formation is not silently identified with bōc. The rejected au collective cannot supply an adopted root-vowel disagreement.
core-1943	1943	a-1943-kroonen-core-1943-1;a-1943-orel-core-1943-01	core_triage	What do the source units establish for begin (beġinnan)?	source_citation	cognate_grouping;consonantism;ending;historical_analysis;segmentation;vocalism	undetermined	reviewed	unestablished	The endorsed citations differ in written root e/i, while sharing an unprefixed display unit. That contrast and the source's initial-consonant/external-cognate hypotheses do not yet explain the cause or date the same realised PGmc endpoint.	All linked core alternatives are retained. Type tags mark the question or visible presentation, not a settled cause; whole-word, stem, paradigm, family and component evidence are not collapsed. Historical equivalence requires a separately aligned feature/unit comparison.		Individual full retained-position reconciliation; original quantity/glyph, attribution and selected-cell limits remain. No corpus, stage-sidecar, law or baseline adoption.	bounded_limit	Orel132 e-grade unprefixed verb versus Kroonen178 i-root unprefixed stem; both print nn but neither authors the selected bi-prefixed whole word. Uncertain Slavic/Celtic and reported Albanian connections remain etymological premises, not additional endorsed headwords.	kroonen-core-1943-1;orel-core-1943-01	Establish the exact e/i representational and conditioning/chronological premise from the authors' adopted derivations, and independently justify the selected bi-prefix/ending. The nn sequence alone is not source-backed nasal-class membership; no general raising convention or supplied prefix is inferred from the input.
core-1944	1944	a-1944-kroonen-core-1944-1;a-1944-kroonen-core-1944-2;a-1944-kroonen-core-1944-3;a-1944-kroonen-core-1944-4;a-1944-kroonen-core-1944-5;a-1944-orel-core-1944-01;a-ringe-alignment-believe-univerbation;a-ringe-complete-believe-gothic-3sg-1944;a-ringe-complete-believe-gothic-dual-1944;a-rt-alignment-believe-mutation;a-rt-alignment-believe-ws;a-rt-complete-1944-001;a-rt-complete-1944-002;a-rt-complete-1944-003;a-rt-complete-1944-004;a-rt-complete-1944-005;a-rt-complete-1944-006	core_triage	What do the source units establish for believe (ġelīefan)?	source_citation	ablaut;chronological_stage;ending;historical_analysis;lexical_identity;segmentation;suffix	different_units	reviewed	unestablished	This is not a paired dictionary belief-vowel disagreement. Lexical family, ablaut/formation, written prefix, phonological word and later dialect outputs are different axes; no author contradiction follows solely from Ringe's clitic warning and RT's prefixed PGmc citation.	All linked core alternatives are retained. Type tags mark the question or visible presentation, not a settled cause; whole-word, stem, paradigm, family and component evidence are not collapsed. Historical equivalence requires a separately aligned feature/unit comparison.	r-1944-ringe-univerbation;r-1944-rt-dialect-mutation	Individual full retained-position reconciliation; original quantity/glyph, attribution and selected-cell limits remain. No corpus, stage-sidecar, law or baseline adoption.	bounded_limit	Orel238 unprefixed au believe verb versus Kroonen332,341 dear/praise/permission/hope family, including a conditional lost strong verb. Ringe239 Gothic finite/clitic evidence is not a PGmc infinitive; RT245 separately labels PGmc prefixed citation and WS/Anglian/Mercian/Northumbrian descendants. The omitted WS endpoint and prefix-univerbation method now have explicit evidence.	kroonen-core-1944-1;kroonen-core-1944-2;kroonen-core-1944-3;kroonen-core-1944-4;kroonen-core-1944-5;orel-core-1944-01;ringe-alignment-believe-univerbation;ringe-complete-believe-gothic-3sg;ringe-complete-believe-gothic-dual;rt-alignment-believe-mutation;rt-alignment-believe-ws;rt-complete-1944-001;rt-complete-1944-002;rt-complete-1944-003;rt-complete-1944-004;rt-complete-1944-005;rt-complete-1944-006	Demonstrate the family/derivational relationship before comparing Kroonen's eu/u formations to Orel's believe au. Authenticate RT's original vowel/quantity/palatal/nasal signs before whole-word equivalence. A prefixed citation does not by itself assert complete phonological univerbation; the selected ġelīefan is not Orel's quoted ge-lȳfan or an automatically repaired native geliefan.
core-1945	1945	a-1945-kroonen-core-1945-1;a-1945-kroonen-core-1945-2;a-1945-orel-core-1945-01;a-rt-alignment-belly-dialect-history;a-rt-alignment-belly-ws-243;a-rt-alignment-belly-ws-287;a-rt-complete-1945-001;a-rt-complete-1945-002;a-rt-complete-1945-003;a-rt-complete-1945-004;a-rt-complete-1945-005;a-rt-complete-1945-006;a-rt-complete-1945-007;a-rt-complete-1945-008;a-rt-complete-1945-009;a-rt-complete-1945-010;a-rt-complete-1945-011;a-rt-complete-1945-012;a-rt-complete-1945-013;a-rt-complete-1945-014;a-rt-complete-1945-015;a-rt-complete-1945-016;a-rt-complete-1945-017;a-rt-complete-1945-018;a-rt-complete-1945-019;a-rt-complete-1945-020;a-rt-complete-1945-021;a-rt-complete-1945-022;a-rt-complete-1945-023	core_triage	What do the source units establish for belly (bielġ)?	source_citation	chronological_stage;consonantism;ending;inflection;lexical_identity;stem_class;vocalism	undetermined	reviewed	unestablished	The primary i-stem's written a can be compared independently of its formation/velar convention. The branch-supported u-stem and later WS/Anglian histories are different units; the new quoted endpoints and class argument narrow those distinctions without choosing a source or corpus input.	All linked core alternatives are retained. Type tags mark the question or visible presentation, not a settled cause; whole-word, stem, paradigm, family and component evidence are not collapsed. Historical equivalence requires a separately aligned feature/unit comparison.	r-1945-rt-dialect-and-trigger	Individual full retained-position reconciliation; original quantity/glyph, attribution and selected-cell limits remain. No corpus, stage-sidecar, law or baseline adoption.	bounded_limit	Orel33-34 and Kroonen49 a-root bag/i-stem citations versus the latter's distinct Faroese e/u-stem. All RT208,231,243,287 citations, actual repeated intermediate tuples, WS simplexes and Northumbrian compound/simplex endpoints are retained. The starred Gothic comparator is locally Gothic, not another PGmc position.	kroonen-core-1945-1;kroonen-core-1945-2;orel-core-1945-01;rt-alignment-belly-dialect-history;rt-alignment-belly-ws-243;rt-alignment-belly-ws-287;rt-complete-1945-001;rt-complete-1945-002;rt-complete-1945-003;rt-complete-1945-004;rt-complete-1945-005;rt-complete-1945-006;rt-complete-1945-007;rt-complete-1945-008;rt-complete-1945-009;rt-complete-1945-010;rt-complete-1945-011;rt-complete-1945-012;rt-complete-1945-013;rt-complete-1945-014;rt-complete-1945-015;rt-complete-1945-016;rt-complete-1945-017;rt-complete-1945-018;rt-complete-1945-019;rt-complete-1945-020;rt-complete-1945-021;rt-complete-1945-022;rt-complete-1945-023	Establish the age and derivational relationship of the Faroese e/u-stem to the selected bag/belly i-stem before treating their root vowels as one conflict. Authenticate native front-vowel/quantity and palatal signs for exact intermediate equivalence. Source leather-bag sense and compound met-belig do not themselves quote the selected belly sense or its simplex; later dialect e/ie is not inherited PGmc a/e dissent.
core-1946	1946	a-1946-kroonen-core-1946-1;a-1946-kroonen-core-1946-2;a-1946-kroonen-core-1946-3;a-1946-kroonen-core-1946-4;a-1946-orel-core-1946-01	core_triage	What do the source units establish for berry (berġes)?	source_citation	consonantism;ending;gender;historical_analysis;inflection	undetermined	reviewed	unestablished	The s/z and singular/plural distinctions are an explicit source-backed paradigm question; neuter reconstruction/feminine reflex and the genitive input remain separately bounded. No diplomatic stress or ending has been supplied.	All linked core alternatives are retained. Type tags mark the question or visible presentation, not a settled cause; whole-word, stem, paradigm, family and component evidence are not collapsed. Historical equivalence requires a separately aligned feature/unit comparison.	r-1946-kroonen-verner-paradigm	Individual full retained-position reconciliation; original quantity/glyph, attribution and selected-cell limits remain. No corpus, stage-sidecar, law or baseline adoption.	bounded_limit	Orel40 neuter z-citation with feminine OE reflex versus Kroonen54-55 s/z ja-stems and conditional singular/plural Verner paradigm. No retained record quotes selected berġes or manufactures *bazjas; modern corpus root accent is not the earlier Verner conditioner.	kroonen-core-1946-1;kroonen-core-1946-2;kroonen-core-1946-3;kroonen-core-1946-4;orel-core-1946-01	Establish the passage from the proposed singular/plural alternants to selected singular genitive, including levelling, gender/formation and historical accent premises. The source's probable paradigm is position support, not an explanation of Orel's single z citation or a direct selected-ending quotation.
core-1947	1947	a-1947-fulk-complete-index-offer;a-1947-fulk-complete-offer-paradigm;a-1947-kroonen-core-1947-1;a-1947-orel-core-1947-01;a-ringe-complete-offer-participle-1947;a-rt-alignment-offer-bebiet;a-rt-alignment-offer-bebytst;a-rt-alignment-offer-finite-history;a-rt-complete-1947-001;a-rt-complete-1947-002	core_triage	What do the source units establish for bid (-)?	source_citation	ablaut;chronological_stage;consonantism;ending;inflection	undetermined	reviewed	unestablished	Offer's eu-infinitive family is comparably identified, but other cells and dating/representation premises do not collapse into one selected word. Finite morphology now has actual quoted evidence without changing the absent target.	All linked core alternatives are retained. Type tags mark the question or visible presentation, not a settled cause; whole-word, stem, paradigm, family and component evidence are not collapsed. Historical equivalence requires a separately aligned feature/unit comparison.	r-1947-rt-finite-history	Individual full retained-position reconciliation; original quantity/glyph, attribution and selected-cell limits remain. No corpus, stage-sidecar, law or baseline adoption.	bounded_limit	Orel43 and Kroonen61 offer/command eu citations, Ringe188 u-grade masculine participle and Fulk273 principal parts/386 starless infinitive are distinct units. RT349-350 explicitly supplies WS infinitive, late prefixed 2sg and separate 3sg plus mutation/syncope/remodelling argument. Ask/pray1948 is excluded.	fulk-complete-index-offer;fulk-complete-offer-paradigm;kroonen-core-1947-1;orel-core-1947-01;ringe-complete-offer-participle;rt-alignment-offer-bebiet;rt-alignment-offer-bebytst;rt-alignment-offer-finite-history;rt-complete-1947-001;rt-complete-1947-002	Establish dental convention and precisely matched formation/cell before whole citation equivalence; u-grade participle and finite mutated vowels are not eu-infinitive disagreement. Research-only row has no selected target: neither béodan nor a prefixed finite form is automatic admission. The index's undated representation remains distinct from Ringe's explicit PGmc participle.
core-1948	1948	a-1948-fulk-complete-ask-j-present;a-1948-kroonen-core-1948-1;a-1948-kroonen-core-1948-2;a-1948-orel-core-1948-01;a-1948-orel-core-1948-02;a-1948-ringe-raising-argument;a-1948-ringe-system-bid-ask;a-ringe-complete-ask-inf-1948;a-ringe-complete-ask-present-1948;a-rt-complete-1948-001;a-rt-complete-1948-002;a-rt-complete-1948-003;a-rt-complete-1948-004;a-rt-complete-1948-005;a-rt-complete-1948-006;a-rt-complete-1948-007;a-rt-complete-1948-008;a-rt-complete-1948-009;a-rt-complete-1948-010;a-rt-complete-1948-011	core_triage	What do the source units establish for bid (-)?	source_citation	ending;historical_analysis;inflection;lexical_identity;phonemic_inventory;quantity;vocalism	undetermined	reviewed	unestablished	Written present-root e/i differs between endorsed dictionary citations; Kroonen's rejected i is not agreement and Orel's long-i antecedent is another formation. Ringe explicitly supports short-i through following-j raising. Fulk supplies a j-present argument, not an authored PGmc word; Ringe-Taylor distinguishes underlying/surface and later finite cells with native-text limits. These feature/unit/attribution distinctions are reviewed, but common-endpoint equivalence and the inter-author cause remain unestablished.	All linked core alternatives are retained. Type tags mark the question or visible presentation, not a settled cause; whole-word, stem, paradigm, family and component evidence are not collapsed. Historical equivalence requires a separately aligned feature/unit comparison.	r-1948-ringe-j-raising	Actual all-source review, not citation-cell inventory or completion by generic stage ignorance. Named representational, derivational, glyph and selected-target premises bound the disposition; no preferred input or historical law is adopted.	bounded_limit	Orel p.45: short-i ask j-present versus long-i derivational antecedent; Kroonen p.57: defended short-e ask stem and explicitly rejected short-i reconstruction; Ringe pp.128,151-152,250,273: explicit PGmc short-i present cells and authored following-j explanation; Fulk pp.265-266: ask j-present process, not a quoted PGmc word; Ringe-Taylor p.51: own earlier/surface/underlying example and native i; p.351: distinct illustrative finite/dialect cells. All20 retained positions reviewed for lexical unit, attribution and written features; no supplied prefix/ending or long-i wait identity is normalized into the ask present.	fulk-complete-ask-j-present;kroonen-core-1948-1;kroonen-core-1948-2;orel-core-1948-01;orel-core-1948-02;ringe-ask-raising-argument;ringe-complete-ask-inf;ringe-complete-ask-present;ringe-system-bid-ask;rt-complete-1948-001;rt-complete-1948-002;rt-complete-1948-003;rt-complete-1948-004;rt-complete-1948-005;rt-complete-1948-006;rt-complete-1948-007;rt-complete-1948-008;rt-complete-1948-009;rt-complete-1948-010;rt-complete-1948-011	To compare one realised PGmc endpoint, establish whether Kroonen's defended e is a citation/underlying convention or a genuinely unraised historical claim; his rejection of i-plus-analogy alone does not decide that question. Establish Orel's derivational antecedent's relationship to the separately named wait etymon rather than identify it by spelling. Authenticate the original Ringe-Taylor p.51 surface/palatal/quantity/nasal glyphs before segment or whole-ending equivalence. The corpus target is absent for this research-only row: later biddan attestation is evidence, not automatic target admission. Ringe's own raising reason does not yet explain the inter-author divergence.
core-1949	1949	a-1949-kroonen-core-1949-1;a-1949-orel-core-1949-01;a-1949-orel-core-1949-02	core_triage	What do the source units establish for bier (bǣr)?	source_citation	ablaut;chronological_stage;ending;lexical_identity;pgmc_membership;quantity;stem_class	undetermined	reviewed	unestablished	Long root ē is a useful bounded feature agreement; literal WGmc dating, different family formation and whole word versus stem stay independent. The production PGmc citation/input convention is not re-adjudicated by this reporting correction.	All linked core alternatives are retained. Type tags mark the question or visible presentation, not a settled cause; whole-word, stem, paradigm, family and component evidence are not collapsed. Historical equivalence requires a separately aligned feature/unit comparison.		Individual full retained-position reconciliation; original quantity/glyph, attribution and selected-cell limits remain. No corpus, stage-sidecar, law or baseline adoption.	bounded_limit	Orel38 literally labels WGmc *bērō; that precision is preserved rather than expanded to PWGmc. Its barwōn hand-bier/basket is another formation. Kroonen61 supplies a feminine lengthened-grade ō-stem in dictionary context, not an independently established opposed PGmc endpoint.	kroonen-core-1949-1;orel-core-1949-01;orel-core-1949-02	Establish the historical endpoint and citation cell intended by Kroonen and the relation between lengthened-grade bier and Orel's separate w-bearing n-formation. Neither the same written ē nor CAPR's equality-stage pgmc convention proves a common PGmc date. Wave *bērōn and a nonexistent selected carry cell are not substitutes.
core-1950	1950	a-1950-bind-orel-headword;a-1950-bind-kroonen-stem	core_triage	What do the source units establish for bind (bindan)?	source_citation	ending;vocalism	undetermined	reviewed	unestablished	Orel2003: *benđanan [41; strong verb; dictionary citation]. Kroonen2013: *bindan- [64; strong verb; infinitive stem]. This is a review of citation units and retained alternatives, not a chosen PGmc endpoint. Word/stem endings are display-level comparisons until aligned paradigms are established; source silence is not dissent. Causes and full historical equivalence remain unestablished.	All linked core alternatives are retained. Type tags mark the question or visible presentation, not a settled cause; whole-word, stem, paradigm, family and component evidence are not collapsed. Historical equivalence requires a separately aligned feature/unit comparison.		Whole-core citation roster reviewed before this classification; this layer neither selects a reconstruction nor certifies every source glyph.	unreviewed			
core-1951	1951	a-1951-orel-core-1951-01;a-1951-kroonen-core-1951-1	core_triage	What do the source units establish for birth (byrd)?	source_citation	ending	undetermined	reviewed	unestablished	Orel2003: *burđiz [63; feminine headword]. Kroonen2013: *burdi- [84-85; feminine i-stem]. This is a review of citation units and retained alternatives, not a chosen PGmc endpoint. Word/stem endings are display-level comparisons until aligned paradigms are established; source silence is not dissent. Causes and full historical equivalence remain unestablished.	All linked core alternatives are retained. Type tags mark the question or visible presentation, not a settled cause; whole-word, stem, paradigm, family and component evidence are not collapsed. Historical equivalence requires a separately aligned feature/unit comparison.		Whole-core citation roster reviewed before this classification; this layer neither selects a reconstruction nor certifies every source glyph.	unreviewed			
core-1952	1952	a-1952-orel-core-1952-01;a-1952-kroonen-core-1952-1	core_triage	What do the source units establish for blood (blōd)?	source_citation	ending	undetermined	reviewed	unestablished	Orel2003: *blōđan [50; neuter headword]. Kroonen2013: *blōda- [70; neuter a-stem collective]. This is a review of citation units and retained alternatives, not a chosen PGmc endpoint. Word/stem endings are display-level comparisons until aligned paradigms are established; source silence is not dissent. Causes and full historical equivalence remain unestablished.	All linked core alternatives are retained. Type tags mark the question or visible presentation, not a settled cause; whole-word, stem, paradigm, family and component evidence are not collapsed. Historical equivalence requires a separately aligned feature/unit comparison.		Whole-core citation roster reviewed before this classification; this layer neither selects a reconstruction nor certifies every source glyph.	unreviewed			
core-1953	1953	a-1953-orel-core-1953-01;a-1953-orel-core-1953-02;a-1953-kroonen-core-1953-1	core_triage	What do the source units establish for board (bord)?	source_citation	consonantism;ending	undetermined	reviewed	unestablished	Orel2003: *burđan [63; neuter headword]; *barđan [63; secondary ablaut variant of board]. Kroonen2013: *burzda- [86; neuter a-stem]. This is a review of citation units and retained alternatives, not a chosen PGmc endpoint. Word/stem endings are display-level comparisons until aligned paradigms are established; source silence is not dissent. Causes and full historical equivalence remain unestablished.	All linked core alternatives are retained. Type tags mark the question or visible presentation, not a settled cause; whole-word, stem, paradigm, family and component evidence are not collapsed. Historical equivalence requires a separately aligned feature/unit comparison.	r-1953-kroonen-core-1953-1-argument	Whole-core citation roster reviewed before this classification; this layer neither selects a reconstruction nor certifies every source glyph.	unreviewed			
core-1954	1954	a-1954-orel-core-1954-01;a-1954-kroonen-core-1954-1	core_triage	What do the source units establish for bone (bān)?	source_citation	ending	undetermined	reviewed	unestablished	Orel2003: *bainan [32; neuter headword]. Kroonen2013: *baina- [48; neuter a-stem]. This is a review of citation units and retained alternatives, not a chosen PGmc endpoint. Word/stem endings are display-level comparisons until aligned paradigms are established; source silence is not dissent. Causes and full historical equivalence remain unestablished.	All linked core alternatives are retained. Type tags mark the question or visible presentation, not a settled cause; whole-word, stem, paradigm, family and component evidence are not collapsed. Historical equivalence requires a separately aligned feature/unit comparison.		Whole-core citation roster reviewed before this classification; this layer neither selects a reconstruction nor certifies every source glyph.	unreviewed			
core-1955	1955	a-1955-orel-core-1942-01;a-1955-orel-core-1942-04;a-1955-kroonen-core-1955-1;a-1955-kroonen-core-1955-2	core_triage	What do the source units establish for book (bōc)?	source_citation	ending	undetermined	reviewed	unestablished	Orel2003: *bōkō [51; feminine ō-/ōn-stem headword]; *bōkz [52; feminine headword]. Kroonen2013: *bōk- [71; feminine root noun]; *bōka/ō- [71; thematic masculine/neuter/feminine formations]. This is a review of citation units and retained alternatives, not a chosen PGmc endpoint. Word/stem endings are display-level comparisons until aligned paradigms are established; source silence is not dissent. Causes and full historical equivalence remain unestablished.	All linked core alternatives are retained. Type tags mark the question or visible presentation, not a settled cause; whole-word, stem, paradigm, family and component evidence are not collapsed. Historical equivalence requires a separately aligned feature/unit comparison.		Whole-core citation roster reviewed before this classification; this layer neither selects a reconstruction nor certifies every source glyph.	unreviewed			
core-1956	1956	a-1956-orel-core-1956-01;a-1956-kroonen-core-1956-1	core_triage	What do the source units establish for bore (borian)?	source_citation	ending	undetermined	reviewed	unestablished	Orel2003: *burōjanan [64; weak-verb headword]. Kroonen2013: *burōjan- [85-86; weak verb citation stem]. This is a review of citation units and retained alternatives, not a chosen PGmc endpoint. Word/stem endings are display-level comparisons until aligned paradigms are established; source silence is not dissent. Causes and full historical equivalence remain unestablished.	All linked core alternatives are retained. Type tags mark the question or visible presentation, not a settled cause; whole-word, stem, paradigm, family and component evidence are not collapsed. Historical equivalence requires a separately aligned feature/unit comparison.		Whole-core citation roster reviewed before this classification; this layer neither selects a reconstruction nor certifies every source glyph.	unreviewed			
core-1957	1957	a-1957-orel-core-1957-01;a-1957-kroonen-core-1957-1	core_triage	What do the source units establish for bosom (bōsm)?	source_citation	ending	undetermined	reviewed	unestablished	Orel2003: *bōsmaz [52; masculine headword]. Kroonen2013: *bōsma- [72; masculine a-stem]. This is a review of citation units and retained alternatives, not a chosen PGmc endpoint. Word/stem endings are display-level comparisons until aligned paradigms are established; source silence is not dissent. Causes and full historical equivalence remain unestablished.	All linked core alternatives are retained. Type tags mark the question or visible presentation, not a settled cause; whole-word, stem, paradigm, family and component evidence are not collapsed. Historical equivalence requires a separately aligned feature/unit comparison.		Whole-core citation roster reviewed before this classification; this layer neither selects a reconstruction nor certifies every source glyph.	unreviewed			
core-1958	1958	a-1958-orel-core-1958-01;a-1958-orel-core-1958-02;a-1958-kroonen-core-1958-1;a-1958-kroonen-core-1958-2;a-1958-kroonen-core-1958-3;a-1958-kroonen-core-1958-4;a-1958-kroonen-core-1958-5;a-1958-kroonen-core-1958-6;a-1958-kroonen-core-1958-7	core_triage	What do the source units establish for both (bū)?	source_citation	ending;inflection	undetermined	reviewed	unestablished	Orel2003: *bō(u) [52; numeral headword; parenthesized u]; *bō-jenō [52; formation expressly cited before OE beʒen]. Kroonen2013: *ba- [46; numeral headword]; *bō [46; neuter numeral]; *bai [46; masculine numeral]; *bans [46; masculine accusative numeral]; *bōz [46; feminine numeral]; *bōns [46; feminine accusative numeral]; *bajjan [46; genitive numeral]. This is a review of citation units and retained alternatives, not a chosen PGmc endpoint. Word/stem endings are display-level comparisons until aligned paradigms are established; source silence is not dissent. Causes and full historical equivalence remain unestablished.	All linked core alternatives are retained. Type tags mark the question or visible presentation, not a settled cause; whole-word, stem, paradigm, family and component evidence are not collapsed. Historical equivalence requires a separately aligned feature/unit comparison.		Whole-core citation roster reviewed before this classification; this layer neither selects a reconstruction nor certifies every source glyph.	unreviewed			
core-1959	1959	a-1959-orel-core-1959-01;a-1959-orel-core-1959-02;a-1959-kroonen-core-1959-1;a-1959-kroonen-core-1959-2;a-1959-kroonen-core-1959-3;a-1959-kroonen-core-1959-4;a-1959-kroonen-core-1959-5;a-1959-kroonen-core-1959-6;a-1959-kroonen-core-1959-7	core_triage	What do the source units establish for bottom (botm)?	source_citation	consonantism;ending	undetermined	reviewed	unestablished	Orel2003: *buđmaz [61; masculine headword alternative]; *butmaz [61; second masculine headword alternative]. Kroonen2013: *budman- [82; masculine mn-stem headword variant]; *buttman- [82; masculine mn-stem headword variant]; *budmē [82; nominative of reconstructed paradigm]; *buttaz [82; genitive of reconstructed paradigm]; *budma- [82; stem supporting OS bodom]; *buttma- [82; stem supporting OE botm]; *buttna- [82; stem supporting ON botn]. This is a review of citation units and retained alternatives, not a chosen PGmc endpoint. Word/stem endings are display-level comparisons until aligned paradigms are established; source silence is not dissent. Causes and full historical equivalence remain unestablished.	All linked core alternatives are retained. Type tags mark the question or visible presentation, not a settled cause; whole-word, stem, paradigm, family and component evidence are not collapsed. Historical equivalence requires a separately aligned feature/unit comparison.		Whole-core citation roster reviewed before this classification; this layer neither selects a reconstruction nor certifies every source glyph.	unreviewed			
core-1960	1960	a-1960-orel-core-1960-01;a-1960-orel-core-1960-02;a-1960-kroonen-core-1960-1	core_triage	What do the source units establish for bough (bōg)?	source_citation	ending	undetermined	reviewed	unestablished	Orel2003: *bōʒuz [51; masculine headword alternative]; *bōʒaz [51; second masculine headword alternative]. Kroonen2013: *bōgu- [71; masculine u-stem]. This is a review of citation units and retained alternatives, not a chosen PGmc endpoint. Word/stem endings are display-level comparisons until aligned paradigms are established; source silence is not dissent. Causes and full historical equivalence remain unestablished.	All linked core alternatives are retained. Type tags mark the question or visible presentation, not a settled cause; whole-word, stem, paradigm, family and component evidence are not collapsed. Historical equivalence requires a separately aligned feature/unit comparison.		Whole-core citation roster reviewed before this classification; this layer neither selects a reconstruction nor certifies every source glyph.	unreviewed			
core-1961	1961	a-1961-orel-core-1961-01;a-1961-kroonen-core-1961-1	core_triage	What do the source units establish for bow (bīeġan)?	source_citation	ending	undetermined	reviewed	unestablished	Orel2003: *bauʒjanan [39; weak causative verb headword]. Kroonen2013: *baugjan- [55; weak causative verb]. This is a review of citation units and retained alternatives, not a chosen PGmc endpoint. Word/stem endings are display-level comparisons until aligned paradigms are established; source silence is not dissent. Causes and full historical equivalence remain unestablished.	All linked core alternatives are retained. Type tags mark the question or visible presentation, not a settled cause; whole-word, stem, paradigm, family and component evidence are not collapsed. Historical equivalence requires a separately aligned feature/unit comparison.		Whole-core citation roster reviewed before this classification; this layer neither selects a reconstruction nor certifies every source glyph.	unreviewed			
core-1962	1962	a-1962-orel-core-1962-01;a-1962-kroonen-core-1962-1;a-1962-kroonen-core-1962-2	core_triage	What do the source units establish for bow (bēag)?	source_citation	ending	undetermined	reviewed	unestablished	Orel2003: *bauʒaz [39; masculine headword; ring/crown]. Kroonen2013: *beugan- [61-62; strong verb headword variant]; *būgan- [61-62; strong verb headword variant]. This is a review of citation units and retained alternatives, not a chosen PGmc endpoint. Word/stem endings are display-level comparisons until aligned paradigms are established; source silence is not dissent. Causes and full historical equivalence remain unestablished.	All linked core alternatives are retained. Type tags mark the question or visible presentation, not a settled cause; whole-word, stem, paradigm, family and component evidence are not collapsed. Historical equivalence requires a separately aligned feature/unit comparison.		Whole-core citation roster reviewed before this classification; this layer neither selects a reconstruction nor certifies every source glyph.	unreviewed			
core-1963	1963	a-1963-orel-core-1963-01;a-1963-kroonen-core-1963-1	core_triage	What do the source units establish for bow (boga)?	source_citation	ending;quantity	undetermined	reviewed	unestablished	Orel2003: *buʒōn [61; masculine headword; arch/bow]. Kroonen2013: *bugan- [82; masculine n-stem noun]. This is a review of citation units and retained alternatives, not a chosen PGmc endpoint. Word/stem endings are display-level comparisons until aligned paradigms are established; source silence is not dissent. Causes and full historical equivalence remain unestablished.	All linked core alternatives are retained. Type tags mark the question or visible presentation, not a settled cause; whole-word, stem, paradigm, family and component evidence are not collapsed. Historical equivalence requires a separately aligned feature/unit comparison.		Whole-core citation roster reviewed before this classification; this layer neither selects a reconstruction nor certifies every source glyph.	unreviewed			
core-1964	1964	a-1964-orel-core-1964-01;a-1964-kroonen-core-1964-1	core_triage	What do the source units establish for bower (būr)?	source_citation	ending	undetermined	reviewed	unestablished	Orel2003: *būran [65; neuter headword]. Kroonen2013: *būra- [84; neuter a-stem]. This is a review of citation units and retained alternatives, not a chosen PGmc endpoint. Word/stem endings are display-level comparisons until aligned paradigms are established; source silence is not dissent. Causes and full historical equivalence remain unestablished.	All linked core alternatives are retained. Type tags mark the question or visible presentation, not a settled cause; whole-word, stem, paradigm, family and component evidence are not collapsed. Historical equivalence requires a separately aligned feature/unit comparison.		Whole-core citation roster reviewed before this classification; this layer neither selects a reconstruction nor certifies every source glyph.	unreviewed			
core-1965	1965	a-1965-orel-core-1965-01;a-1965-orel-core-1965-02;a-1965-kroonen-core-1965-1;a-1965-kroonen-core-1965-2	core_triage	What do the source units establish for brand (brandes)?	source_citation	ending;lexical_identity	different_units	reviewed	unestablished	Orel2003: *branđaz [54; masculine headword; homonym I firebrand]; *branđaz [54; masculine headword; homonym II sword blade]. Kroonen2013: *brinnan- [77-78; strong burn verb; brand-family evidence]; *brannjan- [74; causative burn verb]. This is a review of citation units and retained alternatives, not a chosen PGmc endpoint. Word/stem endings are display-level comparisons until aligned paradigms are established; source silence is not dissent. Causes and full historical equivalence remain unestablished.	All linked core alternatives are retained. Type tags mark the question or visible presentation, not a settled cause; whole-word, stem, paradigm, family and component evidence are not collapsed. Historical equivalence requires a separately aligned feature/unit comparison.		Whole-core citation roster reviewed before this classification; this layer neither selects a reconstruction nor certifies every source glyph.	unreviewed			
core-1966	1966	a-1966-orel-core-1966-01;a-1966-orel-core-1966-02;a-1966-kroonen-core-1966-1	core_triage	What do the source units establish for bread (brēad)?	source_citation	ending	undetermined	reviewed	unestablished	Orel2003: *brauđan [54; neuter headword]; *bruþan [54; formation cited for comparison in bread entry]. Kroonen2013: *brauda- [74; neuter a-stem]. This is a review of citation units and retained alternatives, not a chosen PGmc endpoint. Word/stem endings are display-level comparisons until aligned paradigms are established; source silence is not dissent. Causes and full historical equivalence remain unestablished.	All linked core alternatives are retained. Type tags mark the question or visible presentation, not a settled cause; whole-word, stem, paradigm, family and component evidence are not collapsed. Historical equivalence requires a separately aligned feature/unit comparison.		Whole-core citation roster reviewed before this classification; this layer neither selects a reconstruction nor certifies every source glyph.	unreviewed			
core-1967	1967	a-1967-orel-core-1967-01;a-1967-kroonen-core-1967-1	core_triage	What do the source units establish for break (brecan)?	source_citation	ending	undetermined	reviewed	unestablished	Orel2003: *brekanan [55; strong-verb headword]. Kroonen2013: *brekan- [75; strong verb]. This is a review of citation units and retained alternatives, not a chosen PGmc endpoint. Word/stem endings are display-level comparisons until aligned paradigms are established; source silence is not dissent. Causes and full historical equivalence remain unestablished.	All linked core alternatives are retained. Type tags mark the question or visible presentation, not a settled cause; whole-word, stem, paradigm, family and component evidence are not collapsed. Historical equivalence requires a separately aligned feature/unit comparison.		Whole-core citation roster reviewed before this classification; this layer neither selects a reconstruction nor certifies every source glyph.	unreviewed			
core-1968	1968	a-1968-orel-core-1968-01;a-1968-orel-core-1968-02;a-1968-kroonen-core-1968-1	core_triage	What do the source units establish for breast (brēost)?	source_citation	ending	undetermined	reviewed	unestablished	Orel2003: *breustan [56; neuter headword]; *brustz [59; feminine ablaut counterpart]. Kroonen2013: *breusta- [76; neuter a-stem]. This is a review of citation units and retained alternatives, not a chosen PGmc endpoint. Word/stem endings are display-level comparisons until aligned paradigms are established; source silence is not dissent. Causes and full historical equivalence remain unestablished.	All linked core alternatives are retained. Type tags mark the question or visible presentation, not a settled cause; whole-word, stem, paradigm, family and component evidence are not collapsed. Historical equivalence requires a separately aligned feature/unit comparison.		Whole-core citation roster reviewed before this classification; this layer neither selects a reconstruction nor certifies every source glyph.	unreviewed			
core-1969	1969	a-1969-orel-core-1969-01;a-1969-kroonen-core-1969-1	core_triage	What do the source units establish for breeches (brēċ)?	source_citation		undetermined	reviewed	unestablished	Orel2003: *brōkz [57; feminine headword]. Kroonen2013: *brōk [78; feminine root noun]. This is a review of citation units and retained alternatives, not a chosen PGmc endpoint. Word/stem endings are display-level comparisons until aligned paradigms are established; source silence is not dissent. Causes and full historical equivalence remain unestablished.	All linked core alternatives are retained. Type tags mark the question or visible presentation, not a settled cause; whole-word, stem, paradigm, family and component evidence are not collapsed. Historical equivalence requires a separately aligned feature/unit comparison.		Whole-core citation roster reviewed before this classification; this layer neither selects a reconstruction nor certifies every source glyph.	unreviewed			
core-1970	1970	a-1970-orel-core-1970-01;a-1970-kroonen-core-1970-1	core_triage	What do the source units establish for bride (brȳd)?	source_citation	ending	undetermined	reviewed	unestablished	Orel2003: *brūđiz [59-60; feminine headword]. Kroonen2013: *brūdi- [79; feminine i-stem]. This is a review of citation units and retained alternatives, not a chosen PGmc endpoint. Word/stem endings are display-level comparisons until aligned paradigms are established; source silence is not dissent. Causes and full historical equivalence remain unestablished.	All linked core alternatives are retained. Type tags mark the question or visible presentation, not a settled cause; whole-word, stem, paradigm, family and component evidence are not collapsed. Historical equivalence requires a separately aligned feature/unit comparison.		Whole-core citation roster reviewed before this classification; this layer neither selects a reconstruction nor certifies every source glyph.	unreviewed			
core-1971	1971	a-1971-orel-core-1971-01;a-1971-kroonen-core-1971-1;a-1971-kroonen-core-1971-2	core_triage	What do the source units establish for bring (bringan)?	source_citation	ending;vocalism	undetermined	reviewed	unestablished	Orel2003: *brenʒanan [55-56; strong-verb headword]. Kroonen2013: *bringan- [77; strong verb stem]; *ga-bringan [77; prefixed perfective form]. This is a review of citation units and retained alternatives, not a chosen PGmc endpoint. Word/stem endings are display-level comparisons until aligned paradigms are established; source silence is not dissent. Causes and full historical equivalence remain unestablished.	All linked core alternatives are retained. Type tags mark the question or visible presentation, not a settled cause; whole-word, stem, paradigm, family and component evidence are not collapsed. Historical equivalence requires a separately aligned feature/unit comparison.		Whole-core citation roster reviewed before this classification; this layer neither selects a reconstruction nor certifies every source glyph.	unreviewed			
core-1972	1972	a-1972-orel-core-1972-01	core_triage	What do the source units establish for brook (brūcan)?	source_citation		insufficient_evidence	reviewed	unestablished	Orel2003: *brūkanan [60; strong-verb headword; use sense]. Kroonen2013: no_form_found; Full brū-/bru- and semantic/index search finds no use/enjoy family reconstruction. Bruk(k)ōn/brekan break family and lōki brook water are distinct etyma; grade/cell absence alone is not the rationale. This is a review of citation units and retained alternatives, not a chosen PGmc endpoint. Word/stem endings are display-level comparisons until aligned paradigms are established; source silence is not dissent. Causes and full historical equivalence remain unestablished.	All linked core alternatives are retained. Type tags mark the question or visible presentation, not a settled cause; whole-word, stem, paradigm, family and component evidence are not collapsed. Historical equivalence requires a separately aligned feature/unit comparison.		Whole-core citation roster reviewed before this classification; this layer neither selects a reconstruction nor certifies every source glyph.	unreviewed			
core-1973	1973	a-1973-orel-core-1973-01;a-1973-kroonen-core-1973-1;a-1973-kroonen-core-1973-2;a-1973-kroonen-core-1973-3;a-1973-kroonen-core-1973-4	core_triage	What do the source units establish for buck (bucc)?	source_citation	ending	undetermined	reviewed	unestablished	Orel2003: *bukkaz [61-62; masculine headword]. Kroonen2013: *bukka(n)- [82; masculine noun; optional n-stem]; *bukka- [82; thematic stem]; *bukō [82; proposed original nominative]; *bukkaz [82; proposed original genitive]. This is a review of citation units and retained alternatives, not a chosen PGmc endpoint. Word/stem endings are display-level comparisons until aligned paradigms are established; source silence is not dissent. Causes and full historical equivalence remain unestablished.	All linked core alternatives are retained. Type tags mark the question or visible presentation, not a settled cause; whole-word, stem, paradigm, family and component evidence are not collapsed. Historical equivalence requires a separately aligned feature/unit comparison.		Whole-core citation roster reviewed before this classification; this layer neither selects a reconstruction nor certifies every source glyph.	unreviewed			
core-1974	1974	a-1974-orel-core-1974-01;a-1974-kroonen-core-1974-1	core_triage	What do the source units establish for burst (berstan)?	source_citation	ending	undetermined	reviewed	unestablished	Orel2003: *brestanan [56; strong-verb headword]. Kroonen2013: *brestan- [75-76; strong verb]. This is a review of citation units and retained alternatives, not a chosen PGmc endpoint. Word/stem endings are display-level comparisons until aligned paradigms are established; source silence is not dissent. Causes and full historical equivalence remain unestablished.	All linked core alternatives are retained. Type tags mark the question or visible presentation, not a settled cause; whole-word, stem, paradigm, family and component evidence are not collapsed. Historical equivalence requires a separately aligned feature/unit comparison.		Whole-core citation roster reviewed before this classification; this layer neither selects a reconstruction nor certifies every source glyph.	unreviewed			
core-1975	1975	a-1975-kroonen-core-1975-1;a-1975-kroonen-core-1975-2;a-1975-kroonen-core-1975-3;a-1975-orel-core-1975-1	core_triage	What do the source units establish for calf (ċealf)?	source_citation	ending;stem_class	undetermined	reviewed	unestablished	Orel2003: *kalbaz [209; masculine/neuter animal noun]. Kroonen2013: *kalbiz- [278; neuter s-stem]; *kalbaz [278; singular old s-stem]; *kalbizō [278; plural old s-stem]. This is a review of citation units and retained alternatives, not a chosen PGmc endpoint. Word/stem endings are display-level comparisons until aligned paradigms are established; source silence is not dissent. Causes and full historical equivalence remain unestablished.	All linked core alternatives are retained. Type tags mark the question or visible presentation, not a settled cause; whole-word, stem, paradigm, family and component evidence are not collapsed. Historical equivalence requires a separately aligned feature/unit comparison.	r-1975-kroonen-core-1975-1-argument;r-1975-orel-core-1975-1-argument	Whole-core citation roster reviewed before this classification; this layer neither selects a reconstruction nor certifies every source glyph.	unreviewed			
core-1976	1976	a-1976-kroonen-core-1976-1;a-1976-orel-core-1976-1;a-1976-orel-core-1976-2	core_triage	What do the source units establish for chew (ċēowan)?	source_citation	ending	undetermined	reviewed	unestablished	Orel2003: *kewwanan [213; strong verb citation]; *kjujja- [213; provisional precursor of ON abnormal initial t]. Kroonen2013: *kewwan- [286-287; strong verb]. This is a review of citation units and retained alternatives, not a chosen PGmc endpoint. Word/stem endings are display-level comparisons until aligned paradigms are established; source silence is not dissent. Causes and full historical equivalence remain unestablished.	All linked core alternatives are retained. Type tags mark the question or visible presentation, not a settled cause; whole-word, stem, paradigm, family and component evidence are not collapsed. Historical equivalence requires a separately aligned feature/unit comparison.		Whole-core citation roster reviewed before this classification; this layer neither selects a reconstruction nor certifies every source glyph.	unreviewed			
core-1977	1977	a-1977-kroonen-core-1977-1;a-1977-kroonen-core-1977-2;a-1977-kroonen-core-1977-3;a-1977-kroonen-core-1977-4;a-1977-orel-core-1977-1;a-1977-orel-core-1977-2;a-1977-orel-core-1977-3	core_triage	What do the source units establish for climb (climban)?	source_citation	ending;vocalism	undetermined	reviewed	unestablished	Orel2003: *klembanan [215-216; strong verb citation]; *klabōn [215; comparative formation; exact relationship and qualifications in the argument]; *klībanan [216; comparative formation; exact relationship and qualifications in the argument]. Kroonen2013: *klimman- [293; strong verb variant]; *klimb/pan- [293; combined headword alternative]; *klimban- [293; strong verb voiced-stop variant]; *klimpan- [293; strong verb voiceless-stop variant]. This is a review of citation units and retained alternatives, not a chosen PGmc endpoint. Word/stem endings are display-level comparisons until aligned paradigms are established; source silence is not dissent. Causes and full historical equivalence remain unestablished.	All linked core alternatives are retained. Type tags mark the question or visible presentation, not a settled cause; whole-word, stem, paradigm, family and component evidence are not collapsed. Historical equivalence requires a separately aligned feature/unit comparison.		Whole-core citation roster reviewed before this classification; this layer neither selects a reconstruction nor certifies every source glyph.	unreviewed			
core-1978	1978	a-1978-kroonen-core-1978-1;a-1978-orel-core-1978-1	core_triage	What do the source units establish for comb (camb)?	source_citation	ending	undetermined	reviewed	unestablished	Orel2003: *kambaz [209; masculine noun]. Kroonen2013: *kamba- [279; masculine a-stem]. This is a review of citation units and retained alternatives, not a chosen PGmc endpoint. Word/stem endings are display-level comparisons until aligned paradigms are established; source silence is not dissent. Causes and full historical equivalence remain unestablished.	All linked core alternatives are retained. Type tags mark the question or visible presentation, not a settled cause; whole-word, stem, paradigm, family and component evidence are not collapsed. Historical equivalence requires a separately aligned feature/unit comparison.		Whole-core citation roster reviewed before this classification; this layer neither selects a reconstruction nor certifies every source glyph.	unreviewed			
core-1979	1979	a-1979-kroonen-core-1979-1;a-1979-orel-core-1979-1	core_triage	What do the source units establish for corn (corn)?	source_citation	ending	undetermined	reviewed	unestablished	Orel2003: *kurnan [225; neuter noun]. Kroonen2013: *kurna- [312; neuter a-stem]. This is a review of citation units and retained alternatives, not a chosen PGmc endpoint. Word/stem endings are display-level comparisons until aligned paradigms are established; source silence is not dissent. Causes and full historical equivalence remain unestablished.	All linked core alternatives are retained. Type tags mark the question or visible presentation, not a settled cause; whole-word, stem, paradigm, family and component evidence are not collapsed. Historical equivalence requires a separately aligned feature/unit comparison.		Whole-core citation roster reviewed before this classification; this layer neither selects a reconstruction nor certifies every source glyph.	unreviewed			
core-1980	1980	a-1980-kroonen-core-1980-1;a-1980-kroonen-core-1980-2;a-1980-kroonen-core-1980-3;a-1980-orel-core-1980-1;a-1980-orel-core-1980-2	core_triage	What do the source units establish for cow (cȳ)?	source_citation	ending	undetermined	reviewed	unestablished	Orel2003: *kōwz [219-220; feminine root-noun alternative with ōw]; *kūz [219-220; feminine root-noun alternative with ū]. Kroonen2013: *kō- [299; feminine root variant]; *kū- [299; feminine oblique root variant]; *kōz [299; nominative of original paradigm]. This is a review of citation units and retained alternatives, not a chosen PGmc endpoint. Word/stem endings are display-level comparisons until aligned paradigms are established; source silence is not dissent. Causes and full historical equivalence remain unestablished.	All linked core alternatives are retained. Type tags mark the question or visible presentation, not a settled cause; whole-word, stem, paradigm, family and component evidence are not collapsed. Historical equivalence requires a separately aligned feature/unit comparison.		Whole-core citation roster reviewed before this classification; this layer neither selects a reconstruction nor certifies every source glyph.	unreviewed			
core-1981	1981	a-1981-kroonen-core-1981-1;a-1981-orel-core-1981-1;a-1981-orel-core-1981-2;a-1981-orel-core-1981-3	core_triage	What do the source units establish for craft (cræft)?	source_citation	ending	undetermined	reviewed	unestablished	Orel2003: *kraftiz [220; masculine i-stem alternative]; *kraftuz [220; masculine u-stem alternative]; *krafjanan [220; comparative formation; exact relationship and qualifications in the argument]. Kroonen2013: *kraftu- [300; masculine u-stem]. This is a review of citation units and retained alternatives, not a chosen PGmc endpoint. Word/stem endings are display-level comparisons until aligned paradigms are established; source silence is not dissent. Causes and full historical equivalence remain unestablished.	All linked core alternatives are retained. Type tags mark the question or visible presentation, not a settled cause; whole-word, stem, paradigm, family and component evidence are not collapsed. Historical equivalence requires a separately aligned feature/unit comparison.		Whole-core citation roster reviewed before this classification; this layer neither selects a reconstruction nor certifies every source glyph.	unreviewed			
core-1982	1982	a-1982-kroonen-core-1982-1;a-1982-orel-core-1982-1;a-1982-orel-core-1982-2	core_triage	What do the source units establish for crop (cropp)?	source_citation	ending	undetermined	reviewed	unestablished	Orel2003: *kruppaz [222; masculine noun; homonym I and identical homonym II]; *kreupanan [221; comparative formation; exact relationship and qualifications in the argument]. Kroonen2013: *kruppa- [307; m.; citation formation]. This is a review of citation units and retained alternatives, not a chosen PGmc endpoint. Word/stem endings are display-level comparisons until aligned paradigms are established; source silence is not dissent. Causes and full historical equivalence remain unestablished.	All linked core alternatives are retained. Type tags mark the question or visible presentation, not a settled cause; whole-word, stem, paradigm, family and component evidence are not collapsed. Historical equivalence requires a separately aligned feature/unit comparison.		Whole-core citation roster reviewed before this classification; this layer neither selects a reconstruction nor certifies every source glyph.	unreviewed			
core-1983	1983	a-1983-cud-kroonen-stem;a-1983-cud-orel-formation;a-1983-cud-ringe-taylor-wgmc;a-1983-cud-clark-hall-variants;a-1983-kroonen-core-1983-1;a-1983-kroonen-core-1983-2;a-1983-kroonen-core-1983-3;a-1983-kroonen-core-1983-4;a-1983-kroonen-core-1983-5	core_triage	What do the source units establish for cud (cwedu)?	source_citation	chronological_stage;ending;gender;inflection;lexical_identity;stem_class	different_units	reviewed	unestablished	Kroonen's masculine kwedu- u-stem, Orel's feminine kweđwō(n), and Ringe-Taylor's PWGmc kwidu are different formation/stage propositions. Nordic related nouns and the suffix shorthand are not additional exact cud citations; Clark Hall's variants are attestations, not PGmc words.	All linked core alternatives are retained. Type tags mark the question or visible presentation, not a settled cause; whole-word, stem, paradigm, family and component evidence are not collapsed. Historical equivalence requires a separately aligned feature/unit comparison.	r-1983-formations	Whole-core citation roster reviewed before this classification; this layer neither selects a reconstruction nor certifies every source glyph. Earlier citation-unit explanation label analyst_inference is retained here as history; position support has not yet been reviewed as an explanation of inter-author divergence.	unreviewed			
core-1984	1984	a-1984-kroonen-core-1984-1;a-1984-orel-core-1984-1;a-1984-orel-core-1984-2	core_triage	What do the source units establish for dale (dæl)?	source_citation	ending	undetermined	reviewed	unestablished	Orel2003: *đalaz [67; masculine alternative]; *đalan [67; neuter alternative]. Kroonen2013: *dala- [87-88; m.; citation formation]. This is a review of citation units and retained alternatives, not a chosen PGmc endpoint. Word/stem endings are display-level comparisons until aligned paradigms are established; source silence is not dissent. Causes and full historical equivalence remain unestablished.	All linked core alternatives are retained. Type tags mark the question or visible presentation, not a settled cause; whole-word, stem, paradigm, family and component evidence are not collapsed. Historical equivalence requires a separately aligned feature/unit comparison.		Whole-core citation roster reviewed before this classification; this layer neither selects a reconstruction nor certifies every source glyph.	unreviewed			
core-1985	1985	a-1985-kroonen-core-1985-1;a-1985-orel-core-1985-1	core_triage	What do the source units establish for day (dæġ)?	source_citation	ending	undetermined	reviewed	unestablished	Orel2003: *đaʒaz [66; masculine noun]. Kroonen2013: *daga- [86-87; masculine a-stem]. This is a review of citation units and retained alternatives, not a chosen PGmc endpoint. Word/stem endings are display-level comparisons until aligned paradigms are established; source silence is not dissent. Causes and full historical equivalence remain unestablished.	All linked core alternatives are retained. Type tags mark the question or visible presentation, not a settled cause; whole-word, stem, paradigm, family and component evidence are not collapsed. Historical equivalence requires a separately aligned feature/unit comparison.		Whole-core citation roster reviewed before this classification; this layer neither selects a reconstruction nor certifies every source glyph.	unreviewed			
core-1986	1986	a-1986-kroonen-core-1986-1;a-1986-orel-core-1986-1	core_triage	What do the source units establish for deal (dǣl)?	source_citation	ending;gender;stem_class	undetermined	reviewed	unestablished	Orel2003: *đailiz [67; masculine i-stem noun]. Kroonen2013: *daili- [87; masculine/feminine i-stem]. This is a review of citation units and retained alternatives, not a chosen PGmc endpoint. Word/stem endings are display-level comparisons until aligned paradigms are established; source silence is not dissent. Causes and full historical equivalence remain unestablished.	All linked core alternatives are retained. Type tags mark the question or visible presentation, not a settled cause; whole-word, stem, paradigm, family and component evidence are not collapsed. Historical equivalence requires a separately aligned feature/unit comparison.		Whole-core citation roster reviewed before this classification; this layer neither selects a reconstruction nor certifies every source glyph.	unreviewed			
core-1987	1987	a-1987-kroonen-core-1987-1;a-1987-orel-core-1987-1	core_triage	What do the source units establish for deed (dǣd)?	source_citation	ending	undetermined	reviewed	unestablished	Orel2003: *đēđiz [72; feminine i-stem noun]. Kroonen2013: *dēdi- [92; feminine i-stem]. This is a review of citation units and retained alternatives, not a chosen PGmc endpoint. Word/stem endings are display-level comparisons until aligned paradigms are established; source silence is not dissent. Causes and full historical equivalence remain unestablished.	All linked core alternatives are retained. Type tags mark the question or visible presentation, not a settled cause; whole-word, stem, paradigm, family and component evidence are not collapsed. Historical equivalence requires a separately aligned feature/unit comparison.		Whole-core citation roster reviewed before this classification; this layer neither selects a reconstruction nor certifies every source glyph.	unreviewed			
core-1988	1988	a-1988-kroonen-core-1988-1;a-1988-orel-core-1988-1;a-1988-orel-core-1988-2;a-1988-orel-core-1988-3	core_triage	What do the source units establish for deer (dēor)?	source_citation	ending	undetermined	reviewed	unestablished	Orel2003: *đeuzan [71-72; neuter noun]; *dheuso- [71; comparative stem; exact relationship and qualifications in the argument]; *dhouso- [71; comparative stem; exact relationship and qualifications in the argument]. Kroonen2013: *deuza- [94-95; neuter a-stem]. This is a review of citation units and retained alternatives, not a chosen PGmc endpoint. Word/stem endings are display-level comparisons until aligned paradigms are established; source silence is not dissent. Causes and full historical equivalence remain unestablished.	All linked core alternatives are retained. Type tags mark the question or visible presentation, not a settled cause; whole-word, stem, paradigm, family and component evidence are not collapsed. Historical equivalence requires a separately aligned feature/unit comparison.		Whole-core citation roster reviewed before this classification; this layer neither selects a reconstruction nor certifies every source glyph.	unreviewed			
core-1989	1989	a-1989-kroonen-core-1989-1;a-1989-orel-core-1989-1;a-1989-orel-core-1989-2	core_triage	What do the source units establish for dew (dēaw)?	source_citation	ending;gender;stem_class	undetermined	reviewed	unestablished	Orel2003: *đawwō [70; feminine alternative]; *đawwan [70; neuter alternative]. Kroonen2013: *dawwa/ō- [91; masculine/feminine headword variants]. This is a review of citation units and retained alternatives, not a chosen PGmc endpoint. Word/stem endings are display-level comparisons until aligned paradigms are established; source silence is not dissent. Causes and full historical equivalence remain unestablished.	All linked core alternatives are retained. Type tags mark the question or visible presentation, not a settled cause; whole-word, stem, paradigm, family and component evidence are not collapsed. Historical equivalence requires a separately aligned feature/unit comparison.		Whole-core citation roster reviewed before this classification; this layer neither selects a reconstruction nor certifies every source glyph.	unreviewed			
core-1990	1990	a-1990-dill-orel-headword;a-1990-dill-kroonen-i-stem;a-1990-dill-kroonen-ja-stem;a-1990-dill-kroonen-rounded-i-stem;a-1990-dill-kroonen-rounded-ja-stem;a-1990-dill-kroonen-original-nominative;a-1990-dill-kroonen-original-genitive	core_triage	What do the source units establish for dill (dile)?	source_citation	ending;suffix	undetermined	reviewed	unestablished	Orel2003: *đeljaz [70; masculine ja-stem citation]. Kroonen2013: *deli- [92; masculine i-stem headword alternative]; *delja- [92; masculine ja-stem headword alternative]; *duli- [92; proposed additional ablauting i-stem]; *dulja- [92; proposed additional ablauting ja-stem]; *deliz [92; nominative in the conditionally reconstructed original paradigm]; *duljaz [92; genitive in the conditionally reconstructed original paradigm]. This is a review of citation units and retained alternatives, not a chosen PGmc endpoint. Word/stem endings are display-level comparisons until aligned paradigms are established; source silence is not dissent. Causes and full historical equivalence remain unestablished.	All linked core alternatives are retained. Type tags mark the question or visible presentation, not a settled cause; whole-word, stem, paradigm, family and component evidence are not collapsed. Historical equivalence requires a separately aligned feature/unit comparison.		Whole-core citation roster reviewed before this classification; this layer neither selects a reconstruction nor certifies every source glyph.	unreviewed			
core-1991	1991	a-1991-kroonen-core-1991-1;a-1991-orel-core-1991-1	core_triage	What do the source units establish for do (dōn)?	source_citation	ending;inflection;suffix	undetermined	reviewed	unestablished	Orel2003: *đōnan [73; strong verb dictionary citation]. Kroonen2013: *dōn- [98; irregular athematic verb]. This is a review of citation units and retained alternatives, not a chosen PGmc endpoint. Word/stem endings are display-level comparisons until aligned paradigms are established; source silence is not dissent. Causes and full historical equivalence remain unestablished.	All linked core alternatives are retained. Type tags mark the question or visible presentation, not a settled cause; whole-word, stem, paradigm, family and component evidence are not collapsed. Historical equivalence requires a separately aligned feature/unit comparison.		Whole-core citation roster reviewed before this classification; this layer neither selects a reconstruction nor certifies every source glyph.	unreviewed			
core-1992	1992	a-1992-kroonen-core-1992-1;a-1992-orel-core-1992-1;a-1992-orel-core-1992-2;a-1992-orel-core-1992-3	core_triage	What do the source units establish for door (dor)?	source_citation	ending;gender;stem_class	undetermined	reviewed	unestablished	Orel2003: *đuran [79; neuter alternative]; *đurō [79; feminine alternative]; *đurz [79-80; feminine root-noun family]. Kroonen2013: *dura- [110; neuter singular]. This is a review of citation units and retained alternatives, not a chosen PGmc endpoint. Word/stem endings are display-level comparisons until aligned paradigms are established; source silence is not dissent. Causes and full historical equivalence remain unestablished.	All linked core alternatives are retained. Type tags mark the question or visible presentation, not a settled cause; whole-word, stem, paradigm, family and component evidence are not collapsed. Historical equivalence requires a separately aligned feature/unit comparison.		Whole-core citation roster reviewed before this classification; this layer neither selects a reconstruction nor certifies every source glyph.	unreviewed			
core-1993	1993	a-1993-kroonen-core-1993-1;a-1993-orel-core-1993-1;a-1993-orel-core-1993-2	core_triage	What do the source units establish for dough (dāg)?	source_citation	ending	undetermined	reviewed	unestablished	Orel2003: *đaiʒaz [66-67; masculine noun; homonym I]; *đīʒanan [66-67; comparative formation; exact relationship and qualifications in the argument]. Kroonen2013: *daiga- [87; masculine a-stem]. This is a review of citation units and retained alternatives, not a chosen PGmc endpoint. Word/stem endings are display-level comparisons until aligned paradigms are established; source silence is not dissent. Causes and full historical equivalence remain unestablished.	All linked core alternatives are retained. Type tags mark the question or visible presentation, not a settled cause; whole-word, stem, paradigm, family and component evidence are not collapsed. Historical equivalence requires a separately aligned feature/unit comparison.		Whole-core citation roster reviewed before this classification; this layer neither selects a reconstruction nor certifies every source glyph.	unreviewed			
core-1994	1994	a-1994-kroonen-core-1994-1;a-1994-orel-core-1994-1	core_triage	What do the source units establish for dove (-)?	source_citation	ending	undetermined	reviewed	unestablished	Orel2003: *đūbōn [80; feminine noun]. Kroonen2013: *dūbōn- [106; feminine ōn-stem]. This is a review of citation units and retained alternatives, not a chosen PGmc endpoint. Word/stem endings are display-level comparisons until aligned paradigms are established; source silence is not dissent. Causes and full historical equivalence remain unestablished.	All linked core alternatives are retained. Type tags mark the question or visible presentation, not a settled cause; whole-word, stem, paradigm, family and component evidence are not collapsed. Historical equivalence requires a separately aligned feature/unit comparison.		Whole-core citation roster reviewed before this classification; this layer neither selects a reconstruction nor certifies every source glyph.	unreviewed			
core-1995	1995	a-1995-kroonen-core-1995-1;a-1995-kroonen-core-1995-2;a-1995-orel-core-1995-1;a-1995-orel-core-1995-2;a-1995-orel-core-1995-3;a-1995-orel-core-1995-4	core_triage	What do the source units establish for dream (drēam)?	source_citation	ending	undetermined	reviewed	unestablished	Orel2003: *đraumaz [75; masculine noun]; *đreusanan [75; comparative formation; exact relationship and qualifications in the argument]; *đrauʒmaz [75; quoted competing dream/joy formation]; *drauʒaz [75; comparison accompanying Schröder's competing *đrauʒmaz]. Kroonen2013: *drauma- [100-101; masculine a-stem]; *draugma- [101; earlier dream formation]. This is a review of citation units and retained alternatives, not a chosen PGmc endpoint. Word/stem endings are display-level comparisons until aligned paradigms are established; source silence is not dissent. Causes and full historical equivalence remain unestablished.	All linked core alternatives are retained. Type tags mark the question or visible presentation, not a settled cause; whole-word, stem, paradigm, family and component evidence are not collapsed. Historical equivalence requires a separately aligned feature/unit comparison.		Whole-core citation roster reviewed before this classification; this layer neither selects a reconstruction nor certifies every source glyph.	unreviewed			
core-1996	1996	a-1996-kroonen-core-1997-1;a-1996-kroonen-core-1996-1;a-1996-kroonen-core-1996-2;a-1996-orel-core-1996-1;a-1996-orel-core-1996-2	core_triage	What do the source units establish for drench (drenċ)?	source_citation	ablaut;ending;inflection;lexical_identity;suffix;vocalism	different_units	reviewed	unestablished	Kroonen prints the causative drankjan- and related drink formations; Orel's evidence here is drink/potion/beverage nouns. Family evidence can inform drench, but no Orel causative has been invented. Distinct a/e/u presentations are not a direct conflict between two quotations of the same verb.	All linked core alternatives are retained. Type tags mark the question or visible presentation, not a settled cause; whole-word, stem, paradigm, family and component evidence are not collapsed. Historical equivalence requires a separately aligned feature/unit comparison.	r-1996-derivation	Whole-core citation roster reviewed before this classification; this layer neither selects a reconstruction nor certifies every source glyph. Earlier citation-unit explanation label source_explicit is retained here as history; position support has not yet been reviewed as an explanation of inter-author divergence.	unreviewed			
core-1997	1997	a-1997-kroonen-core-1997-1;a-1997-orel-core-1997-1;a-1997-orel-core-1997-2	core_triage	What do the source units establish for drink (drincan)?	source_citation	ending;vocalism	undetermined	reviewed	unestablished	Orel2003: *đrenkanan [75; strong verb citation]; *đrankjanan [75; comparative formation; exact relationship and qualifications in the argument]. Kroonen2013: *drinkan- [103; strong verb]. This is a review of citation units and retained alternatives, not a chosen PGmc endpoint. Word/stem endings are display-level comparisons until aligned paradigms are established; source silence is not dissent. Causes and full historical equivalence remain unestablished.	All linked core alternatives are retained. Type tags mark the question or visible presentation, not a settled cause; whole-word, stem, paradigm, family and component evidence are not collapsed. Historical equivalence requires a separately aligned feature/unit comparison.		Whole-core citation roster reviewed before this classification; this layer neither selects a reconstruction nor certifies every source glyph.	unreviewed			
core-1998	1998	a-1998-kroonen-core-1998-1;a-1998-orel-core-1998-1	core_triage	What do the source units establish for drive (drīfan)?	source_citation	ending	undetermined	reviewed	unestablished	Orel2003: *đrībanan [76; strong verb citation]. Kroonen2013: *drīban- [103; strong verb]. This is a review of citation units and retained alternatives, not a chosen PGmc endpoint. Word/stem endings are display-level comparisons until aligned paradigms are established; source silence is not dissent. Causes and full historical equivalence remain unestablished.	All linked core alternatives are retained. Type tags mark the question or visible presentation, not a settled cause; whole-word, stem, paradigm, family and component evidence are not collapsed. Historical equivalence requires a separately aligned feature/unit comparison.		Whole-core citation roster reviewed before this classification; this layer neither selects a reconstruction nor certifies every source glyph.	unreviewed			
core-1999	1999	a-1999-kroonen-core-1999-1;a-1999-orel-core-1999-1;a-1999-orel-core-1999-2;a-1999-orel-core-1999-3;a-1999-orel-core-1999-4	core_triage	What do the source units establish for earth (eorþe)?	source_citation	ending;gender;stem_class	undetermined	reviewed	unestablished	Orel2003: *erþō [86; feminine noun]; *erþōn [86; source formation explicitly attached to OE eorðe]; *erþiz [86; comparative formation; exact relationship and qualifications in the argument]; *erwōn [86; comparative formation; exact relationship and qualifications in the argument]. Kroonen2013: *erþō- [118-119; f.; citation formation]. This is a review of citation units and retained alternatives, not a chosen PGmc endpoint. Word/stem endings are display-level comparisons until aligned paradigms are established; source silence is not dissent. Causes and full historical equivalence remain unestablished.	All linked core alternatives are retained. Type tags mark the question or visible presentation, not a settled cause; whole-word, stem, paradigm, family and component evidence are not collapsed. Historical equivalence requires a separately aligned feature/unit comparison.		Whole-core citation roster reviewed before this classification; this layer neither selects a reconstruction nor certifies every source glyph.	unreviewed			
core-2000	2000	a-2000-kroonen-core-2000-1;a-2000-orel-core-2000-1	core_triage	What do the source units establish for eat (etan)?	source_citation	ending	undetermined	reviewed	unestablished	Orel2003: *etanan [86; strong verb citation]. Kroonen2013: *etan- [119; s.v.; citation formation]. This is a review of citation units and retained alternatives, not a chosen PGmc endpoint. Word/stem endings are display-level comparisons until aligned paradigms are established; source silence is not dissent. Causes and full historical equivalence remain unestablished.	All linked core alternatives are retained. Type tags mark the question or visible presentation, not a settled cause; whole-word, stem, paradigm, family and component evidence are not collapsed. Historical equivalence requires a separately aligned feature/unit comparison.		Whole-core citation roster reviewed before this classification; this layer neither selects a reconstruction nor certifies every source glyph.	unreviewed			
core-2001	2001	a-2001-kroonen-core-2001-1;a-2001-orel-core-2001-1	core_triage	What do the source units establish for eel (ǣl)?	source_citation	ending	undetermined	reviewed	unestablished	Orel2003: *ēlaz [87; masculine noun; homonym II]. Kroonen2013: *ēla- [116; m.; citation formation]. This is a review of citation units and retained alternatives, not a chosen PGmc endpoint. Word/stem endings are display-level comparisons until aligned paradigms are established; source silence is not dissent. Causes and full historical equivalence remain unestablished.	All linked core alternatives are retained. Type tags mark the question or visible presentation, not a settled cause; whole-word, stem, paradigm, family and component evidence are not collapsed. Historical equivalence requires a separately aligned feature/unit comparison.		Whole-core citation roster reviewed before this classification; this layer neither selects a reconstruction nor certifies every source glyph.	unreviewed			
core-2002	2002	a-2002-kroonen-core-2002-1;a-2002-orel-core-2002-1;a-2002-orel-core-2002-2;a-2002-orel-core-2002-3	core_triage	What do the source units establish for fall (feallan)?	source_citation	ending	undetermined	reviewed	unestablished	Orel2003: *fallanan [91; strong verb citation]; *pol-n- [91; comparative stem; exact relationship and qualifications in the argument]; *pol- [91; comparative stem; exact relationship and qualifications in the argument]. Kroonen2013: *fallan- [125-126; s.v.; citation formation]. This is a review of citation units and retained alternatives, not a chosen PGmc endpoint. Word/stem endings are display-level comparisons until aligned paradigms are established; source silence is not dissent. Causes and full historical equivalence remain unestablished.	All linked core alternatives are retained. Type tags mark the question or visible presentation, not a settled cause; whole-word, stem, paradigm, family and component evidence are not collapsed. Historical equivalence requires a separately aligned feature/unit comparison.		Whole-core citation roster reviewed before this classification; this layer neither selects a reconstruction nor certifies every source glyph.	unreviewed			
core-2003	2003	a-2003-kroonen-core-2003-1;a-2003-orel-core-2003-1;a-2003-orel-core-2003-2	core_triage	What do the source units establish for fare (faran)?	source_citation	ending	undetermined	reviewed	unestablished	Orel2003: *faranan [93; strong verb citation]; *farjanan [93; comparative formation; exact relationship and qualifications in the argument]. Kroonen2013: *faran- [128; s.v.; citation formation]. This is a review of citation units and retained alternatives, not a chosen PGmc endpoint. Word/stem endings are display-level comparisons until aligned paradigms are established; source silence is not dissent. Causes and full historical equivalence remain unestablished.	All linked core alternatives are retained. Type tags mark the question or visible presentation, not a settled cause; whole-word, stem, paradigm, family and component evidence are not collapsed. Historical equivalence requires a separately aligned feature/unit comparison.		Whole-core citation roster reviewed before this classification; this layer neither selects a reconstruction nor certifies every source glyph.	unreviewed			
core-2004	2004	a-2004-kroonen-core-2004-1;a-2004-kroonen-core-2004-2;a-2004-kroonen-core-2004-3;a-2004-orel-core-2004-1;a-2004-orel-core-2004-2	core_triage	What do the source units establish for fast (festan)?	source_citation	ending;lexical_identity	different_units	reviewed	unestablished	Orel2003: *fastjanan [95; weak verb citation]; *fastaz [95; comparative formation; exact relationship and qualifications in the argument]. Kroonen2013: *fastu- [131; firm / solid u-stem adjective; fastening-family base]; *fastēn- [131; fasting weak verb, related within firm-root family]; *fast-umnjō- [131; feminine fasting noun derivative]. This is a review of citation units and retained alternatives, not a chosen PGmc endpoint. Word/stem endings are display-level comparisons until aligned paradigms are established; source silence is not dissent. Causes and full historical equivalence remain unestablished.	All linked core alternatives are retained. Type tags mark the question or visible presentation, not a settled cause; whole-word, stem, paradigm, family and component evidence are not collapsed. Historical equivalence requires a separately aligned feature/unit comparison.		Whole-core citation roster reviewed before this classification; this layer neither selects a reconstruction nor certifies every source glyph.	unreviewed			
core-2005	2005	a-2005-kroonen-core-2005-1;a-2005-orel-core-2005-1	core_triage	What do the source units establish for father (fæder)?	source_citation	ending;quantity	undetermined	reviewed	unestablished	Orel2003: *fađēr [88; masculine kinship noun]. Kroonen2013: *fader- [121; m.; citation formation]. This is a review of citation units and retained alternatives, not a chosen PGmc endpoint. Word/stem endings are display-level comparisons until aligned paradigms are established; source silence is not dissent. Causes and full historical equivalence remain unestablished.	All linked core alternatives are retained. Type tags mark the question or visible presentation, not a settled cause; whole-word, stem, paradigm, family and component evidence are not collapsed. Historical equivalence requires a separately aligned feature/unit comparison.		Whole-core citation roster reviewed before this classification; this layer neither selects a reconstruction nor certifies every source glyph.	unreviewed			
core-2006	2006	a-2006-kroonen-core-2006-1;a-2006-orel-core-2006-1;a-2006-orel-core-2006-2	core_triage	What do the source units establish for fee (feoh)?	source_citation		undetermined	reviewed	unestablished	Orel2003: *fexu [97; neuter noun]; *fexan [97; formation explicitly attached to OE feoh]. Kroonen2013: *fehu [134; n.; citation formation]. This is a review of citation units and retained alternatives, not a chosen PGmc endpoint. Word/stem endings are display-level comparisons until aligned paradigms are established; source silence is not dissent. Causes and full historical equivalence remain unestablished.	All linked core alternatives are retained. Type tags mark the question or visible presentation, not a settled cause; whole-word, stem, paradigm, family and component evidence are not collapsed. Historical equivalence requires a separately aligned feature/unit comparison.		Whole-core citation roster reviewed before this classification; this layer neither selects a reconstruction nor certifies every source glyph.	unreviewed			
core-2007	2007	a-2007-kroonen-core-2007-1;a-2007-orel-core-2007-1;a-2007-orel-core-2007-2	core_triage	What do the source units establish for fell (fell)?	source_citation	ending	undetermined	reviewed	unestablished	Orel2003: *fellan [97; neuter skin noun]; *pel-n- [97; comparative stem; exact relationship and qualifications in the argument]. Kroonen2013: *fella- [135; n.; citation formation]. This is a review of citation units and retained alternatives, not a chosen PGmc endpoint. Word/stem endings are display-level comparisons until aligned paradigms are established; source silence is not dissent. Causes and full historical equivalence remain unestablished.	All linked core alternatives are retained. Type tags mark the question or visible presentation, not a settled cause; whole-word, stem, paradigm, family and component evidence are not collapsed. Historical equivalence requires a separately aligned feature/unit comparison.		Whole-core citation roster reviewed before this classification; this layer neither selects a reconstruction nor certifies every source glyph.	unreviewed			
core-2008	2008	a-2008-kroonen-core-2008-1;a-2008-orel-core-2008-1	core_triage	What do the source units establish for fern (fearn)?	source_citation	ending;gender;stem_class	undetermined	reviewed	unestablished	Orel2003: *farnan [94; neuter noun]. Kroonen2013: *farna- [129-130; m.; citation formation]. This is a review of citation units and retained alternatives, not a chosen PGmc endpoint. Word/stem endings are display-level comparisons until aligned paradigms are established; source silence is not dissent. Causes and full historical equivalence remain unestablished.	All linked core alternatives are retained. Type tags mark the question or visible presentation, not a settled cause; whole-word, stem, paradigm, family and component evidence are not collapsed. Historical equivalence requires a separately aligned feature/unit comparison.		Whole-core citation roster reviewed before this classification; this layer neither selects a reconstruction nor certifies every source glyph.	unreviewed			
core-2009	2009	a-2009-kroonen-core-2009-1;a-2009-orel-core-2009-1;a-2009-orel-core-2009-2;a-2009-orel-core-2009-3;a-2009-orel-core-2009-4;a-2009-orel-core-2009-5	core_triage	What do the source units establish for field (feld)?	source_citation	ending	undetermined	reviewed	unestablished	Orel2003: *felþuz [97-98; masculine u-stem alternative]; *felþaz [97-98; masculine a-stem alternative]; *peltu- [97; comparative stem; exact relationship and qualifications in the argument]; *pl̥tu- [98; comparative stem; exact relationship and qualifications in the argument]; *fulđō(n) [98; comparative formation; exact relationship and qualifications in the argument]. Kroonen2013: *felþa- [135-136; m.; citation formation]. This is a review of citation units and retained alternatives, not a chosen PGmc endpoint. Word/stem endings are display-level comparisons until aligned paradigms are established; source silence is not dissent. Causes and full historical equivalence remain unestablished.	All linked core alternatives are retained. Type tags mark the question or visible presentation, not a settled cause; whole-word, stem, paradigm, family and component evidence are not collapsed. Historical equivalence requires a separately aligned feature/unit comparison.		Whole-core citation roster reviewed before this classification; this layer neither selects a reconstruction nor certifies every source glyph.	unreviewed			
core-2010	2010	a-2010-kroonen-core-2010-1;a-2010-orel-core-2010-1;a-2010-orel-core-2010-2	core_triage	What do the source units establish for fight (feohtan)?	source_citation	ending	undetermined	reviewed	unestablished	Orel2003: *fextanan [96-97; strong verb citation]; *flextanan [97; comparative formation; exact relationship and qualifications in the argument]. Kroonen2013: *fehtan- [134; s.v.; citation formation]. This is a review of citation units and retained alternatives, not a chosen PGmc endpoint. Word/stem endings are display-level comparisons until aligned paradigms are established; source silence is not dissent. Causes and full historical equivalence remain unestablished.	All linked core alternatives are retained. Type tags mark the question or visible presentation, not a settled cause; whole-word, stem, paradigm, family and component evidence are not collapsed. Historical equivalence requires a separately aligned feature/unit comparison.		Whole-core citation roster reviewed before this classification; this layer neither selects a reconstruction nor certifies every source glyph.	unreviewed			
core-2011	2011	a-2011-find-orel-headword;a-2011-find-kroonen-stem	core_triage	What do the source units establish for find (fundene)?	source_citation	ending;inflection;phonemic_inventory;vocalism	undetermined	reviewed	unestablished	Orel fenþanan and Kroonen finþan- differ in the citation vowel, but neither quotes selected u-grade fundene. Orel's e/i method and Kroonen's nasal raising are relevant explanatory premises, not authority to assemble a participle or date every citation.	All linked core alternatives are retained. Type tags mark the question or visible presentation, not a settled cause; whole-word, stem, paradigm, family and component evidence are not collapsed. Historical equivalence requires a separately aligned feature/unit comparison.	r-2011-nasal	Whole-core citation roster reviewed before this classification; this layer neither selects a reconstruction nor certifies every source glyph. Earlier citation-unit explanation label analyst_inference is retained here as history; position support has not yet been reviewed as an explanation of inter-author divergence.	unreviewed			
core-2012	2012	a-2012-kroonen-core-2012-1;a-2012-orel-core-2012-1;a-2012-orel-core-2012-2;a-2012-orel-core-2012-3	core_triage	What do the source units establish for finger (finger)?	source_citation	ending;vocalism	undetermined	reviewed	unestablished	Orel2003: *fenʒraz [99; masculine noun]; *fenfe [99; five numeral cited by the finger and fist families]; *fenxwe [98; antecedent of the five numeral used in finger/fist comparisons]. Kroonen2013: *fingra- [141; m.; citation formation]. This is a review of citation units and retained alternatives, not a chosen PGmc endpoint. Word/stem endings are display-level comparisons until aligned paradigms are established; source silence is not dissent. Causes and full historical equivalence remain unestablished.	All linked core alternatives are retained. Type tags mark the question or visible presentation, not a settled cause; whole-word, stem, paradigm, family and component evidence are not collapsed. Historical equivalence requires a separately aligned feature/unit comparison.		Whole-core citation roster reviewed before this classification; this layer neither selects a reconstruction nor certifies every source glyph.	unreviewed			
core-2013	2013	a-2013-kroonen-core-2013-1;a-2013-kroonen-core-2013-2;a-2013-kroonen-core-2013-3;a-2013-kroonen-core-2013-4;a-2013-kroonen-core-2013-5;a-2013-kroonen-core-2013-6;a-2013-kroonen-core-2013-7;a-2013-kroonen-core-2013-8;a-2013-kroonen-core-2013-9;a-2013-kroonen-core-2013-10;a-2013-kroonen-core-2013-11;a-2013-kroonen-core-2013-12;a-2013-kroonen-core-2013-13;a-2013-orel-core-2013-1;a-2013-orel-core-2013-2;a-2013-orel-core-2013-3;a-2013-orel-core-2013-4;a-2013-orel-core-2013-5	core_triage	What do the source units establish for fire (fȳre)?	source_citation	ending;quantity;stem_class;vocalism	undetermined	reviewed	unestablished	Orel2003: *fuwer [121; neuter r-stem alternative]; *fūr [121; neuter contracted r-stem alternative]; *funōn [119; feminine/masculine n-formation]; *furaz [121; comparative formation; exact relationship and qualifications in the argument]; *funkōn [119; comparative formation; exact relationship and qualifications in the argument]. Kroonen2013: *fōr [151; heteroclitic neuter citation / nominative]; *fun- [151; heteroclitic n-stem alternate]; *funins [151; genitive of PGmc paradigm]; *funaz [151; older genitive]; *fu(w)eni [151; dative of PGmc paradigm]; *fu(w)eri [151; dative behind front-mutated reflexes]; *feuri [151; metathesized case form behind OE fior / Frisian forms]; *péh₂-ur [151; pre-Germanic heteroclitic antecedent]; *ph₂-uōr [151; rejected pre-Germanic antecedent]; *fawōr [151; counterfactual Germanic outcome]; *pūnós [151; antecedent of older genitive]; *ph₂-un-ós [151; Pre-Germanic fire genitive]; *ph₂-uén-i [151; Pre-Germanic fire locative]. This is a review of citation units and retained alternatives, not a chosen PGmc endpoint. Word/stem endings are display-level comparisons until aligned paradigms are established; source silence is not dissent. Causes and full historical equivalence remain unestablished.	All linked core alternatives are retained. Type tags mark the question or visible presentation, not a settled cause; whole-word, stem, paradigm, family and component evidence are not collapsed. Historical equivalence requires a separately aligned feature/unit comparison.	r-2013-kroonen-core-2013-1-argument;r-2013-orel-core-2013-1-argument;r-2013-orel-core-2013-3-argument	Whole-core citation roster reviewed before this classification; this layer neither selects a reconstruction nor certifies every source glyph.	unreviewed			
core-2014	2014	a-2014-kroonen-core-2014-1;a-2014-orel-core-2014-1;a-2014-orel-core-2014-2	core_triage	What do the source units establish for fish (fisċ)?	source_citation	ending	undetermined	reviewed	unestablished	Orel2003: *fiskaz [103; masculine noun]; *peiskos [103; comparative formation; exact relationship and qualifications in the argument]. Kroonen2013: *fiska- [142-143; m.; citation formation]. This is a review of citation units and retained alternatives, not a chosen PGmc endpoint. Word/stem endings are display-level comparisons until aligned paradigms are established; source silence is not dissent. Causes and full historical equivalence remain unestablished.	All linked core alternatives are retained. Type tags mark the question or visible presentation, not a settled cause; whole-word, stem, paradigm, family and component evidence are not collapsed. Historical equivalence requires a separately aligned feature/unit comparison.		Whole-core citation roster reviewed before this classification; this layer neither selects a reconstruction nor certifies every source glyph.	unreviewed			
core-2015	2015	a-2015-kroonen-core-2015-1;a-2015-orel-core-2015-1;a-2015-orel-core-2012-2;a-2015-orel-core-2012-3	core_triage	What do the source units establish for fist (fȳst)?	source_citation	consonantism;ending	undetermined	reviewed	unestablished	Orel2003: *funxwstiz [118-119; feminine i-stem noun]; *fenfe [99; five numeral cited by the finger and fist families]; *fenxwe [98; antecedent of the five numeral used in finger/fist comparisons]. Kroonen2013: *funhsti- [160; f.; citation formation]. This is a review of citation units and retained alternatives, not a chosen PGmc endpoint. Word/stem endings are display-level comparisons until aligned paradigms are established; source silence is not dissent. Causes and full historical equivalence remain unestablished.	All linked core alternatives are retained. Type tags mark the question or visible presentation, not a settled cause; whole-word, stem, paradigm, family and component evidence are not collapsed. Historical equivalence requires a separately aligned feature/unit comparison.		Whole-core citation roster reviewed before this classification; this layer neither selects a reconstruction nor certifies every source glyph.	unreviewed			
core-2016	2016	a-2016-orel-core-2016-1;a-2016-orel-core-2016-2;a-2016-orel-core-2016-3	core_triage	What do the source units establish for flask (flasce)?	source_citation	ending	insufficient_evidence	reviewed	unestablished	Orel2003: *flaskō(n) [105; feminine noun; parenthesized n]; *flataz [105; comparative formation; exact relationship and qualifications in the argument]; *flaxt-ska- [105; comparative stem; exact relationship and qualifications in the argument]. Kroonen2013: no_form_found; Kulba(n) flask sense belongs to club/round-object family, not flask/flaskōn. No source-supported flaska lexical/root family found through complete vessel, fl- and index searches. This is a review of citation units and retained alternatives, not a chosen PGmc endpoint. Word/stem endings are display-level comparisons until aligned paradigms are established; source silence is not dissent. Causes and full historical equivalence remain unestablished.	All linked core alternatives are retained. Type tags mark the question or visible presentation, not a settled cause; whole-word, stem, paradigm, family and component evidence are not collapsed. Historical equivalence requires a separately aligned feature/unit comparison.		Whole-core citation roster reviewed before this classification; this layer neither selects a reconstruction nor certifies every source glyph.	unreviewed			
core-2017	2017	a-2017-kroonen-core-2017-1;a-2017-orel-core-2017-1	core_triage	What do the source units establish for flax (fleax)?	source_citation	ending	undetermined	reviewed	unestablished	Orel2003: *flaxsan [104; neuter noun]. Kroonen2013: *flahsa- [143; n.; citation formation]. This is a review of citation units and retained alternatives, not a chosen PGmc endpoint. Word/stem endings are display-level comparisons until aligned paradigms are established; source silence is not dissent. Causes and full historical equivalence remain unestablished.	All linked core alternatives are retained. Type tags mark the question or visible presentation, not a settled cause; whole-word, stem, paradigm, family and component evidence are not collapsed. Historical equivalence requires a separately aligned feature/unit comparison.		Whole-core citation roster reviewed before this classification; this layer neither selects a reconstruction nor certifies every source glyph.	unreviewed			
core-2018	2018	a-2018-kroonen-core-2018-1;a-2018-orel-core-2018-1	core_triage	What do the source units establish for flea (flēah)?	source_citation	ending;stem_class	undetermined	reviewed	unestablished	Orel2003: *flauxz [105-106; masculine/feminine root noun]. Kroonen2013: *flauhō- [145; f.; citation formation]. This is a review of citation units and retained alternatives, not a chosen PGmc endpoint. Word/stem endings are display-level comparisons until aligned paradigms are established; source silence is not dissent. Causes and full historical equivalence remain unestablished.	All linked core alternatives are retained. Type tags mark the question or visible presentation, not a settled cause; whole-word, stem, paradigm, family and component evidence are not collapsed. Historical equivalence requires a separately aligned feature/unit comparison.		Whole-core citation roster reviewed before this classification; this layer neither selects a reconstruction nor certifies every source glyph.	unreviewed			
core-2019	2019	a-2019-kroonen-core-2019-1;a-2019-orel-core-2019-1	core_triage	What do the source units establish for flee (flēon)?	source_citation	consonantism;ending	undetermined	reviewed	unestablished	Orel2003: *fleuxanan [107; strong verb citation]. Kroonen2013: *þleuhan- [544; s.v.; citation formation]. This is a review of citation units and retained alternatives, not a chosen PGmc endpoint. Word/stem endings are display-level comparisons until aligned paradigms are established; source silence is not dissent. Causes and full historical equivalence remain unestablished.	All linked core alternatives are retained. Type tags mark the question or visible presentation, not a settled cause; whole-word, stem, paradigm, family and component evidence are not collapsed. Historical equivalence requires a separately aligned feature/unit comparison.		Whole-core citation roster reviewed before this classification; this layer neither selects a reconstruction nor certifies every source glyph.	unreviewed			
core-2020	2020	a-2020-orel-core-2020-1;a-2020-orel-core-2020-2;a-2020-orel-core-2020-3	core_triage	What do the source units establish for flesh (flǣsċ)?	source_citation	ending	insufficient_evidence	reviewed	unestablished	Orel2003: *flaiskaz [104; neuter noun]; *flaik-sk- [104; comparative stem; exact relationship and qualifications in the argument]; *þlaiskiz [104; Osthoff's competing flesh formation, printed initial thorn]. Kroonen2013: no_form_found; Harunda skin and mimza meat provide different reconstructed families; flesh-like glosses do not identify flaisk family. No matching flesh family found in completed fl-/index/body searches. This is a review of citation units and retained alternatives, not a chosen PGmc endpoint. Word/stem endings are display-level comparisons until aligned paradigms are established; source silence is not dissent. Causes and full historical equivalence remain unestablished.	All linked core alternatives are retained. Type tags mark the question or visible presentation, not a settled cause; whole-word, stem, paradigm, family and component evidence are not collapsed. Historical equivalence requires a separately aligned feature/unit comparison.		Whole-core citation roster reviewed before this classification; this layer neither selects a reconstruction nor certifies every source glyph.	unreviewed			
core-2021	2021	a-2021-kroonen-core-2021-1;a-2021-orel-core-2021-1;a-2021-orel-core-2021-2;a-2021-orel-core-2021-3;a-2021-orel-core-2021-4	core_triage	What do the source units establish for flood (flōd)?	source_citation	ending	undetermined	reviewed	unestablished	Orel2003: *flōđan [107; neuter noun]; *flōđuz [107; masculine u-stem noun]; *flōđiz [107; feminine i-stem family]; *flōwanan [107; comparative formation; exact relationship and qualifications in the argument]. Kroonen2013: *flōdu- [147-148; m./f.; citation formation]. This is a review of citation units and retained alternatives, not a chosen PGmc endpoint. Word/stem endings are display-level comparisons until aligned paradigms are established; source silence is not dissent. Causes and full historical equivalence remain unestablished.	All linked core alternatives are retained. Type tags mark the question or visible presentation, not a settled cause; whole-word, stem, paradigm, family and component evidence are not collapsed. Historical equivalence requires a separately aligned feature/unit comparison.		Whole-core citation roster reviewed before this classification; this layer neither selects a reconstruction nor certifies every source glyph.	unreviewed			
core-2022	2022	a-2022-kroonen-core-2022-1;a-2022-kroonen-core-2022-2;a-2022-kroonen-core-2022-3;a-2022-kroonen-core-2022-4;a-2022-orel-core-2022-1	core_triage	What do the source units establish for fly (flēogan)?	source_citation	ending	undetermined	reviewed	unestablished	Orel2003: *fleuʒanan [106; strong verb citation]. Kroonen2013: *fleugan- [146; strong fly citation]; *fleuhan- [146; expected Germanic h-variant, replaced in author's account]; *fleukan- [146; Germanic strong-verb k-variant behind MDu. vlieken]; *flūkan- [146; author's explicitly Pre-Germanic ū/k variant]. This is a review of citation units and retained alternatives, not a chosen PGmc endpoint. Word/stem endings are display-level comparisons until aligned paradigms are established; source silence is not dissent. Causes and full historical equivalence remain unestablished.	All linked core alternatives are retained. Type tags mark the question or visible presentation, not a settled cause; whole-word, stem, paradigm, family and component evidence are not collapsed. Historical equivalence requires a separately aligned feature/unit comparison.		Whole-core citation roster reviewed before this classification; this layer neither selects a reconstruction nor certifies every source glyph.	unreviewed			
core-2023	2023	a-2023-kroonen-core-2023-1;a-2023-kroonen-core-2023-2;a-2023-orel-core-2023-1	core_triage	What do the source units establish for foal (fola)?	source_citation	ending;quantity;stem_class	undetermined	reviewed	unestablished	Orel2003: *fulōn [118; masculine n-stem noun]. Kroonen2013: *fulan- [158-159; m.; citation formation]; *fulja- [158-159; m.; separately printed contextual variant]. This is a review of citation units and retained alternatives, not a chosen PGmc endpoint. Word/stem endings are display-level comparisons until aligned paradigms are established; source silence is not dissent. Causes and full historical equivalence remain unestablished.	All linked core alternatives are retained. Type tags mark the question or visible presentation, not a settled cause; whole-word, stem, paradigm, family and component evidence are not collapsed. Historical equivalence requires a separately aligned feature/unit comparison.		Whole-core citation roster reviewed before this classification; this layer neither selects a reconstruction nor certifies every source glyph.	unreviewed			
core-2024	2024	a-2024-kroonen-core-2024-1;a-2024-kroonen-core-2024-2;a-2024-kroonen-core-2024-3;a-2024-orel-core-2024-1;a-2024-orel-core-2024-2;a-2024-orel-core-2024-3	core_triage	What do the source units establish for fodder (fōdor)?	source_citation	consonantism;ending	undetermined	reviewed	unestablished	Orel2003: *fōđran [109; neuter noun; homonym II]; *pā-tro- [109; comparative stem; exact relationship and qualifications in the argument]; *fōđōn [109; comparative formation; exact relationship and qualifications in the argument]. Kroonen2013: *fōdra- [150; n.; citation formation]; *fōþra- [152; n.; citation formation]; *fōrþra- [152; n.; separately printed contextual variant]. This is a review of citation units and retained alternatives, not a chosen PGmc endpoint. Word/stem endings are display-level comparisons until aligned paradigms are established; source silence is not dissent. Causes and full historical equivalence remain unestablished.	All linked core alternatives are retained. Type tags mark the question or visible presentation, not a settled cause; whole-word, stem, paradigm, family and component evidence are not collapsed. Historical equivalence requires a separately aligned feature/unit comparison.		Whole-core citation roster reviewed before this classification; this layer neither selects a reconstruction nor certifies every source glyph.	unreviewed			
core-2025	2025	a-2025-kroonen-core-2025-1;a-2025-orel-core-2025-1;a-2025-orel-core-2025-2	core_triage	What do the source units establish for fold (fealdan)?	source_citation	ending	undetermined	reviewed	unestablished	Orel2003: *falþanan [91; strong verb citation]; *pel-t- [91; comparative stem; exact relationship and qualifications in the argument]. Kroonen2013: *falþan- [126; s.v.; citation formation]. This is a review of citation units and retained alternatives, not a chosen PGmc endpoint. Word/stem endings are display-level comparisons until aligned paradigms are established; source silence is not dissent. Causes and full historical equivalence remain unestablished.	All linked core alternatives are retained. Type tags mark the question or visible presentation, not a settled cause; whole-word, stem, paradigm, family and component evidence are not collapsed. Historical equivalence requires a separately aligned feature/unit comparison.		Whole-core citation roster reviewed before this classification; this layer neither selects a reconstruction nor certifies every source glyph.	unreviewed			
core-2026	2026	a-2026-orel-core-2026-1;a-2026-orel-core-2026-2	core_triage	What do the source units establish for folk (folc)?	source_citation	ending	insufficient_evidence	reviewed	unestablished	Orel2003: *fulkan [117-118; neuter noun]; *polĝ- [117; comparative stem; exact relationship and qualifications in the argument]. Kroonen2013: no_form_found; People/nation synonyms leudi and þeudō are not folk/fulk family. Fulla fill/full and felu much do not establish a fulk genealogy in the held source; consonantal resemblance or semantic crowd inference alone is insufficient. This is a review of citation units and retained alternatives, not a chosen PGmc endpoint. Word/stem endings are display-level comparisons until aligned paradigms are established; source silence is not dissent. Causes and full historical equivalence remain unestablished.	All linked core alternatives are retained. Type tags mark the question or visible presentation, not a settled cause; whole-word, stem, paradigm, family and component evidence are not collapsed. Historical equivalence requires a separately aligned feature/unit comparison.		Whole-core citation roster reviewed before this classification; this layer neither selects a reconstruction nor certifies every source glyph.	unreviewed			
core-2027	2027	a-2027-kroonen-core-2027-1;a-2027-kroonen-core-2027-2;a-2027-orel-core-2027-1;a-2027-orel-core-2027-2;a-2027-orel-core-2027-3	core_triage	What do the source units establish for follow (fylġan)?	source_citation	ending	undetermined	reviewed	unestablished	Orel2003: *fulʒēnan [117; weak verb citation]; *pьlzěti [117; comparative formation; exact relationship and qualifications in the argument]; *pьlzti [117; comparative formation; exact relationship and qualifications in the argument]. Kroonen2013: *fulgēn- [159; w.v.; citation formation]; *fulgjan- [159; w.v.; separately printed contextual variant]. This is a review of citation units and retained alternatives, not a chosen PGmc endpoint. Word/stem endings are display-level comparisons until aligned paradigms are established; source silence is not dissent. Causes and full historical equivalence remain unestablished.	All linked core alternatives are retained. Type tags mark the question or visible presentation, not a settled cause; whole-word, stem, paradigm, family and component evidence are not collapsed. Historical equivalence requires a separately aligned feature/unit comparison.		Whole-core citation roster reviewed before this classification; this layer neither selects a reconstruction nor certifies every source glyph.	unreviewed			
core-2028	2028	a-2028-kroonen-core-2028-1;a-2028-orel-core-2028-1	core_triage	What do the source units establish for forlorn (lēosan)?	source_citation	ending	undetermined	reviewed	unestablished	Orel2003: *leusanan [243; strong verb citation]. Kroonen2013: *leusan- [334; s.v.; citation formation]. This is a review of citation units and retained alternatives, not a chosen PGmc endpoint. Word/stem endings are display-level comparisons until aligned paradigms are established; source silence is not dissent. Causes and full historical equivalence remain unestablished.	All linked core alternatives are retained. Type tags mark the question or visible presentation, not a settled cause; whole-word, stem, paradigm, family and component evidence are not collapsed. Historical equivalence requires a separately aligned feature/unit comparison.		Whole-core citation roster reviewed before this classification; this layer neither selects a reconstruction nor certifies every source glyph.	unreviewed			
core-2029	2029	a-2029-kroonen-core-2029-1;a-2029-kroonen-core-2029-2;a-2029-kroonen-core-2029-3;a-2029-kroonen-core-2029-4;a-2029-kroonen-core-2029-5;a-2029-kroonen-core-2029-6;a-2029-orel-core-2029-1;a-2029-orel-core-2029-2	core_triage	What do the source units establish for four (fēower)?	source_citation	ending;inflection;quantity;vocalism	undetermined	reviewed	unestablished	Orel2003: *feđwōrez [96; cardinal numeral citation]; *feđurez [96; cardinal formation; compounds and ON forms]. Kroonen2013: *fedur-aiz [133; masculine cardinal antecedent of Nordic forms]; *-ōz [133; feminine cardinal suffix shorthand following *fedur-aiz]; *-ō [133; neuter cardinal suffix shorthand following *fedur-aiz]; *fedwar- [133; num.; citation formation]; *fedwōr [133; num.; separately printed contextual variant]; *fewar- [133; West Germanic cardinal citation]. This is a review of citation units and retained alternatives, not a chosen PGmc endpoint. Word/stem endings are display-level comparisons until aligned paradigms are established; source silence is not dissent. Causes and full historical equivalence remain unestablished.	All linked core alternatives are retained. Type tags mark the question or visible presentation, not a settled cause; whole-word, stem, paradigm, family and component evidence are not collapsed. Historical equivalence requires a separately aligned feature/unit comparison.		Whole-core citation roster reviewed before this classification; this layer neither selects a reconstruction nor certifies every source glyph.	unreviewed			
core-2030	2030	a-2030-kroonen-core-2030-1;a-2030-kroonen-core-2030-2;a-2030-orel-core-2030-1;a-2030-orel-core-2030-2	core_triage	What do the source units establish for fowl (fugol)?	source_citation	ending	undetermined	reviewed	unestablished	Orel2003: *fuʒlaz [116-117; masculine bird noun]; *fluʒlaz [116; comparative formation; exact relationship and qualifications in the argument]. Kroonen2013: *fugla- [157; m.; citation formation]; *flug-la- [157; m.; separately printed contextual variant]. This is a review of citation units and retained alternatives, not a chosen PGmc endpoint. Word/stem endings are display-level comparisons until aligned paradigms are established; source silence is not dissent. Causes and full historical equivalence remain unestablished.	All linked core alternatives are retained. Type tags mark the question or visible presentation, not a settled cause; whole-word, stem, paradigm, family and component evidence are not collapsed. Historical equivalence requires a separately aligned feature/unit comparison.		Whole-core citation roster reviewed before this classification; this layer neither selects a reconstruction nor certifies every source glyph.	unreviewed			
core-2031	2031	a-2031-kroonen-core-2031-1;a-2031-orel-core-2031-1;a-2031-orel-core-2031-2	core_triage	What do the source units establish for fox (fox)?	source_citation	ending	undetermined	reviewed	unestablished	Orel2003: *fuxsaz [117; masculine fox noun]; *fuxōn [117; comparative formation; exact relationship and qualifications in the argument]. Kroonen2013: *fuhsa- [157-158; m.; citation formation]. This is a review of citation units and retained alternatives, not a chosen PGmc endpoint. Word/stem endings are display-level comparisons until aligned paradigms are established; source silence is not dissent. Causes and full historical equivalence remain unestablished.	All linked core alternatives are retained. Type tags mark the question or visible presentation, not a settled cause; whole-word, stem, paradigm, family and component evidence are not collapsed. Historical equivalence requires a separately aligned feature/unit comparison.		Whole-core citation roster reviewed before this classification; this layer neither selects a reconstruction nor certifies every source glyph.	unreviewed			
core-2032	2032	a-2032-kroonen-core-2032-1;a-2032-kroonen-core-2032-2;a-2032-orel-core-2032-1	core_triage	What do the source units establish for freeze (frēosan)?	source_citation	ending	undetermined	reviewed	unestablished	Orel2003: *freusanan [113; strong verb citation]. Kroonen2013: *freusan- [154-155; s.v.; citation formation]; *fruzana- [154-155; s.v.; separately printed contextual variant]. This is a review of citation units and retained alternatives, not a chosen PGmc endpoint. Word/stem endings are display-level comparisons until aligned paradigms are established; source silence is not dissent. Causes and full historical equivalence remain unestablished.	All linked core alternatives are retained. Type tags mark the question or visible presentation, not a settled cause; whole-word, stem, paradigm, family and component evidence are not collapsed. Historical equivalence requires a separately aligned feature/unit comparison.		Whole-core citation roster reviewed before this classification; this layer neither selects a reconstruction nor certifies every source glyph.	unreviewed			
core-2033	2033	a-2033-kroonen-core-2033-1;a-2033-orel-core-2033-1;a-2033-orel-core-2033-2;a-2033-orel-core-2033-3;a-2033-orel-core-2033-4;a-2033-orel-core-2033-5	core_triage	What do the source units establish for friend (frēond)?	source_citation	ending;inflection	undetermined	reviewed	unestablished	Orel2003: *frijōndz [114-115; masculine participial noun]; *frijōjanan [114; comparative formation; exact relationship and qualifications in the argument]; *frijō [115; comparative formation; exact relationship and qualifications in the argument]; *frijōjan [114; shortened verbal cross-reference in the friend entry]; *frijaz [114; free adjective; derivational base of the friend family]. Kroonen2013: *fri(j)ōnd- [155-156; m.; citation formation]. This is a review of citation units and retained alternatives, not a chosen PGmc endpoint. Word/stem endings are display-level comparisons until aligned paradigms are established; source silence is not dissent. Causes and full historical equivalence remain unestablished.	All linked core alternatives are retained. Type tags mark the question or visible presentation, not a settled cause; whole-word, stem, paradigm, family and component evidence are not collapsed. Historical equivalence requires a separately aligned feature/unit comparison.		Whole-core citation roster reviewed before this classification; this layer neither selects a reconstruction nor certifies every source glyph.	unreviewed			
core-2034	2034	a-2034-kroonen-core-2034-1;a-2034-orel-core-2034-1;a-2034-orel-core-2034-2	core_triage	What do the source units establish for fright (fyrhte)?	source_citation	ending;quantity;suffix	undetermined	reviewed	unestablished	Orel2003: *furxtīn [120; feminine noun]; *furxtaz [120; comparative formation; exact relationship and qualifications in the argument]. Kroonen2013: *furhtō- [161; f.; citation formation]. This is a review of citation units and retained alternatives, not a chosen PGmc endpoint. Word/stem endings are display-level comparisons until aligned paradigms are established; source silence is not dissent. Causes and full historical equivalence remain unestablished.	All linked core alternatives are retained. Type tags mark the question or visible presentation, not a settled cause; whole-word, stem, paradigm, family and component evidence are not collapsed. Historical equivalence requires a separately aligned feature/unit comparison.		Whole-core citation roster reviewed before this classification; this layer neither selects a reconstruction nor certifies every source glyph.	unreviewed			
core-2035	2035	a-2035-kroonen-core-2035-1;a-2035-orel-core-2035-1;a-2035-orel-core-2035-2	core_triage	What do the source units establish for frost (forst)?	source_citation	ending	undetermined	reviewed	unestablished	Orel2003: *frustan [116; neuter alternative]; *frustaz [116; masculine alternative]. Kroonen2013: *frusta- [157; m./n.; citation formation]. This is a review of citation units and retained alternatives, not a chosen PGmc endpoint. Word/stem endings are display-level comparisons until aligned paradigms are established; source silence is not dissent. Causes and full historical equivalence remain unestablished.	All linked core alternatives are retained. Type tags mark the question or visible presentation, not a settled cause; whole-word, stem, paradigm, family and component evidence are not collapsed. Historical equivalence requires a separately aligned feature/unit comparison.		Whole-core citation roster reviewed before this classification; this layer neither selects a reconstruction nor certifies every source glyph.	unreviewed			
core-2036	2036	a-2036-kroonen-core-2036-1;a-2036-kroonen-core-2036-2;a-2036-kroonen-core-2036-3;a-2036-kroonen-core-2036-4;a-2036-orel-core-2036-1;a-2036-orel-core-2036-2	core_triage	What do the source units establish for furrow (furh)?	source_citation	ending;suffix	undetermined	reviewed	unestablished	Orel2003: *furxō [120; feminine noun]; *furxiz [120; formation explicitly attached to OHG furh/furuh]. Kroonen2013: *furg [160; reconstructed Old Frisian Verner variant]; *furh- [160; f.; citation formation]; *furh-z [160; f.; separately printed contextual variant]; *furh-i [160; f.; separately printed contextual variant]. This is a review of citation units and retained alternatives, not a chosen PGmc endpoint. Word/stem endings are display-level comparisons until aligned paradigms are established; source silence is not dissent. Causes and full historical equivalence remain unestablished.	All linked core alternatives are retained. Type tags mark the question or visible presentation, not a settled cause; whole-word, stem, paradigm, family and component evidence are not collapsed. Historical equivalence requires a separately aligned feature/unit comparison.		Whole-core citation roster reviewed before this classification; this layer neither selects a reconstruction nor certifies every source glyph.	unreviewed			
core-2037	2037	a-2037-kroonen-core-2037-1;a-2037-kroonen-core-2037-2;a-2037-orel-core-2037-1;a-2037-orel-core-2037-2	core_triage	What do the source units establish for gall (ġealla)?	source_citation	ending;gender;stem_class	undetermined	reviewed	unestablished	Orel2003: *ʒallan [124; an-ending bile formation; shared neuter/feminine label]; *ʒallōn [124; ōn-ending bile formation; shared neuter/feminine label]. Kroonen2013: *galla/ōn- [165; m./f.; citation formation]; *galla- [165; m./f.; separately printed contextual variant]. This is a review of citation units and retained alternatives, not a chosen PGmc endpoint. Word/stem endings are display-level comparisons until aligned paradigms are established; source silence is not dissent. Causes and full historical equivalence remain unestablished.	All linked core alternatives are retained. Type tags mark the question or visible presentation, not a settled cause; whole-word, stem, paradigm, family and component evidence are not collapsed. Historical equivalence requires a separately aligned feature/unit comparison.		Whole-core citation roster reviewed before this classification; this layer neither selects a reconstruction nor certifies every source glyph.	unreviewed			
core-2038	2038	a-2038-kroonen-core-2038-1;a-2038-kroonen-core-2038-2;a-2038-kroonen-core-2038-3;a-2038-kroonen-core-2038-4;a-2038-kroonen-core-2038-5;a-2038-kroonen-core-2038-6;a-2038-kroonen-core-2038-7;a-2038-kroonen-core-2038-8;a-2038-kroonen-core-2038-9;a-2038-kroonen-core-2038-10;a-2038-orel-core-2038-1;a-2038-orel-core-2038-2	core_triage	What do the source units establish for gang (gang)?	source_citation	ending;lexical_identity;vocalism	different_units	reviewed	unestablished	Orel2003: *ʒanʒaz [125; masculine noun; homonym I]; *ʒanʒanan [125; comparative formation; exact relationship and qualifications in the argument]. Kroonen2013: *gangan- [166-167; strong go verb; gang-family comparison]; *gungan- [166-167; Frisian zero-grade go variant]; *ejjō- [167; suppletive preterite stem behind Gothic iddja]; *ejj-od- [167; OE ēode antecedent with secondary weak ending]; *geanga [167; Northwest Germanic reduplicated preterite singular]; *geangume [167; Northwest Germanic reduplicated preterite plural]; *gangi- [167; passable / able-to-walk gerundive adjective]; *ganhti- [167; feminine ti-stem doorway / progress]; *ganhtja- [167; derived doorframe ja-stem]; *ginhti- [167; possible e-grade course / journey ti-stem]. This is a review of citation units and retained alternatives, not a chosen PGmc endpoint. Word/stem endings are display-level comparisons until aligned paradigms are established; source silence is not dissent. Causes and full historical equivalence remain unestablished.	All linked core alternatives are retained. Type tags mark the question or visible presentation, not a settled cause; whole-word, stem, paradigm, family and component evidence are not collapsed. Historical equivalence requires a separately aligned feature/unit comparison.		Whole-core citation roster reviewed before this classification; this layer neither selects a reconstruction nor certifies every source glyph.	unreviewed			
core-2039	2039	a-2039-kroonen-core-2039-1;a-2039-orel-core-2039-1;a-2039-orel-core-2039-2;a-2039-orel-core-2039-3	core_triage	What do the source units establish for ghost (gāst)?	source_citation	ending	undetermined	reviewed	unestablished	Orel2003: *ʒaistaz [123; masculine noun]; *ʒaisjanan [123; comparative formation; exact relationship and qualifications in the argument]; *ʒaisaz [123; comparative formation; exact relationship and qualifications in the argument]. Kroonen2013: *gaista- [163; m.; citation formation]. This is a review of citation units and retained alternatives, not a chosen PGmc endpoint. Word/stem endings are display-level comparisons until aligned paradigms are established; source silence is not dissent. Causes and full historical equivalence remain unestablished.	All linked core alternatives are retained. Type tags mark the question or visible presentation, not a settled cause; whole-word, stem, paradigm, family and component evidence are not collapsed. Historical equivalence requires a separately aligned feature/unit comparison.		Whole-core citation roster reviewed before this classification; this layer neither selects a reconstruction nor certifies every source glyph.	unreviewed			
core-2040	2040	a-2040-gift-ringe-pgmc;a-2040-raising-cercignani-dating;a-2040-raising-ringe-high-front;a-2040-raising-fulk-conditioners;a-2040-raising-ringe-taylor-oe-boundary;a-2040-gift-orel-headword;a-2040-kroonen-core-2041-1;a-2040-kroonen-core-2040-1;a-2040-kroonen-core-2040-2	core_triage	What do the source units establish for gift (ġift)?	source_citation	ending;lexical_identity;notation;phonemic_inventory;stem_class;vocalism	different_units	reviewed	unestablished	Orel's iz noun and Ringe's giftiz can be compared with their source/cell qualifications. Kroonen's geban-/gebō-/gēbōn- material is give/gift-family evidence, not an authored gift i-stem. The ʒ-to-g comparison is representational only; it does not eliminate e/i or the different formations.	All linked core alternatives are retained. Type tags mark the question or visible presentation, not a settled cause; whole-word, stem, paradigm, family and component evidence are not collapsed. Historical equivalence requires a separately aligned feature/unit comparison.	r-2040-family;r-2040-raising	Whole-core citation roster reviewed before this classification; this layer neither selects a reconstruction nor certifies every source glyph. Earlier citation-unit explanation label analyst_inference is retained here as history; position support has not yet been reviewed as an explanation of inter-author divergence.	unreviewed			
core-2041	2041	a-2041-give-orel-headword;a-2041-kroonen-core-2041-1;a-2041-kroonen-core-2041-2	core_triage	What do the source units establish for give (ġiefan)?	source_citation	ending	undetermined	reviewed	unestablished	Orel2003: *ʒebanan [130; strong verb; dictionary citation]. Kroonen2013: *geban- [172-173; s.v.; citation formation]; *ga-ef- [172-173; remodeled give verb predecessor]. This is a review of citation units and retained alternatives, not a chosen PGmc endpoint. Word/stem endings are display-level comparisons until aligned paradigms are established; source silence is not dissent. Causes and full historical equivalence remain unestablished.	All linked core alternatives are retained. Type tags mark the question or visible presentation, not a settled cause; whole-word, stem, paradigm, family and component evidence are not collapsed. Historical equivalence requires a separately aligned feature/unit comparison.		Whole-core citation roster reviewed before this classification; this layer neither selects a reconstruction nor certifies every source glyph.	unreviewed			
core-2042	2042	a-2042-kroonen-core-2042-1;a-2042-orel-core-2042-1;a-2042-orel-core-2042-2	core_triage	What do the source units establish for god (god)?	source_citation	ending;gender;stem_class	undetermined	reviewed	unestablished	Orel2003: *ʒuđ(z) [145; neuter/masculine noun; parenthesized z]; *ʒuđaz [145; neuter/masculine a-formation]. Kroonen2013: *guda- [193-194; n.; citation formation]. This is a review of citation units and retained alternatives, not a chosen PGmc endpoint. Word/stem endings are display-level comparisons until aligned paradigms are established; source silence is not dissent. Causes and full historical equivalence remain unestablished.	All linked core alternatives are retained. Type tags mark the question or visible presentation, not a settled cause; whole-word, stem, paradigm, family and component evidence are not collapsed. Historical equivalence requires a separately aligned feature/unit comparison.		Whole-core citation roster reviewed before this classification; this layer neither selects a reconstruction nor certifies every source glyph.	unreviewed			
core-2043	2043	a-2043-kroonen-core-2043-1;a-2043-kroonen-core-2043-2;a-2043-orel-core-2043-1	core_triage	What do the source units establish for gold (gold)?	source_citation	ending	undetermined	reviewed	unestablished	Orel2003: *ʒulþan [145-146; neuter noun]. Kroonen2013: *gulþa- [194-195; n.; citation formation]; *gulda- [194-195; n.; separately printed contextual variant]. This is a review of citation units and retained alternatives, not a chosen PGmc endpoint. Word/stem endings are display-level comparisons until aligned paradigms are established; source silence is not dissent. Causes and full historical equivalence remain unestablished.	All linked core alternatives are retained. Type tags mark the question or visible presentation, not a settled cause; whole-word, stem, paradigm, family and component evidence are not collapsed. Historical equivalence requires a separately aligned feature/unit comparison.		Whole-core citation roster reviewed before this classification; this layer neither selects a reconstruction nor certifies every source glyph.	unreviewed			
core-2044	2044	a-2044-kroonen-core-2044-1;a-2044-orel-core-2044-1;a-2044-orel-core-2044-2	core_triage	What do the source units establish for goose (gōs)?	source_citation	ending	undetermined	reviewed	unestablished	Orel2003: *ʒansz [126; feminine root noun]; *gansus [126; inferred Gothic goose noun, not a PGmc nominative]. Kroonen2013: *gans- [168; f.; citation formation]. This is a review of citation units and retained alternatives, not a chosen PGmc endpoint. Word/stem endings are display-level comparisons until aligned paradigms are established; source silence is not dissent. Causes and full historical equivalence remain unestablished.	All linked core alternatives are retained. Type tags mark the question or visible presentation, not a settled cause; whole-word, stem, paradigm, family and component evidence are not collapsed. Historical equivalence requires a separately aligned feature/unit comparison.		Whole-core citation roster reviewed before this classification; this layer neither selects a reconstruction nor certifies every source glyph.	unreviewed			
core-2045	2045	a-2045-kroonen-core-2045-1;a-2045-orel-core-2045-1	core_triage	What do the source units establish for grass (græs)?	source_citation	ending	undetermined	reviewed	unestablished	Orel2003: *ʒrasan [140; neuter noun]. Kroonen2013: *grasa- [187; n.; citation formation]. This is a review of citation units and retained alternatives, not a chosen PGmc endpoint. Word/stem endings are display-level comparisons until aligned paradigms are established; source silence is not dissent. Causes and full historical equivalence remain unestablished.	All linked core alternatives are retained. Type tags mark the question or visible presentation, not a settled cause; whole-word, stem, paradigm, family and component evidence are not collapsed. Historical equivalence requires a separately aligned feature/unit comparison.		Whole-core citation roster reviewed before this classification; this layer neither selects a reconstruction nor certifies every source glyph.	unreviewed			
core-2046	2046	a-2046-kroonen-core-2046-1;a-2046-orel-core-2046-1	core_triage	What do the source units establish for grave (grafan)?	source_citation	ending	undetermined	reviewed	unestablished	Orel2003: *ʒrabanan [139; strong verb citation]. Kroonen2013: *graban- [185-186; s.v.; citation formation]. This is a review of citation units and retained alternatives, not a chosen PGmc endpoint. Word/stem endings are display-level comparisons until aligned paradigms are established; source silence is not dissent. Causes and full historical equivalence remain unestablished.	All linked core alternatives are retained. Type tags mark the question or visible presentation, not a settled cause; whole-word, stem, paradigm, family and component evidence are not collapsed. Historical equivalence requires a separately aligned feature/unit comparison.		Whole-core citation roster reviewed before this classification; this layer neither selects a reconstruction nor certifies every source glyph.	unreviewed			
core-2047	2047	a-2047-kroonen-core-2047-1;a-2047-orel-core-2047-1	core_triage	What do the source units establish for gripe (grīpan)?	source_citation	ending	undetermined	reviewed	unestablished	Orel2003: *ʒrīpanan [143; strong verb citation]. Kroonen2013: *grīpan- [190-191; s.v.; citation formation]. This is a review of citation units and retained alternatives, not a chosen PGmc endpoint. Word/stem endings are display-level comparisons until aligned paradigms are established; source silence is not dissent. Causes and full historical equivalence remain unestablished.	All linked core alternatives are retained. Type tags mark the question or visible presentation, not a settled cause; whole-word, stem, paradigm, family and component evidence are not collapsed. Historical equivalence requires a separately aligned feature/unit comparison.		Whole-core citation roster reviewed before this classification; this layer neither selects a reconstruction nor certifies every source glyph.	unreviewed			
core-2048	2048	a-2048-kroonen-core-2048-1;a-2048-kroonen-core-2048-2;a-2048-kroonen-core-2048-3;a-2048-orel-core-2048-1;a-2048-orel-core-2048-2;a-2048-orel-core-2048-3;a-2048-orel-core-2048-4;a-2048-orel-core-2048-5;a-2048-orel-core-2048-6	core_triage	What do the source units establish for ground (grund)?	source_citation	consonantism;ending;vocalism	undetermined	reviewed	unestablished	Orel2003: *ʒrunđuz [144; masculine u-stem with barred dental]; *ʒrunþuz [144; masculine u-stem with thorn]; *ʒrunþaz [144; ON gruðr source formation]; *ʒrunđiz [144; feminine source formation of ON grund 'field']; *ʒrunþan [144; ON grunn 'shallow, shoal' source formation]; *ghrn̥-tu- [144; comparative stem; exact relationship and qualifications in the argument]. Kroonen2013: *grumþu- [192; m.; citation formation]; *grundu- [192; m.; separately printed contextual variant]; *grumfþu- [192; m.; separately printed contextual variant]. This is a review of citation units and retained alternatives, not a chosen PGmc endpoint. Word/stem endings are display-level comparisons until aligned paradigms are established; source silence is not dissent. Causes and full historical equivalence remain unestablished.	All linked core alternatives are retained. Type tags mark the question or visible presentation, not a settled cause; whole-word, stem, paradigm, family and component evidence are not collapsed. Historical equivalence requires a separately aligned feature/unit comparison.		Whole-core citation roster reviewed before this classification; this layer neither selects a reconstruction nor certifies every source glyph.	unreviewed			
core-2049	2049	a-2049-kroonen-core-2049-1;a-2049-orel-core-2049-1	core_triage	What do the source units establish for guest (ġiest)?	source_citation	ending	undetermined	reviewed	unestablished	Orel2003: *ʒastiz [127-128; masculine i-stem noun]. Kroonen2013: *gasti- [170; m.; citation formation]. This is a review of citation units and retained alternatives, not a chosen PGmc endpoint. Word/stem endings are display-level comparisons until aligned paradigms are established; source silence is not dissent. Causes and full historical equivalence remain unestablished.	All linked core alternatives are retained. Type tags mark the question or visible presentation, not a settled cause; whole-word, stem, paradigm, family and component evidence are not collapsed. Historical equivalence requires a separately aligned feature/unit comparison.		Whole-core citation roster reviewed before this classification; this layer neither selects a reconstruction nor certifies every source glyph.	unreviewed			
core-2050	2050	a-2050-kroonen-core-2050-1;a-2050-orel-core-2050-1;a-2050-orel-core-2050-2;a-2050-orel-core-2050-3	core_triage	What do the source units establish for hail (hæġl)?	source_citation	ending	undetermined	reviewed	unestablished	Orel2003: *xaʒlan [150; an-ending hail alternative; shared m./n. label]; *xaʒlaz [150; az-ending hail alternative; shared m./n. label]; *xexlōn [150; comparative formation; exact relationship and qualifications in the argument]. Kroonen2013: *hagla- [199; m.; citation formation]. This is a review of citation units and retained alternatives, not a chosen PGmc endpoint. Word/stem endings are display-level comparisons until aligned paradigms are established; source silence is not dissent. Causes and full historical equivalence remain unestablished.	All linked core alternatives are retained. Type tags mark the question or visible presentation, not a settled cause; whole-word, stem, paradigm, family and component evidence are not collapsed. Historical equivalence requires a separately aligned feature/unit comparison.		Whole-core citation roster reviewed before this classification; this layer neither selects a reconstruction nor certifies every source glyph.	unreviewed			
core-2051	2051	a-2051-kroonen-core-2051-1;a-2051-kroonen-core-2051-2;a-2051-orel-core-2051-1	core_triage	What do the source units establish for hair (hǣr)?	source_citation	ending	undetermined	reviewed	unestablished	Orel2003: *xēran [172; neuter noun]. Kroonen2013: *hēra- [220; n.; citation formation]; *hezra- [220; proposed z-bearing hair antecedent]. This is a review of citation units and retained alternatives, not a chosen PGmc endpoint. Word/stem endings are display-level comparisons until aligned paradigms are established; source silence is not dissent. Causes and full historical equivalence remain unestablished.	All linked core alternatives are retained. Type tags mark the question or visible presentation, not a settled cause; whole-word, stem, paradigm, family and component evidence are not collapsed. Historical equivalence requires a separately aligned feature/unit comparison.		Whole-core citation roster reviewed before this classification; this layer neither selects a reconstruction nor certifies every source glyph.	unreviewed			
core-2052	2052	a-2052-kroonen-core-2052-1;a-2052-kroonen-core-2052-2;a-2052-orel-core-2052-1;a-2052-orel-core-2052-2;a-2052-orel-core-2052-3;a-2052-orel-core-2052-4	core_triage	What do the source units establish for hall (heall)?	source_citation	ending;lexical_identity	different_units	reviewed	unestablished	Orel2003: *xallō [156; feminine noun]; *xalliz [156; formation explicitly attached to part of ON holl]; *xal-n-ō [156; comparative stem; exact relationship and qualifications in the argument]; *xelanan [156; comparative formation; exact relationship and qualifications in the argument]. Kroonen2013: *helan- [218; strong cover / conceal verb; qualified hall-family comparison]; *helma- [219; cover-root helmet noun; related hall-family comparator]. This is a review of citation units and retained alternatives, not a chosen PGmc endpoint. Word/stem endings are display-level comparisons until aligned paradigms are established; source silence is not dissent. Causes and full historical equivalence remain unestablished.	All linked core alternatives are retained. Type tags mark the question or visible presentation, not a settled cause; whole-word, stem, paradigm, family and component evidence are not collapsed. Historical equivalence requires a separately aligned feature/unit comparison.		Whole-core citation roster reviewed before this classification; this layer neither selects a reconstruction nor certifies every source glyph.	unreviewed			
core-2053	2053	a-2053-kroonen-core-2053-1;a-2053-orel-core-2053-1	core_triage	What do the source units establish for hammer (hameres)?	source_citation	ending	undetermined	reviewed	unestablished	Orel2003: *xamaraz [158; masculine noun dictionary citation]. Kroonen2013: *hamara- [206-207; m.; citation formation]. This is a review of citation units and retained alternatives, not a chosen PGmc endpoint. Word/stem endings are display-level comparisons until aligned paradigms are established; source silence is not dissent. Causes and full historical equivalence remain unestablished.	All linked core alternatives are retained. Type tags mark the question or visible presentation, not a settled cause; whole-word, stem, paradigm, family and component evidence are not collapsed. Historical equivalence requires a separately aligned feature/unit comparison.		Whole-core citation roster reviewed before this classification; this layer neither selects a reconstruction nor certifies every source glyph.	unreviewed			
core-2054	2054	a-2054-kroonen-core-2054-1;a-2054-orel-core-2054-1;a-2054-orel-core-2054-2	core_triage	What do the source units establish for hand (hand)?	source_citation	ending	undetermined	reviewed	unestablished	Orel2003: *xanđuz [159; feminine u-stem noun]; *xenþanan [159; comparative formation; exact relationship and qualifications in the argument]. Kroonen2013: *handu- [207-208; f.; citation formation]. This is a review of citation units and retained alternatives, not a chosen PGmc endpoint. Word/stem endings are display-level comparisons until aligned paradigms are established; source silence is not dissent. Causes and full historical equivalence remain unestablished.	All linked core alternatives are retained. Type tags mark the question or visible presentation, not a settled cause; whole-word, stem, paradigm, family and component evidence are not collapsed. Historical equivalence requires a separately aligned feature/unit comparison.		Whole-core citation roster reviewed before this classification; this layer neither selects a reconstruction nor certifies every source glyph.	unreviewed			
core-2055	2055	a-2055-kroonen-core-2054-1;a-2055-orel-core-2055-1;a-2055-orel-core-2055-2;a-2055-orel-core-2055-3	core_triage	What do the source units establish for handle (handlian)?	source_citation	ending;lexical_identity	different_units	reviewed	unestablished	Orel2003: *xanđlōjanan [159; weak verb citation]; *xanđlan [159; comparative formation; exact relationship and qualifications in the argument]; *xanđlō [159; comparative formation; exact relationship and qualifications in the argument]. Kroonen2013: *handu- [207-208; f.; citation formation]. This is a review of citation units and retained alternatives, not a chosen PGmc endpoint. Word/stem endings are display-level comparisons until aligned paradigms are established; source silence is not dissent. Causes and full historical equivalence remain unestablished.	All linked core alternatives are retained. Type tags mark the question or visible presentation, not a settled cause; whole-word, stem, paradigm, family and component evidence are not collapsed. Historical equivalence requires a separately aligned feature/unit comparison.		Whole-core citation roster reviewed before this classification; this layer neither selects a reconstruction nor certifies every source glyph.	unreviewed			
core-2056	2056	a-2056-kroonen-core-2056-1;a-2056-orel-core-2056-1	core_triage	What do the source units establish for harm (hearm)?	source_citation	ending	undetermined	reviewed	unestablished	Orel2003: *xarmaz [163; masculine noun; homonym I]. Kroonen2013: *harma- [212; m.; citation formation]. This is a review of citation units and retained alternatives, not a chosen PGmc endpoint. Word/stem endings are display-level comparisons until aligned paradigms are established; source silence is not dissent. Causes and full historical equivalence remain unestablished.	All linked core alternatives are retained. Type tags mark the question or visible presentation, not a settled cause; whole-word, stem, paradigm, family and component evidence are not collapsed. Historical equivalence requires a separately aligned feature/unit comparison.		Whole-core citation roster reviewed before this classification; this layer neither selects a reconstruction nor certifies every source glyph.	unreviewed			
core-2057	2057	a-2057-kroonen-core-2057-1;a-2057-orel-core-2057-1;a-2057-orel-core-2057-2;a-2057-orel-core-2057-3;a-2057-orel-core-2057-4	core_triage	What do the source units establish for harvest (hierfest)?	source_citation	ending;vocalism	undetermined	reviewed	unestablished	Orel2003: *xarbistuz [161; masculine u-stem i alternative]; *xarbustuz [161; masculine u-stem u alternative]; *xarbistaz [161; incidental a-stem formation]; *xarfaz [161; comparative formation; exact relationship and qualifications in the argument]. Kroonen2013: *harbista- [210-211; m.; citation formation]. This is a review of citation units and retained alternatives, not a chosen PGmc endpoint. Word/stem endings are display-level comparisons until aligned paradigms are established; source silence is not dissent. Causes and full historical equivalence remain unestablished.	All linked core alternatives are retained. Type tags mark the question or visible presentation, not a settled cause; whole-word, stem, paradigm, family and component evidence are not collapsed. Historical equivalence requires a separately aligned feature/unit comparison.		Whole-core citation roster reviewed before this classification; this layer neither selects a reconstruction nor certifies every source glyph.	unreviewed			
core-2058	2058	a-2058-kroonen-core-2058-1;a-2058-orel-core-2058-1;a-2058-orel-core-2058-2	core_triage	What do the source units establish for have (hæfeþ)?	source_citation	ending	undetermined	reviewed	unestablished	Orel2003: *xabēnan [147; weak verb citation]; *xafjanan [147; comparative formation; exact relationship and qualifications in the argument]. Kroonen2013: *habēn- [197; w.v.; citation formation]. This is a review of citation units and retained alternatives, not a chosen PGmc endpoint. Word/stem endings are display-level comparisons until aligned paradigms are established; source silence is not dissent. Causes and full historical equivalence remain unestablished.	All linked core alternatives are retained. Type tags mark the question or visible presentation, not a settled cause; whole-word, stem, paradigm, family and component evidence are not collapsed. Historical equivalence requires a separately aligned feature/unit comparison.		Whole-core citation roster reviewed before this classification; this layer neither selects a reconstruction nor certifies every source glyph.	unreviewed			
core-2059	2059	a-2059-kroonen-core-2059-1;a-2059-kroonen-core-2059-2;a-2059-kroonen-core-2059-3;a-2059-kroonen-core-2059-4;a-2059-orel-core-2059-1;a-2059-orel-core-2059-2;a-2059-orel-core-2059-3	core_triage	What do the source units establish for haw (haga)?	source_citation	ending	undetermined	reviewed	unestablished	Orel2003: *xaʒōn [150; masculine noun]; *xaʒanan [150; comparative formation; exact relationship and qualifications in the argument]; *xaʒaz [150; comparative formation; exact relationship and qualifications in the argument]. Kroonen2013: *haga(n)- [198-199; m.; citation formation]; *hagna- [198-199; m.; separately printed contextual variant]; *hagō [198-199; m.; separately printed contextual variant]; *hakkaz [198-199; m.; separately printed contextual variant]. This is a review of citation units and retained alternatives, not a chosen PGmc endpoint. Word/stem endings are display-level comparisons until aligned paradigms are established; source silence is not dissent. Causes and full historical equivalence remain unestablished.	All linked core alternatives are retained. Type tags mark the question or visible presentation, not a settled cause; whole-word, stem, paradigm, family and component evidence are not collapsed. Historical equivalence requires a separately aligned feature/unit comparison.		Whole-core citation roster reviewed before this classification; this layer neither selects a reconstruction nor certifies every source glyph.	unreviewed			
core-2060	2060	a-2060-kroonen-core-2060-1;a-2060-orel-core-2060-1	core_triage	What do the source units establish for hawk (hafoc)?	source_citation	ending	undetermined	reviewed	unestablished	Orel2003: *xabukaz [148; masculine bird noun]. Kroonen2013: *habuka- [197-198; m.; citation formation]. This is a review of citation units and retained alternatives, not a chosen PGmc endpoint. Word/stem endings are display-level comparisons until aligned paradigms are established; source silence is not dissent. Causes and full historical equivalence remain unestablished.	All linked core alternatives are retained. Type tags mark the question or visible presentation, not a settled cause; whole-word, stem, paradigm, family and component evidence are not collapsed. Historical equivalence requires a separately aligned feature/unit comparison.		Whole-core citation roster reviewed before this classification; this layer neither selects a reconstruction nor certifies every source glyph.	unreviewed			
core-2061	2061	a-2061-kroonen-core-2061-1;a-2061-orel-core-2061-1;a-2061-orel-core-2061-2	core_triage	What do the source units establish for hay (hīeġ)?	source_citation	consonantism;ending;segmentation	undetermined	reviewed	unestablished	Orel2003: *xawwjan [167; neuter noun]; *xaʒwjan [167; comparative formation; exact relationship and qualifications in the argument]. Kroonen2013: *hauja- [215; n.; citation formation]. This is a review of citation units and retained alternatives, not a chosen PGmc endpoint. Word/stem endings are display-level comparisons until aligned paradigms are established; source silence is not dissent. Causes and full historical equivalence remain unestablished.	All linked core alternatives are retained. Type tags mark the question or visible presentation, not a settled cause; whole-word, stem, paradigm, family and component evidence are not collapsed. Historical equivalence requires a separately aligned feature/unit comparison.		Whole-core citation roster reviewed before this classification; this layer neither selects a reconstruction nor certifies every source glyph.	unreviewed			
core-2062	2062	a-2062-kroonen-core-2062-1;a-2062-orel-core-2062-1;a-2062-orel-core-2062-2;a-2062-orel-core-2062-3	core_triage	What do the source units establish for hazel (hæsl)?	source_citation	ending	undetermined	reviewed	unestablished	Orel2003: *xaslaz [164; masculine noun]; *kosulo- [164; comparative stem; exact relationship and qualifications in the argument]; *koslo- [164; comparative stem; exact relationship and qualifications in the argument]. Kroonen2013: *hasla- [213; m.; citation formation]. This is a review of citation units and retained alternatives, not a chosen PGmc endpoint. Word/stem endings are display-level comparisons until aligned paradigms are established; source silence is not dissent. Causes and full historical equivalence remain unestablished.	All linked core alternatives are retained. Type tags mark the question or visible presentation, not a settled cause; whole-word, stem, paradigm, family and component evidence are not collapsed. Historical equivalence requires a separately aligned feature/unit comparison.		Whole-core citation roster reviewed before this classification; this layer neither selects a reconstruction nor certifies every source glyph.	unreviewed			
core-2063	2063	a-2063-kroonen-core-2063-1;a-2063-kroonen-core-2063-2;a-2063-kroonen-core-2063-3;a-2063-kroonen-core-2063-4;a-2063-orel-core-2063-1;a-2063-orel-core-2063-2;a-2063-orel-core-2063-3;a-2063-orel-core-2063-4	core_triage	What do the source units establish for head (hēafod)?	source_citation	ending;suffix;vocalism	undetermined	reviewed	unestablished	Orel2003: *xabuđan [148; neuter noun]; *xaubuđan [165; neuter head alternative with second u]; *xaubiđan [165; neuter head alternative with second i]; *xūbōn [165; comparative formation; exact relationship and qualifications in the argument]. Kroonen2013: *ha(u)beda- [215; n.; citation formation]; *ha(u)buda- [215; n.; separately printed contextual variant]; *hafuþ [215; proposed proterodynamic nominative]; *habweþaz [215; proposed proterodynamic oblique / genitive with metathesis]. This is a review of citation units and retained alternatives, not a chosen PGmc endpoint. Word/stem endings are display-level comparisons until aligned paradigms are established; source silence is not dissent. Causes and full historical equivalence remain unestablished.	All linked core alternatives are retained. Type tags mark the question or visible presentation, not a settled cause; whole-word, stem, paradigm, family and component evidence are not collapsed. Historical equivalence requires a separately aligned feature/unit comparison.		Whole-core citation roster reviewed before this classification; this layer neither selects a reconstruction nor certifies every source glyph.	unreviewed			
core-2064	2064	a-2064-kroonen-core-2064-1;a-2064-kroonen-core-2064-2;a-2064-kroonen-core-2064-3;a-2064-orel-core-2064-1;a-2064-orel-core-2064-2	core_triage	What do the source units establish for heal (hǣlan)?	source_citation	ending;lexical_identity	different_units	reviewed	unestablished	Orel2003: *xailjanan [152; weak verb citation]; *xailaz [152; comparative formation; exact relationship and qualifications in the argument]. Kroonen2013: *haila- [200-201; whole / sound adjective; heal-family base]; *hail-sō(ja)n- [200; greet / give-oaths / exorcise derivative]; *hailatjan- [200; greeting verb derivative]. This is a review of citation units and retained alternatives, not a chosen PGmc endpoint. Word/stem endings are display-level comparisons until aligned paradigms are established; source silence is not dissent. Causes and full historical equivalence remain unestablished.	All linked core alternatives are retained. Type tags mark the question or visible presentation, not a settled cause; whole-word, stem, paradigm, family and component evidence are not collapsed. Historical equivalence requires a separately aligned feature/unit comparison.		Whole-core citation roster reviewed before this classification; this layer neither selects a reconstruction nor certifies every source glyph.	unreviewed			
core-2065	2065	a-2065-kroonen-core-2065-1;a-2065-orel-core-2065-1	core_triage	What do the source units establish for heart (heorte)?	source_citation	ending	undetermined	reviewed	unestablished	Orel2003: *xertōn [170; neuter noun]. Kroonen2013: *hertōn- [222; n.; citation formation]. This is a review of citation units and retained alternatives, not a chosen PGmc endpoint. Word/stem endings are display-level comparisons until aligned paradigms are established; source silence is not dissent. Causes and full historical equivalence remain unestablished.	All linked core alternatives are retained. Type tags mark the question or visible presentation, not a settled cause; whole-word, stem, paradigm, family and component evidence are not collapsed. Historical equivalence requires a separately aligned feature/unit comparison.		Whole-core citation roster reviewed before this classification; this layer neither selects a reconstruction nor certifies every source glyph.	unreviewed			
core-2066	2066	a-2066-kroonen-core-2066-1;a-2066-orel-core-2066-1	core_triage	What do the source units establish for hearth (heorþ)?	source_citation	ending	undetermined	reviewed	unestablished	Orel2003: *xerþaz [170; masculine noun]. Kroonen2013: *herþa- [222; m.; citation formation]. This is a review of citation units and retained alternatives, not a chosen PGmc endpoint. Word/stem endings are display-level comparisons until aligned paradigms are established; source silence is not dissent. Causes and full historical equivalence remain unestablished.	All linked core alternatives are retained. Type tags mark the question or visible presentation, not a settled cause; whole-word, stem, paradigm, family and component evidence are not collapsed. Historical equivalence requires a separately aligned feature/unit comparison.		Whole-core citation roster reviewed before this classification; this layer neither selects a reconstruction nor certifies every source glyph.	unreviewed			
core-2067	2067	a-2067-kroonen-core-2067-1;a-2067-kroonen-core-2067-2;a-2067-kroonen-core-2067-3;a-2067-orel-core-2067-1	core_triage	What do the source units establish for heath (hǣþ)?	source_citation	ending	undetermined	reviewed	unestablished	Orel2003: *xaiþiz [154; feminine i-stem noun]. Kroonen2013: *haiþi- [202-203; f.; citation formation]; *haiþja- [202-203; f.; separately printed contextual variant]; *haiþa- [202-203; f.; separately printed contextual variant]. This is a review of citation units and retained alternatives, not a chosen PGmc endpoint. Word/stem endings are display-level comparisons until aligned paradigms are established; source silence is not dissent. Causes and full historical equivalence remain unestablished.	All linked core alternatives are retained. Type tags mark the question or visible presentation, not a settled cause; whole-word, stem, paradigm, family and component evidence are not collapsed. Historical equivalence requires a separately aligned feature/unit comparison.		Whole-core citation roster reviewed before this classification; this layer neither selects a reconstruction nor certifies every source glyph.	unreviewed			
core-2068	2068	a-2068-kroonen-core-2068-1;a-2068-kroonen-core-2068-2;a-2068-kroonen-core-2068-3;a-2068-kroonen-core-2068-4;a-2068-kroonen-core-2068-5;a-2068-kroonen-core-2068-6;a-2068-kroonen-core-2068-7;a-2068-kroonen-core-2068-8;a-2068-kroonen-core-2068-9;a-2068-orel-core-2068-1	core_triage	What do the source units establish for heaven (heofon)?	source_citation	ending;suffix;vocalism	undetermined	reviewed	unestablished	Orel2003: *xemenaz [169; masculine heaven noun]. Kroonen2013: *hemina- [220; m.; citation formation]; *hemna- [220; m.; separately printed contextual variant]; *hemila- [220; continental West Germanic l-variant]; *hemō [220; proposed remodeled nominative]; *hemnaz [220; proposed remodeled genitive]; *hemeni [220; proposed remodeled dative]; *ahmōn [220; expected but remodeled nominative]; *humnaz [220; expected but remodeled genitive]; *meni [220; expected but remodeled locative]. This is a review of citation units and retained alternatives, not a chosen PGmc endpoint. Word/stem endings are display-level comparisons until aligned paradigms are established; source silence is not dissent. Causes and full historical equivalence remain unestablished.	All linked core alternatives are retained. Type tags mark the question or visible presentation, not a settled cause; whole-word, stem, paradigm, family and component evidence are not collapsed. Historical equivalence requires a separately aligned feature/unit comparison.	r-2068-kroonen-core-2068-1-argument;r-2068-orel-core-2068-1-argument	Whole-core citation roster reviewed before this classification; this layer neither selects a reconstruction nor certifies every source glyph.	unreviewed			
core-2069	2069	a-2069-kroonen-core-2069-1;a-2069-kroonen-core-2069-2;a-2069-orel-core-2069-1;a-2069-orel-core-2069-2	core_triage	What do the source units establish for hedge (heġġ)?	source_citation	ending	undetermined	reviewed	unestablished	Orel2003: *xaʒjaz [150; masculine noun]; *kagi̯os [150; comparative formation; exact relationship and qualifications in the argument]. Kroonen2013: *hagja- [198; m.; citation formation]; *hagjō- [198; m.; separately printed contextual variant]. This is a review of citation units and retained alternatives, not a chosen PGmc endpoint. Word/stem endings are display-level comparisons until aligned paradigms are established; source silence is not dissent. Causes and full historical equivalence remain unestablished.	All linked core alternatives are retained. Type tags mark the question or visible presentation, not a settled cause; whole-word, stem, paradigm, family and component evidence are not collapsed. Historical equivalence requires a separately aligned feature/unit comparison.		Whole-core citation roster reviewed before this classification; this layer neither selects a reconstruction nor certifies every source glyph.	unreviewed			
core-2070	2070	a-2070-kroonen-core-2070-1;a-2070-orel-core-2070-1	core_triage	What do the source units establish for helm (helm)?	source_citation	ending	undetermined	reviewed	unestablished	Orel2003: *xelmaz [168; masculine helmet noun]. Kroonen2013: *helma- [219; m.; citation formation]. This is a review of citation units and retained alternatives, not a chosen PGmc endpoint. Word/stem endings are display-level comparisons until aligned paradigms are established; source silence is not dissent. Causes and full historical equivalence remain unestablished.	All linked core alternatives are retained. Type tags mark the question or visible presentation, not a settled cause; whole-word, stem, paradigm, family and component evidence are not collapsed. Historical equivalence requires a separately aligned feature/unit comparison.		Whole-core citation roster reviewed before this classification; this layer neither selects a reconstruction nor certifies every source glyph.	unreviewed			
core-2071	2071	a-2071-kroonen-core-2071-1;a-2071-kroonen-core-2072-1;a-2071-kroonen-core-2072-2;a-2071-orel-core-2071-1	core_triage	What do the source units establish for help (helpan)?	source_citation	ending	undetermined	reviewed	unestablished	Orel2003: *xelpanan [168; strong verb citation]. Kroonen2013: *helpan- [219; s.v.; citation formation]; *hulpōn- [219; expected but unattested help-family iterative]; *halpa- [219; proposed PGmc source of lost Slavic servant root]. This is a review of citation units and retained alternatives, not a chosen PGmc endpoint. Word/stem endings are display-level comparisons until aligned paradigms are established; source silence is not dissent. Causes and full historical equivalence remain unestablished.	All linked core alternatives are retained. Type tags mark the question or visible presentation, not a settled cause; whole-word, stem, paradigm, family and component evidence are not collapsed. Historical equivalence requires a separately aligned feature/unit comparison.		Whole-core citation roster reviewed before this classification; this layer neither selects a reconstruction nor certifies every source glyph.	unreviewed			
core-2072	2072	a-2072-kroonen-core-2071-1;a-2072-kroonen-core-2072-1;a-2072-kroonen-core-2072-2;a-2072-orel-core-2072-1;a-2072-orel-core-2072-2	core_triage	What do the source units establish for help (help)?	source_citation	ending;lexical_identity	different_units	reviewed	unestablished	Orel2003: *xelpō [168; feminine help noun]; *hilps [168; reconstructed Burgundian help noun]. Kroonen2013: *helpan- [219; s.v.; citation formation]; *hulpōn- [219; expected but unattested help-family iterative]; *halpa- [219; proposed PGmc source of lost Slavic servant root]. This is a review of citation units and retained alternatives, not a chosen PGmc endpoint. Word/stem endings are display-level comparisons until aligned paradigms are established; source silence is not dissent. Causes and full historical equivalence remain unestablished.	All linked core alternatives are retained. Type tags mark the question or visible presentation, not a settled cause; whole-word, stem, paradigm, family and component evidence are not collapsed. Historical equivalence requires a separately aligned feature/unit comparison.		Whole-core citation roster reviewed before this classification; this layer neither selects a reconstruction nor certifies every source glyph.	unreviewed			
core-2073	2073	a-2073-kroonen-core-2073-1;a-2073-orel-core-2073-1;a-2073-orel-core-2073-2	core_triage	What do the source units establish for herd (heord)?	source_citation	ending	undetermined	reviewed	unestablished	Orel2003: *xerđō [170; feminine noun]; *xerđiz [170; comparative formation; exact relationship and qualifications in the argument]. Kroonen2013: *herdō- [221; f.; citation formation]. This is a review of citation units and retained alternatives, not a chosen PGmc endpoint. Word/stem endings are display-level comparisons until aligned paradigms are established; source silence is not dissent. Causes and full historical equivalence remain unestablished.	All linked core alternatives are retained. Type tags mark the question or visible presentation, not a settled cause; whole-word, stem, paradigm, family and component evidence are not collapsed. Historical equivalence requires a separately aligned feature/unit comparison.		Whole-core citation roster reviewed before this classification; this layer neither selects a reconstruction nor certifies every source glyph.	unreviewed			
core-2074	2074	a-2074-kroonen-core-2074-1;a-2074-orel-core-2074-1	core_triage	What do the source units establish for hew (hēawan)?	source_citation	ending	undetermined	reviewed	unestablished	Orel2003: *xawwanan [167; strong verb citation]. Kroonen2013: *hawwan- [218; s.v.; citation formation]. This is a review of citation units and retained alternatives, not a chosen PGmc endpoint. Word/stem endings are display-level comparisons until aligned paradigms are established; source silence is not dissent. Causes and full historical equivalence remain unestablished.	All linked core alternatives are retained. Type tags mark the question or visible presentation, not a settled cause; whole-word, stem, paradigm, family and component evidence are not collapsed. Historical equivalence requires a separately aligned feature/unit comparison.		Whole-core citation roster reviewed before this classification; this layer neither selects a reconstruction nor certifies every source glyph.	unreviewed			
core-2075	2075	a-2075-hind-orel-headword;a-2075-hind-kroonen-stem	core_triage	What do the source units establish for hind (hind)?	source_citation	ending;historical_analysis;lexical_identity;stem_class;suffix;vocalism	substantive_difference	reviewed	unestablished	The difference is not only xenđjō(n) versus hindō-. Orel connects the formation principally with young/new while retaining bibliography alternatives; Kroonen prefers a hornless connection. Competing etymological bases and formation analyses must remain independently queryable.	All linked core alternatives are retained. Type tags mark the question or visible presentation, not a settled cause; whole-word, stem, paradigm, family and component evidence are not collapsed. Historical equivalence requires a separately aligned feature/unit comparison.	r-2075-identity	Whole-core citation roster reviewed before this classification; this layer neither selects a reconstruction nor certifies every source glyph. Earlier citation-unit explanation label source_explicit is retained here as history; position support has not yet been reviewed as an explanation of inter-author divergence.	unreviewed			
core-2076	2076	a-2076-kroonen-core-2076-1;a-2076-orel-core-2076-1;a-2076-orel-core-2076-2;a-2076-orel-core-2076-3	core_triage	What do the source units establish for hoard (hord)?	source_citation	ending	undetermined	reviewed	unestablished	Orel2003: *xuzđan [196; neuter hoard noun]; *kudh-to- [196; comparative stem; exact relationship and qualifications in the argument]; *xūdjanan [196; comparative formation; exact relationship and qualifications in the argument]. Kroonen2013: *huzda- [260-261; n.; citation formation]. This is a review of citation units and retained alternatives, not a chosen PGmc endpoint. Word/stem endings are display-level comparisons until aligned paradigms are established; source silence is not dissent. Causes and full historical equivalence remain unestablished.	All linked core alternatives are retained. Type tags mark the question or visible presentation, not a settled cause; whole-word, stem, paradigm, family and component evidence are not collapsed. Historical equivalence requires a separately aligned feature/unit comparison.		Whole-core citation roster reviewed before this classification; this layer neither selects a reconstruction nor certifies every source glyph.	unreviewed			
core-2077	2077	a-2077-orel-core-2077-1;a-2077-orel-core-2077-2	core_triage	What do the source units establish for hold (healdan)?	source_citation	ending	insufficient_evidence	reviewed	unestablished	Orel2003: *xalđanan [155; strong verb citation]; *keld- [155; comparative stem; exact relationship and qualifications in the argument]. Kroonen2013: no_form_found; Completed holding/keeping aliases and h- contexts do not locate hald/hold-family reconstruction. Other seize/retain verbs do not supply a source-supported genetic family solely through meaning. This is a review of citation units and retained alternatives, not a chosen PGmc endpoint. Word/stem endings are display-level comparisons until aligned paradigms are established; source silence is not dissent. Causes and full historical equivalence remain unestablished.	All linked core alternatives are retained. Type tags mark the question or visible presentation, not a settled cause; whole-word, stem, paradigm, family and component evidence are not collapsed. Historical equivalence requires a separately aligned feature/unit comparison.		Whole-core citation roster reviewed before this classification; this layer neither selects a reconstruction nor certifies every source glyph.	unreviewed			
core-2078	2078	a-2078-kroonen-core-2078-1;a-2078-orel-core-2078-1;a-2078-orel-core-2078-2;a-2078-orel-core-2078-3	core_triage	What do the source units establish for home (hām)?	source_citation	ending;stem_class	undetermined	reviewed	unestablished	Orel2003: *xaimaz [152; masculine/feminine home alternative]; *xaimiz [152; masculine/feminine home alternative]; *xaimō [152; Gothic plural-base source formation]. Kroonen2013: *haima- [201; m.; citation formation]. This is a review of citation units and retained alternatives, not a chosen PGmc endpoint. Word/stem endings are display-level comparisons until aligned paradigms are established; source silence is not dissent. Causes and full historical equivalence remain unestablished.	All linked core alternatives are retained. Type tags mark the question or visible presentation, not a settled cause; whole-word, stem, paradigm, family and component evidence are not collapsed. Historical equivalence requires a separately aligned feature/unit comparison.		Whole-core citation roster reviewed before this classification; this layer neither selects a reconstruction nor certifies every source glyph.	unreviewed			
core-2079	2079	a-2079-kroonen-core-2079-1;a-2079-orel-core-2079-1	core_triage	What do the source units establish for honey (huniġ)?	source_citation	consonantism;ending	undetermined	reviewed	unestablished	Orel2003: *xunaʒan [193; neuter honey noun]. Kroonen2013: *hunanga- [255-256; m.; citation formation]. This is a review of citation units and retained alternatives, not a chosen PGmc endpoint. Word/stem endings are display-level comparisons until aligned paradigms are established; source silence is not dissent. Causes and full historical equivalence remain unestablished.	All linked core alternatives are retained. Type tags mark the question or visible presentation, not a settled cause; whole-word, stem, paradigm, family and component evidence are not collapsed. Historical equivalence requires a separately aligned feature/unit comparison.		Whole-core citation roster reviewed before this classification; this layer neither selects a reconstruction nor certifies every source glyph.	unreviewed			
core-2080	2080	a-2080-kroonen-core-2080-1;a-2080-orel-core-2080-1;a-2080-orel-core-2080-2	core_triage	What do the source units establish for hood (hōd)?	source_citation	chronological_stage;ending;pgmc_membership	undetermined	reviewed	unestablished	Orel2003: *xōđaz [165; WGmc hood noun in incidental comparison]; *xattuz [165; hat/hood comparison, distinct from explicitly WGmc *xōđaz]. Kroonen2013: *hōda- [238; m.; citation formation]. This is a review of citation units and retained alternatives, not a chosen PGmc endpoint. Word/stem endings are display-level comparisons until aligned paradigms are established; source silence is not dissent. Causes and full historical equivalence remain unestablished.	All linked core alternatives are retained. Type tags mark the question or visible presentation, not a settled cause; whole-word, stem, paradigm, family and component evidence are not collapsed. Historical equivalence requires a separately aligned feature/unit comparison.		Whole-core citation roster reviewed before this classification; this layer neither selects a reconstruction nor certifies every source glyph.	unreviewed			
core-2081	2081	a-2081-kroonen-core-2081-1;a-2081-orel-core-2081-1	core_triage	What do the source units establish for hoof (hōf)?	source_citation	ending	undetermined	reviewed	unestablished	Orel2003: *xōfaz [181; masculine hoof noun]. Kroonen2013: *hōfa- [238-239; m.; citation formation]. This is a review of citation units and retained alternatives, not a chosen PGmc endpoint. Word/stem endings are display-level comparisons until aligned paradigms are established; source silence is not dissent. Causes and full historical equivalence remain unestablished.	All linked core alternatives are retained. Type tags mark the question or visible presentation, not a settled cause; whole-word, stem, paradigm, family and component evidence are not collapsed. Historical equivalence requires a separately aligned feature/unit comparison.		Whole-core citation roster reviewed before this classification; this layer neither selects a reconstruction nor certifies every source glyph.	unreviewed			
core-2082	2082	a-2082-kroonen-core-2082-1;a-2082-orel-core-2082-1	core_triage	What do the source units establish for horn (horn)?	source_citation	ending	undetermined	reviewed	unestablished	Orel2003: *xurnan [195; neuter horn noun]. Kroonen2013: *hurna- [259; n.; citation formation]. This is a review of citation units and retained alternatives, not a chosen PGmc endpoint. Word/stem endings are display-level comparisons until aligned paradigms are established; source silence is not dissent. Causes and full historical equivalence remain unestablished.	All linked core alternatives are retained. Type tags mark the question or visible presentation, not a settled cause; whole-word, stem, paradigm, family and component evidence are not collapsed. Historical equivalence requires a separately aligned feature/unit comparison.		Whole-core citation roster reviewed before this classification; this layer neither selects a reconstruction nor certifies every source glyph.	unreviewed			
core-2083	2083	a-2083-kroonen-core-2083-1;a-2083-orel-core-2083-1;a-2083-orel-core-2083-2	core_triage	What do the source units establish for hound (hund)?	source_citation	ending	undetermined	reviewed	unestablished	Orel2003: *xunđaz [193; masculine dog noun]; *k̂u̯n̥-to- [193; comparative stem; exact relationship and qualifications in the argument]. Kroonen2013: *hunda- [256; m.; citation formation]. This is a review of citation units and retained alternatives, not a chosen PGmc endpoint. Word/stem endings are display-level comparisons until aligned paradigms are established; source silence is not dissent. Causes and full historical equivalence remain unestablished.	All linked core alternatives are retained. Type tags mark the question or visible presentation, not a settled cause; whole-word, stem, paradigm, family and component evidence are not collapsed. Historical equivalence requires a separately aligned feature/unit comparison.		Whole-core citation roster reviewed before this classification; this layer neither selects a reconstruction nor certifies every source glyph.	unreviewed			
core-2084	2084	a-2084-kroonen-core-2084-1;a-2084-kroonen-core-2084-2;a-2084-kroonen-core-2084-3;a-2084-kroonen-core-2084-4;a-2084-orel-core-2084-1;a-2084-orel-core-2084-2	core_triage	What do the source units establish for knead (cnedan)?	source_citation	ending	undetermined	reviewed	unestablished	Orel2003: *kneđanan [218; strong verb citation]; *knuda- [218; stem underlying the cited Old Swedish present]. Kroonen2013: *knedan- [295-296; s.v.; citation formation]; *knudan- [295-296; s.v.; separately printed contextual variant]; *kundume [295-296; proposed original zero-grade first plural]; *knudume [295-296; remodeled zero-grade first plural retaining kn]. This is a review of citation units and retained alternatives, not a chosen PGmc endpoint. Word/stem endings are display-level comparisons until aligned paradigms are established; source silence is not dissent. Causes and full historical equivalence remain unestablished.	All linked core alternatives are retained. Type tags mark the question or visible presentation, not a settled cause; whole-word, stem, paradigm, family and component evidence are not collapsed. Historical equivalence requires a separately aligned feature/unit comparison.		Whole-core citation roster reviewed before this classification; this layer neither selects a reconstruction nor certifies every source glyph.	unreviewed			
core-2085	2085	a-2085-kroonen-core-2085-1;a-2085-orel-core-2085-1	core_triage	What do the source units establish for knee (cneowe)?	source_citation	ending;historical_analysis;inflection;stem_class	different_units	reviewed	unestablished	Orel knewan is a thematic derivative; Kroonen knewa- is discussed with proterodynamic/genitive evidence. Neither is a quotation of selected short dative knéwai. Their citations inform the paradigm, not a direct dative reconstruction contest.	All linked core alternatives are retained. Type tags mark the question or visible presentation, not a settled cause; whole-word, stem, paradigm, family and component evidence are not collapsed. Historical equivalence requires a separately aligned feature/unit comparison.	r-2085-paradigm	Whole-core citation roster reviewed before this classification; this layer neither selects a reconstruction nor certifies every source glyph. Earlier citation-unit explanation label source_explicit is retained here as history; position support has not yet been reviewed as an explanation of inter-author divergence.	unreviewed			
core-2086	2086	a-2086-orel-core-2086-1;a-2086-orel-core-2086-2;a-2086-orel-core-2086-3;a-2086-orel-core-2086-4;a-2086-orel-core-2086-5;a-2086-orel-core-2086-6	core_triage	What do the source units establish for knight (cniht)?	source_citation	chronological_stage;pgmc_membership	insufficient_evidence	reviewed	unestablished	Orel2003: *knextaz [217; WGmc knight/boy noun, incidental reconstruction]; *knakkaz [217; comparative formation; exact relationship and qualifications in the argument]; *knakkō [217; comparative formation; exact relationship and qualifications in the argument]; *knappaz [217; comparative formation; exact relationship and qualifications in the argument]; *kenþan [212; comparative formation; exact relationship and qualifications in the argument]; *knaʒʒaz [217; comparative formation; exact relationship and qualifications in the argument]. Kroonen2013: no_form_found; Knab/ppan boy and þegna retainer are different reconstructed etyma; no cniht/kneht family or author connection to them found. This is a review of citation units and retained alternatives, not a chosen PGmc endpoint. Word/stem endings are display-level comparisons until aligned paradigms are established; source silence is not dissent. Causes and full historical equivalence remain unestablished.	All linked core alternatives are retained. Type tags mark the question or visible presentation, not a settled cause; whole-word, stem, paradigm, family and component evidence are not collapsed. Historical equivalence requires a separately aligned feature/unit comparison.		Whole-core citation roster reviewed before this classification; this layer neither selects a reconstruction nor certifies every source glyph.	unreviewed			
core-2087	2087	a-2087-kroonen-core-2087-1;a-2087-kroonen-core-2087-2;a-2087-kroonen-core-2087-3;a-2087-kroonen-core-2087-4;a-2087-kroonen-core-2087-5;a-2087-kroonen-core-2087-6;a-2087-orel-core-2086-4;a-2087-orel-core-2087-1	core_triage	What do the source units establish for knob (cnobba)?	source_citation	consonantism;ending;lexical_identity;stem_class;vocalism	undetermined	reviewed	unestablished	Orel2003: *knappaz [217; comparative formation; exact relationship and qualifications in the argument]; *knuppaz [218-219; masculine bud/knot noun; not the selected weak n-stem]. Kroonen2013: *knab/ppan- [294-295; m.; citation formation]; *knappa- [294-295; m.; separately printed contextual variant]; *knabō [294-295; knob/boy n-stem nominative, a-grade not selected u-grade]; *knappaz [294-295; knob/boy n-stem genitive with geminate p]; *knabbaz [294-295; analogically voiced-geminate genitive]; *knapō [294-295; analogically voiceless nominative]. This is a review of citation units and retained alternatives, not a chosen PGmc endpoint. Word/stem endings are display-level comparisons until aligned paradigms are established; source silence is not dissent. Causes and full historical equivalence remain unestablished.	All linked core alternatives are retained. Type tags mark the question or visible presentation, not a settled cause; whole-word, stem, paradigm, family and component evidence are not collapsed. Historical equivalence requires a separately aligned feature/unit comparison.		Whole-core citation roster reviewed before this classification; this layer neither selects a reconstruction nor certifies every source glyph.	unreviewed			
core-2088	2088	a-2088-kroonen-core-2088-1;a-2088-orel-core-2088-1	core_triage	What do the source units establish for lade (hladan)?	source_citation	ending	undetermined	reviewed	unestablished	Orel2003: *xlaþanan [175; strong verb citation]. Kroonen2013: *hlaþan- [229; s.v.; citation formation]. This is a review of citation units and retained alternatives, not a chosen PGmc endpoint. Word/stem endings are display-level comparisons until aligned paradigms are established; source silence is not dissent. Causes and full historical equivalence remain unestablished.	All linked core alternatives are retained. Type tags mark the question or visible presentation, not a settled cause; whole-word, stem, paradigm, family and component evidence are not collapsed. Historical equivalence requires a separately aligned feature/unit comparison.		Whole-core citation roster reviewed before this classification; this layer neither selects a reconstruction nor certifies every source glyph.	unreviewed			
core-2089	2089	a-2089-kroonen-core-2089-1;a-2089-orel-core-2089-1	core_triage	What do the source units establish for land (land)?	source_citation	ending	undetermined	reviewed	unestablished	Orel2003: *lanđan [235; neuter land noun]. Kroonen2013: *landa- [326; n.; citation formation]. This is a review of citation units and retained alternatives, not a chosen PGmc endpoint. Word/stem endings are display-level comparisons until aligned paradigms are established; source silence is not dissent. Causes and full historical equivalence remain unestablished.	All linked core alternatives are retained. Type tags mark the question or visible presentation, not a settled cause; whole-word, stem, paradigm, family and component evidence are not collapsed. Historical equivalence requires a separately aligned feature/unit comparison.		Whole-core citation roster reviewed before this classification; this layer neither selects a reconstruction nor certifies every source glyph.	unreviewed			
core-2090	2090	a-2090-orel-core-2090-1;a-2090-orel-core-2090-2	core_triage	What do the source units establish for lap (lappa)?	source_citation		insufficient_evidence	reviewed	unestablished	Orel2003: *lappōn [236; masculine lap noun]; *lappjaz [236; ON leppr rag source formation]. Kroonen2013: no_form_found; Full lōfan/lappan palm-paw paradigm gives ME love, not clothing-lap genealogy; source does not identify cloth lappa with this family. Lapp/bōn lick/lap is a semantic homonym. Neither garment/palm identity nor unrelatedness is silently decided from the shared lapp string. This is a review of citation units and retained alternatives, not a chosen PGmc endpoint. Word/stem endings are display-level comparisons until aligned paradigms are established; source silence is not dissent. Causes and full historical equivalence remain unestablished.	All linked core alternatives are retained. Type tags mark the question or visible presentation, not a settled cause; whole-word, stem, paradigm, family and component evidence are not collapsed. Historical equivalence requires a separately aligned feature/unit comparison.		Whole-core citation roster reviewed before this classification; this layer neither selects a reconstruction nor certifies every source glyph.	unreviewed			
core-2091	2091	a-2091-kroonen-core-2091-1;a-2091-kroonen-core-2091-2;a-2091-orel-core-2091-1;a-2091-orel-core-2091-2;a-2091-orel-core-2091-3;a-2091-orel-core-2091-4;a-2091-orel-core-2091-5	core_triage	What do the source units establish for last (lǣstan)?	source_citation	ending;lexical_identity	different_units	reviewed	unestablished	Orel2003: *laistjanan [233; weak last/follow verb citation]; *laistiz [233; comparative formation; exact relationship and qualifications in the argument]; *laistaz [233; comparative formation; exact relationship and qualifications in the argument]; *laisōn [233; comparative formation; exact relationship and qualifications in the argument]; *laisa [233; strong know verb's bare dictionary citation]. Kroonen2013: *laisti- [324; masculine ti-stem track / footprint / model noun]; *laisō- [324; feminine track / trail noun]. This is a review of citation units and retained alternatives, not a chosen PGmc endpoint. Word/stem endings are display-level comparisons until aligned paradigms are established; source silence is not dissent. Causes and full historical equivalence remain unestablished.	All linked core alternatives are retained. Type tags mark the question or visible presentation, not a settled cause; whole-word, stem, paradigm, family and component evidence are not collapsed. Historical equivalence requires a separately aligned feature/unit comparison.		Whole-core citation roster reviewed before this classification; this layer neither selects a reconstruction nor certifies every source glyph.	unreviewed			
core-2092	2092	a-2092-kroonen-core-2092-1;a-2092-kroonen-core-2092-2;a-2092-kroonen-core-2092-3;a-2092-orel-core-2092-1	core_triage	What do the source units establish for laugh (hliehhan)?	source_citation	ending	undetermined	reviewed	unestablished	Orel2003: *xlaxjanan [173; strong laugh verb citation]. Kroonen2013: *hlah(j)an- [228; s.v.; citation formation]; *hlahjan- [228; s.v.; separately printed contextual variant]; *hlahan- [228; s.v.; separately printed contextual variant]. This is a review of citation units and retained alternatives, not a chosen PGmc endpoint. Word/stem endings are display-level comparisons until aligned paradigms are established; source silence is not dissent. Causes and full historical equivalence remain unestablished.	All linked core alternatives are retained. Type tags mark the question or visible presentation, not a settled cause; whole-word, stem, paradigm, family and component evidence are not collapsed. Historical equivalence requires a separately aligned feature/unit comparison.		Whole-core citation roster reviewed before this classification; this layer neither selects a reconstruction nor certifies every source glyph.	unreviewed			
core-2093	2093	a-2093-kroonen-core-2093-1;a-2093-orel-core-2093-1;a-2093-orel-core-2093-2;a-2093-orel-core-2093-3	core_triage	What do the source units establish for lead (lǣdan)?	source_citation	ending	undetermined	reviewed	unestablished	Orel2003: *laiđjanan [232; weak lead verb citation]; *līþanan [232; comparative formation; exact relationship and qualifications in the argument]; *laiđō [232; comparative formation; exact relationship and qualifications in the argument]. Kroonen2013: *laidjan- [323; w.v.; citation formation]. This is a review of citation units and retained alternatives, not a chosen PGmc endpoint. Word/stem endings are display-level comparisons until aligned paradigms are established; source silence is not dissent. Causes and full historical equivalence remain unestablished.	All linked core alternatives are retained. Type tags mark the question or visible presentation, not a settled cause; whole-word, stem, paradigm, family and component evidence are not collapsed. Historical equivalence requires a separately aligned feature/unit comparison.		Whole-core citation roster reviewed before this classification; this layer neither selects a reconstruction nor certifies every source glyph.	unreviewed			
core-2094	2094	a-2094-kroonen-core-2094-1;a-2094-orel-core-2094-1;a-2094-orel-core-2094-2	core_triage	What do the source units establish for leaf (lēaf)?	source_citation	ending;gender;stem_class	undetermined	reviewed	unestablished	Orel2003: *lauban [237; neuter leaf noun]; *laupaz [237; comparative formation; exact relationship and qualifications in the argument]. Kroonen2013: *lauba- [328; m./n.; citation formation]. This is a review of citation units and retained alternatives, not a chosen PGmc endpoint. Word/stem endings are display-level comparisons until aligned paradigms are established; source silence is not dissent. Causes and full historical equivalence remain unestablished.	All linked core alternatives are retained. Type tags mark the question or visible presentation, not a settled cause; whole-word, stem, paradigm, family and component evidence are not collapsed. Historical equivalence requires a separately aligned feature/unit comparison.		Whole-core citation roster reviewed before this classification; this layer neither selects a reconstruction nor certifies every source glyph.	unreviewed			
core-2095	2095	a-2095-kroonen-core-2095-1;a-2095-orel-core-2095-1;a-2095-orel-core-2095-2;a-2095-orel-core-2095-3	core_triage	What do the source units establish for learn (liornian)?	source_citation	ending;suffix	undetermined	reviewed	unestablished	Orel2003: *liznōjanan [247; weak learn verb, ōjanan alternative]; *liznēnan [247; weak learn verb, ēnan alternative]; *leis- [233; comparative stem; exact relationship and qualifications in the argument]. Kroonen2013: *liznōn- [340; w.v.; citation formation]. This is a review of citation units and retained alternatives, not a chosen PGmc endpoint. Word/stem endings are display-level comparisons until aligned paradigms are established; source silence is not dissent. Causes and full historical equivalence remain unestablished.	All linked core alternatives are retained. Type tags mark the question or visible presentation, not a settled cause; whole-word, stem, paradigm, family and component evidence are not collapsed. Historical equivalence requires a separately aligned feature/unit comparison.	r-2095-kroonen-core-2095-1-argument;r-2095-orel-core-2095-1-argument	Whole-core citation roster reviewed before this classification; this layer neither selects a reconstruction nor certifies every source glyph.	unreviewed			
core-2096	2096	a-2096-kroonen-core-2096-1;a-2096-orel-core-2096-1	core_triage	What do the source units establish for leather (leþer)?	source_citation	ending	undetermined	reviewed	unestablished	Orel2003: *leþran [241; neuter leather noun]. Kroonen2013: *leþra- [332; n.; citation formation]. This is a review of citation units and retained alternatives, not a chosen PGmc endpoint. Word/stem endings are display-level comparisons until aligned paradigms are established; source silence is not dissent. Causes and full historical equivalence remain unestablished.	All linked core alternatives are retained. Type tags mark the question or visible presentation, not a settled cause; whole-word, stem, paradigm, family and component evidence are not collapsed. Historical equivalence requires a separately aligned feature/unit comparison.		Whole-core citation roster reviewed before this classification; this layer neither selects a reconstruction nor certifies every source glyph.	unreviewed			
core-2097	2097	a-2097-kroonen-core-2097-1;a-2097-orel-core-2097-1	core_triage	What do the source units establish for leek (lēac)?	source_citation	ending;gender;stem_class	undetermined	reviewed	unestablished	Orel2003: *laukaz [239; masculine leek noun]. Kroonen2013: *lauka- [329; m./n.; citation formation]. This is a review of citation units and retained alternatives, not a chosen PGmc endpoint. Word/stem endings are display-level comparisons until aligned paradigms are established; source silence is not dissent. Causes and full historical equivalence remain unestablished.	All linked core alternatives are retained. Type tags mark the question or visible presentation, not a settled cause; whole-word, stem, paradigm, family and component evidence are not collapsed. Historical equivalence requires a separately aligned feature/unit comparison.		Whole-core citation roster reviewed before this classification; this layer neither selects a reconstruction nor certifies every source glyph.	unreviewed			
core-2098	2098	a-2098-kroonen-core-2098-1;a-2098-orel-core-2098-1	core_triage	What do the source units establish for let (lǣtan)?	source_citation	ending	undetermined	reviewed	unestablished	Orel2003: *lētanan [244-245; strong let verb citation]. Kroonen2013: *lētan- [332; s.v.; citation formation]. This is a review of citation units and retained alternatives, not a chosen PGmc endpoint. Word/stem endings are display-level comparisons until aligned paradigms are established; source silence is not dissent. Causes and full historical equivalence remain unestablished.	All linked core alternatives are retained. Type tags mark the question or visible presentation, not a settled cause; whole-word, stem, paradigm, family and component evidence are not collapsed. Historical equivalence requires a separately aligned feature/unit comparison.		Whole-core citation roster reviewed before this classification; this layer neither selects a reconstruction nor certifies every source glyph.	unreviewed			
core-2099	2099	a-2099-kroonen-core-2099-1;a-2099-orel-core-2099-1	core_triage	What do the source units establish for lick (liccian)?	source_citation	ending;suffix	undetermined	reviewed	unestablished	Orel2003: *likkōjanan [245-246; weak lick verb citation]. Kroonen2013: *likkōn- [337; w.v.; citation formation]. This is a review of citation units and retained alternatives, not a chosen PGmc endpoint. Word/stem endings are display-level comparisons until aligned paradigms are established; source silence is not dissent. Causes and full historical equivalence remain unestablished.	All linked core alternatives are retained. Type tags mark the question or visible presentation, not a settled cause; whole-word, stem, paradigm, family and component evidence are not collapsed. Historical equivalence requires a separately aligned feature/unit comparison.		Whole-core citation roster reviewed before this classification; this layer neither selects a reconstruction nor certifies every source glyph.	unreviewed			
core-2100	2100	a-2100-orel-core-2100-1;a-2100-orel-core-2100-2	core_triage	What do the source units establish for lid (hlid)?	source_citation		insufficient_evidence	reviewed	unestablished	Orel2003: *xliđan [176-177; neuter lid/gateway noun]; *xlīđanan [177; comparative formation; exact relationship and qualifications in the argument]. Kroonen2013: no_form_found; Liþu body-part/joint gives Dutch lid member, not covering hlid. No hlid-family reconstruction found after cover/close and hli-/index contexts; semantic close alone is not genealogy. This is a review of citation units and retained alternatives, not a chosen PGmc endpoint. Word/stem endings are display-level comparisons until aligned paradigms are established; source silence is not dissent. Causes and full historical equivalence remain unestablished.	All linked core alternatives are retained. Type tags mark the question or visible presentation, not a settled cause; whole-word, stem, paradigm, family and component evidence are not collapsed. Historical equivalence requires a separately aligned feature/unit comparison.		Whole-core citation roster reviewed before this classification; this layer neither selects a reconstruction nor certifies every source glyph.	unreviewed			
core-2101	2101	a-2101-kroonen-core-2101-1;a-2101-orel-core-2101-1	core_triage	What do the source units establish for life (līf)?	source_citation	ending	undetermined	reviewed	unestablished	Orel2003: *līban [247; neuter life noun]. Kroonen2013: *lība- [335; n.; citation formation]. This is a review of citation units and retained alternatives, not a chosen PGmc endpoint. Word/stem endings are display-level comparisons until aligned paradigms are established; source silence is not dissent. Causes and full historical equivalence remain unestablished.	All linked core alternatives are retained. Type tags mark the question or visible presentation, not a settled cause; whole-word, stem, paradigm, family and component evidence are not collapsed. Historical equivalence requires a separately aligned feature/unit comparison.		Whole-core citation roster reviewed before this classification; this layer neither selects a reconstruction nor certifies every source glyph.	unreviewed			
core-2102	2102	a-2102-light-orel-verb;a-2102-kroonen-core-2102-1;a-2102-kroonen-core-2102-2;a-2102-kroonen-core-2102-3;a-2102-kroonen-core-2102-4;a-2102-kroonen-core-2102-5;a-2102-orel-core-2102-1	core_triage	What do the source units establish for light (līehtan)?	source_citation	ending;lexical_identity	different_units	reviewed	unestablished	Orel2003: *leuxtjanan [243; weak verb citation; not the light noun]; *leuxtan [243; comparative formation; exact relationship and qualifications in the argument]. Kroonen2013: *leuhada- [333; neuter light t-stem; OE leoht]; *leuhman- [333; masculine beam / radiance mn-stem]; *leuhna- [333-334; neuter lightning formation]; *leuhsa- [334; light / bright adjective and contextual neuter light noun]; *leuhsjan- [334; factitive shine / illuminate verb; OE liexan]. This is a review of citation units and retained alternatives, not a chosen PGmc endpoint. Word/stem endings are display-level comparisons until aligned paradigms are established; source silence is not dissent. Causes and full historical equivalence remain unestablished.	All linked core alternatives are retained. Type tags mark the question or visible presentation, not a settled cause; whole-word, stem, paradigm, family and component evidence are not collapsed. Historical equivalence requires a separately aligned feature/unit comparison.		Whole-core citation roster reviewed before this classification; this layer neither selects a reconstruction nor certifies every source glyph.	unreviewed			
core-2103	2103	a-2103-kroonen-core-2103-1;a-2103-orel-core-2103-1;a-2103-orel-core-2103-2	core_triage	What do the source units establish for lime (līm)?	source_citation	ending	undetermined	reviewed	unestablished	Orel2003: *līman [248; neuter lime formation]; *līmaz [248; masculine lime formation]. Kroonen2013: *līma- [338; m./n.; citation formation]. This is a review of citation units and retained alternatives, not a chosen PGmc endpoint. Word/stem endings are display-level comparisons until aligned paradigms are established; source silence is not dissent. Causes and full historical equivalence remain unestablished.	All linked core alternatives are retained. Type tags mark the question or visible presentation, not a settled cause; whole-word, stem, paradigm, family and component evidence are not collapsed. Historical equivalence requires a separately aligned feature/unit comparison.		Whole-core citation roster reviewed before this classification; this layer neither selects a reconstruction nor certifies every source glyph.	unreviewed			
core-2104	2104	a-2104-kroonen-core-2104-1;a-2104-orel-core-2104-1;a-2104-orel-core-2104-2	core_triage	What do the source units establish for linden (lind)?	source_citation	ending;suffix;vocalism	undetermined	reviewed	unestablished	Orel2003: *lenđ(j)ō [240; feminine lime-tree noun; parenthesized j]; *lentā [240; comparative formation; exact relationship and qualifications in the argument]. Kroonen2013: *lindō- [338; f.; citation formation]. This is a review of citation units and retained alternatives, not a chosen PGmc endpoint. Word/stem endings are display-level comparisons until aligned paradigms are established; source silence is not dissent. Causes and full historical equivalence remain unestablished.	All linked core alternatives are retained. Type tags mark the question or visible presentation, not a settled cause; whole-word, stem, paradigm, family and component evidence are not collapsed. Historical equivalence requires a separately aligned feature/unit comparison.		Whole-core citation roster reviewed before this classification; this layer neither selects a reconstruction nor certifies every source glyph.	unreviewed			
core-2105	2105	a-2105-orel-core-2105-1;a-2105-orel-core-2105-2	core_triage	What do the source units establish for line (līne)?	source_citation	lexical_identity	insufficient_evidence	reviewed	unestablished	Orel2003: *līnan [248; neuter linen/flax reconstruction; related formation]; līnea [248; Latin linen-thread/string/line etymon]. Kroonen2013: no_form_found; Flax flahsa, lime līma and linden lindō are different families; linen/cord contexts and līn-/index search do not supply line/līn family reconstruction. This is a review of citation units and retained alternatives, not a chosen PGmc endpoint. Word/stem endings are display-level comparisons until aligned paradigms are established; source silence is not dissent. Causes and full historical equivalence remain unestablished.	All linked core alternatives are retained. Type tags mark the question or visible presentation, not a settled cause; whole-word, stem, paradigm, family and component evidence are not collapsed. Historical equivalence requires a separately aligned feature/unit comparison.		Whole-core citation roster reviewed before this classification; this layer neither selects a reconstruction nor certifies every source glyph.	unreviewed			
core-2106	2106	a-2106-orel-core-2106-1	core_triage	What do the source units establish for list (līste)?	source_citation		insufficient_evidence	reviewed	unestablished	Orel2003: *līstōn [248; feminine list/edge noun]. Kroonen2013: no_form_found; Listi skill/cunning is not assigned to textile-border family by the source. Strip/border and index contexts supply no actual line/border family; shared list spelling is not an etymology. This is a review of citation units and retained alternatives, not a chosen PGmc endpoint. Word/stem endings are display-level comparisons until aligned paradigms are established; source silence is not dissent. Causes and full historical equivalence remain unestablished.	All linked core alternatives are retained. Type tags mark the question or visible presentation, not a settled cause; whole-word, stem, paradigm, family and component evidence are not collapsed. Historical equivalence requires a separately aligned feature/unit comparison.		Whole-core citation roster reviewed before this classification; this layer neither selects a reconstruction nor certifies every source glyph.	unreviewed			
core-2107	2107	a-2107-kroonen-core-2107-1;a-2107-orel-core-2107-1;a-2107-orel-core-2107-2	core_triage	What do the source units establish for live (lifeþ)?	source_citation	ending	undetermined	reviewed	unestablished	Orel2003: *libēnan [245; weak live verb citation]; *leibh- [245; comparative stem; exact relationship and qualifications in the argument]. Kroonen2013: *libēn- [336; w.v.; citation formation]. This is a review of citation units and retained alternatives, not a chosen PGmc endpoint. Word/stem endings are display-level comparisons until aligned paradigms are established; source silence is not dissent. Causes and full historical equivalence remain unestablished.	All linked core alternatives are retained. Type tags mark the question or visible presentation, not a settled cause; whole-word, stem, paradigm, family and component evidence are not collapsed. Historical equivalence requires a separately aligned feature/unit comparison.		Whole-core citation roster reviewed before this classification; this layer neither selects a reconstruction nor certifies every source glyph.	unreviewed			
core-2108	2108	a-2108-kroonen-core-2108-1;a-2108-kroonen-core-2108-2;a-2108-kroonen-core-2108-3;a-2108-kroonen-core-2108-4;a-2108-orel-core-2108-1	core_triage	What do the source units establish for liver (lifer)?	source_citation	chronological_stage;ending;quantity	undetermined	reviewed	unestablished	Orel2003: *lib(a)rō [245; feminine liver noun; parenthesized a]. Kroonen2013: *librō- [336; f.; citation formation]; *lipr-éh₂- [336; proposed irregular liver intermediate]; *libur-eni [336; proposed old locative before PN outcome]; *leurini [336; explicitly PN locative]. This is a review of citation units and retained alternatives, not a chosen PGmc endpoint. Word/stem endings are display-level comparisons until aligned paradigms are established; source silence is not dissent. Causes and full historical equivalence remain unestablished.	All linked core alternatives are retained. Type tags mark the question or visible presentation, not a settled cause; whole-word, stem, paradigm, family and component evidence are not collapsed. Historical equivalence requires a separately aligned feature/unit comparison.	r-2108-kroonen-core-2108-1-argument;r-2108-orel-core-2108-1-argument	Whole-core citation roster reviewed before this classification; this layer neither selects a reconstruction nor certifies every source glyph.	unreviewed			
core-2109	2109	a-2109-kroonen-core-2109-1;a-2109-orel-core-2109-1	core_triage	What do the source units establish for loam (lām)?	source_citation	ending;quantity;stem_class	undetermined	reviewed	unestablished	Orel2003: *laimōn [233; masculine clay/loam noun]. Kroonen2013: *laiman- [323-324; m.; citation formation]. This is a review of citation units and retained alternatives, not a chosen PGmc endpoint. Word/stem endings are display-level comparisons until aligned paradigms are established; source silence is not dissent. Causes and full historical equivalence remain unestablished.	All linked core alternatives are retained. Type tags mark the question or visible presentation, not a settled cause; whole-word, stem, paradigm, family and component evidence are not collapsed. Historical equivalence requires a separately aligned feature/unit comparison.		Whole-core citation roster reviewed before this classification; this layer neither selects a reconstruction nor certifies every source glyph.	unreviewed			
core-2110	2110	a-2110-orel-core-2110-1	core_triage	What do the source units establish for loath (lāþ)?	source_citation		insufficient_evidence	reviewed	unestablished	Orel2003: *laiþaz [233-234; loath adjective]. Kroonen2013: no_form_found; Completed hostile/hateful, invitation/lath and la(i)þ- contexts do not supply loath adjective family. Merely negative emotional glosses or the invitation homonym are not genetic evidence. This is a review of citation units and retained alternatives, not a chosen PGmc endpoint. Word/stem endings are display-level comparisons until aligned paradigms are established; source silence is not dissent. Causes and full historical equivalence remain unestablished.	All linked core alternatives are retained. Type tags mark the question or visible presentation, not a settled cause; whole-word, stem, paradigm, family and component evidence are not collapsed. Historical equivalence requires a separately aligned feature/unit comparison.		Whole-core citation roster reviewed before this classification; this layer neither selects a reconstruction nor certifies every source glyph.	unreviewed			
core-2111	2111	a-2111-kroonen-core-2111-1;a-2111-kroonen-core-2111-2;a-2111-orel-core-2111-1;a-2111-orel-core-2111-2	core_triage	What do the source units establish for lock (loc)?	source_citation	ending;lexical_identity;vocalism	different_units	reviewed	unestablished	Orel2003: *lukan [250; neuter lock/bolt noun]; *lūkanan [250; comparative formation; exact relationship and qualifications in the argument]. Kroonen2013: *leukan- [334; strong close / pull verb; door-lock-family comparison]; *lūkan- [334; quoted parallel close-verb stem]. This is a review of citation units and retained alternatives, not a chosen PGmc endpoint. Word/stem endings are display-level comparisons until aligned paradigms are established; source silence is not dissent. Causes and full historical equivalence remain unestablished.	All linked core alternatives are retained. Type tags mark the question or visible presentation, not a settled cause; whole-word, stem, paradigm, family and component evidence are not collapsed. Historical equivalence requires a separately aligned feature/unit comparison.		Whole-core citation roster reviewed before this classification; this layer neither selects a reconstruction nor certifies every source glyph.	unreviewed			
core-2112	2112	a-2112-kroonen-core-2112-1;a-2112-orel-core-2112-1	core_triage	What do the source units establish for lock (locc)?	source_citation	ending	undetermined	reviewed	unestablished	Orel2003: *lukkaz [250; masculine hairlock noun]. Kroonen2013: *lukka- [343; m.; citation formation]. This is a review of citation units and retained alternatives, not a chosen PGmc endpoint. Word/stem endings are display-level comparisons until aligned paradigms are established; source silence is not dissent. Causes and full historical equivalence remain unestablished.	All linked core alternatives are retained. Type tags mark the question or visible presentation, not a settled cause; whole-word, stem, paradigm, family and component evidence are not collapsed. Historical equivalence requires a separately aligned feature/unit comparison.		Whole-core citation roster reviewed before this classification; this layer neither selects a reconstruction nor certifies every source glyph.	unreviewed			
core-2113	2113	a-2113-orel-core-2113-1	core_triage	What do the source units establish for louse (lūs)?	source_citation		insufficient_evidence	reviewed	unestablished	Orel2003: *lūsz [252; feminine root louse noun]. Kroonen2013: no_form_found; No lūs/louse lexical/root family in completed lus-/insect/index contexts; lust/loss/creep homonyms and other insects have different etyma. This is a review of citation units and retained alternatives, not a chosen PGmc endpoint. Word/stem endings are display-level comparisons until aligned paradigms are established; source silence is not dissent. Causes and full historical equivalence remain unestablished.	All linked core alternatives are retained. Type tags mark the question or visible presentation, not a settled cause; whole-word, stem, paradigm, family and component evidence are not collapsed. Historical equivalence requires a separately aligned feature/unit comparison.		Whole-core citation roster reviewed before this classification; this layer neither selects a reconstruction nor certifies every source glyph.	unreviewed			
core-2114	2114	a-2114-kroonen-core-2114-1;a-2114-kroonen-core-2114-2;a-2114-orel-core-2114-1;a-2114-orel-core-2114-2;a-2114-orel-core-2114-3;a-2114-orel-core-2114-4	core_triage	What do the source units establish for lung (lungen)?	source_citation	consonantism;ending;suffix	undetermined	reviewed	unestablished	Orel2003: *lunʒwan [251; neuter lung alternative]; *lunʒwōn [251; feminine lung alternative]; *lunʒun(j)ō [251; explicit source formation of OE lunʒen; parenthesized j]; *lunʒwraz [251; comparative formation; exact relationship and qualifications in the argument]. Kroonen2013: *lungōn- [344; f.; citation formation]; *lungunjō- [344; f.; separately printed contextual variant]. This is a review of citation units and retained alternatives, not a chosen PGmc endpoint. Word/stem endings are display-level comparisons until aligned paradigms are established; source silence is not dissent. Causes and full historical equivalence remain unestablished.	All linked core alternatives are retained. Type tags mark the question or visible presentation, not a settled cause; whole-word, stem, paradigm, family and component evidence are not collapsed. Historical equivalence requires a separately aligned feature/unit comparison.		Whole-core citation roster reviewed before this classification; this layer neither selects a reconstruction nor certifies every source glyph.	unreviewed			
core-2115	2115	a-2115-kroonen-core-2115-1;a-2115-kroonen-core-2115-2;a-2115-orel-core-2115-1;a-2115-orel-core-2115-2;a-2115-orel-core-2115-3;a-2115-orel-core-2115-4;a-2115-orel-core-2115-5;a-2115-orel-core-2115-6;a-2115-orel-core-2115-7	core_triage	What do the source units establish for lust (lust)?	source_citation	ending	undetermined	reviewed	unestablished	Orel2003: *lustuz [251; masculine u-stem desire noun]; *lustaz [251; masculine a-stem desire noun]; *lustiz [251; feminine formation of late ON lyst]; *lub-stu- [251; comparative stem; exact relationship and qualifications in the argument]; *lubō [251; love base in the desire formation, not boil]; *laubō [238; comparative formation; exact relationship and qualifications in the argument]; *leubaz [238; comparative formation; exact relationship and qualifications in the argument]. Kroonen2013: *lustu- [345; m.; citation formation]; *lustan- [345; m.; separately printed contextual variant]. This is a review of citation units and retained alternatives, not a chosen PGmc endpoint. Word/stem endings are display-level comparisons until aligned paradigms are established; source silence is not dissent. Causes and full historical equivalence remain unestablished.	All linked core alternatives are retained. Type tags mark the question or visible presentation, not a settled cause; whole-word, stem, paradigm, family and component evidence are not collapsed. Historical equivalence requires a separately aligned feature/unit comparison.		Whole-core citation roster reviewed before this classification; this layer neither selects a reconstruction nor certifies every source glyph.	unreviewed			
core-2116	2116	a-2116-orel-core-2116-1;a-2116-orel-core-2116-2	core_triage	What do the source units establish for lye (lēag)?	source_citation		insufficient_evidence	reviewed	unestablished	Orel2003: *lauʒō [238; feminine lye/bath noun]; *loukā [238; comparative formation; exact relationship and qualifications in the argument]. Kroonen2013: no_form_found; Barku can acquire a lye sense from tanning materials, but is a bark etymon, not laug-family evidence. Completed washing/liquid and laug/index contexts find no authored laug family. This is a review of citation units and retained alternatives, not a chosen PGmc endpoint. Word/stem endings are display-level comparisons until aligned paradigms are established; source silence is not dissent. Causes and full historical equivalence remain unestablished.	All linked core alternatives are retained. Type tags mark the question or visible presentation, not a settled cause; whole-word, stem, paradigm, family and component evidence are not collapsed. Historical equivalence requires a separately aligned feature/unit comparison.		Whole-core citation roster reviewed before this classification; this layer neither selects a reconstruction nor certifies every source glyph.	unreviewed			
core-2117	2117	a-2117-kroonen-core-2117-1;a-2117-orel-core-2117-1	core_triage	What do the source units establish for make (macian)?	source_citation	ending	undetermined	reviewed	unestablished	Orel2003: *makōjanan [257; weak make verb dictionary citation]. Kroonen2013: *makōjan- [350; incidental weak make verb, not adjective headword]. This is a review of citation units and retained alternatives, not a chosen PGmc endpoint. Word/stem endings are display-level comparisons until aligned paradigms are established; source silence is not dissent. Causes and full historical equivalence remain unestablished.	All linked core alternatives are retained. Type tags mark the question or visible presentation, not a settled cause; whole-word, stem, paradigm, family and component evidence are not collapsed. Historical equivalence requires a separately aligned feature/unit comparison.		Whole-core citation roster reviewed before this classification; this layer neither selects a reconstruction nor certifies every source glyph.	unreviewed			
core-2118	2118	a-2118-kroonen-core-2118-1;a-2118-orel-core-2118-1;a-2118-orel-core-2118-2	core_triage	What do the source units establish for malt (mealt)?	source_citation	ending	undetermined	reviewed	unestablished	Orel2003: *maltan [258; neuter malt noun]; *maltaz [258; malt adjective]. Kroonen2013: *malta- [351; incidental neuter malt noun, not soft adjective]. This is a review of citation units and retained alternatives, not a chosen PGmc endpoint. Word/stem endings are display-level comparisons until aligned paradigms are established; source silence is not dissent. Causes and full historical equivalence remain unestablished.	All linked core alternatives are retained. Type tags mark the question or visible presentation, not a settled cause; whole-word, stem, paradigm, family and component evidence are not collapsed. Historical equivalence requires a separately aligned feature/unit comparison.		Whole-core citation roster reviewed before this classification; this layer neither selects a reconstruction nor certifies every source glyph.	unreviewed			
core-2119	2119	a-2119-man-cercignani-nasalization;a-2119-kroonen-core-2119-1;a-2119-kroonen-core-2119-2;a-2119-kroonen-core-2119-3;a-2119-kroonen-core-2119-4;a-2119-kroonen-core-2119-5;a-2119-kroonen-core-2119-6;a-2119-kroonen-core-2119-7;a-2119-kroonen-core-2119-8;a-2119-kroonen-core-2119-9;a-2119-kroonen-core-2119-10;a-2119-orel-core-2119-1;a-2119-orel-core-2119-2	core_triage	What do the source units establish for man (mannes)?	source_citation	chronological_stage;ending;historical_analysis;inflection;stem_class	different_units	reviewed	unestablished	Orel mannz/mannōn and Kroonen's n-stem/root-noun account address different paradigm presentations. Mannaniz→manniz are plurals; mannaz is the separately analogical genitive. Rejected minn- and quasi-PIE antecedents are not additional endorsed PGmc man headwords.	All linked core alternatives are retained. Type tags mark the question or visible presentation, not a settled cause; whole-word, stem, paradigm, family and component evidence are not collapsed. Historical equivalence requires a separately aligned feature/unit comparison.	r-2119-analogy	Whole-core citation roster reviewed before this classification; this layer neither selects a reconstruction nor certifies every source glyph. Earlier citation-unit explanation label source_explicit is retained here as history; position support has not yet been reviewed as an explanation of inter-author divergence.	unreviewed			
core-2120	2120	a-2120-kroonen-core-2120-1;a-2120-orel-core-2120-1;a-2120-orel-core-2120-2	core_triage	What do the source units establish for march (mearc)?	source_citation	ending	undetermined	reviewed	unestablished	Orel2003: *markō [262; feminine border/region noun]; *markan [262; comparative formation; exact relationship and qualifications in the argument]. Kroonen2013: *markō- [355; f.; citation formation]. This is a review of citation units and retained alternatives, not a chosen PGmc endpoint. Word/stem endings are display-level comparisons until aligned paradigms are established; source silence is not dissent. Causes and full historical equivalence remain unestablished.	All linked core alternatives are retained. Type tags mark the question or visible presentation, not a settled cause; whole-word, stem, paradigm, family and component evidence are not collapsed. Historical equivalence requires a separately aligned feature/unit comparison.		Whole-core citation roster reviewed before this classification; this layer neither selects a reconstruction nor certifies every source glyph.	unreviewed			
core-2121	2121	a-2121-kroonen-core-2121-1;a-2121-kroonen-core-2121-2;a-2121-orel-core-2121-1;a-2121-orel-core-2121-2	core_triage	What do the source units establish for mast (mæst)?	source_citation	ending;lexical_identity	undetermined	reviewed	unestablished	Orel2003: *mastaz [263; masculine sail-support mast; homonym I]; *mastaz [263; masculine forest-fruit/feed mast; homonym II]. Kroonen2013: *masta- [357; m.; citation formation]; *masta- [357; m.; citation formation]. This is a review of citation units and retained alternatives, not a chosen PGmc endpoint. Word/stem endings are display-level comparisons until aligned paradigms are established; source silence is not dissent. Causes and full historical equivalence remain unestablished.	All linked core alternatives are retained. Type tags mark the question or visible presentation, not a settled cause; whole-word, stem, paradigm, family and component evidence are not collapsed. Historical equivalence requires a separately aligned feature/unit comparison.		Whole-core citation roster reviewed before this classification; this layer neither selects a reconstruction nor certifies every source glyph.	unreviewed			
core-2122	2122	a-2122-kroonen-core-2122-1;a-2122-kroonen-core-2122-2;a-2122-kroonen-core-2122-3;a-2122-orel-core-2122-1;a-2122-orel-core-2122-2	core_triage	What do the source units establish for meal (mǣl)?	source_citation	ending;lexical_identity	undetermined	reviewed	unestablished	Orel2003: *mēlan [269; neuter time/mealtime noun; homonym I]; *mēlan [269-270; neuter mark/sign noun; homonym II]. Kroonen2013: *mēla- [362; n.; citation formation]; *mēla- [362; n.; citation formation]; *mēla- [362; n.; citation formation]. This is a review of citation units and retained alternatives, not a chosen PGmc endpoint. Word/stem endings are display-level comparisons until aligned paradigms are established; source silence is not dissent. Causes and full historical equivalence remain unestablished.	All linked core alternatives are retained. Type tags mark the question or visible presentation, not a settled cause; whole-word, stem, paradigm, family and component evidence are not collapsed. Historical equivalence requires a separately aligned feature/unit comparison.		Whole-core citation roster reviewed before this classification; this layer neither selects a reconstruction nor certifies every source glyph.	unreviewed			
core-2123	2123	a-2123-kroonen-core-2123-1;a-2123-orel-core-2123-1;a-2123-orel-core-2123-2	core_triage	What do the source units establish for mean (mǣnan)?	source_citation	ending	undetermined	reviewed	unestablished	Orel2003: *mainjanan [255; weak mean/signify verb; homonym II]; *mainō [255; WGmc meaning/sense base quoted in Torp-Falk discussion]. Kroonen2013: *mainjan- [348; w.v.; citation formation]. This is a review of citation units and retained alternatives, not a chosen PGmc endpoint. Word/stem endings are display-level comparisons until aligned paradigms are established; source silence is not dissent. Causes and full historical equivalence remain unestablished.	All linked core alternatives are retained. Type tags mark the question or visible presentation, not a settled cause; whole-word, stem, paradigm, family and component evidence are not collapsed. Historical equivalence requires a separately aligned feature/unit comparison.		Whole-core citation roster reviewed before this classification; this layer neither selects a reconstruction nor certifies every source glyph.	unreviewed			
core-2124	2124	a-2124-kroonen-core-2124-1;a-2124-kroonen-core-2124-2;a-2124-kroonen-core-2124-3;a-2124-kroonen-core-2124-4;a-2124-orel-core-2124-1;a-2124-orel-core-2124-2	core_triage	What do the source units establish for meed (meorde)?	source_citation	chronological_stage;ending;quantity;vocalism	undetermined	reviewed	unestablished	Orel2003: *mizđō(n) [272; feminine meed noun; parenthesized n]; *mē₂đō [272; feminine secondary meed alternative; subscript 2]. Kroonen2013: *mizdō(n)- [370-371; f.; citation formation]; *mizdō- [370-371; f.; separately printed contextual variant]; *miadō- [370-371; West Germanic meed outcome with z-loss]; *mē²dō- [370-371; West Germanic ē² meed outcome with z-loss]. This is a review of citation units and retained alternatives, not a chosen PGmc endpoint. Word/stem endings are display-level comparisons until aligned paradigms are established; source silence is not dissent. Causes and full historical equivalence remain unestablished.	All linked core alternatives are retained. Type tags mark the question or visible presentation, not a settled cause; whole-word, stem, paradigm, family and component evidence are not collapsed. Historical equivalence requires a separately aligned feature/unit comparison.		Whole-core citation roster reviewed before this classification; this layer neither selects a reconstruction nor certifies every source glyph.	unreviewed			
core-2125	2125	a-2125-kroonen-core-2125-1;a-2125-kroonen-core-2125-2;a-2125-orel-core-2125-1;a-2125-orel-core-2125-2;a-2125-orel-core-2125-3	core_triage	What do the source units establish for might (miht)?	source_citation	ending	undetermined	reviewed	unestablished	Orel2003: *maxtiz [254; feminine might noun]; *maxtuz [254; ON máttr source formation]; *maʒa [254; strong can verb's bare dictionary citation]. Kroonen2013: *mahti- [347; f.; citation formation]; *mahtu- [347; f.; separately printed contextual variant]. This is a review of citation units and retained alternatives, not a chosen PGmc endpoint. Word/stem endings are display-level comparisons until aligned paradigms are established; source silence is not dissent. Causes and full historical equivalence remain unestablished.	All linked core alternatives are retained. Type tags mark the question or visible presentation, not a settled cause; whole-word, stem, paradigm, family and component evidence are not collapsed. Historical equivalence requires a separately aligned feature/unit comparison.		Whole-core citation roster reviewed before this classification; this layer neither selects a reconstruction nor certifies every source glyph.	unreviewed			
core-2126	2126	a-2126-kroonen-core-2126-1;a-2126-kroonen-core-2126-2;a-2126-kroonen-core-2126-3;a-2126-kroonen-core-2126-4;a-2126-kroonen-core-2126-5;a-2126-orel-core-2126-1;a-2126-orel-core-2126-2;a-2126-orel-core-2126-3	core_triage	What do the source units establish for milk (meoloc)?	source_citation	ending;inflection;stem_class	undetermined	reviewed	unestablished	Orel2003: *melukz [267; feminine milk root noun]; *melikiz [267; source formation of OHG milih]; *melkanan [267; comparative formation; exact relationship and qualifications in the argument]. Kroonen2013: *melk-z [364; nominative in rejected schwa explanation]; *mel(u)kan- [364; strong milk verb proposed as source of noun's unexpected u]; *meluk- [364; f.; citation formation]; *melk-z [364; proposed nominative in contamination analysis]; *mulk-iz [364; proposed genitive in contamination analysis]. This is a review of citation units and retained alternatives, not a chosen PGmc endpoint. Word/stem endings are display-level comparisons until aligned paradigms are established; source silence is not dissent. Causes and full historical equivalence remain unestablished.	All linked core alternatives are retained. Type tags mark the question or visible presentation, not a settled cause; whole-word, stem, paradigm, family and component evidence are not collapsed. Historical equivalence requires a separately aligned feature/unit comparison.		Whole-core citation roster reviewed before this classification; this layer neither selects a reconstruction nor certifies every source glyph.	unreviewed			
core-2127	2127	a-2127-kroonen-core-2127-1;a-2127-orel-core-2127-1;a-2127-orel-core-2127-2	core_triage	What do the source units establish for month (mōnaþ)?	source_citation	ending	undetermined	reviewed	unestablished	Orel2003: *mēnōþz [270; masculine month noun]; *mēnōn [270; comparative formation; exact relationship and qualifications in the argument]. Kroonen2013: *mēnōþ- [365-366; m.; citation formation]. This is a review of citation units and retained alternatives, not a chosen PGmc endpoint. Word/stem endings are display-level comparisons until aligned paradigms are established; source silence is not dissent. Causes and full historical equivalence remain unestablished.	All linked core alternatives are retained. Type tags mark the question or visible presentation, not a settled cause; whole-word, stem, paradigm, family and component evidence are not collapsed. Historical equivalence requires a separately aligned feature/unit comparison.		Whole-core citation roster reviewed before this classification; this layer neither selects a reconstruction nor certifies every source glyph.	unreviewed			
core-2128	2128	a-2128-orel-core-2128-1	core_triage	What do the source units establish for mood (mōd)?	source_citation		insufficient_evidence	reviewed	unestablished	Orel2003: *mōđaz [273; masculine mood/mind noun]. Kroonen2013: no_form_found; Mōsa food, mōtan opportunity and móða dust are different etyma. Mind/courage/anger and mōd/mōþ/index contexts supply no mood-family reconstruction. This is a review of citation units and retained alternatives, not a chosen PGmc endpoint. Word/stem endings are display-level comparisons until aligned paradigms are established; source silence is not dissent. Causes and full historical equivalence remain unestablished.	All linked core alternatives are retained. Type tags mark the question or visible presentation, not a settled cause; whole-word, stem, paradigm, family and component evidence are not collapsed. Historical equivalence requires a separately aligned feature/unit comparison.		Whole-core citation roster reviewed before this classification; this layer neither selects a reconstruction nor certifies every source glyph.	unreviewed			
core-2129	2129	a-2129-kroonen-core-2129-1;a-2129-kroonen-core-2129-2;a-2129-orel-core-2129-1	core_triage	What do the source units establish for mother (mōder)?	source_citation	ending;inflection;quantity	undetermined	reviewed	unestablished	Orel2003: *mōđēr [273; feminine mother root noun]. Kroonen2013: *mōder- [371; f.; citation formation]; *mōþer- [371; expected mother stem, displaced by accent analogy]. This is a review of citation units and retained alternatives, not a chosen PGmc endpoint. Word/stem endings are display-level comparisons until aligned paradigms are established; source silence is not dissent. Causes and full historical equivalence remain unestablished.	All linked core alternatives are retained. Type tags mark the question or visible presentation, not a settled cause; whole-word, stem, paradigm, family and component evidence are not collapsed. Historical equivalence requires a separately aligned feature/unit comparison.		Whole-core citation roster reviewed before this classification; this layer neither selects a reconstruction nor certifies every source glyph.	unreviewed			
core-2130	2130	a-2130-kroonen-core-2130-1;a-2130-kroonen-core-2130-2;a-2130-orel-core-2130-1	core_triage	What do the source units establish for nail (næġl)?	source_citation	ending	undetermined	reviewed	unestablished	Orel2003: *naʒlaz [279; masculine nail noun]. Kroonen2013: *nagl- [381; m.; citation formation]; *nagla- [381; m.; separately printed contextual variant]. This is a review of citation units and retained alternatives, not a chosen PGmc endpoint. Word/stem endings are display-level comparisons until aligned paradigms are established; source silence is not dissent. Causes and full historical equivalence remain unestablished.	All linked core alternatives are retained. Type tags mark the question or visible presentation, not a settled cause; whole-word, stem, paradigm, family and component evidence are not collapsed. Historical equivalence requires a separately aligned feature/unit comparison.		Whole-core citation roster reviewed before this classification; this layer neither selects a reconstruction nor certifies every source glyph.	unreviewed			
core-2131	2131	a-2131-kroonen-core-2131-1;a-2131-orel-core-2131-1;a-2131-orel-core-2131-2	core_triage	What do the source units establish for name (nama)?	source_citation	ending	undetermined	reviewed	unestablished	Orel2003: *namōn [280-281; neuter name alternative]; *nam(n)an [280-281; neuter name alternative; parenthesized n]. Kroonen2013: *namōn- [382-383; n.; citation formation]. This is a review of citation units and retained alternatives, not a chosen PGmc endpoint. Word/stem endings are display-level comparisons until aligned paradigms are established; source silence is not dissent. Causes and full historical equivalence remain unestablished.	All linked core alternatives are retained. Type tags mark the question or visible presentation, not a settled cause; whole-word, stem, paradigm, family and component evidence are not collapsed. Historical equivalence requires a separately aligned feature/unit comparison.		Whole-core citation roster reviewed before this classification; this layer neither selects a reconstruction nor certifies every source glyph.	unreviewed			
core-2132	2132	a-2132-kroonen-core-2132-1;a-2132-orel-core-2132-1;a-2132-orel-core-2132-2	core_triage	What do the source units establish for nave (nafu)?	source_citation	ending	undetermined	reviewed	unestablished	Orel2003: *nabō [279; feminine nave/clasp noun]; *nabiz [279; feminine source formation of part of ON nof]. Kroonen2013: *nabō- [380-381; f.; citation formation]. This is a review of citation units and retained alternatives, not a chosen PGmc endpoint. Word/stem endings are display-level comparisons until aligned paradigms are established; source silence is not dissent. Causes and full historical equivalence remain unestablished.	All linked core alternatives are retained. Type tags mark the question or visible presentation, not a settled cause; whole-word, stem, paradigm, family and component evidence are not collapsed. Historical equivalence requires a separately aligned feature/unit comparison.		Whole-core citation roster reviewed before this classification; this layer neither selects a reconstruction nor certifies every source glyph.	unreviewed			
core-2133	2133	a-2133-kroonen-core-2133-1;a-2133-orel-core-2133-1	core_triage	What do the source units establish for navel (nafola)?	source_citation	ending;suffix;vocalism	undetermined	reviewed	unestablished	Orel2003: *nab(u)lōn [279; masculine navel noun; parenthesized u]. Kroonen2013: *nablan- [380; m.; citation formation]. This is a review of citation units and retained alternatives, not a chosen PGmc endpoint. Word/stem endings are display-level comparisons until aligned paradigms are established; source silence is not dissent. Causes and full historical equivalence remain unestablished.	All linked core alternatives are retained. Type tags mark the question or visible presentation, not a settled cause; whole-word, stem, paradigm, family and component evidence are not collapsed. Historical equivalence requires a separately aligned feature/unit comparison.		Whole-core citation roster reviewed before this classification; this layer neither selects a reconstruction nor certifies every source glyph.	unreviewed			
core-2134	2134	a-2134-kroonen-core-2134-1;a-2134-kroonen-core-2134-2;a-2134-kroonen-core-2134-3;a-2134-kroonen-core-2134-4;a-2134-kroonen-core-2134-5;a-2134-kroonen-core-2134-6;a-2134-kroonen-core-2134-7;a-2134-kroonen-core-2134-8;a-2134-kroonen-core-2134-9;a-2134-orel-core-2134-1;a-2134-orel-core-2134-2	core_triage	What do the source units establish for neck (hnecca)?	source_citation	ending;stem_class	undetermined	reviewed	unestablished	Orel2003: *xnakkaz [179; masculine occiput/nape alternative]; *xnakkōn [179; masculine occiput/nape n-stem alternative]. Kroonen2013: *hnakka(n)- [234-235; m.; citation formation]; *hnekkan- [234-235; m.; separately printed contextual variant]; *hnakkan- [234-235; m.; separately printed contextual variant]; *hnukkan- [234-235; m.; separately printed contextual variant]; *hnehō [234-235; proposed older n-stem nominative]; *hunkkaz [234-235; proposed older n-stem genitive]; *hnakkuns [234-235; accusative plural supporting remodeled stem]; *hnekkō [234-235; remodeled nominative]; *hnukkaz [234-235; remodeled genitive]. This is a review of citation units and retained alternatives, not a chosen PGmc endpoint. Word/stem endings are display-level comparisons until aligned paradigms are established; source silence is not dissent. Causes and full historical equivalence remain unestablished.	All linked core alternatives are retained. Type tags mark the question or visible presentation, not a settled cause; whole-word, stem, paradigm, family and component evidence are not collapsed. Historical equivalence requires a separately aligned feature/unit comparison.		Whole-core citation roster reviewed before this classification; this layer neither selects a reconstruction nor certifies every source glyph.	unreviewed			
core-2135	2135	a-2135-kroonen-core-2135-1;a-2135-orel-core-2135-1	core_triage	What do the source units establish for need (nīed)?	source_citation	consonantism;ending	undetermined	reviewed	unestablished	Orel2003: *nauđiz [282; feminine need noun]. Kroonen2013: *nauþi- [385; f.; citation formation]. This is a review of citation units and retained alternatives, not a chosen PGmc endpoint. Word/stem endings are display-level comparisons until aligned paradigms are established; source silence is not dissent. Causes and full historical equivalence remain unestablished.	All linked core alternatives are retained. Type tags mark the question or visible presentation, not a settled cause; whole-word, stem, paradigm, family and component evidence are not collapsed. Historical equivalence requires a separately aligned feature/unit comparison.	r-2135-kroonen-core-2135-1-argument;r-2135-orel-core-2135-1-argument	Whole-core citation roster reviewed before this classification; this layer neither selects a reconstruction nor certifies every source glyph.	unreviewed			
core-2136	2136	a-2136-kroonen-core-2136-1;a-2136-orel-core-2136-1;a-2136-orel-core-2136-2	core_triage	What do the source units establish for needle (nǣdl)?	source_citation	ending	undetermined	reviewed	unestablished	Orel2003: *nēþlō [287; feminine needle noun]; *nējanan [287; comparative formation; exact relationship and qualifications in the argument]. Kroonen2013: *nēþlō- [388; instrumental feminine sewing noun]. This is a review of citation units and retained alternatives, not a chosen PGmc endpoint. Word/stem endings are display-level comparisons until aligned paradigms are established; source silence is not dissent. Causes and full historical equivalence remain unestablished.	All linked core alternatives are retained. Type tags mark the question or visible presentation, not a settled cause; whole-word, stem, paradigm, family and component evidence are not collapsed. Historical equivalence requires a separately aligned feature/unit comparison.		Whole-core citation roster reviewed before this classification; this layer neither selects a reconstruction nor certifies every source glyph.	unreviewed			
core-2137	2137	a-2137-kroonen-core-2137-1;a-2137-orel-core-2137-1	core_triage	What do the source units establish for nest (nest)?	source_citation	ending	undetermined	reviewed	unestablished	Orel2003: *nistan [287; neuter nest noun]. Kroonen2013: *nista- [391; n.; citation formation]. This is a review of citation units and retained alternatives, not a chosen PGmc endpoint. Word/stem endings are display-level comparisons until aligned paradigms are established; source silence is not dissent. Causes and full historical equivalence remain unestablished.	All linked core alternatives are retained. Type tags mark the question or visible presentation, not a settled cause; whole-word, stem, paradigm, family and component evidence are not collapsed. Historical equivalence requires a separately aligned feature/unit comparison.		Whole-core citation roster reviewed before this classification; this layer neither selects a reconstruction nor certifies every source glyph.	unreviewed			
core-2138	2138	a-2138-kroonen-core-2138-1;a-2138-orel-core-2138-1;a-2138-orel-core-2138-2	core_triage	What do the source units establish for net (nett)?	source_citation	ending	undetermined	reviewed	unestablished	Orel2003: *natjan [281-282; neuter net noun]; *nōtō [282; comparative formation; exact relationship and qualifications in the argument]. Kroonen2013: *natja- [384; n.; citation formation]. This is a review of citation units and retained alternatives, not a chosen PGmc endpoint. Word/stem endings are display-level comparisons until aligned paradigms are established; source silence is not dissent. Causes and full historical equivalence remain unestablished.	All linked core alternatives are retained. Type tags mark the question or visible presentation, not a settled cause; whole-word, stem, paradigm, family and component evidence are not collapsed. Historical equivalence requires a separately aligned feature/unit comparison.		Whole-core citation roster reviewed before this classification; this layer neither selects a reconstruction nor certifies every source glyph.	unreviewed			
core-2139	2139	a-2139-kroonen-core-2139-1;a-2139-kroonen-core-2139-2;a-2139-kroonen-core-2139-3;a-2139-orel-core-2139-1;a-2139-orel-core-2139-2	core_triage	What do the source units establish for nettle (netle)?	source_citation	ending	undetermined	reviewed	unestablished	Orel2003: *natilōn [281; feminine nettle noun]; *natōn [281; comparative formation; exact relationship and qualifications in the argument]. Kroonen2013: *natilōn- [384; f.; citation formation]; *natōn- [384; f.; separately printed contextual variant]; *nutōn- [384; f.; separately printed contextual variant]. This is a review of citation units and retained alternatives, not a chosen PGmc endpoint. Word/stem endings are display-level comparisons until aligned paradigms are established; source silence is not dissent. Causes and full historical equivalence remain unestablished.	All linked core alternatives are retained. Type tags mark the question or visible presentation, not a settled cause; whole-word, stem, paradigm, family and component evidence are not collapsed. Historical equivalence requires a separately aligned feature/unit comparison.		Whole-core citation roster reviewed before this classification; this layer neither selects a reconstruction nor certifies every source glyph.	unreviewed			
core-2140	2140	a-2140-kroonen-core-2140-1;a-2140-orel-core-2140-1	core_triage	What do the source units establish for night (niht)?	source_citation	ending	undetermined	reviewed	unestablished	Orel2003: *naxtz [279-280; feminine night root noun]. Kroonen2013: *naht- [381-382; f.; citation formation]. This is a review of citation units and retained alternatives, not a chosen PGmc endpoint. Word/stem endings are display-level comparisons until aligned paradigms are established; source silence is not dissent. Causes and full historical equivalence remain unestablished.	All linked core alternatives are retained. Type tags mark the question or visible presentation, not a settled cause; whole-word, stem, paradigm, family and component evidence are not collapsed. Historical equivalence requires a separately aligned feature/unit comparison.		Whole-core citation roster reviewed before this classification; this layer neither selects a reconstruction nor certifies every source glyph.	unreviewed			
core-2141	2141	a-2141-orel-core-2141-1	core_triage	What do the source units establish for nightmare (mare)?	source_citation		insufficient_evidence	reviewed	unestablished	Orel2003: *marōn [262; feminine nightmare noun]. Kroonen2013: no_form_found; Horse mare, comparative māra and ghost carrot-name mare are not demonstrated nightmare-family etyma. Completed incubus/nightmare and m- contexts find no source-supported mare spirit family. This is a review of citation units and retained alternatives, not a chosen PGmc endpoint. Word/stem endings are display-level comparisons until aligned paradigms are established; source silence is not dissent. Causes and full historical equivalence remain unestablished.	All linked core alternatives are retained. Type tags mark the question or visible presentation, not a settled cause; whole-word, stem, paradigm, family and component evidence are not collapsed. Historical equivalence requires a separately aligned feature/unit comparison.		Whole-core citation roster reviewed before this classification; this layer neither selects a reconstruction nor certifies every source glyph.	unreviewed			
core-2142	2142	a-2142-kroonen-core-2142-1;a-2142-kroonen-core-2142-2;a-2142-orel-core-2142-1	core_triage	What do the source units establish for nine (nigon)?	source_citation	ending;inflection	undetermined	reviewed	unestablished	Orel2003: *newun [285; cardinal nine]. Kroonen2013: *newun- [389-390; num.; citation formation]; *niwun [389-390; explicit West Germanic raising outcome]. This is a review of citation units and retained alternatives, not a chosen PGmc endpoint. Word/stem endings are display-level comparisons until aligned paradigms are established; source silence is not dissent. Causes and full historical equivalence remain unestablished.	All linked core alternatives are retained. Type tags mark the question or visible presentation, not a settled cause; whole-word, stem, paradigm, family and component evidence are not collapsed. Historical equivalence requires a separately aligned feature/unit comparison.		Whole-core citation roster reviewed before this classification; this layer neither selects a reconstruction nor certifies every source glyph.	unreviewed			
core-2143	2143	a-2143-kroonen-core-2143-1;a-2143-kroonen-core-2143-2;a-2143-kroonen-core-2143-3;a-2143-orel-core-2143-1	core_triage	What do the source units establish for nose (nosu)?	source_citation	ending	undetermined	reviewed	unestablished	Orel2003: *nasō [281; feminine nose noun]. Kroonen2013: *nasō- [383-384; f.; citation formation]; *nusō- [383-384; f.; separately printed contextual variant]; *nōsō- [383-384; f.; separately printed contextual variant]. This is a review of citation units and retained alternatives, not a chosen PGmc endpoint. Word/stem endings are display-level comparisons until aligned paradigms are established; source silence is not dissent. Causes and full historical equivalence remain unestablished.	All linked core alternatives are retained. Type tags mark the question or visible presentation, not a settled cause; whole-word, stem, paradigm, family and component evidence are not collapsed. Historical equivalence requires a separately aligned feature/unit comparison.		Whole-core citation roster reviewed before this classification; this layer neither selects a reconstruction nor certifies every source glyph.	unreviewed			
core-2144	2144	a-2144-kroonen-core-2144-1;a-2144-orel-core-2144-1	core_triage	What do the source units establish for one (ān)?	source_citation	ending	undetermined	reviewed	unestablished	Orel2003: *ainaz [9; cardinal one]. Kroonen2013: *aina- [11; num.; citation formation]. This is a review of citation units and retained alternatives, not a chosen PGmc endpoint. Word/stem endings are display-level comparisons until aligned paradigms are established; source silence is not dissent. Causes and full historical equivalence remain unestablished.	All linked core alternatives are retained. Type tags mark the question or visible presentation, not a settled cause; whole-word, stem, paradigm, family and component evidence are not collapsed. Historical equivalence requires a separately aligned feature/unit comparison.		Whole-core citation roster reviewed before this classification; this layer neither selects a reconstruction nor certifies every source glyph.	unreviewed			
core-2145	2145	a-2145-kroonen-core-2145-1;a-2145-kroonen-core-2145-2;a-2145-orel-core-2145-1;a-2145-orel-core-2145-2;a-2145-orel-core-2145-3	core_triage	What do the source units establish for oven (ofn)?	source_citation	ending	undetermined	reviewed	unestablished	Orel2003: *ufnaz [433; masculine oven noun]; *uxwnaz [433; masculine oven alternative]; *uʒwnaz [433; masculine oven alternative with velar sign]. Kroonen2013: *ufna- [557-558; m.; citation formation]; *uhna- [557-558; m.; separately printed contextual variant]. This is a review of citation units and retained alternatives, not a chosen PGmc endpoint. Word/stem endings are display-level comparisons until aligned paradigms are established; source silence is not dissent. Causes and full historical equivalence remain unestablished.	All linked core alternatives are retained. Type tags mark the question or visible presentation, not a settled cause; whole-word, stem, paradigm, family and component evidence are not collapsed. Historical equivalence requires a separately aligned feature/unit comparison.		Whole-core citation roster reviewed before this classification; this layer neither selects a reconstruction nor certifies every source glyph.	unreviewed			
core-2146	2146	a-2146-kroonen-core-2146-1;a-2146-kroonen-core-2146-2;a-2146-orel-core-2146-1	core_triage	What do the source units establish for ox (oxa)?	source_citation	ending;stem_class	undetermined	reviewed	unestablished	Orel2003: *uxsōn [433-434; masculine ox noun]. Kroonen2013: *uhsan- [558; m.; citation formation]; *uhsummiz [558; dative plural behind secondary u-stem]. This is a review of citation units and retained alternatives, not a chosen PGmc endpoint. Word/stem endings are display-level comparisons until aligned paradigms are established; source silence is not dissent. Causes and full historical equivalence remain unestablished.	All linked core alternatives are retained. Type tags mark the question or visible presentation, not a settled cause; whole-word, stem, paradigm, family and component evidence are not collapsed. Historical equivalence requires a separately aligned feature/unit comparison.		Whole-core citation roster reviewed before this classification; this layer neither selects a reconstruction nor certifies every source glyph.	unreviewed			
core-2147	2147	a-2147-kroonen-core-2147-1;a-2147-orel-core-2147-1;a-2147-orel-core-2147-2	core_triage	What do the source units establish for rain (reġn)?	source_citation	ending	undetermined	reviewed	unestablished	Orel2003: *reʒnan [300; neuter rain noun]; *reʒnaz [300; rain noun alternative; OE masculine reflex]. Kroonen2013: *regna- [408; n.; citation formation]. This is a review of citation units and retained alternatives, not a chosen PGmc endpoint. Word/stem endings are display-level comparisons until aligned paradigms are established; source silence is not dissent. Causes and full historical equivalence remain unestablished.	All linked core alternatives are retained. Type tags mark the question or visible presentation, not a settled cause; whole-word, stem, paradigm, family and component evidence are not collapsed. Historical equivalence requires a separately aligned feature/unit comparison.		Whole-core citation roster reviewed before this classification; this layer neither selects a reconstruction nor certifies every source glyph.	unreviewed			
core-2148	2148	a-2148-orel-core-1963-01;a-2148-kroonen-core-1963-1;a-2148-kroonen-core-2147-1;a-2148-orel-core-2148-1;a-2148-orel-core-2148-2	core_triage	What do the source units establish for rainbow (reġnboga)?	source_citation	ending	different_units	reviewed	unestablished	Orel2003: *buʒōn [61; masculine headword; arch/bow]; *reʒna-buʒōn [300; masculine rainbow compound]; *beuʒanan [61; comparative formation; exact relationship and qualifications in the argument]. Kroonen2013: *bugan- [82; masculine n-stem noun]; *regna- [408; n.; citation formation]. This is a review of citation units and retained alternatives, not a chosen PGmc endpoint. Word/stem endings are display-level comparisons until aligned paradigms are established; source silence is not dissent. Causes and full historical equivalence remain unestablished.	All linked core alternatives are retained. Type tags mark the question or visible presentation, not a settled cause; whole-word, stem, paradigm, family and component evidence are not collapsed. Historical equivalence requires a separately aligned feature/unit comparison.		Whole-core citation roster reviewed before this classification; this layer neither selects a reconstruction nor certifies every source glyph.	unreviewed			
core-2149	2149	a-2149-kroonen-core-2149-1;a-2149-kroonen-core-2149-2;a-2149-kroonen-core-2149-3;a-2149-kroonen-core-2149-4;a-2149-orel-core-2149-1;a-2149-orel-core-2149-2	core_triage	What do the source units establish for raven (hræfn)?	source_citation	ending;stem_class	undetermined	reviewed	unestablished	Orel2003: *xrabnaz [182-183; masculine raven noun]; *xrabōn [183; masculine raven n-stem]. Kroonen2013: *hrab/ppan- [240-241; m.; citation formation]; *hrabna- [240-241; m.; separately printed contextual variant]; *hrabō [240-241; n-stem nominative]; *hrappaz [240-241; n-stem genitive]. This is a review of citation units and retained alternatives, not a chosen PGmc endpoint. Word/stem endings are display-level comparisons until aligned paradigms are established; source silence is not dissent. Causes and full historical equivalence remain unestablished.	All linked core alternatives are retained. Type tags mark the question or visible presentation, not a settled cause; whole-word, stem, paradigm, family and component evidence are not collapsed. Historical equivalence requires a separately aligned feature/unit comparison.		Whole-core citation roster reviewed before this classification; this layer neither selects a reconstruction nor certifies every source glyph.	unreviewed			
core-2150	2150	a-2150-kroonen-core-2150-1;a-2150-orel-core-2150-1;a-2150-orel-core-2150-2;a-2150-orel-core-2150-3;a-2150-orel-core-2150-4	core_triage	What do the source units establish for read (rǣdan)?	source_citation	ending	undetermined	reviewed	unestablished	Orel2003: *rēđanan [304; strong verb counsel/advise]; *rēđjan [304; neuter management noun; OE feminine reading/lesson]; *rēđan [304; comparative formation; exact relationship and qualifications in the argument]; *rēđaz [304; comparative formation; exact relationship and qualifications in the argument]. Kroonen2013: *rēdan- [408; strong decide/read verbal citation]. This is a review of citation units and retained alternatives, not a chosen PGmc endpoint. Word/stem endings are display-level comparisons until aligned paradigms are established; source silence is not dissent. Causes and full historical equivalence remain unestablished.	All linked core alternatives are retained. Type tags mark the question or visible presentation, not a settled cause; whole-word, stem, paradigm, family and component evidence are not collapsed. Historical equivalence requires a separately aligned feature/unit comparison.		Whole-core citation roster reviewed before this classification; this layer neither selects a reconstruction nor certifies every source glyph.	unreviewed			
core-2151	2151	a-2151-kroonen-core-2151-1;a-2151-orel-core-2151-1;a-2151-orel-core-2151-2;a-2151-orel-core-2151-3	core_triage	What do the source units establish for reek (rēac)?	source_citation	ending	undetermined	reviewed	unestablished	Orel2003: *raukiz [299; masculine smoke/steam noun]; *raukaz [299; source formation of OS/OHG smoke]; *reukanan [299; comparative formation; exact relationship and qualifications in the argument]. Kroonen2013: *rauki- [406; m.; citation formation]. This is a review of citation units and retained alternatives, not a chosen PGmc endpoint. Word/stem endings are display-level comparisons until aligned paradigms are established; source silence is not dissent. Causes and full historical equivalence remain unestablished.	All linked core alternatives are retained. Type tags mark the question or visible presentation, not a settled cause; whole-word, stem, paradigm, family and component evidence are not collapsed. Historical equivalence requires a separately aligned feature/unit comparison.		Whole-core citation roster reviewed before this classification; this layer neither selects a reconstruction nor certifies every source glyph.	unreviewed			
core-2152	2152	a-2152-kroonen-core-2152-1;a-2152-orel-core-2152-1	core_triage	What do the source units establish for rest (ræste)?	source_citation	ending	undetermined	reviewed	unestablished	Orel2003: *rastō [298; feminine rest/quiet noun]. Kroonen2013: *rastō- [405; f.; citation formation]. This is a review of citation units and retained alternatives, not a chosen PGmc endpoint. Word/stem endings are display-level comparisons until aligned paradigms are established; source silence is not dissent. Causes and full historical equivalence remain unestablished.	All linked core alternatives are retained. Type tags mark the question or visible presentation, not a settled cause; whole-word, stem, paradigm, family and component evidence are not collapsed. Historical equivalence requires a separately aligned feature/unit comparison.		Whole-core citation roster reviewed before this classification; this layer neither selects a reconstruction nor certifies every source glyph.	unreviewed			
core-2153	2153	a-2153-kroonen-core-2153-1;a-2153-orel-core-2153-1	core_triage	What do the source units establish for ride (rīdan)?	source_citation	ending	undetermined	reviewed	unestablished	Orel2003: *rīđanan [305; strong ride verb]. Kroonen2013: *rīdan- [412; s.v.; citation formation]. This is a review of citation units and retained alternatives, not a chosen PGmc endpoint. Word/stem endings are display-level comparisons until aligned paradigms are established; source silence is not dissent. Causes and full historical equivalence remain unestablished.	All linked core alternatives are retained. Type tags mark the question or visible presentation, not a settled cause; whole-word, stem, paradigm, family and component evidence are not collapsed. Historical equivalence requires a separately aligned feature/unit comparison.		Whole-core citation roster reviewed before this classification; this layer neither selects a reconstruction nor certifies every source glyph.	unreviewed			
core-2154	2154	a-2154-orel-core-2154-1;a-2154-orel-core-2154-2;a-2154-orel-core-2154-3	core_triage	What do the source units establish for rind (rind)?	source_citation		insufficient_evidence	reviewed	unestablished	Orel2003: *renđō(n) [302; feminine bark/rind noun with optional n]; *ranđō [302; comparative formation; exact relationship and qualifications in the argument]; *randiz [302; comparative formation; exact relationship and qualifications in the argument]. Kroonen2013: no_form_found; Barku bark and Gutn. rind plant homonym do not establish rind bark family. Completed rind-/peel/bark/index contexts find no source-supported rind root genealogy. This is a review of citation units and retained alternatives, not a chosen PGmc endpoint. Word/stem endings are display-level comparisons until aligned paradigms are established; source silence is not dissent. Causes and full historical equivalence remain unestablished.	All linked core alternatives are retained. Type tags mark the question or visible presentation, not a settled cause; whole-word, stem, paradigm, family and component evidence are not collapsed. Historical equivalence requires a separately aligned feature/unit comparison.		Whole-core citation roster reviewed before this classification; this layer neither selects a reconstruction nor certifies every source glyph.	unreviewed			
core-2155	2155	a-2155-orel-core-2155-1	core_triage	What do the source units establish for coat (rocc)?	source_citation		insufficient_evidence	reviewed	unestablished	Orel2003: *rukkaz [308; masculine upper-garment noun]. Kroonen2013: no_form_found; Paidō coat, armor terms, rye rugi and rock/scrape rukk iteratives are other etyma. Completed garment and rukk/rocc contexts do not reconstruct the coat family. This is a review of citation units and retained alternatives, not a chosen PGmc endpoint. Word/stem endings are display-level comparisons until aligned paradigms are established; source silence is not dissent. Causes and full historical equivalence remain unestablished.	All linked core alternatives are retained. Type tags mark the question or visible presentation, not a settled cause; whole-word, stem, paradigm, family and component evidence are not collapsed. Historical equivalence requires a separately aligned feature/unit comparison.		Whole-core citation roster reviewed before this classification; this layer neither selects a reconstruction nor certifies every source glyph.	unreviewed			
core-2156	2156	a-2156-kroonen-core-2156-1;a-2156-kroonen-core-2156-2;a-2156-kroonen-core-2156-3;a-2156-orel-core-2156-1;a-2156-orel-core-2156-2	core_triage	What do the source units establish for roe (-)?	source_citation	ending	undetermined	reviewed	unestablished	Orel2003: *raixōn [295; masculine roe noun]; *raixō [295; feminine source formation of ON roe]. Kroonen2013: *raiha(n)- [402-403; m.; citation formation]; *raihjōn- [402-403; m.; separately printed contextual variant]; *raigjōn- [402-403; m.; separately printed contextual variant]. This is a review of citation units and retained alternatives, not a chosen PGmc endpoint. Word/stem endings are display-level comparisons until aligned paradigms are established; source silence is not dissent. Causes and full historical equivalence remain unestablished.	All linked core alternatives are retained. Type tags mark the question or visible presentation, not a settled cause; whole-word, stem, paradigm, family and component evidence are not collapsed. Historical equivalence requires a separately aligned feature/unit comparison.		Whole-core citation roster reviewed before this classification; this layer neither selects a reconstruction nor certifies every source glyph.	unreviewed			
core-2157	2157	a-2157-orel-core-2157-1	core_triage	What do the source units establish for rood (rōd)?	source_citation		insufficient_evidence	reviewed	unestablished	Orel2003: *rōđō(n) [306; feminine rod/pole/cross noun with optional n]. Kroonen2013: no_form_found; Galgan gallows/stake and rōdjan speak have different etyma. Cross/pole/rod contexts and rōd aliases do not supply rood family reconstruction. This is a review of citation units and retained alternatives, not a chosen PGmc endpoint. Word/stem endings are display-level comparisons until aligned paradigms are established; source silence is not dissent. Causes and full historical equivalence remain unestablished.	All linked core alternatives are retained. Type tags mark the question or visible presentation, not a settled cause; whole-word, stem, paradigm, family and component evidence are not collapsed. Historical equivalence requires a separately aligned feature/unit comparison.		Whole-core citation roster reviewed before this classification; this layer neither selects a reconstruction nor certifies every source glyph.	unreviewed			
core-2158	2158	a-2158-kroonen-core-2158-1;a-2158-orel-core-2158-1;a-2158-orel-core-2158-2;a-2158-orel-core-2158-3	core_triage	What do the source units establish for room (rūm)?	source_citation	ending;lexical_identity	undetermined	reviewed	unestablished	Orel2003: *rūman [309; neuter room/space noun]; *rūmaz [309; masculine room/space noun alternative]; *rūmaz [309; roomy/spacious adjective; base of room noun]. Kroonen2013: *rūma- [418; incidental neuter space noun within roomy adjective]. This is a review of citation units and retained alternatives, not a chosen PGmc endpoint. Word/stem endings are display-level comparisons until aligned paradigms are established; source silence is not dissent. Causes and full historical equivalence remain unestablished.	All linked core alternatives are retained. Type tags mark the question or visible presentation, not a settled cause; whole-word, stem, paradigm, family and component evidence are not collapsed. Historical equivalence requires a separately aligned feature/unit comparison.		Whole-core citation roster reviewed before this classification; this layer neither selects a reconstruction nor certifies every source glyph.	unreviewed			
core-2159	2159	a-2159-kroonen-core-2159-1;a-2159-orel-core-2159-1;a-2159-orel-core-2159-2	core_triage	What do the source units establish for rope (rāp)?	source_citation	ending	undetermined	reviewed	unestablished	Orel2003: *raipan [296; neuter rope noun]; *raipaz [296; masculine rope alternative]. Kroonen2013: *raipa- [403; m./n.; citation formation]. This is a review of citation units and retained alternatives, not a chosen PGmc endpoint. Word/stem endings are display-level comparisons until aligned paradigms are established; source silence is not dissent. Causes and full historical equivalence remain unestablished.	All linked core alternatives are retained. Type tags mark the question or visible presentation, not a settled cause; whole-word, stem, paradigm, family and component evidence are not collapsed. Historical equivalence requires a separately aligned feature/unit comparison.		Whole-core citation roster reviewed before this classification; this layer neither selects a reconstruction nor certifies every source glyph.	unreviewed			
core-2160	2160	a-2160-kroonen-core-2160-1;a-2160-orel-core-2160-1;a-2160-orel-core-2160-2;a-2160-orel-core-2160-3;a-2160-orel-core-2160-4	core_triage	What do the source units establish for rudder (rōþor)?	source_citation	ending	undetermined	reviewed	unestablished	Orel2003: *rōþraz [307; masculine rowing/rudder noun]; *rōþran [307; neuter rowing/rudder alternative]; *rōþrjan [307; neuter rudder j-formation]; *rōanan [307; comparative formation; exact relationship and qualifications in the argument]. Kroonen2013: *rōþra- [416; n.; citation formation]. This is a review of citation units and retained alternatives, not a chosen PGmc endpoint. Word/stem endings are display-level comparisons until aligned paradigms are established; source silence is not dissent. Causes and full historical equivalence remain unestablished.	All linked core alternatives are retained. Type tags mark the question or visible presentation, not a settled cause; whole-word, stem, paradigm, family and component evidence are not collapsed. Historical equivalence requires a separately aligned feature/unit comparison.		Whole-core citation roster reviewed before this classification; this layer neither selects a reconstruction nor certifies every source glyph.	unreviewed			
core-2161	2161	a-2161-kroonen-core-2161-1;a-2161-orel-core-2161-1;a-2161-orel-core-2161-2	core_triage	What do the source units establish for run (rinnan)?	source_citation	ending;vocalism	undetermined	reviewed	unestablished	Orel2003: *rennanan [302; strong run verb]; *rannjanan [297; comparative formation; exact relationship and qualifications in the argument]. Kroonen2013: *rinnan- [413-414; s.v.; citation formation]. This is a review of citation units and retained alternatives, not a chosen PGmc endpoint. Word/stem endings are display-level comparisons until aligned paradigms are established; source silence is not dissent. Causes and full historical equivalence remain unestablished.	All linked core alternatives are retained. Type tags mark the question or visible presentation, not a settled cause; whole-word, stem, paradigm, family and component evidence are not collapsed. Historical equivalence requires a separately aligned feature/unit comparison.		Whole-core citation roster reviewed before this classification; this layer neither selects a reconstruction nor certifies every source glyph.	unreviewed			
core-2162	2162	a-2162-kroonen-core-2162-1;a-2162-kroonen-core-2162-2;a-2162-kroonen-core-2162-3;a-2162-orel-core-2162-1;a-2162-orel-core-2162-2;a-2162-orel-core-2162-3;a-2162-orel-core-2162-4	core_triage	What do the source units establish for rust (rust)?	source_citation	ending;lexical_identity;vocalism	different_units	reviewed	unestablished	Orel2003: *rustō [309; rust noun ō-formation]; *rustaz [309; rust noun a-formation]; *rauđaz [309; comparative formation; exact relationship and qualifications in the argument]; *ruđ(j)an [307; comparative formation; exact relationship and qualifications in the argument]. Kroonen2013: *rauda- [406; o-grade red adjective; rust/redness family comparison]; *reuda- [409-410; e-grade red adjective]; *rudēn- [416; zero-grade stative redden verb]. This is a review of citation units and retained alternatives, not a chosen PGmc endpoint. Word/stem endings are display-level comparisons until aligned paradigms are established; source silence is not dissent. Causes and full historical equivalence remain unestablished.	All linked core alternatives are retained. Type tags mark the question or visible presentation, not a settled cause; whole-word, stem, paradigm, family and component evidence are not collapsed. Historical equivalence requires a separately aligned feature/unit comparison.		Whole-core citation roster reviewed before this classification; this layer neither selects a reconstruction nor certifies every source glyph.	unreviewed			
core-2163	2163	a-2163-kroonen-core-2163-1;a-2163-kroonen-core-2163-2;a-2163-orel-core-2163-1;a-2163-orel-core-2163-2	core_triage	What do the source units establish for rye (ryġe)?	source_citation	ending	undetermined	reviewed	unestablished	Orel2003: *ruʒiz [308; masculine rye noun]; *ruʒʒōn [308; masculine rye n-stem alternative]. Kroonen2013: *rugi- [416; m.; citation formation]; *rukk/gan- [416; m.; separately printed contextual variant]. This is a review of citation units and retained alternatives, not a chosen PGmc endpoint. Word/stem endings are display-level comparisons until aligned paradigms are established; source silence is not dissent. Causes and full historical equivalence remain unestablished.	All linked core alternatives are retained. Type tags mark the question or visible presentation, not a settled cause; whole-word, stem, paradigm, family and component evidence are not collapsed. Historical equivalence requires a separately aligned feature/unit comparison.		Whole-core citation roster reviewed before this classification; this layer neither selects a reconstruction nor certifies every source glyph.	unreviewed			
core-2164	2164	a-2164-kroonen-core-2164-1;a-2164-orel-core-2164-1	core_triage	What do the source units establish for sail (seġl)?	source_citation	ending	undetermined	reviewed	unestablished	Orel2003: *seʒlan [322; neuter sail noun; masculine OE/OHG reflexes]. Kroonen2013: *segla- [430-431; n.; citation formation]. This is a review of citation units and retained alternatives, not a chosen PGmc endpoint. Word/stem endings are display-level comparisons until aligned paradigms are established; source silence is not dissent. Causes and full historical equivalence remain unestablished.	All linked core alternatives are retained. Type tags mark the question or visible presentation, not a settled cause; whole-word, stem, paradigm, family and component evidence are not collapsed. Historical equivalence requires a separately aligned feature/unit comparison.		Whole-core citation roster reviewed before this classification; this layer neither selects a reconstruction nor certifies every source glyph.	unreviewed			
core-2165	2165	a-2165-kroonen-core-2165-1;a-2165-orel-core-2165-1;a-2165-orel-core-2165-2;a-2165-orel-core-2165-3	core_triage	What do the source units establish for sake (sacu)?	source_citation	ending	undetermined	reviewed	unestablished	Orel2003: *sakō [315; feminine strife/charge/case noun]; *sakjō(n) [315; feminine dispute/quarrel derivative]; *sakanan [315; comparative formation; exact relationship and qualifications in the argument]. Kroonen2013: *sakō- [424; f.; citation formation]. This is a review of citation units and retained alternatives, not a chosen PGmc endpoint. Word/stem endings are display-level comparisons until aligned paradigms are established; source silence is not dissent. Causes and full historical equivalence remain unestablished.	All linked core alternatives are retained. Type tags mark the question or visible presentation, not a settled cause; whole-word, stem, paradigm, family and component evidence are not collapsed. Historical equivalence requires a separately aligned feature/unit comparison.		Whole-core citation roster reviewed before this classification; this layer neither selects a reconstruction nor certifies every source glyph.	unreviewed			
core-2166	2166	a-2166-kroonen-core-2166-1;a-2166-orel-core-2166-1	core_triage	What do the source units establish for salt (sealt)?	source_citation	ending	undetermined	reviewed	unestablished	Orel2003: *saltan [316; neuter salt noun]. Kroonen2013: *salta- [425; n.; citation formation]. This is a review of citation units and retained alternatives, not a chosen PGmc endpoint. Word/stem endings are display-level comparisons until aligned paradigms are established; source silence is not dissent. Causes and full historical equivalence remain unestablished.	All linked core alternatives are retained. Type tags mark the question or visible presentation, not a settled cause; whole-word, stem, paradigm, family and component evidence are not collapsed. Historical equivalence requires a separately aligned feature/unit comparison.		Whole-core citation roster reviewed before this classification; this layer neither selects a reconstruction nor certifies every source glyph.	unreviewed			
core-2167	2167	a-2167-kroonen-core-2167-1;a-2167-orel-core-2167-1	core_triage	What do the source units establish for salve (sealf)?	source_citation	ending	undetermined	reviewed	unestablished	Orel2003: *salbō [315; feminine salve/ointment noun]. Kroonen2013: *salbō- [424; f.; citation formation]. This is a review of citation units and retained alternatives, not a chosen PGmc endpoint. Word/stem endings are display-level comparisons until aligned paradigms are established; source silence is not dissent. Causes and full historical equivalence remain unestablished.	All linked core alternatives are retained. Type tags mark the question or visible presentation, not a settled cause; whole-word, stem, paradigm, family and component evidence are not collapsed. Historical equivalence requires a separately aligned feature/unit comparison.		Whole-core citation roster reviewed before this classification; this layer neither selects a reconstruction nor certifies every source glyph.	unreviewed			
core-2168	2168	a-2168-kroonen-core-2168-1;a-2168-kroonen-core-2168-2;a-2168-kroonen-core-2168-3;a-2168-kroonen-core-2168-4;a-2168-kroonen-core-2168-5;a-2168-kroonen-core-2168-6;a-2168-orel-core-2168-1;a-2168-orel-core-2168-2	core_triage	What do the source units establish for sap (sæp)?	source_citation	consonantism;ending	undetermined	reviewed	unestablished	Orel2003: *sapōn [319; masculine sap n-stem]; *sapan [319; neuter sap alternative]. Kroonen2013: *saf/ppan- [420; m.; citation formation]; *saf/ban- [420; m.; separately printed contextual variant]; *sappa- [420; m.; separately printed contextual variant]; *sapa- [420; m.; separately printed contextual variant]; *safō [420; n-stem nominative]; *sappaz [420; n-stem genitive]. This is a review of citation units and retained alternatives, not a chosen PGmc endpoint. Word/stem endings are display-level comparisons until aligned paradigms are established; source silence is not dissent. Causes and full historical equivalence remain unestablished.	All linked core alternatives are retained. Type tags mark the question or visible presentation, not a settled cause; whole-word, stem, paradigm, family and component evidence are not collapsed. Historical equivalence requires a separately aligned feature/unit comparison.		Whole-core citation roster reviewed before this classification; this layer neither selects a reconstruction nor certifies every source glyph.	unreviewed			
core-2169	2169	a-2169-kroonen-core-2169-1;a-2169-orel-core-2169-1;a-2169-orel-core-2169-2	core_triage	What do the source units establish for sea (sǣ)?	source_citation	ending	undetermined	reviewed	unestablished	Orel2003: *saiwiz [314; masculine sea/lake/marsh noun i-stem]; *saiwaz [314; masculine sea/lake/marsh noun a-stem]. Kroonen2013: *saiwi- [423; m.; citation formation]. This is a review of citation units and retained alternatives, not a chosen PGmc endpoint. Word/stem endings are display-level comparisons until aligned paradigms are established; source silence is not dissent. Causes and full historical equivalence remain unestablished.	All linked core alternatives are retained. Type tags mark the question or visible presentation, not a settled cause; whole-word, stem, paradigm, family and component evidence are not collapsed. Historical equivalence requires a separately aligned feature/unit comparison.		Whole-core citation roster reviewed before this classification; this layer neither selects a reconstruction nor certifies every source glyph.	unreviewed			
core-2170	2170	a-2170-kroonen-core-2170-1;a-2170-orel-core-2170-1;a-2170-orel-core-2170-2	core_triage	What do the source units establish for seam (sēam)?	source_citation	ending	undetermined	reviewed	unestablished	Orel2003: *saumaz [320; masculine seam noun]; *siwjanan [320; comparative formation; exact relationship and qualifications in the argument]. Kroonen2013: *sauma- [427-428; m.; citation formation]. This is a review of citation units and retained alternatives, not a chosen PGmc endpoint. Word/stem endings are display-level comparisons until aligned paradigms are established; source silence is not dissent. Causes and full historical equivalence remain unestablished.	All linked core alternatives are retained. Type tags mark the question or visible presentation, not a settled cause; whole-word, stem, paradigm, family and component evidence are not collapsed. Historical equivalence requires a separately aligned feature/unit comparison.		Whole-core citation roster reviewed before this classification; this layer neither selects a reconstruction nor certifies every source glyph.	unreviewed			
core-2171	2171	a-2171-kroonen-core-2171-1;a-2171-orel-core-2171-1	core_triage	What do the source units establish for seek (sēċan)?	source_citation	ending	undetermined	reviewed	unestablished	Orel2003: *sōkjanan [360; weak seek verb]. Kroonen2013: *sōkjan- [464; w.v.; citation formation]. This is a review of citation units and retained alternatives, not a chosen PGmc endpoint. Word/stem endings are display-level comparisons until aligned paradigms are established; source silence is not dissent. Causes and full historical equivalence remain unestablished.	All linked core alternatives are retained. Type tags mark the question or visible presentation, not a settled cause; whole-word, stem, paradigm, family and component evidence are not collapsed. Historical equivalence requires a separately aligned feature/unit comparison.		Whole-core citation roster reviewed before this classification; this layer neither selects a reconstruction nor certifies every source glyph.	unreviewed			
core-2172	2172	a-2172-kroonen-core-2172-1;a-2172-orel-core-2172-1;a-2172-orel-core-2172-2	core_triage	What do the source units establish for send (sendan)?	source_citation	ending	undetermined	reviewed	unestablished	Orel2003: *sanđjanan [318; weak send causative]; *senþanan [318; comparative formation; exact relationship and qualifications in the argument]. Kroonen2013: *sandjan- [426; w.v.; citation formation]. This is a review of citation units and retained alternatives, not a chosen PGmc endpoint. Word/stem endings are display-level comparisons until aligned paradigms are established; source silence is not dissent. Causes and full historical equivalence remain unestablished.	All linked core alternatives are retained. Type tags mark the question or visible presentation, not a settled cause; whole-word, stem, paradigm, family and component evidence are not collapsed. Historical equivalence requires a separately aligned feature/unit comparison.		Whole-core citation roster reviewed before this classification; this layer neither selects a reconstruction nor certifies every source glyph.	unreviewed			
core-2173	2173	a-2173-kroonen-core-2173-1;a-2173-orel-core-2173-1	core_triage	What do the source units establish for set (settan)?	source_citation	ending	undetermined	reviewed	unestablished	Orel2003: *satjanan [319; weak set causative]. Kroonen2013: *satjan- [427; w.v.; citation formation]. This is a review of citation units and retained alternatives, not a chosen PGmc endpoint. Word/stem endings are display-level comparisons until aligned paradigms are established; source silence is not dissent. Causes and full historical equivalence remain unestablished.	All linked core alternatives are retained. Type tags mark the question or visible presentation, not a settled cause; whole-word, stem, paradigm, family and component evidence are not collapsed. Historical equivalence requires a separately aligned feature/unit comparison.		Whole-core citation roster reviewed before this classification; this layer neither selects a reconstruction nor certifies every source glyph.	unreviewed			
core-2174	2174	a-2174-kroonen-core-2174-1;a-2174-kroonen-core-2174-2;a-2174-kroonen-core-2174-3;a-2174-orel-core-2174-1	core_triage	What do the source units establish for seven (seofon)?	source_citation	ending	undetermined	reviewed	unestablished	Orel2003: *sebun [321; cardinal seven]. Kroonen2013: *sebun- [429; num.; citation formation]; *sep-m [429; dental-loss pre-Germanic / IE comparison]; *sept-m [429; pre-Germanic / IE numeral comparison]. This is a review of citation units and retained alternatives, not a chosen PGmc endpoint. Word/stem endings are display-level comparisons until aligned paradigms are established; source silence is not dissent. Causes and full historical equivalence remain unestablished.	All linked core alternatives are retained. Type tags mark the question or visible presentation, not a settled cause; whole-word, stem, paradigm, family and component evidence are not collapsed. Historical equivalence requires a separately aligned feature/unit comparison.		Whole-core citation roster reviewed before this classification; this layer neither selects a reconstruction nor certifies every source glyph.	unreviewed			
core-2175	2175	a-2175-kroonen-core-2175-1;a-2175-kroonen-core-2175-2;a-2175-kroonen-core-2175-3;a-2175-kroonen-core-2175-4;a-2175-kroonen-core-2175-5;a-2175-orel-core-2175-1;a-2175-orel-core-2175-2;a-2175-orel-core-2175-3;a-2175-orel-core-2175-4	core_triage	What do the source units establish for shaft (sċeaft)?	source_citation	ending;lexical_identity	different_units	reviewed	unestablished	Orel2003: *skaftan [331; neuter shaft noun]; *skaftaz [331; masculine shaft alternative]; *skaftjan [331; neuter shaft j-formation]; *skabanan [331; comparative formation; exact relationship and qualifications in the argument]. Kroonen2013: *skap(j)an- [440; strong form / create verb; qualified shaft-family comparison]; *skafti- [440; first-fruits ti-stem]; *skapp/bōn- [440; iterative shave / scrape verb]; *skubbōn- [440; additional zero-grade scrape iterative]; *skaban- [438; strong shave / scrape verb]. This is a review of citation units and retained alternatives, not a chosen PGmc endpoint. Word/stem endings are display-level comparisons until aligned paradigms are established; source silence is not dissent. Causes and full historical equivalence remain unestablished.	All linked core alternatives are retained. Type tags mark the question or visible presentation, not a settled cause; whole-word, stem, paradigm, family and component evidence are not collapsed. Historical equivalence requires a separately aligned feature/unit comparison.		Whole-core citation roster reviewed before this classification; this layer neither selects a reconstruction nor certifies every source glyph.	unreviewed			
core-2176	2176	a-2176-kroonen-core-2176-1;a-2176-orel-core-2176-1;a-2176-orel-core-2176-2	core_triage	What do the source units establish for shame (sċamu)?	source_citation	ending	undetermined	reviewed	unestablished	Orel2003: *skamō [333-334; feminine shame noun]; *skam(m)az [333; short adjective; proposed shame noun base]. Kroonen2013: *skamō- [439-440; f.; citation formation]. This is a review of citation units and retained alternatives, not a chosen PGmc endpoint. Word/stem endings are display-level comparisons until aligned paradigms are established; source silence is not dissent. Causes and full historical equivalence remain unestablished.	All linked core alternatives are retained. Type tags mark the question or visible presentation, not a settled cause; whole-word, stem, paradigm, family and component evidence are not collapsed. Historical equivalence requires a separately aligned feature/unit comparison.		Whole-core citation roster reviewed before this classification; this layer neither selects a reconstruction nor certifies every source glyph.	unreviewed			
core-2177	2177	a-2177-kroonen-core-2177-1;a-2177-orel-core-2177-1	core_triage	What do the source units establish for shear (sċieran)?	source_citation	ending	undetermined	reviewed	unestablished	Orel2003: *skeranan [338-339; strong cut/shear verb]. Kroonen2013: *skeran- [443-444; s.v.; citation formation]. This is a review of citation units and retained alternatives, not a chosen PGmc endpoint. Word/stem endings are display-level comparisons until aligned paradigms are established; source silence is not dissent. Causes and full historical equivalence remain unestablished.	All linked core alternatives are retained. Type tags mark the question or visible presentation, not a settled cause; whole-word, stem, paradigm, family and component evidence are not collapsed. Historical equivalence requires a separately aligned feature/unit comparison.		Whole-core citation roster reviewed before this classification; this layer neither selects a reconstruction nor certifies every source glyph.	unreviewed			
core-2178	2178	a-2178-orel-core-2178-1;a-2178-orel-core-2178-2;a-2178-orel-core-2178-3;a-2178-orel-core-2178-4	core_triage	What do the source units establish for sheath (sċēaþ)?	source_citation		insufficient_evidence	reviewed	unestablished	Orel2003: *skaiþiz [332; feminine sheath i-stem]; *skaiþō [332; feminine sheath ō-formation]; *skaiđanan [332; comparative formation; exact relationship and qualifications in the argument]; *skaiþanan [331; comparative formation; exact relationship and qualifications in the argument]. Kroonen2013: no_form_found; Fōdra sheath/casing is a protect instrumental, different from skaiþ family. Source's skel cut/split formations are not automatically skaiþ genealogy; completed sheath and skai/skī/index contexts find no demonstrated same family. This is a review of citation units and retained alternatives, not a chosen PGmc endpoint. Word/stem endings are display-level comparisons until aligned paradigms are established; source silence is not dissent. Causes and full historical equivalence remain unestablished.	All linked core alternatives are retained. Type tags mark the question or visible presentation, not a settled cause; whole-word, stem, paradigm, family and component evidence are not collapsed. Historical equivalence requires a separately aligned feature/unit comparison.		Whole-core citation roster reviewed before this classification; this layer neither selects a reconstruction nor certifies every source glyph.	unreviewed			
core-2179	2179	a-2179-kroonen-core-2179-1;a-2179-orel-core-2179-1	core_triage	What do the source units establish for sheep (sċēap)?	source_citation	ending	undetermined	reviewed	unestablished	Orel2003: *skēpan [340; neuter sheep noun]. Kroonen2013: *skēpa- [443; n.; citation formation]. This is a review of citation units and retained alternatives, not a chosen PGmc endpoint. Word/stem endings are display-level comparisons until aligned paradigms are established; source silence is not dissent. Causes and full historical equivalence remain unestablished.	All linked core alternatives are retained. Type tags mark the question or visible presentation, not a settled cause; whole-word, stem, paradigm, family and component evidence are not collapsed. Historical equivalence requires a separately aligned feature/unit comparison.		Whole-core citation roster reviewed before this classification; this layer neither selects a reconstruction nor certifies every source glyph.	unreviewed			
core-2180	2180	a-2180-kroonen-core-2180-1;a-2180-orel-core-2180-1;a-2180-orel-core-2180-2;a-2180-orel-core-2180-3;a-2180-orel-core-2180-4;a-2180-orel-core-2180-5	core_triage	What do the source units establish for shield (sċield)?	source_citation	ending	undetermined	reviewed	unestablished	Orel2003: *skelđuz [337-338; masculine shield u-stem]; *skelđiz [337-338; masculine shield i-stem]; *skelđaz [337; source formation explicitly assigned to OE shield]; *skeljanan [337; comparative formation; exact relationship and qualifications in the argument]; *skelōjanan [337; comparative formation; exact relationship and qualifications in the argument]. Kroonen2013: *skeldu- [442; m.; citation formation]. This is a review of citation units and retained alternatives, not a chosen PGmc endpoint. Word/stem endings are display-level comparisons until aligned paradigms are established; source silence is not dissent. Causes and full historical equivalence remain unestablished.	All linked core alternatives are retained. Type tags mark the question or visible presentation, not a settled cause; whole-word, stem, paradigm, family and component evidence are not collapsed. Historical equivalence requires a separately aligned feature/unit comparison.		Whole-core citation roster reviewed before this classification; this layer neither selects a reconstruction nor certifies every source glyph.	unreviewed			
core-2181	2181	a-2181-kroonen-core-2181-1;a-2181-orel-core-2181-1;a-2181-orel-core-2181-2	core_triage	What do the source units establish for shilling (sċilling)?	source_citation	consonantism;ending;lexical_identity;segmentation;suffix	undetermined	reviewed	unestablished	Orel2003: *skellingaz [338; masculine shilling/gold-coin noun]; *skellanan [338; comparative formation; exact relationship and qualifications in the argument]. Kroonen2013: *skeld-linga- [442; incidental shilling formation from shield]. This is a review of citation units and retained alternatives, not a chosen PGmc endpoint. Word/stem endings are display-level comparisons until aligned paradigms are established; source silence is not dissent. Causes and full historical equivalence remain unestablished.	All linked core alternatives are retained. Type tags mark the question or visible presentation, not a settled cause; whole-word, stem, paradigm, family and component evidence are not collapsed. Historical equivalence requires a separately aligned feature/unit comparison.	r-2181-orel-core-2181-1-argument	Whole-core citation roster reviewed before this classification; this layer neither selects a reconstruction nor certifies every source glyph.	unreviewed			
core-2182	2182	a-2182-kroonen-core-2182-1;a-2182-orel-core-2182-1	core_triage	What do the source units establish for shine (sċīnan)?	source_citation	ending	undetermined	reviewed	unestablished	Orel2003: *skīnanan [341; strong shine verb]. Kroonen2013: *skīnan- [445-446; s.v.; citation formation]. This is a review of citation units and retained alternatives, not a chosen PGmc endpoint. Word/stem endings are display-level comparisons until aligned paradigms are established; source silence is not dissent. Causes and full historical equivalence remain unestablished.	All linked core alternatives are retained. Type tags mark the question or visible presentation, not a settled cause; whole-word, stem, paradigm, family and component evidence are not collapsed. Historical equivalence requires a separately aligned feature/unit comparison.		Whole-core citation roster reviewed before this classification; this layer neither selects a reconstruction nor certifies every source glyph.	unreviewed			
core-2183	2183	a-2183-kroonen-core-2183-1;a-2183-kroonen-core-2183-2;a-2183-orel-core-2183-1	core_triage	What do the source units establish for shoulder (sċuldrum)?	source_citation	chronological_stage;ending;inflection;stem_class;suffix	undetermined	reviewed	unestablished	Orel2003: *skulđr(j)ō [345; feminine shoulder noun with optional j; OE masculine reflex]. Kroonen2013: *skuldra- [450; West Germanic masculine shoulder a-stem, not dative plural]; *skuldrjōn- [450; feminine variant behind High German umlaut, not dative plural]. This is a review of citation units and retained alternatives, not a chosen PGmc endpoint. Word/stem endings are display-level comparisons until aligned paradigms are established; source silence is not dissent. Causes and full historical equivalence remain unestablished.	All linked core alternatives are retained. Type tags mark the question or visible presentation, not a settled cause; whole-word, stem, paradigm, family and component evidence are not collapsed. Historical equivalence requires a separately aligned feature/unit comparison.		Whole-core citation roster reviewed before this classification; this layer neither selects a reconstruction nor certifies every source glyph.	unreviewed			
core-2184	2184	a-2184-kroonen-core-2184-1;a-2184-kroonen-core-2184-2;a-2184-orel-core-2184-1;a-2184-orel-core-2184-2;a-2184-orel-core-2184-3	core_triage	What do the source units establish for shove (sċēaf)?	source_citation	ending	undetermined	reviewed	unestablished	Orel2003: *skeubanan [339; strong shove verb eu-alternative]; *skūbanan [339; strong shove verb long-ū alternative]; *skūbōjanan [347; weak shove/push derivative]. Kroonen2013: *skeuban- [444-445; s.v.; citation formation]; *skūban- [444-445; s.v.; separately printed contextual variant]. This is a review of citation units and retained alternatives, not a chosen PGmc endpoint. Word/stem endings are display-level comparisons until aligned paradigms are established; source silence is not dissent. Causes and full historical equivalence remain unestablished.	All linked core alternatives are retained. Type tags mark the question or visible presentation, not a settled cause; whole-word, stem, paradigm, family and component evidence are not collapsed. Historical equivalence requires a separately aligned feature/unit comparison.		Whole-core citation roster reviewed before this classification; this layer neither selects a reconstruction nor certifies every source glyph.	unreviewed			
core-2185	2185	a-2185-kroonen-core-2185-1;a-2185-orel-core-2185-1	core_triage	What do the source units establish for shovel (sċofl)?	source_citation	consonantism;ending	undetermined	reviewed	unestablished	Orel2003: *skūflō [347; feminine shovel noun]. Kroonen2013: *skūblō- [445; incidental feminine shovel noun]. This is a review of citation units and retained alternatives, not a chosen PGmc endpoint. Word/stem endings are display-level comparisons until aligned paradigms are established; source silence is not dissent. Causes and full historical equivalence remain unestablished.	All linked core alternatives are retained. Type tags mark the question or visible presentation, not a settled cause; whole-word, stem, paradigm, family and component evidence are not collapsed. Historical equivalence requires a separately aligned feature/unit comparison.	r-2185-orel-core-2185-1-argument	Whole-core citation roster reviewed before this classification; this layer neither selects a reconstruction nor certifies every source glyph.	unreviewed			
core-2186	2186	a-2186-kroonen-core-2186-1;a-2186-orel-core-2186-1;a-2186-orel-core-2186-2;a-2186-orel-core-2186-3	core_triage	What do the source units establish for show (sċēawian)?	source_citation	ending	undetermined	reviewed	unestablished	Orel2003: *skawōjanan [337; weak look/observe verb]; *skawaz [337; comparative formation; exact relationship and qualifications in the argument]; *xē(u)we- [337; full printed stem underlying OE hāwian, including final e]. Kroonen2013: *skawōjan- [442; incidental weak show verb; no quoted imperative or third singular]. This is a review of citation units and retained alternatives, not a chosen PGmc endpoint. Word/stem endings are display-level comparisons until aligned paradigms are established; source silence is not dissent. Causes and full historical equivalence remain unestablished.	All linked core alternatives are retained. Type tags mark the question or visible presentation, not a settled cause; whole-word, stem, paradigm, family and component evidence are not collapsed. Historical equivalence requires a separately aligned feature/unit comparison.		Whole-core citation roster reviewed before this classification; this layer neither selects a reconstruction nor certifies every source glyph.	unreviewed			
core-2187	2187	a-2187-kroonen-core-2187-1;a-2187-kroonen-core-2187-2;a-2187-kroonen-core-2187-3;a-2187-kroonen-core-2187-4;a-2187-orel-core-2187-1;a-2187-orel-core-2187-2;a-2187-orel-core-2187-3	core_triage	What do the source units establish for shower (sċūr)?	source_citation	ending	undetermined	reviewed	unestablished	Orel2003: *skūrō [347; feminine storm/shower noun]; *skūraz [347; masculine storm/shower alternative]; *skūriz [347; source formation attributed to OHG shower]. Kroonen2013: *skūra/ō- [451; m./f.; citation formation]; *skewur [451; proposed heteroclitic nominative]; *skūnaz [451; proposed heteroclitic genitive]; *sku(w)eni [451; proposed heteroclitic dative, optional w]. This is a review of citation units and retained alternatives, not a chosen PGmc endpoint. Word/stem endings are display-level comparisons until aligned paradigms are established; source silence is not dissent. Causes and full historical equivalence remain unestablished.	All linked core alternatives are retained. Type tags mark the question or visible presentation, not a settled cause; whole-word, stem, paradigm, family and component evidence are not collapsed. Historical equivalence requires a separately aligned feature/unit comparison.		Whole-core citation roster reviewed before this classification; this layer neither selects a reconstruction nor certifies every source glyph.	unreviewed			
core-2188	2188	a-2188-kroonen-core-2188-1;a-2188-orel-core-2188-1;a-2188-orel-core-2188-2	core_triage	What do the source units establish for side (sīde)?	source_citation	ending	undetermined	reviewed	unestablished	Orel2003: *sīđōn [329; feminine side noun]; *sīđaz [329; comparative formation; exact relationship and qualifications in the argument]. Kroonen2013: *sīdōn- [435; incidental feminine side noun, not long adjective]. This is a review of citation units and retained alternatives, not a chosen PGmc endpoint. Word/stem endings are display-level comparisons until aligned paradigms are established; source silence is not dissent. Causes and full historical equivalence remain unestablished.	All linked core alternatives are retained. Type tags mark the question or visible presentation, not a settled cause; whole-word, stem, paradigm, family and component evidence are not collapsed. Historical equivalence requires a separately aligned feature/unit comparison.		Whole-core citation roster reviewed before this classification; this layer neither selects a reconstruction nor certifies every source glyph.	unreviewed			
core-2189	2189	a-2189-orel-core-2189-1	core_triage	What do the source units establish for sieve (sife)?	source_citation		insufficient_evidence	reviewed	unestablished	Orel2003: *sibaz [328; source-labelled neuter sieve/sedge noun]. Kroonen2013: no_form_found; Hrīdra riddle/shake, sēdla and sihwan percolate/seikʷ families are other etyma. Filtering meaning alone does not establish sibi sieve root; completed sife/Sieb/index contexts find no reconstruction of that family. This is a review of citation units and retained alternatives, not a chosen PGmc endpoint. Word/stem endings are display-level comparisons until aligned paradigms are established; source silence is not dissent. Causes and full historical equivalence remain unestablished.	All linked core alternatives are retained. Type tags mark the question or visible presentation, not a settled cause; whole-word, stem, paradigm, family and component evidence are not collapsed. Historical equivalence requires a separately aligned feature/unit comparison.		Whole-core citation roster reviewed before this classification; this layer neither selects a reconstruction nor certifies every source glyph.	unreviewed			
core-2190	2190	a-2190-kroonen-core-2190-1;a-2190-orel-core-2190-1;a-2190-orel-core-2190-2	core_triage	What do the source units establish for sing (singan)?	source_citation	ending	undetermined	reviewed	unestablished	Orel2003: *senʒwanan [324; strong sing/recite/narrate verb]; *sanʒwaz [324; comparative formation; exact relationship and qualifications in the argument]. Kroonen2013: *singwan- [437; s.v.; citation formation]. This is a review of citation units and retained alternatives, not a chosen PGmc endpoint. Word/stem endings are display-level comparisons until aligned paradigms are established; source silence is not dissent. Causes and full historical equivalence remain unestablished.	All linked core alternatives are retained. Type tags mark the question or visible presentation, not a settled cause; whole-word, stem, paradigm, family and component evidence are not collapsed. Historical equivalence requires a separately aligned feature/unit comparison.		Whole-core citation roster reviewed before this classification; this layer neither selects a reconstruction nor certifies every source glyph.	unreviewed			
core-2191	2191	a-2191-orel-core-2191-1	core_triage	What do the source units establish for singe (senġan)?	source_citation		insufficient_evidence	reviewed	unestablished	Orel2003: *sanʒjanan [318; weak singe/dry/boil verb]. Kroonen2013: no_form_found; Broan singe, sweþ/swiþ burn and singwan sing are different families. No senġ/sang singe root family found after complete scorching and seng/index contexts. This is a review of citation units and retained alternatives, not a chosen PGmc endpoint. Word/stem endings are display-level comparisons until aligned paradigms are established; source silence is not dissent. Causes and full historical equivalence remain unestablished.	All linked core alternatives are retained. Type tags mark the question or visible presentation, not a settled cause; whole-word, stem, paradigm, family and component evidence are not collapsed. Historical equivalence requires a separately aligned feature/unit comparison.		Whole-core citation roster reviewed before this classification; this layer neither selects a reconstruction nor certifies every source glyph.	unreviewed			
core-2192	2192	a-2192-kroonen-core-2192-1;a-2192-orel-core-2192-1;a-2192-orel-core-2192-2	core_triage	What do the source units establish for sister (swester)?	source_citation	ending;inflection;quantity	undetermined	reviewed	unestablished	Orel2003: *swestēr [395; feminine sister noun]; *su̯esor- [395; comparative stem; exact relationship and qualifications in the argument]. Kroonen2013: *swester- [500; f.; citation formation]. This is a review of citation units and retained alternatives, not a chosen PGmc endpoint. Word/stem endings are display-level comparisons until aligned paradigms are established; source silence is not dissent. Causes and full historical equivalence remain unestablished.	All linked core alternatives are retained. Type tags mark the question or visible presentation, not a settled cause; whole-word, stem, paradigm, family and component evidence are not collapsed. Historical equivalence requires a separately aligned feature/unit comparison.		Whole-core citation roster reviewed before this classification; this layer neither selects a reconstruction nor certifies every source glyph.	unreviewed			
core-2193	2193	a-2193-sit-orel-headword;a-2193-sit-kroonen-stem;a-2193-orel-e-i-convention;a-2193-kroonen-e-i-inventory;a-2193-kroonen-core-2193-1;a-2193-kroonen-core-2193-2;a-2193-kroonen-core-2193-3;a-2193-kroonen-core-2193-4	core_triage	What do the source units establish for sit (sittan)?	source_citation	ending;inflection	undetermined	reviewed	unestablished	Orel2003: *setjanan [325-326; strong verb; reconstructed dictionary citation]; (process) [xi-xiii; source-wide method, not an additional word reconstruction]. Kroonen2013: *set(j)an- [434; strong verb; parenthesized j in headword]; (process) [xix; short-vowel inventory and nasal raising, not a quoted sit/three whole word]; *setan- [434; Gothic-corresponding verbal stem]; *setjan- [434; Nordic / OE / OHG verbal stem]; *sed-éi-ti [434; proposed original i-present third singular]; *sed-i-énti [434; proposed original i-present third plural]. This is a review of citation units and retained alternatives, not a chosen PGmc endpoint. Word/stem endings are display-level comparisons until aligned paradigms are established; source silence is not dissent. Causes and full historical equivalence remain unestablished.	All linked core alternatives are retained. Type tags mark the question or visible presentation, not a settled cause; whole-word, stem, paradigm, family and component evidence are not collapsed. Historical equivalence requires a separately aligned feature/unit comparison.		Whole-core citation roster reviewed before this classification; this layer neither selects a reconstruction nor certifies every source glyph.	unreviewed			
core-2194	2194	a-2194-kroonen-core-2194-1;a-2194-orel-core-2194-1	core_triage	What do the source units establish for six (six)?	source_citation		undetermined	reviewed	unestablished	Orel2003: *sexs [322; cardinal six]. Kroonen2013: *sehs [431; num.; citation formation]. This is a review of citation units and retained alternatives, not a chosen PGmc endpoint. Word/stem endings are display-level comparisons until aligned paradigms are established; source silence is not dissent. Causes and full historical equivalence remain unestablished.	All linked core alternatives are retained. Type tags mark the question or visible presentation, not a settled cause; whole-word, stem, paradigm, family and component evidence are not collapsed. Historical equivalence requires a separately aligned feature/unit comparison.		Whole-core citation roster reviewed before this classification; this layer neither selects a reconstruction nor certifies every source glyph.	unreviewed			
core-2195	2195	a-2195-kroonen-core-2195-1;a-2195-orel-core-2195-1	core_triage	What do the source units establish for slay (slēan)?	source_citation	ending	undetermined	reviewed	unestablished	Orel2003: *slaxanan [348; strong strike/slay verb]. Kroonen2013: *slahan- [452; s.v.; citation formation]. This is a review of citation units and retained alternatives, not a chosen PGmc endpoint. Word/stem endings are display-level comparisons until aligned paradigms are established; source silence is not dissent. Causes and full historical equivalence remain unestablished.	All linked core alternatives are retained. Type tags mark the question or visible presentation, not a settled cause; whole-word, stem, paradigm, family and component evidence are not collapsed. Historical equivalence requires a separately aligned feature/unit comparison.		Whole-core citation roster reviewed before this classification; this layer neither selects a reconstruction nor certifies every source glyph.	unreviewed			
core-2196	2196	a-2196-kroonen-core-2196-1;a-2196-orel-core-2196-1;a-2196-orel-core-2196-2	core_triage	What do the source units establish for sleep (slǣpan)?	source_citation	ending	undetermined	reviewed	unestablished	Orel2003: *slēpanan [350; strong sleep verb]; *slēpaz [350; masculine sleep noun]. Kroonen2013: *slēpan- [453-454; s.v.; citation formation]. This is a review of citation units and retained alternatives, not a chosen PGmc endpoint. Word/stem endings are display-level comparisons until aligned paradigms are established; source silence is not dissent. Causes and full historical equivalence remain unestablished.	All linked core alternatives are retained. Type tags mark the question or visible presentation, not a settled cause; whole-word, stem, paradigm, family and component evidence are not collapsed. Historical equivalence requires a separately aligned feature/unit comparison.		Whole-core citation roster reviewed before this classification; this layer neither selects a reconstruction nor certifies every source glyph.	unreviewed			
core-2197	2197	a-2197-kroonen-core-2197-1;a-2197-orel-core-2197-1	core_triage	What do the source units establish for slime (slīm)?	source_citation	ending	undetermined	reviewed	unestablished	Orel2003: *slīman [351; neuter slime noun; OE gender uncertain]. Kroonen2013: *slīma- [455; n.; citation formation]. This is a review of citation units and retained alternatives, not a chosen PGmc endpoint. Word/stem endings are display-level comparisons until aligned paradigms are established; source silence is not dissent. Causes and full historical equivalence remain unestablished.	All linked core alternatives are retained. Type tags mark the question or visible presentation, not a settled cause; whole-word, stem, paradigm, family and component evidence are not collapsed. Historical equivalence requires a separately aligned feature/unit comparison.		Whole-core citation roster reviewed before this classification; this layer neither selects a reconstruction nor certifies every source glyph.	unreviewed			
core-2198	2198	a-2198-smear-orel-verb;a-2198-smear-kroonen-verb-stem	core_triage	What do the source units establish for smear (smierwan)?	source_citation	ending	undetermined	reviewed	unestablished	Orel2003: *smerwjanan [354; weak verb citation]. Kroonen2013: *smerwjan- [458; weak verb stem; incidental reconstruction within the noun entry]. This is a review of citation units and retained alternatives, not a chosen PGmc endpoint. Word/stem endings are display-level comparisons until aligned paradigms are established; source silence is not dissent. Causes and full historical equivalence remain unestablished.	All linked core alternatives are retained. Type tags mark the question or visible presentation, not a settled cause; whole-word, stem, paradigm, family and component evidence are not collapsed. Historical equivalence requires a separately aligned feature/unit comparison.		Whole-core citation roster reviewed before this classification; this layer neither selects a reconstruction nor certifies every source glyph.	unreviewed			
core-2199	2199	a-2199-kroonen-core-2199-1;a-2199-orel-core-2199-1;a-2199-orel-core-2199-2	core_triage	What do the source units establish for snow (snāw)?	source_citation	consonantism;ending;suffix;vocalism	undetermined	reviewed	unestablished	Orel2003: *snaiʒwaz [355-356; masculine snow noun]; *snīʒwanan [358; strong snow verb; nominal snow cross-reference]. Kroonen2013: *snaiwa- [460; m.; citation formation]. This is a review of citation units and retained alternatives, not a chosen PGmc endpoint. Word/stem endings are display-level comparisons until aligned paradigms are established; source silence is not dissent. Causes and full historical equivalence remain unestablished.	All linked core alternatives are retained. Type tags mark the question or visible presentation, not a settled cause; whole-word, stem, paradigm, family and component evidence are not collapsed. Historical equivalence requires a separately aligned feature/unit comparison.	r-2199-kroonen-core-2199-1-argument;r-2199-orel-core-2199-1-argument	Whole-core citation roster reviewed before this classification; this layer neither selects a reconstruction nor certifies every source glyph.	unreviewed			
core-2200	2200	a-2200-kroonen-core-2200-1;a-2200-orel-core-2200-1;a-2200-orel-core-2200-2	core_triage	What do the source units establish for sorrow (sorg)?	source_citation	ending	undetermined	reviewed	unestablished	Orel2003: *surʒō [388; feminine sorrow noun]; *surʒēnan [388; weak sorrow/care verb]. Kroonen2013: *surgō- [493-494; f.; citation formation]. This is a review of citation units and retained alternatives, not a chosen PGmc endpoint. Word/stem endings are display-level comparisons until aligned paradigms are established; source silence is not dissent. Causes and full historical equivalence remain unestablished.	All linked core alternatives are retained. Type tags mark the question or visible presentation, not a settled cause; whole-word, stem, paradigm, family and component evidence are not collapsed. Historical equivalence requires a separately aligned feature/unit comparison.		Whole-core citation roster reviewed before this classification; this layer neither selects a reconstruction nor certifies every source glyph.	unreviewed			
core-2201	2201	a-2201-kroonen-core-2201-1;a-2201-orel-core-2201-1;a-2201-orel-core-2201-2;a-2201-orel-core-2201-3	core_triage	What do the source units establish for soul (sāwol)?	source_citation	ending	undetermined	reviewed	unestablished	Orel2003: *saiwalō [314; feminine soul noun]; *saiwlō [314; quoted competing Germanic soul formation]; *swai-walō [314; quoted competing own-will soul formation]. Kroonen2013: *saiwalō- [423; f.; citation formation]. This is a review of citation units and retained alternatives, not a chosen PGmc endpoint. Word/stem endings are display-level comparisons until aligned paradigms are established; source silence is not dissent. Causes and full historical equivalence remain unestablished.	All linked core alternatives are retained. Type tags mark the question or visible presentation, not a settled cause; whole-word, stem, paradigm, family and component evidence are not collapsed. Historical equivalence requires a separately aligned feature/unit comparison.		Whole-core citation roster reviewed before this classification; this layer neither selects a reconstruction nor certifies every source glyph.	unreviewed			
core-2202	2202	a-2202-kroonen-core-2202-1;a-2202-orel-core-2202-1;a-2202-orel-core-2202-2	core_triage	What do the source units establish for span (spannan)?	source_citation	ending	undetermined	reviewed	unestablished	Orel2003: *spannanan [362; strong join/attach/span verb]; *spananan [362; comparative formation; exact relationship and qualifications in the argument]. Kroonen2013: *spannan- [465; s.v.; citation formation]. This is a review of citation units and retained alternatives, not a chosen PGmc endpoint. Word/stem endings are display-level comparisons until aligned paradigms are established; source silence is not dissent. Causes and full historical equivalence remain unestablished.	All linked core alternatives are retained. Type tags mark the question or visible presentation, not a settled cause; whole-word, stem, paradigm, family and component evidence are not collapsed. Historical equivalence requires a separately aligned feature/unit comparison.		Whole-core citation roster reviewed before this classification; this layer neither selects a reconstruction nor certifies every source glyph.	unreviewed			
core-2203	2203	a-2203-kroonen-core-2202-1;a-2203-orel-core-2203-1	core_triage	What do the source units establish for span (spanne)?	source_citation	ending;lexical_identity	undetermined	reviewed	unestablished	Orel2003: *spannō [362; feminine span noun]. Kroonen2013: *spannan- [465; s.v.; citation formation]. This is a review of citation units and retained alternatives, not a chosen PGmc endpoint. Word/stem endings are display-level comparisons until aligned paradigms are established; source silence is not dissent. Causes and full historical equivalence remain unestablished.	All linked core alternatives are retained. Type tags mark the question or visible presentation, not a settled cause; whole-word, stem, paradigm, family and component evidence are not collapsed. Historical equivalence requires a separately aligned feature/unit comparison.		Whole-core citation roster reviewed before this classification; this layer neither selects a reconstruction nor certifies every source glyph.	unreviewed			
core-2204	2204	a-2204-kroonen-core-2204-1;a-2204-kroonen-core-2204-2;a-2204-kroonen-core-2204-3;a-2204-kroonen-core-2204-4;a-2204-kroonen-core-2204-5;a-2204-orel-core-2204-1	core_triage	What do the source units establish for spar (spearra)?	source_citation	ending	undetermined	reviewed	unestablished	Orel2003: *sparrōn [363; masculine spar/beam noun]. Kroonen2013: *spar(r)an- [466; m.; citation formation]; *sparan- [466; m.; separately printed contextual variant]; *sparran- [466; m.; separately printed contextual variant]; *sparō [466; n-stem nominative]; *sparraz [466; n-stem genitive]. This is a review of citation units and retained alternatives, not a chosen PGmc endpoint. Word/stem endings are display-level comparisons until aligned paradigms are established; source silence is not dissent. Causes and full historical equivalence remain unestablished.	All linked core alternatives are retained. Type tags mark the question or visible presentation, not a settled cause; whole-word, stem, paradigm, family and component evidence are not collapsed. Historical equivalence requires a separately aligned feature/unit comparison.		Whole-core citation roster reviewed before this classification; this layer neither selects a reconstruction nor certifies every source glyph.	unreviewed			
core-2205	2205	a-2205-kroonen-core-2205-1;a-2205-orel-core-2205-1;a-2205-orel-core-2205-2	core_triage	What do the source units establish for spare (sparian)?	source_citation	ending;transcription_error	undetermined	reviewed	unestablished	Both dictionaries print the weak spare/save verb with ēn. Kroonen's incidental verb was incorrectly assigned the enclosing adjective entry's POS in our extraction; original465 confirms the correction. This was our metadata error, not a scholarly POS or suffix disagreement. A separately premised stem comparison is recorded.	All linked core alternatives are retained. Type tags mark the question or visible presentation, not a settled cause; whole-word, stem, paradigm, family and component evidence are not collapsed. Historical equivalence requires a separately aligned feature/unit comparison.	r-2205-metadata	Whole-core citation roster reviewed before this classification; this layer neither selects a reconstruction nor certifies every source glyph. Earlier citation-unit explanation label analyst_inference is retained here as history; position support has not yet been reviewed as an explanation of inter-author divergence.	unreviewed			
core-2206	2206	a-2206-kroonen-core-2206-1;a-2206-orel-core-2206-1	core_triage	What do the source units establish for spear (speoru)?	source_citation	ending	undetermined	reviewed	unestablished	Orel2003: *speru [364; neuter spear noun]. Kroonen2013: *speru- [467; m.; citation formation]. This is a review of citation units and retained alternatives, not a chosen PGmc endpoint. Word/stem endings are display-level comparisons until aligned paradigms are established; source silence is not dissent. Causes and full historical equivalence remain unestablished.	All linked core alternatives are retained. Type tags mark the question or visible presentation, not a settled cause; whole-word, stem, paradigm, family and component evidence are not collapsed. Historical equivalence requires a separately aligned feature/unit comparison.		Whole-core citation roster reviewed before this classification; this layer neither selects a reconstruction nor certifies every source glyph.	unreviewed			
core-2207	2207	a-2207-spin-orel-headword;a-2207-spin-kroonen-stem	core_triage	What do the source units establish for spin (spinnan)?	source_citation	ending	undetermined	reviewed	unestablished	Orel2003: *spennanan [364; strong verb; dictionary citation]. Kroonen2013: *spinnan- [467; strong verb; infinitive stem]. This is a review of citation units and retained alternatives, not a chosen PGmc endpoint. Word/stem endings are display-level comparisons until aligned paradigms are established; source silence is not dissent. Causes and full historical equivalence remain unestablished.	All linked core alternatives are retained. Type tags mark the question or visible presentation, not a settled cause; whole-word, stem, paradigm, family and component evidence are not collapsed. Historical equivalence requires a separately aligned feature/unit comparison.		Whole-core citation roster reviewed before this classification; this layer neither selects a reconstruction nor certifies every source glyph.	unreviewed			
core-2208	2208	a-2208-spindle-orel-headword;a-2208-kroonen-core-2208-1;a-2208-kroonen-core-2208-2	core_triage	What do the source units establish for spindle (spinl)?	source_citation	ending;lexical_identity	different_units	reviewed	unestablished	Orel2003: *spennilō(n) [364; feminine; parenthesized n retained]. Kroonen2013: *spinnan- [467; strong spin verb; spindle derivational-family evidence]; *spunan- [467; masculine spinning / yarn n-stem]. This is a review of citation units and retained alternatives, not a chosen PGmc endpoint. Word/stem endings are display-level comparisons until aligned paradigms are established; source silence is not dissent. Causes and full historical equivalence remain unestablished.	All linked core alternatives are retained. Type tags mark the question or visible presentation, not a settled cause; whole-word, stem, paradigm, family and component evidence are not collapsed. Historical equivalence requires a separately aligned feature/unit comparison.		Whole-core citation roster reviewed before this classification; this layer neither selects a reconstruction nor certifies every source glyph.	unreviewed			
core-2209	2209	a-2209-orel-core-2209-1;a-2209-orel-core-2209-2	core_triage	What do the source units establish for spoon (spōn)?	source_citation		insufficient_evidence	reviewed	unestablished	Orel2003: *spēnuz [364-365; masculine chip/shaving/spoon noun alternative]; *spōnuz [364-365; masculine chip/shaving/spoon noun alternative]. Kroonen2013: no_form_found; Spenan nipple/suck and speldā wood-splinter formations are not shown to be spoon/spōn family in the source. Spoon/shaving and spōn/index contexts contain no source-supported same root; semantic implement equivalence is insufficient. This is a review of citation units and retained alternatives, not a chosen PGmc endpoint. Word/stem endings are display-level comparisons until aligned paradigms are established; source silence is not dissent. Causes and full historical equivalence remain unestablished.	All linked core alternatives are retained. Type tags mark the question or visible presentation, not a settled cause; whole-word, stem, paradigm, family and component evidence are not collapsed. Historical equivalence requires a separately aligned feature/unit comparison.		Whole-core citation roster reviewed before this classification; this layer neither selects a reconstruction nor certifies every source glyph.	unreviewed			
core-2210	2210	a-2210-kroonen-core-2210-1;a-2210-kroonen-core-2210-2;a-2210-orel-core-2210-1;a-2210-orel-core-2210-2	core_triage	What do the source units establish for spread (sprǣdan)?	source_citation	ending;lexical_identity	different_units	reviewed	unestablished	Orel2003: *spraiđjanan [366; weak spread causative]; *sprīđanan [366; comparative formation; exact relationship and qualifications in the argument]. Kroonen2013: *spraidjan- [469; w.v.; citation formation]; *spraitjan- [469; w.v.; separately printed contextual variant]. This is a review of citation units and retained alternatives, not a chosen PGmc endpoint. Word/stem endings are display-level comparisons until aligned paradigms are established; source silence is not dissent. Causes and full historical equivalence remain unestablished.	All linked core alternatives are retained. Type tags mark the question or visible presentation, not a settled cause; whole-word, stem, paradigm, family and component evidence are not collapsed. Historical equivalence requires a separately aligned feature/unit comparison.		Whole-core citation roster reviewed before this classification; this layer neither selects a reconstruction nor certifies every source glyph.	unreviewed			
core-2211	2211	a-2211-kroonen-core-2211-1;a-2211-kroonen-core-2211-2;a-2211-kroonen-core-2211-3;a-2211-kroonen-core-2211-4;a-2211-orel-core-2211-1;a-2211-orel-core-2211-2	core_triage	What do the source units establish for spur (spora)?	source_citation	ending	undetermined	reviewed	unestablished	Orel2003: *spurōn [368; masculine spur noun]; *spuran [368; comparative formation; exact relationship and qualifications in the argument]. Kroonen2013: *spura- [471; neuter track / trace noun; spur-foot family evidence]; *spurjan- [471; factitive track / investigate verb]; *spurnan- [471; strong zero-grade kick / spurn nasal present]; *spernan- [471; Nordic full-grade replacement of kick verb]. This is a review of citation units and retained alternatives, not a chosen PGmc endpoint. Word/stem endings are display-level comparisons until aligned paradigms are established; source silence is not dissent. Causes and full historical equivalence remain unestablished.	All linked core alternatives are retained. Type tags mark the question or visible presentation, not a settled cause; whole-word, stem, paradigm, family and component evidence are not collapsed. Historical equivalence requires a separately aligned feature/unit comparison.		Whole-core citation roster reviewed before this classification; this layer neither selects a reconstruction nor certifies every source glyph.	unreviewed			
core-2212	2212	a-2212-kroonen-core-2212-1;a-2212-orel-core-2212-1;a-2212-orel-core-2212-2	core_triage	What do the source units establish for staff (stæf)?	source_citation	ending	undetermined	reviewed	unestablished	Orel2003: *stabiz [368; masculine staff/letter noun alternative]; *stabaz [368; masculine staff/letter noun alternative]. Kroonen2013: *staba- [471-472; m.; citation formation]. This is a review of citation units and retained alternatives, not a chosen PGmc endpoint. Word/stem endings are display-level comparisons until aligned paradigms are established; source silence is not dissent. Causes and full historical equivalence remain unestablished.	All linked core alternatives are retained. Type tags mark the question or visible presentation, not a settled cause; whole-word, stem, paradigm, family and component evidence are not collapsed. Historical equivalence requires a separately aligned feature/unit comparison.		Whole-core citation roster reviewed before this classification; this layer neither selects a reconstruction nor certifies every source glyph.	unreviewed			
core-2213	2213	a-2213-kroonen-core-2213-1;a-2213-kroonen-core-2213-2;a-2213-kroonen-core-2213-3;a-2213-kroonen-core-2213-4;a-2213-orel-core-2213-1;a-2213-orel-core-2213-2;a-2213-orel-core-2213-3	core_triage	What do the source units establish for start (styrtan)?	source_citation	ending	undetermined	reviewed	unestablished	Orel2003: *startjanan [372; weak start/drive-up verb]; *stertaz [372; adjective homonym II, haughty/stately, not tail homonym I]; *sterđaz [375; comparative formation; exact relationship and qualifications in the argument]. Kroonen2013: *sturjan- [476; stir / put-in-motion verb; qualified start-family comparison]; *staurjan- [476; disturb / destroy factitive]; *staura- [476; destruction noun base]; *(ga-)sturja- [476; stir / tumult / motion noun with optional prefix]. This is a review of citation units and retained alternatives, not a chosen PGmc endpoint. Word/stem endings are display-level comparisons until aligned paradigms are established; source silence is not dissent. Causes and full historical equivalence remain unestablished.	All linked core alternatives are retained. Type tags mark the question or visible presentation, not a settled cause; whole-word, stem, paradigm, family and component evidence are not collapsed. Historical equivalence requires a separately aligned feature/unit comparison.		Whole-core citation roster reviewed before this classification; this layer neither selects a reconstruction nor certifies every source glyph.	unreviewed			
core-2214	2214	a-2214-kroonen-core-2214-1;a-2214-orel-core-2214-1	core_triage	What do the source units establish for starve (steorfan)?	source_citation	ending	undetermined	reviewed	unestablished	Orel2003: *sterbanan [375; strong die/starve verb]. Kroonen2013: *sterban- [477-478; s.v.; citation formation]. This is a review of citation units and retained alternatives, not a chosen PGmc endpoint. Word/stem endings are display-level comparisons until aligned paradigms are established; source silence is not dissent. Causes and full historical equivalence remain unestablished.	All linked core alternatives are retained. Type tags mark the question or visible presentation, not a settled cause; whole-word, stem, paradigm, family and component evidence are not collapsed. Historical equivalence requires a separately aligned feature/unit comparison.		Whole-core citation roster reviewed before this classification; this layer neither selects a reconstruction nor certifies every source glyph.	unreviewed			
core-2215	2215	a-2215-kroonen-core-2215-1;a-2215-orel-core-2215-1	core_triage	What do the source units establish for steal (stelan)?	source_citation	ending	undetermined	reviewed	unestablished	Orel2003: *stelanan [374; strong steal verb]. Kroonen2013: *stelan- [476-477; s.v.; citation formation]. This is a review of citation units and retained alternatives, not a chosen PGmc endpoint. Word/stem endings are display-level comparisons until aligned paradigms are established; source silence is not dissent. Causes and full historical equivalence remain unestablished.	All linked core alternatives are retained. Type tags mark the question or visible presentation, not a settled cause; whole-word, stem, paradigm, family and component evidence are not collapsed. Historical equivalence requires a separately aligned feature/unit comparison.		Whole-core citation roster reviewed before this classification; this layer neither selects a reconstruction nor certifies every source glyph.	unreviewed			
core-2216	2216	a-2216-orel-core-2216-1;a-2216-orel-core-2216-2;a-2216-orel-core-2216-3	core_triage	What do the source units establish for stem (stefn)?	source_citation		insufficient_evidence	reviewed	unestablished	Orel2003: *stamnaz [371; masculine ship stem/prow noun alternative]; *stamniz [371; masculine ship stem/prow noun alternative]; *stabnaz [371; formation distinguished from stamnaz in cited Torp account]. Kroonen2013: no_form_found; Stibna/stimnō voice is a different source etymology from tree/trunk stem. Stand/wood/support semantics alone do not establish stamni genealogy; completed stemn/stock/index contexts find no family reconstruction. This is a review of citation units and retained alternatives, not a chosen PGmc endpoint. Word/stem endings are display-level comparisons until aligned paradigms are established; source silence is not dissent. Causes and full historical equivalence remain unestablished.	All linked core alternatives are retained. Type tags mark the question or visible presentation, not a settled cause; whole-word, stem, paradigm, family and component evidence are not collapsed. Historical equivalence requires a separately aligned feature/unit comparison.		Whole-core citation roster reviewed before this classification; this layer neither selects a reconstruction nor certifies every source glyph.	unreviewed			
core-2217	2217	a-2217-still-orel-verb;a-2217-orel-core-2217-1	core_triage	What do the source units establish for still (stillan)?	source_citation		insufficient_evidence	reviewed	unestablished	Orel2003: *stelljanan [374; weak verb citation; not the adjective]; *stelljaz [374; comparative formation; exact relationship and qualifications in the argument]. Kroonen2013: no_form_found; Stalla/stalljan put belongs to author's steh₂-dhlo standing-instrument family. Source does not connect quiet/calm still-family to this etymology; stell spelling/semantic stillness inference alone cannot establish the connection. Complete quiet and index contexts give no source-supported quiet family. This is a review of citation units and retained alternatives, not a chosen PGmc endpoint. Word/stem endings are display-level comparisons until aligned paradigms are established; source silence is not dissent. Causes and full historical equivalence remain unestablished.	All linked core alternatives are retained. Type tags mark the question or visible presentation, not a settled cause; whole-word, stem, paradigm, family and component evidence are not collapsed. Historical equivalence requires a separately aligned feature/unit comparison.		Whole-core citation roster reviewed before this classification; this layer neither selects a reconstruction nor certifies every source glyph.	unreviewed			
core-2218	2218	a-2218-stilt-orel-e-form;a-2218-stilt-orel-a-form;a-2218-orel-core-2218-1	core_triage	What do the source units establish for stilt (-)?	source_citation		insufficient_evidence	reviewed	unestablished	Orel2003: *steltjōn [374; feminine e-bearing headword alternative]; *staltjōn [374; feminine a-bearing headword alternative]; *stultaz [374; comparative formation; exact relationship and qualifications in the argument]. Kroonen2013: no_form_found; Nonrunnable row still fully reviewed. Completed stilt/stelt/Stelze, support/pole, standing and index contexts give no stilt-family reconstruction; generic standing word is not enough. This is a review of citation units and retained alternatives, not a chosen PGmc endpoint. Word/stem endings are display-level comparisons until aligned paradigms are established; source silence is not dissent. Causes and full historical equivalence remain unestablished.	All linked core alternatives are retained. Type tags mark the question or visible presentation, not a settled cause; whole-word, stem, paradigm, family and component evidence are not collapsed. Historical equivalence requires a separately aligned feature/unit comparison.		Whole-core citation roster reviewed before this classification; this layer neither selects a reconstruction nor certifies every source glyph.	unreviewed			
core-2219	2219	a-2219-kroonen-core-2219-1;a-2219-orel-core-2219-1;a-2219-orel-core-2219-2	core_triage	What do the source units establish for stock (stocc)?	source_citation	ending	undetermined	reviewed	unestablished	Orel2003: *stukkaz [383; masculine stock/trunk/log noun]; *stuʒjaz [383; comparative formation; exact relationship and qualifications in the argument]. Kroonen2013: *stukka- [487; m.; citation formation]. This is a review of citation units and retained alternatives, not a chosen PGmc endpoint. Word/stem endings are display-level comparisons until aligned paradigms are established; source silence is not dissent. Causes and full historical equivalence remain unestablished.	All linked core alternatives are retained. Type tags mark the question or visible presentation, not a settled cause; whole-word, stem, paradigm, family and component evidence are not collapsed. Historical equivalence requires a separately aligned feature/unit comparison.		Whole-core citation roster reviewed before this classification; this layer neither selects a reconstruction nor certifies every source glyph.	unreviewed			
core-2220	2220	a-2220-kroonen-core-2220-1;a-2220-orel-core-2220-1	core_triage	What do the source units establish for stone (stān)?	source_citation	ending	undetermined	reviewed	unestablished	Orel2003: *stainaz [369-370; masculine stone noun]. Kroonen2013: *staina- [472; m.; citation formation]. This is a review of citation units and retained alternatives, not a chosen PGmc endpoint. Word/stem endings are display-level comparisons until aligned paradigms are established; source silence is not dissent. Causes and full historical equivalence remain unestablished.	All linked core alternatives are retained. Type tags mark the question or visible presentation, not a settled cause; whole-word, stem, paradigm, family and component evidence are not collapsed. Historical equivalence requires a separately aligned feature/unit comparison.		Whole-core citation roster reviewed before this classification; this layer neither selects a reconstruction nor certifies every source glyph.	unreviewed			
core-2221	2221	a-2221-kroonen-core-2221-1;a-2221-kroonen-core-2221-2;a-2221-orel-core-2221-1	core_triage	What do the source units establish for stool (stōl)?	source_citation	ending;lexical_identity	different_units	reviewed	unestablished	Orel2003: *stōlaz [379; masculine seat/chair/stool noun]. Kroonen2013: *stōla- [481; m.; citation formation]; *sd-ōl-o- [481; alternative sit-derived stool antecedent]. This is a review of citation units and retained alternatives, not a chosen PGmc endpoint. Word/stem endings are display-level comparisons until aligned paradigms are established; source silence is not dissent. Causes and full historical equivalence remain unestablished.	All linked core alternatives are retained. Type tags mark the question or visible presentation, not a settled cause; whole-word, stem, paradigm, family and component evidence are not collapsed. Historical equivalence requires a separately aligned feature/unit comparison.		Whole-core citation roster reviewed before this classification; this layer neither selects a reconstruction nor certifies every source glyph.	unreviewed			
core-2222	2222	a-2222-kroonen-core-2222-1;a-2222-kroonen-core-2222-2;a-2222-kroonen-core-2222-3;a-2222-kroonen-core-2222-4;a-2222-kroonen-core-2222-5;a-2222-kroonen-core-2222-6;a-2222-kroonen-core-2222-7;a-2222-orel-core-2222-1;a-2222-orel-core-2222-2	core_triage	What do the source units establish for stork (storc)?	source_citation	ending	undetermined	reviewed	unestablished	Orel2003: *sturkaz [384; masculine stork noun]; *sterkanan [384; comparative formation; exact relationship and qualifications in the argument]. Kroonen2013: *sturki- [488; masculine strength i-stem; qualified stork-root comparison]; *sterkan- [488; hypothesized lost strong strength/stiffness verb]; *sturknan- [488; freeze / coagulate inchoative]; *starka- [474-475; o-grade strong / stiff adjective]; *sterka- [475; rejected directly ablauting strong adjective analysis]; *storkr [475; reconstructed Nordic strong-adjective u-stem nominative]; *sterkir [475; reconstructed Nordic strong-adjective plural]. This is a review of citation units and retained alternatives, not a chosen PGmc endpoint. Word/stem endings are display-level comparisons until aligned paradigms are established; source silence is not dissent. Causes and full historical equivalence remain unestablished.	All linked core alternatives are retained. Type tags mark the question or visible presentation, not a settled cause; whole-word, stem, paradigm, family and component evidence are not collapsed. Historical equivalence requires a separately aligned feature/unit comparison.		Whole-core citation roster reviewed before this classification; this layer neither selects a reconstruction nor certifies every source glyph.	unreviewed			
core-2223	2223	a-2223-kroonen-core-2223-1;a-2223-orel-core-2223-1;a-2223-orel-core-2223-2	core_triage	What do the source units establish for storm (storm)?	source_citation	ending	undetermined	reviewed	unestablished	Orel2003: *sturmaz [384; masculine storm noun]; *sturjanan [384; comparative formation; exact relationship and qualifications in the argument]. Kroonen2013: *sturma- [488; m.; citation formation]. This is a review of citation units and retained alternatives, not a chosen PGmc endpoint. Word/stem endings are display-level comparisons until aligned paradigms are established; source silence is not dissent. Causes and full historical equivalence remain unestablished.	All linked core alternatives are retained. Type tags mark the question or visible presentation, not a settled cause; whole-word, stem, paradigm, family and component evidence are not collapsed. Historical equivalence requires a separately aligned feature/unit comparison.		Whole-core citation roster reviewed before this classification; this layer neither selects a reconstruction nor certifies every source glyph.	unreviewed			
core-2224	2224	a-2224-kroonen-core-2224-1;a-2224-orel-core-2224-1	core_triage	What do the source units establish for straw (strēaw)?	source_citation	ending	undetermined	reviewed	unestablished	Orel2003: *strawan [381; neuter straw noun]. Kroonen2013: *strawa- [484; n.; citation formation]. This is a review of citation units and retained alternatives, not a chosen PGmc endpoint. Word/stem endings are display-level comparisons until aligned paradigms are established; source silence is not dissent. Causes and full historical equivalence remain unestablished.	All linked core alternatives are retained. Type tags mark the question or visible presentation, not a settled cause; whole-word, stem, paradigm, family and component evidence are not collapsed. Historical equivalence requires a separately aligned feature/unit comparison.		Whole-core citation roster reviewed before this classification; this layer neither selects a reconstruction nor certifies every source glyph.	unreviewed			
core-2225	2225	a-2225-kroonen-core-2225-1;a-2225-orel-core-2225-1;a-2225-orel-core-2225-2	core_triage	What do the source units establish for stream (strēam)?	source_citation	ending;lexical_identity	different_units	reviewed	unestablished	Orel2003: *straumaz [380-381; masculine stream/current noun]; *sroumo- [380; comparative stem; exact relationship and qualifications in the argument]. Kroonen2013: *strauma- [483; m.; citation formation]. This is a review of citation units and retained alternatives, not a chosen PGmc endpoint. Word/stem endings are display-level comparisons until aligned paradigms are established; source silence is not dissent. Causes and full historical equivalence remain unestablished.	All linked core alternatives are retained. Type tags mark the question or visible presentation, not a settled cause; whole-word, stem, paradigm, family and component evidence are not collapsed. Historical equivalence requires a separately aligned feature/unit comparison.		Whole-core citation roster reviewed before this classification; this layer neither selects a reconstruction nor certifies every source glyph.	unreviewed			
core-2226	2226	a-2226-kroonen-core-2226-1;a-2226-kroonen-core-2226-2;a-2226-kroonen-core-2226-3;a-2226-kroonen-core-2226-4;a-2226-kroonen-core-2226-5;a-2226-orel-core-2226-1;a-2226-orel-core-2226-2	core_triage	What do the source units establish for stretch (streċċan)?	source_citation	ending;lexical_identity	different_units	reviewed	unestablished	Orel2003: *strakkjanan [380; weak stretch/hold-out/extend verb]; *strak(k)az [380; tight/strict adjective; stretch base]. Kroonen2013: *strangi- [483; masculine string / cord i-stem; qualified stretch-family comparison]; *strangjan- [483; bind-tight / fasten factitive]; *strang(j)a- [483; strong / stiff adjective with optional j]; *stringan- [483; implied strong stiffen / tighten verb]; *strunka- [483; erect adjective; possible old-participle continuation]. This is a review of citation units and retained alternatives, not a chosen PGmc endpoint. Word/stem endings are display-level comparisons until aligned paradigms are established; source silence is not dissent. Causes and full historical equivalence remain unestablished.	All linked core alternatives are retained. Type tags mark the question or visible presentation, not a settled cause; whole-word, stem, paradigm, family and component evidence are not collapsed. Historical equivalence requires a separately aligned feature/unit comparison.		Whole-core citation roster reviewed before this classification; this layer neither selects a reconstruction nor certifies every source glyph.	unreviewed			
core-2227	2227	a-2227-kroonen-core-2227-1;a-2227-orel-core-2227-1;a-2227-orel-core-2227-2	core_triage	What do the source units establish for strew (strīeġan)?	source_citation	ending	undetermined	reviewed	unestablished	Orel2003: *strawjanan [381; weak spread/strew verb]; *strawēnan [381; ON-attributed new strew formation]. Kroonen2013: *straujan- [483; w.v.; citation formation]. This is a review of citation units and retained alternatives, not a chosen PGmc endpoint. Word/stem endings are display-level comparisons until aligned paradigms are established; source silence is not dissent. Causes and full historical equivalence remain unestablished.	All linked core alternatives are retained. Type tags mark the question or visible presentation, not a settled cause; whole-word, stem, paradigm, family and component evidence are not collapsed. Historical equivalence requires a separately aligned feature/unit comparison.		Whole-core citation roster reviewed before this classification; this layer neither selects a reconstruction nor certifies every source glyph.	unreviewed			
core-2228	2228	a-2228-kroonen-core-2228-1;a-2228-orel-core-2228-1;a-2228-orel-core-2228-2	core_triage	What do the source units establish for string (strenġ)?	source_citation	ending	undetermined	reviewed	unestablished	Orel2003: *stranʒiz [380; masculine string/cord/rope noun]; *stranʒaz [380; comparative formation; exact relationship and qualifications in the argument]. Kroonen2013: *strangi- [483; m.; citation formation]. This is a review of citation units and retained alternatives, not a chosen PGmc endpoint. Word/stem endings are display-level comparisons until aligned paradigms are established; source silence is not dissent. Causes and full historical equivalence remain unestablished.	All linked core alternatives are retained. Type tags mark the question or visible presentation, not a settled cause; whole-word, stem, paradigm, family and component evidence are not collapsed. Historical equivalence requires a separately aligned feature/unit comparison.		Whole-core citation roster reviewed before this classification; this layer neither selects a reconstruction nor certifies every source glyph.	unreviewed			
core-2229	2229	a-2229-kroonen-core-2229-1;a-2229-orel-core-2229-1	core_triage	What do the source units establish for stud (stōd)?	source_citation	ending	undetermined	reviewed	unestablished	Orel2003: *stōđan [379; neuter stud/herd-of-horses noun]. Kroonen2013: *stōda- [481; n.; citation formation]. This is a review of citation units and retained alternatives, not a chosen PGmc endpoint. Word/stem endings are display-level comparisons until aligned paradigms are established; source silence is not dissent. Causes and full historical equivalence remain unestablished.	All linked core alternatives are retained. Type tags mark the question or visible presentation, not a settled cause; whole-word, stem, paradigm, family and component evidence are not collapsed. Historical equivalence requires a separately aligned feature/unit comparison.		Whole-core citation roster reviewed before this classification; this layer neither selects a reconstruction nor certifies every source glyph.	unreviewed			
core-2230	2230	a-2230-kroonen-core-2230-1;a-2230-orel-core-2230-1	core_triage	What do the source units establish for summer (sumer)?	source_citation	ending;stem_class;vocalism	undetermined	reviewed	unestablished	Orel2003: *sumeraz [386; masculine summer noun; ON also neuter]. Kroonen2013: *sumara- [491-492; n.; citation formation]. This is a review of citation units and retained alternatives, not a chosen PGmc endpoint. Word/stem endings are display-level comparisons until aligned paradigms are established; source silence is not dissent. Causes and full historical equivalence remain unestablished.	All linked core alternatives are retained. Type tags mark the question or visible presentation, not a settled cause; whole-word, stem, paradigm, family and component evidence are not collapsed. Historical equivalence requires a separately aligned feature/unit comparison.		Whole-core citation roster reviewed before this classification; this layer neither selects a reconstruction nor certifies every source glyph.	unreviewed			
core-2231	2231	a-2231-kroonen-core-2231-1;a-2231-kroonen-core-2231-2;a-2231-kroonen-core-2231-3;a-2231-kroonen-core-2231-4;a-2231-orel-core-2231-1;a-2231-orel-core-2231-2;a-2231-orel-core-2231-3	core_triage	What do the source units establish for sun (sunne)?	source_citation	ending	undetermined	reviewed	unestablished	Orel2003: *sunnōn [387; feminine sun n-stem]; *sunōn [387; nominative in cited Brugmann reconstruction]; *sun-n-ez [387; genitive in cited Brugmann reconstruction]. Kroonen2013: *sunnōn- [463-464; n.; citation formation]; *sōel- [463-464; n.; separately printed contextual variant]; *sōwel [463-464; old nominative before stated glide loss]; *sunaz [463-464; old heteroclitic genitive]. This is a review of citation units and retained alternatives, not a chosen PGmc endpoint. Word/stem endings are display-level comparisons until aligned paradigms are established; source silence is not dissent. Causes and full historical equivalence remain unestablished.	All linked core alternatives are retained. Type tags mark the question or visible presentation, not a settled cause; whole-word, stem, paradigm, family and component evidence are not collapsed. Historical equivalence requires a separately aligned feature/unit comparison.		Whole-core citation roster reviewed before this classification; this layer neither selects a reconstruction nor certifies every source glyph.	unreviewed			
core-2232	2232	a-2232-orel-core-2232-1;a-2232-orel-core-2232-2;a-2232-orel-core-2232-3	core_triage	What do the source units establish for sunder (sundrian)?	source_citation		insufficient_evidence	reviewed	unestablished	Orel2003: *sundrōjanan [387; weak sunder/separate verb]; *sundrjanan [387; weak sunder j-formation]; *sundraz [387; comparative formation; exact relationship and qualifications in the argument]. Kroonen2013: no_form_found; Swimming/sound sund and south sunþera are different etyma; source does not connect them to sundr separation. Completed separate/sunder and index contexts give no reconstructed separation family. This is a review of citation units and retained alternatives, not a chosen PGmc endpoint. Word/stem endings are display-level comparisons until aligned paradigms are established; source silence is not dissent. Causes and full historical equivalence remain unestablished.	All linked core alternatives are retained. Type tags mark the question or visible presentation, not a settled cause; whole-word, stem, paradigm, family and component evidence are not collapsed. Historical equivalence requires a separately aligned feature/unit comparison.		Whole-core citation roster reviewed before this classification; this layer neither selects a reconstruction nor certifies every source glyph.	unreviewed			
core-2233	2233	a-2233-kroonen-core-2233-1;a-2233-orel-core-2233-1;a-2233-orel-core-2233-2	core_triage	What do the source units establish for sup (sūpan)?	source_citation	ending	undetermined	reviewed	unestablished	Orel2003: *sūpanan [389; strong drink/sup verb]; *sūpō(n) [389; feminine soup/drink noun; sup cross-reference]. Kroonen2013: *sūpan- [493; s.v.; citation formation]. This is a review of citation units and retained alternatives, not a chosen PGmc endpoint. Word/stem endings are display-level comparisons until aligned paradigms are established; source silence is not dissent. Causes and full historical equivalence remain unestablished.	All linked core alternatives are retained. Type tags mark the question or visible presentation, not a settled cause; whole-word, stem, paradigm, family and component evidence are not collapsed. Historical equivalence requires a separately aligned feature/unit comparison.		Whole-core citation roster reviewed before this classification; this layer neither selects a reconstruction nor certifies every source glyph.	unreviewed			
core-2234	2234	a-2234-kroonen-core-2234-1;a-2234-orel-core-2234-1;a-2234-orel-core-2234-2	core_triage	What do the source units establish for swallow (swealwe)?	source_citation	ending	undetermined	reviewed	unestablished	Orel2003: *swal(ʒ)wōn [390; feminine swallow bird noun]; *swelʒanan [390; comparative formation; exact relationship and qualifications in the argument]. Kroonen2013: *swalwōn- [495; f.; citation formation]. This is a review of citation units and retained alternatives, not a chosen PGmc endpoint. Word/stem endings are display-level comparisons until aligned paradigms are established; source silence is not dissent. Causes and full historical equivalence remain unestablished.	All linked core alternatives are retained. Type tags mark the question or visible presentation, not a settled cause; whole-word, stem, paradigm, family and component evidence are not collapsed. Historical equivalence requires a separately aligned feature/unit comparison.		Whole-core citation roster reviewed before this classification; this layer neither selects a reconstruction nor certifies every source glyph.	unreviewed			
core-2235	2235	a-2235-kroonen-core-2235-1;a-2235-orel-core-2235-1	core_triage	What do the source units establish for swan (swanes)?	source_citation	ending	undetermined	reviewed	unestablished	Orel2003: *swanaz [391; masculine swan noun]. Kroonen2013: *swana- [496; m.; citation formation]. This is a review of citation units and retained alternatives, not a chosen PGmc endpoint. Word/stem endings are display-level comparisons until aligned paradigms are established; source silence is not dissent. Causes and full historical equivalence remain unestablished.	All linked core alternatives are retained. Type tags mark the question or visible presentation, not a settled cause; whole-word, stem, paradigm, family and component evidence are not collapsed. Historical equivalence requires a separately aligned feature/unit comparison.		Whole-core citation roster reviewed before this classification; this layer neither selects a reconstruction nor certifies every source glyph.	unreviewed			
core-2236	2236	a-2236-kroonen-core-2236-1;a-2236-orel-core-2236-1;a-2236-orel-core-2236-2	core_triage	What do the source units establish for swell (swellan)?	source_citation	ending	undetermined	reviewed	unestablished	Orel2003: *swellanan [394; strong swell verb]; *swelanan [394; comparative formation; exact relationship and qualifications in the argument]. Kroonen2013: *swellan- [499; s.v.; citation formation]. This is a review of citation units and retained alternatives, not a chosen PGmc endpoint. Word/stem endings are display-level comparisons until aligned paradigms are established; source silence is not dissent. Causes and full historical equivalence remain unestablished.	All linked core alternatives are retained. Type tags mark the question or visible presentation, not a settled cause; whole-word, stem, paradigm, family and component evidence are not collapsed. Historical equivalence requires a separately aligned feature/unit comparison.		Whole-core citation roster reviewed before this classification; this layer neither selects a reconstruction nor certifies every source glyph.	unreviewed			
core-2237	2237	a-2237-kroonen-core-2237-1;a-2237-kroonen-core-2237-2;a-2237-kroonen-core-2237-3;a-2237-orel-core-2237-1;a-2237-orel-core-2237-2;a-2237-orel-core-2237-3;a-2237-orel-core-2237-4	core_triage	What do the source units establish for swim (swimman)?	source_citation	ending;vocalism	undetermined	reviewed	unestablished	Orel2003: *swemmanan [394; strong swim verb; secondary ablaut]; *swīmanan [397; strong move-back-and-forth base of swim]; *swīp-m-anan [397; probable antecedent of the long-ī swim verb]; *swaipanan [397; comparative formation; exact relationship and qualifications in the argument]. Kroonen2013: *swimman- [501-502; s.v.; citation formation]; *swemjan- [501-502; s.v.; separately printed contextual variant]; *s(w)umjan- [501-502; rejected zero-grade swim stem]. This is a review of citation units and retained alternatives, not a chosen PGmc endpoint. Word/stem endings are display-level comparisons until aligned paradigms are established; source silence is not dissent. Causes and full historical equivalence remain unestablished.	All linked core alternatives are retained. Type tags mark the question or visible presentation, not a settled cause; whole-word, stem, paradigm, family and component evidence are not collapsed. Historical equivalence requires a separately aligned feature/unit comparison.		Whole-core citation roster reviewed before this classification; this layer neither selects a reconstruction nor certifies every source glyph.	unreviewed			
core-2238	2238	a-2238-kroonen-core-2238-1;a-2238-orel-core-2238-1;a-2238-orel-core-2238-2	core_triage	What do the source units establish for swine (swīn)?	source_citation	ending	undetermined	reviewed	unestablished	Orel2003: *swīnan [397; neuter pig/swine noun]; *sūz [397; sow noun cross-reference in the swine family]. Kroonen2013: *swīna- [502; n.; citation formation]. This is a review of citation units and retained alternatives, not a chosen PGmc endpoint. Word/stem endings are display-level comparisons until aligned paradigms are established; source silence is not dissent. Causes and full historical equivalence remain unestablished.	All linked core alternatives are retained. Type tags mark the question or visible presentation, not a settled cause; whole-word, stem, paradigm, family and component evidence are not collapsed. Historical equivalence requires a separately aligned feature/unit comparison.		Whole-core citation roster reviewed before this classification; this layer neither selects a reconstruction nor certifies every source glyph.	unreviewed			
core-2239	2239	a-2239-kroonen-core-2239-1;a-2239-kroonen-core-2239-2;a-2239-orel-core-2239-1	core_triage	What do the source units establish for sword (sweord)?	source_citation	ending	undetermined	reviewed	unestablished	Orel2003: *swerđan [395; neuter sword noun]. Kroonen2013: *swerda- [499-500; n.; citation formation]; *swerdra- [499-500; rejected outcome of Nicolaev alternative]. This is a review of citation units and retained alternatives, not a chosen PGmc endpoint. Word/stem endings are display-level comparisons until aligned paradigms are established; source silence is not dissent. Causes and full historical equivalence remain unestablished.	All linked core alternatives are retained. Type tags mark the question or visible presentation, not a settled cause; whole-word, stem, paradigm, family and component evidence are not collapsed. Historical equivalence requires a separately aligned feature/unit comparison.		Whole-core citation roster reviewed before this classification; this layer neither selects a reconstruction nor certifies every source glyph.	unreviewed			
core-2240	2240	a-2240-orel-core-2240-1	core_triage	What do the source units establish for tap (tæppa)?	source_citation		insufficient_evidence	reviewed	unestablished	Orel2003: *tappōn [402; masculine tap/plug noun]. Kroonen2013: no_form_found; Tapp/bōn lose/drop does not establish stopper/bung genealogy merely through tapp spelling. Full tap/bung/stopper contexts give no source-supported stopper family; no denial is based only on n-stem ending. This is a review of citation units and retained alternatives, not a chosen PGmc endpoint. Word/stem endings are display-level comparisons until aligned paradigms are established; source silence is not dissent. Causes and full historical equivalence remain unestablished.	All linked core alternatives are retained. Type tags mark the question or visible presentation, not a settled cause; whole-word, stem, paradigm, family and component evidence are not collapsed. Historical equivalence requires a separately aligned feature/unit comparison.		Whole-core citation roster reviewed before this classification; this layer neither selects a reconstruction nor certifies every source glyph.	unreviewed			
core-2241	2241	a-2241-kroonen-core-2241-1;a-2241-kroonen-core-2241-2;a-2241-orel-core-2241-1;a-2241-orel-core-2241-2	core_triage	What do the source units establish for team (tēam)?	source_citation	consonantism;ending;vocalism	undetermined	reviewed	unestablished	Orel2003: *tauxmaz [403; masculine bridle/rein/tie/offspring noun]; *teuxanan [403; comparative formation; exact relationship and qualifications in the argument]. Kroonen2013: *tauma- [511; m.; citation formation]; *taugma- [511; m.; separately printed contextual variant]. This is a review of citation units and retained alternatives, not a chosen PGmc endpoint. Word/stem endings are display-level comparisons until aligned paradigms are established; source silence is not dissent. Causes and full historical equivalence remain unestablished.	All linked core alternatives are retained. Type tags mark the question or visible presentation, not a settled cause; whole-word, stem, paradigm, family and component evidence are not collapsed. Historical equivalence requires a separately aligned feature/unit comparison.		Whole-core citation roster reviewed before this classification; this layer neither selects a reconstruction nor certifies every source glyph.	unreviewed			
core-2242	2242	a-2242-kroonen-core-2242-1;a-2242-orel-core-2242-1	core_triage	What do the source units establish for ten (tēon)?	source_citation	ending	undetermined	reviewed	unestablished	Orel2003: *texun [404; ten numeral]. Kroonen2013: *tehun- [512; num.; citation formation]. This is a review of citation units and retained alternatives, not a chosen PGmc endpoint. Word/stem endings are display-level comparisons until aligned paradigms are established; source silence is not dissent. Causes and full historical equivalence remain unestablished.	All linked core alternatives are retained. Type tags mark the question or visible presentation, not a settled cause; whole-word, stem, paradigm, family and component evidence are not collapsed. Historical equivalence requires a separately aligned feature/unit comparison.		Whole-core citation roster reviewed before this classification; this layer neither selects a reconstruction nor certifies every source glyph.	unreviewed			
core-2243	2243	a-2243-kroonen-core-2243-1;a-2243-orel-core-2243-1	core_triage	What do the source units establish for thane (þeġn)?	source_citation	ending	undetermined	reviewed	unestablished	Orel2003: *þeʒnaz [418; masculine thane/freeman/servant noun]. Kroonen2013: *þegna- [536; m.; citation formation]. This is a review of citation units and retained alternatives, not a chosen PGmc endpoint. Word/stem endings are display-level comparisons until aligned paradigms are established; source silence is not dissent. Causes and full historical equivalence remain unestablished.	All linked core alternatives are retained. Type tags mark the question or visible presentation, not a settled cause; whole-word, stem, paradigm, family and component evidence are not collapsed. Historical equivalence requires a separately aligned feature/unit comparison.		Whole-core citation roster reviewed before this classification; this layer neither selects a reconstruction nor certifies every source glyph.	unreviewed			
core-2244	2244	a-2244-kroonen-core-2244-1;a-2244-kroonen-core-2244-2;a-2244-orel-core-2244-1	core_triage	What do the source units establish for thanks (þanc)?	source_citation	ending	undetermined	reviewed	unestablished	Orel2003: *þankaz [416; masculine thanks/favor noun]. Kroonen2013: *þanka- [533; m.; citation formation]; *þankō- [533; m.; separately printed contextual variant]. This is a review of citation units and retained alternatives, not a chosen PGmc endpoint. Word/stem endings are display-level comparisons until aligned paradigms are established; source silence is not dissent. Causes and full historical equivalence remain unestablished.	All linked core alternatives are retained. Type tags mark the question or visible presentation, not a settled cause; whole-word, stem, paradigm, family and component evidence are not collapsed. Historical equivalence requires a separately aligned feature/unit comparison.		Whole-core citation roster reviewed before this classification; this layer neither selects a reconstruction nor certifies every source glyph.	unreviewed			
core-2245	2245	a-2245-kroonen-core-2245-1;a-2245-orel-core-2245-1	core_triage	What do the source units establish for thatch (þæc)?	source_citation	ending	undetermined	reviewed	unestablished	Orel2003: *þakan [415; neuter thatch/roof noun]. Kroonen2013: *þaka- [531-532; n.; citation formation]. This is a review of citation units and retained alternatives, not a chosen PGmc endpoint. Word/stem endings are display-level comparisons until aligned paradigms are established; source silence is not dissent. Causes and full historical equivalence remain unestablished.	All linked core alternatives are retained. Type tags mark the question or visible presentation, not a settled cause; whole-word, stem, paradigm, family and component evidence are not collapsed. Historical equivalence requires a separately aligned feature/unit comparison.		Whole-core citation roster reviewed before this classification; this layer neither selects a reconstruction nor certifies every source glyph.	unreviewed			
core-2246	2246	a-2246-kroonen-core-2246-1;a-2246-orel-core-2246-1	core_triage	What do the source units establish for thief (þēof)?	source_citation	ending	undetermined	reviewed	unestablished	Orel2003: *þeubaz [422; masculine thief noun]. Kroonen2013: *þeuba- [539; m.; citation formation]. This is a review of citation units and retained alternatives, not a chosen PGmc endpoint. Word/stem endings are display-level comparisons until aligned paradigms are established; source silence is not dissent. Causes and full historical equivalence remain unestablished.	All linked core alternatives are retained. Type tags mark the question or visible presentation, not a settled cause; whole-word, stem, paradigm, family and component evidence are not collapsed. Historical equivalence requires a separately aligned feature/unit comparison.		Whole-core citation roster reviewed before this classification; this layer neither selects a reconstruction nor certifies every source glyph.	unreviewed			
core-2247	2247	a-2247-kroonen-core-2247-1;a-2247-orel-core-2247-1;a-2247-orel-core-2247-2	core_triage	What do the source units establish for thing (þing)?	source_citation	ending;suffix;vocalism	undetermined	reviewed	unestablished	Orel2003: *þenʒaz [420; source-labelled neuter assembly/thing noun; velar alternative]; *þenxaz [420; source-labelled neuter assembly/thing noun; x-alternative]. Kroonen2013: *þinga- [542; n.; citation formation]. This is a review of citation units and retained alternatives, not a chosen PGmc endpoint. Word/stem endings are display-level comparisons until aligned paradigms are established; source silence is not dissent. Causes and full historical equivalence remain unestablished.	All linked core alternatives are retained. Type tags mark the question or visible presentation, not a settled cause; whole-word, stem, paradigm, family and component evidence are not collapsed. Historical equivalence requires a separately aligned feature/unit comparison.		Whole-core citation roster reviewed before this classification; this layer neither selects a reconstruction nor certifies every source glyph.	unreviewed			
core-2248	2248	a-2248-kroonen-core-2248-1;a-2248-orel-core-2248-1	core_triage	What do the source units establish for think (þenċan)?	source_citation	ending	undetermined	reviewed	unestablished	Orel2003: *þankjanan [416; irregular weak think/plan verb]. Kroonen2013: *þankjan- [533-534; w.v.; citation formation]. This is a review of citation units and retained alternatives, not a chosen PGmc endpoint. Word/stem endings are display-level comparisons until aligned paradigms are established; source silence is not dissent. Causes and full historical equivalence remain unestablished.	All linked core alternatives are retained. Type tags mark the question or visible presentation, not a settled cause; whole-word, stem, paradigm, family and component evidence are not collapsed. Historical equivalence requires a separately aligned feature/unit comparison.		Whole-core citation roster reviewed before this classification; this layer neither selects a reconstruction nor certifies every source glyph.	unreviewed			
core-2249	2249	a-2249-kroonen-core-2249-1;a-2249-kroonen-core-2249-2;a-2249-orel-core-2249-1;a-2249-orel-core-2249-2;a-2249-orel-core-2249-3;a-2249-orel-core-2249-4;a-2249-orel-core-2249-5;a-2249-orel-core-2249-6;a-2249-orel-core-2249-7;a-2249-orel-core-2249-8;a-2249-orel-core-2249-9	core_triage	What do the source units establish for thirst (þurst)?	source_citation	ending	undetermined	reviewed	unestablished	Orel2003: *þurstuz [430; masculine thirst noun alternative]; *þurstiz [430; masculine thirst noun alternative]; *þurstaz [430; explicitly unattested thirsty adjective; cited thirst base]; *þurstīn [430; feminine thirst alternative]; *þurstjanan [430; weak thirst verb]; *þurʒuz [430; dry adjective; thirst/dry-up family]; *þursjanan [430; weak be-thirsty/dry-up verb; s-alternative]; *þurʒjanan [430; weak be-thirsty/dry-up verb; velar alternative]; *þersanan [430; comparative formation; exact relationship and qualifications in the argument]. Kroonen2013: *þurstu- [553; m.; citation formation]; *þurstan- [553; m.; separately printed contextual variant]. This is a review of citation units and retained alternatives, not a chosen PGmc endpoint. Word/stem endings are display-level comparisons until aligned paradigms are established; source silence is not dissent. Causes and full historical equivalence remain unestablished.	All linked core alternatives are retained. Type tags mark the question or visible presentation, not a settled cause; whole-word, stem, paradigm, family and component evidence are not collapsed. Historical equivalence requires a separately aligned feature/unit comparison.		Whole-core citation roster reviewed before this classification; this layer neither selects a reconstruction nor certifies every source glyph.	unreviewed			
core-2250	2250	a-2250-thistle-orel-headword	core_triage	What do the source units establish for thistle (þistles)?	source_citation		insufficient_evidence	reviewed	unestablished	Orel2003: *þe(x)stilaz [419; masculine citation; parenthesized x retained]. Kroonen2013: no_form_found; Melancholy-thistle under poppy mōhan is a different mor compound; þurna thorn is not a documented þistil family. Completed prickly/Distel/þistil and original-index contexts give no thistle genealogy. This is a review of citation units and retained alternatives, not a chosen PGmc endpoint. Word/stem endings are display-level comparisons until aligned paradigms are established; source silence is not dissent. Causes and full historical equivalence remain unestablished.	All linked core alternatives are retained. Type tags mark the question or visible presentation, not a settled cause; whole-word, stem, paradigm, family and component evidence are not collapsed. Historical equivalence requires a separately aligned feature/unit comparison.		Whole-core citation roster reviewed before this classification; this layer neither selects a reconstruction nor certifies every source glyph.	unreviewed			
core-2251	2251	a-2251-kroonen-core-2251-1;a-2251-kroonen-core-2251-2;a-2251-orel-core-2251-1;a-2251-orel-core-2251-2	core_triage	What do the source units establish for thorn (þorn)?	source_citation	ending	undetermined	reviewed	unestablished	Orel2003: *þurnuz [430; masculine thorn noun alternative]; *þurnaz [430; masculine thorn noun alternative]. Kroonen2013: *þurna- [552-553; m.; citation formation]; *þurnu- [552-553; m.; separately printed contextual variant]. This is a review of citation units and retained alternatives, not a chosen PGmc endpoint. Word/stem endings are display-level comparisons until aligned paradigms are established; source silence is not dissent. Causes and full historical equivalence remain unestablished.	All linked core alternatives are retained. Type tags mark the question or visible presentation, not a settled cause; whole-word, stem, paradigm, family and component evidence are not collapsed. Historical equivalence requires a separately aligned feature/unit comparison.		Whole-core citation roster reviewed before this classification; this layer neither selects a reconstruction nor certifies every source glyph.	unreviewed			
core-2252	2252	a-2252-kroonen-core-2252-1;a-2252-kroonen-core-2252-2;a-2252-orel-core-2252-1	core_triage	What do the source units establish for thousand (þūsend)?	source_citation	ending	undetermined	reviewed	unestablished	Orel2003: *þūs-(x)unđī [431; thousand numeral; feminine root-stem formation]. Kroonen2013: *þūshundi- [554; f.; citation formation]; *þūs-hund-i- [554; f.; separately printed contextual variant]. This is a review of citation units and retained alternatives, not a chosen PGmc endpoint. Word/stem endings are display-level comparisons until aligned paradigms are established; source silence is not dissent. Causes and full historical equivalence remain unestablished.	All linked core alternatives are retained. Type tags mark the question or visible presentation, not a settled cause; whole-word, stem, paradigm, family and component evidence are not collapsed. Historical equivalence requires a separately aligned feature/unit comparison.		Whole-core citation roster reviewed before this classification; this layer neither selects a reconstruction nor certifies every source glyph.	unreviewed			
core-2253	2253	a-2253-orel-core-2253-1	core_triage	What do the source units establish for thrash (þresċan)?	source_citation		insufficient_evidence	reviewed	unestablished	Orel2003: *þreskanan [426; strong thresh/strike/beat/flog verb]. Kroonen2013: no_form_found; Þræsce/þrysce is thrush bird. Other beat/flax and thresh contexts refer to different roots and do not establish þresk genealogy. Negative is not merely absence of a verb ending. This is a review of citation units and retained alternatives, not a chosen PGmc endpoint. Word/stem endings are display-level comparisons until aligned paradigms are established; source silence is not dissent. Causes and full historical equivalence remain unestablished.	All linked core alternatives are retained. Type tags mark the question or visible presentation, not a settled cause; whole-word, stem, paradigm, family and component evidence are not collapsed. Historical equivalence requires a separately aligned feature/unit comparison.		Whole-core citation roster reviewed before this classification; this layer neither selects a reconstruction nor certifies every source glyph.	unreviewed			
core-2254	2254	a-2254-three-orel-headword;a-2254-three-kroonen-nominative;a-2254-three-ringe-pgmc;a-2254-orel-e-i-convention;a-2254-kroonen-e-i-inventory;a-2254-raising-ringe-high-front;a-2254-raising-fulk-conditioners;a-2254-raising-ringe-taylor-oe-boundary;a-2254-kroonen-core-2254-1;a-2254-kroonen-core-2254-2;a-2254-kroonen-core-2254-3;a-2254-kroonen-core-2254-4;a-2254-kroonen-core-2254-5;a-2254-kroonen-core-2254-6;a-2254-kroonen-core-2254-7;a-2254-kroonen-core-2254-8;a-2254-kroonen-core-2254-9;a-2254-kroonen-core-2254-10;a-2254-kroonen-core-2254-11;a-2254-kroonen-core-2254-12	core_triage	What do the source units establish for three (þrīe)?	source_citation	chronological_stage;ending;inflection;phonemic_inventory;quantity;vocalism	different_units	reviewed	unestablished	Orel's unspecified cardinal citation þrejez is not automatically the masculine nominative. Kroonen's short-i þri- is distinct from long-i þrīz and the separately quoted cases. Ringe's long-i nominative and added OE ending prevent an e-to-i-only analysis of the selected form.	All linked core alternatives are retained. Type tags mark the question or visible presentation, not a settled cause; whole-word, stem, paradigm, family and component evidence are not collapsed. Historical equivalence requires a separately aligned feature/unit comparison.	r-2254-cells;r-2254-method	Whole-core citation roster reviewed before this classification; this layer neither selects a reconstruction nor certifies every source glyph. Earlier citation-unit explanation label analyst_inference is retained here as history; position support has not yet been reviewed as an explanation of inter-author divergence.	unreviewed			
core-2255	2255	a-2255-orel-core-2255-1	core_triage	What do the source units establish for thunder (þunor)?	source_citation		insufficient_evidence	reviewed	unestablished	Orel2003: *þunraz [429; masculine thunder noun]. Kroonen2013: no_form_found; Þinhwōn and mythology/heaven entries have different etyma or deity references, not a tonH/þunr thunder genealogy. Completed þunor/Donar and thunder contexts supply no family reconstruction. This is a review of citation units and retained alternatives, not a chosen PGmc endpoint. Word/stem endings are display-level comparisons until aligned paradigms are established; source silence is not dissent. Causes and full historical equivalence remain unestablished.	All linked core alternatives are retained. Type tags mark the question or visible presentation, not a settled cause; whole-word, stem, paradigm, family and component evidence are not collapsed. Historical equivalence requires a separately aligned feature/unit comparison.		Whole-core citation roster reviewed before this classification; this layer neither selects a reconstruction nor certifies every source glyph.	unreviewed			
core-2256	2256	a-2256-kroonen-core-2256-1;a-2256-kroonen-core-2256-2;a-2256-kroonen-core-2256-3;a-2256-kroonen-core-2256-4;a-2256-kroonen-core-2256-5;a-2256-kroonen-core-2256-6;a-2256-orel-core-2256-1	core_triage	What do the source units establish for tick (ticca)?	source_citation	consonantism;ending;quantity;vocalism	undetermined	reviewed	unestablished	Orel2003: *tikkōn [407; masculine/feminine tick insect noun]. Kroonen2013: *tikan- [516; analogically formed short-i tick stem]; *tīkan- [516; analogically formed long-i tick stem]; *tīgan- [516; masculine tick n-stem with voiced velar]; *tikkan- [516; masculine tick n-stem with geminate k]; *tīgō [516; n-stem tick nominative]; *tikkaz [516; n-stem tick genitive]. This is a review of citation units and retained alternatives, not a chosen PGmc endpoint. Word/stem endings are display-level comparisons until aligned paradigms are established; source silence is not dissent. Causes and full historical equivalence remain unestablished.	All linked core alternatives are retained. Type tags mark the question or visible presentation, not a settled cause; whole-word, stem, paradigm, family and component evidence are not collapsed. Historical equivalence requires a separately aligned feature/unit comparison.	r-2256-kroonen-core-2256-3-argument;r-2256-orel-core-2256-1-argument	Whole-core citation roster reviewed before this classification; this layer neither selects a reconstruction nor certifies every source glyph.	unreviewed			
core-2257	2257	a-2257-kroonen-core-2257-1;a-2257-orel-core-2257-1	core_triage	What do the source units establish for tide (tīd)?	source_citation	ending	undetermined	reviewed	unestablished	Orel2003: *tīđiz [407; feminine time/tide noun]. Kroonen2013: *tīdi- [516; f.; citation formation]. This is a review of citation units and retained alternatives, not a chosen PGmc endpoint. Word/stem endings are display-level comparisons until aligned paradigms are established; source silence is not dissent. Causes and full historical equivalence remain unestablished.	All linked core alternatives are retained. Type tags mark the question or visible presentation, not a settled cause; whole-word, stem, paradigm, family and component evidence are not collapsed. Historical equivalence requires a separately aligned feature/unit comparison.		Whole-core citation roster reviewed before this classification; this layer neither selects a reconstruction nor certifies every source glyph.	unreviewed			
core-2258	2258	a-2258-kroonen-core-2258-1;a-2258-orel-core-2258-1;a-2258-orel-core-2258-2;a-2258-orel-core-2258-3;a-2258-orel-core-2258-4	core_triage	What do the source units establish for timber (timber)?	source_citation	consonantism;ending;segmentation;vocalism	undetermined	reviewed	unestablished	Orel2003: *temran [404; neuter timber/building noun]; *temrjanan [404; weak build/construct verb alternative in timber family]; *temrōjanan [404; weak build/construct verb alternative in timber family]; *temanan [404; comparative formation; exact relationship and qualifications in the argument]. Kroonen2013: *timbra- [517; n.; citation formation]. This is a review of citation units and retained alternatives, not a chosen PGmc endpoint. Word/stem endings are display-level comparisons until aligned paradigms are established; source silence is not dissent. Causes and full historical equivalence remain unestablished.	All linked core alternatives are retained. Type tags mark the question or visible presentation, not a settled cause; whole-word, stem, paradigm, family and component evidence are not collapsed. Historical equivalence requires a separately aligned feature/unit comparison.	r-2258-kroonen-core-2258-1-argument;r-2258-orel-core-2258-1-argument	Whole-core citation roster reviewed before this classification; this layer neither selects a reconstruction nor certifies every source glyph.	unreviewed			
core-2259	2259	a-2259-kroonen-core-2259-1;a-2259-kroonen-core-2259-2;a-2259-kroonen-core-2259-3;a-2259-kroonen-core-2259-4;a-2259-orel-core-2259-1;a-2259-orel-core-2259-2	core_triage	What do the source units establish for toe (tā)?	source_citation	ending	undetermined	reviewed	unestablished	Orel2003: *taixwō(n) [399; feminine toe noun; ON root-stem reflex]; *tīxanan [399; comparative formation; exact relationship and qualifications in the argument]. Kroonen2013: *taihwō(n)- [505; f.; citation formation]; *taiwō(n)- [505; f.; separately printed contextual variant]; *ti(h)wōn [505; old toe nominative with optional h]; *tīhwōn- [505; rejected long-i toe stem]. This is a review of citation units and retained alternatives, not a chosen PGmc endpoint. Word/stem endings are display-level comparisons until aligned paradigms are established; source silence is not dissent. Causes and full historical equivalence remain unestablished.	All linked core alternatives are retained. Type tags mark the question or visible presentation, not a settled cause; whole-word, stem, paradigm, family and component evidence are not collapsed. Historical equivalence requires a separately aligned feature/unit comparison.		Whole-core citation roster reviewed before this classification; this layer neither selects a reconstruction nor certifies every source glyph.	unreviewed			
core-2260	2260	a-2260-kroonen-core-2260-1;a-2260-kroonen-core-2260-2;a-2260-orel-core-2260-1	core_triage	What do the source units establish for token (tācn)?	source_citation	ending	undetermined	reviewed	unestablished	Orel2003: *taiknan [399; neuter token/sign noun]. Kroonen2013: *taikna- [506; n.; citation formation]; *taik-ni- [506; n.; separately printed contextual variant]. This is a review of citation units and retained alternatives, not a chosen PGmc endpoint. Word/stem endings are display-level comparisons until aligned paradigms are established; source silence is not dissent. Causes and full historical equivalence remain unestablished.	All linked core alternatives are retained. Type tags mark the question or visible presentation, not a settled cause; whole-word, stem, paradigm, family and component evidence are not collapsed. Historical equivalence requires a separately aligned feature/unit comparison.		Whole-core citation roster reviewed before this classification; this layer neither selects a reconstruction nor certifies every source glyph.	unreviewed			
core-2261	2261	a-2261-kroonen-core-2261-1;a-2261-orel-core-2261-1	core_triage	What do the source units establish for tongs (tang)?	source_citation	ending	undetermined	reviewed	unestablished	Orel2003: *tanʒō [401; feminine tongs noun]. Kroonen2013: *tangō- [509; f.; citation formation]. This is a review of citation units and retained alternatives, not a chosen PGmc endpoint. Word/stem endings are display-level comparisons until aligned paradigms are established; source silence is not dissent. Causes and full historical equivalence remain unestablished.	All linked core alternatives are retained. Type tags mark the question or visible presentation, not a settled cause; whole-word, stem, paradigm, family and component evidence are not collapsed. Historical equivalence requires a separately aligned feature/unit comparison.		Whole-core citation roster reviewed before this classification; this layer neither selects a reconstruction nor certifies every source glyph.	unreviewed			
core-2262	2262	a-2262-kroonen-core-2262-1;a-2262-orel-core-2262-1	core_triage	What do the source units establish for tongue (tunge)?	source_citation	ending	undetermined	reviewed	unestablished	Orel2003: *tunʒōn [412; feminine tongue noun]. Kroonen2013: *tungōn- [526-527; f.; citation formation]. This is a review of citation units and retained alternatives, not a chosen PGmc endpoint. Word/stem endings are display-level comparisons until aligned paradigms are established; source silence is not dissent. Causes and full historical equivalence remain unestablished.	All linked core alternatives are retained. Type tags mark the question or visible presentation, not a settled cause; whole-word, stem, paradigm, family and component evidence are not collapsed. Historical equivalence requires a separately aligned feature/unit comparison.		Whole-core citation roster reviewed before this classification; this layer neither selects a reconstruction nor certifies every source glyph.	unreviewed			
core-2263	2263	a-2263-kroonen-core-2263-1;a-2263-orel-core-2263-1;a-2263-orel-core-2263-2;a-2263-orel-core-2263-3	core_triage	What do the source units establish for town (tūn)?	source_citation	ending	undetermined	reviewed	unestablished	Orel2003: *tūnan [413; town/enclosure noun; neuter/masculine alternative]; *tūnaz [413; town/enclosure noun; neuter/masculine alternative]; *tūniz [413; source formation explicitly assigned to OHG fence]. Kroonen2013: *tūna- [526; n.; citation formation]. This is a review of citation units and retained alternatives, not a chosen PGmc endpoint. Word/stem endings are display-level comparisons until aligned paradigms are established; source silence is not dissent. Causes and full historical equivalence remain unestablished.	All linked core alternatives are retained. Type tags mark the question or visible presentation, not a settled cause; whole-word, stem, paradigm, family and component evidence are not collapsed. Historical equivalence requires a separately aligned feature/unit comparison.		Whole-core citation roster reviewed before this classification; this layer neither selects a reconstruction nor certifies every source glyph.	unreviewed			
core-2264	2264	a-2264-kroonen-core-2264-1;a-2264-kroonen-core-2264-2;a-2264-orel-core-2264-1;a-2264-orel-core-2264-2	core_triage	What do the source units establish for tread (tredan)?	source_citation	ending	undetermined	reviewed	unestablished	Orel2003: *tređanan [409; strong tread verb; thematic e-grade]; *truđanan [410; strong tread/trample u-grade cross-reference]. Kroonen2013: *tredan- [521; s.v.; citation formation]; *trudan- [521; s.v.; separately printed contextual variant]. This is a review of citation units and retained alternatives, not a chosen PGmc endpoint. Word/stem endings are display-level comparisons until aligned paradigms are established; source silence is not dissent. Causes and full historical equivalence remain unestablished.	All linked core alternatives are retained. Type tags mark the question or visible presentation, not a settled cause; whole-word, stem, paradigm, family and component evidence are not collapsed. Historical equivalence requires a separately aligned feature/unit comparison.		Whole-core citation roster reviewed before this classification; this layer neither selects a reconstruction nor certifies every source glyph.	unreviewed			
core-2265	2265	a-2265-kroonen-core-2265-1;a-2265-orel-core-2265-1;a-2265-orel-core-2265-2	core_triage	What do the source units establish for trough (trog)?	source_citation	ending	undetermined	reviewed	unestablished	Orel2003: *truʒan [410; trough noun; neuter/masculine alternative]; *truʒaz [410; trough noun; neuter/masculine alternative]. Kroonen2013: *truga- [523-524; n.; citation formation]. This is a review of citation units and retained alternatives, not a chosen PGmc endpoint. Word/stem endings are display-level comparisons until aligned paradigms are established; source silence is not dissent. Causes and full historical equivalence remain unestablished.	All linked core alternatives are retained. Type tags mark the question or visible presentation, not a settled cause; whole-word, stem, paradigm, family and component evidence are not collapsed. Historical equivalence requires a separately aligned feature/unit comparison.		Whole-core citation roster reviewed before this classification; this layer neither selects a reconstruction nor certifies every source glyph.	unreviewed			
core-2266	2266	a-2266-kroonen-core-2266-1;a-2266-orel-core-2266-1	core_triage	What do the source units establish for wade (wadan)?	source_citation	ending	undetermined	reviewed	unestablished	Orel2003: *wađanan [438; strong wade/go/pass/proceed verb]. Kroonen2013: *wadan- [564; s.v.; citation formation]. This is a review of citation units and retained alternatives, not a chosen PGmc endpoint. Word/stem endings are display-level comparisons until aligned paradigms are established; source silence is not dissent. Causes and full historical equivalence remain unestablished.	All linked core alternatives are retained. Type tags mark the question or visible presentation, not a settled cause; whole-word, stem, paradigm, family and component evidence are not collapsed. Historical equivalence requires a separately aligned feature/unit comparison.		Whole-core citation roster reviewed before this classification; this layer neither selects a reconstruction nor certifies every source glyph.	unreviewed			
core-2267	2267	a-2267-kroonen-core-2267-1;a-2267-orel-core-2267-1;a-2267-orel-core-2267-2;a-2267-orel-core-2267-3	core_triage	What do the source units establish for wain (wæġn)?	source_citation	ending	undetermined	reviewed	unestablished	Orel2003: *waʒnaz [439; masculine wagon/wain noun]; *waʒōn [439; feminine cradle noun; alternative immediate wagon base]; *weʒanan [439; comparative formation; exact relationship and qualifications in the argument]. Kroonen2013: *wagna- [565; m.; citation formation]. This is a review of citation units and retained alternatives, not a chosen PGmc endpoint. Word/stem endings are display-level comparisons until aligned paradigms are established; source silence is not dissent. Causes and full historical equivalence remain unestablished.	All linked core alternatives are retained. Type tags mark the question or visible presentation, not a settled cause; whole-word, stem, paradigm, family and component evidence are not collapsed. Historical equivalence requires a separately aligned feature/unit comparison.		Whole-core citation roster reviewed before this classification; this layer neither selects a reconstruction nor certifies every source glyph.	unreviewed			
core-2268	2268	a-2268-kroonen-core-2268-1;a-2268-orel-core-2268-1;a-2268-orel-core-2268-2;a-2268-orel-core-2268-3;a-2268-orel-core-2268-4	core_triage	What do the source units establish for wake (wacan)?	source_citation	ending	undetermined	reviewed	unestablished	Orel2003: *wakēnan [441-442; weak be-awake/watch verb]; *wakanan [442; explicitly residual strong wake formation]; *waknēnan [442; weak awake/waken/arise derivative alternative]; *waknōjanan [442; weak awake/waken/arise derivative alternative]. Kroonen2013: *wakan- [568; s.v.; citation formation]. This is a review of citation units and retained alternatives, not a chosen PGmc endpoint. Word/stem endings are display-level comparisons until aligned paradigms are established; source silence is not dissent. Causes and full historical equivalence remain unestablished.	All linked core alternatives are retained. Type tags mark the question or visible presentation, not a settled cause; whole-word, stem, paradigm, family and component evidence are not collapsed. Historical equivalence requires a separately aligned feature/unit comparison.		Whole-core citation roster reviewed before this classification; this layer neither selects a reconstruction nor certifies every source glyph.	unreviewed			
core-2269	2269	a-2269-kroonen-core-2270-1;a-2269-orel-core-2269-1	core_triage	What do the source units establish for warp (wearp)?	source_citation	ending;lexical_identity	different_units	reviewed	unestablished	Orel2003: *warpan [450; neuter cast/warp noun]. Kroonen2013: *werpan- [581; s.v.; citation formation]. This is a review of citation units and retained alternatives, not a chosen PGmc endpoint. Word/stem endings are display-level comparisons until aligned paradigms are established; source silence is not dissent. Causes and full historical equivalence remain unestablished.	All linked core alternatives are retained. Type tags mark the question or visible presentation, not a settled cause; whole-word, stem, paradigm, family and component evidence are not collapsed. Historical equivalence requires a separately aligned feature/unit comparison.		Whole-core citation roster reviewed before this classification; this layer neither selects a reconstruction nor certifies every source glyph.	unreviewed			
core-2270	2270	a-2270-kroonen-core-2270-1;a-2270-orel-core-2270-1	core_triage	What do the source units establish for warp (weorpan)?	source_citation	ending	undetermined	reviewed	unestablished	Orel2003: *werpanan [457; strong cast/throw verb]. Kroonen2013: *werpan- [581; s.v.; citation formation]. This is a review of citation units and retained alternatives, not a chosen PGmc endpoint. Word/stem endings are display-level comparisons until aligned paradigms are established; source silence is not dissent. Causes and full historical equivalence remain unestablished.	All linked core alternatives are retained. Type tags mark the question or visible presentation, not a settled cause; whole-word, stem, paradigm, family and component evidence are not collapsed. Historical equivalence requires a separately aligned feature/unit comparison.		Whole-core citation roster reviewed before this classification; this layer neither selects a reconstruction nor certifies every source glyph.	unreviewed			
core-2271	2271	a-2271-kroonen-core-2271-1;a-2271-kroonen-core-2271-2;a-2271-kroonen-core-2271-3;a-2271-orel-core-2271-1	core_triage	What do the source units establish for wart (wearte)?	source_citation	ending	undetermined	reviewed	unestablished	Orel2003: *wartō(n) [450; feminine wart/nipple noun]. Kroonen2013: *warza- [575; masculine callus noun; OE wearr]; *uors-ó- [575; IE counterpart of callus family]; *u(e/o)rs- [575; ablauting base cited for Latin verruca]. This is a review of citation units and retained alternatives, not a chosen PGmc endpoint. Word/stem endings are display-level comparisons until aligned paradigms are established; source silence is not dissent. Causes and full historical equivalence remain unestablished.	All linked core alternatives are retained. Type tags mark the question or visible presentation, not a settled cause; whole-word, stem, paradigm, family and component evidence are not collapsed. Historical equivalence requires a separately aligned feature/unit comparison.		Whole-core citation roster reviewed before this classification; this layer neither selects a reconstruction nor certifies every source glyph.	unreviewed			
core-2272	2272	a-2272-kroonen-core-2272-1;a-2272-orel-core-2272-1;a-2272-orel-core-2272-2	core_triage	What do the source units establish for wash (wascan)?	source_citation	chronological_stage;ending;historical_analysis;pgmc_membership;suffix	undetermined	reviewed	unestablished	The whole-word/stem display difference is not the principal historical issue: Orel makes PGmc status depend on the Norse evidence not being a West Germanic loan. The ON weak formation remains separate. Kroonen's water/ske-present account does not by itself settle the borrowing premise.	All linked core alternatives are retained. Type tags mark the question or visible presentation, not a settled cause; whole-word, stem, paradigm, family and component evidence are not collapsed. Historical equivalence requires a separately aligned feature/unit comparison.	r-2272-loan	Whole-core citation roster reviewed before this classification; this layer neither selects a reconstruction nor certifies every source glyph. Earlier citation-unit explanation label source_explicit is retained here as history; position support has not yet been reviewed as an explanation of inter-author divergence.	unreviewed			
core-2273	2273	a-2273-orel-core-2273-1;a-2273-orel-core-2273-2	core_triage	What do the source units establish for wasp (wæfs)?	source_citation		insufficient_evidence	reviewed	unestablished	Orel2003: *wabsaz [438; wasp noun; masculine/feminine alternative]; *wabsjō [438; wasp noun; masculine/feminine alternative]. Kroonen2013: no_form_found; Druna drone and hurnuta hornet are different reconstructed families; Latin/modern wasp comparanda do not provide wabsa genealogy or a reconstructed family form. Completed wasp/waps/wabs and insect contexts give no such family. This is a review of citation units and retained alternatives, not a chosen PGmc endpoint. Word/stem endings are display-level comparisons until aligned paradigms are established; source silence is not dissent. Causes and full historical equivalence remain unestablished.	All linked core alternatives are retained. Type tags mark the question or visible presentation, not a settled cause; whole-word, stem, paradigm, family and component evidence are not collapsed. Historical equivalence requires a separately aligned feature/unit comparison.		Whole-core citation roster reviewed before this classification; this layer neither selects a reconstruction nor certifies every source glyph.	unreviewed			
core-2274	2274	a-2274-kroonen-core-2274-1;a-2274-kroonen-core-2274-2;a-2274-kroonen-core-2274-3;a-2274-kroonen-core-2274-4;a-2274-kroonen-core-2274-5;a-2274-kroonen-core-2274-6;a-2274-kroonen-core-2274-7;a-2274-orel-core-2274-1;a-2274-orel-core-2274-2;a-2274-orel-core-2274-3	core_triage	What do the source units establish for water (wæter)?	source_citation	ending	undetermined	reviewed	unestablished	Orel2003: *watnan [451; neuter water noun; n-/r-heteroclitic alternative]; *watar [451; neuter water noun; n-/r-heteroclitic alternative]; *watōn [451; source formation explicitly reflected by Gothic water]. Kroonen2013: *watar- [575-576; n.; citation formation]; *watan- [575-576; n.; separately printed contextual variant]; *watōr [575-576; explicit PGmc water nominative]; *watenaz [575-576; explicit PGmc water genitive]; *wetōn- [575-576; e-grade water n-stem vestige]; *watna- [575-576; Nordic thematicized water stem]; *watra- [575-576; West Germanic thematicized water r-stem]. This is a review of citation units and retained alternatives, not a chosen PGmc endpoint. Word/stem endings are display-level comparisons until aligned paradigms are established; source silence is not dissent. Causes and full historical equivalence remain unestablished.	All linked core alternatives are retained. Type tags mark the question or visible presentation, not a settled cause; whole-word, stem, paradigm, family and component evidence are not collapsed. Historical equivalence requires a separately aligned feature/unit comparison.		Whole-core citation roster reviewed before this classification; this layer neither selects a reconstruction nor certifies every source glyph.	unreviewed			
core-2275	2275	a-2275-kroonen-core-2275-1;a-2275-orel-core-2275-1	core_triage	What do the source units establish for wax (weax)?	source_citation	ending	undetermined	reviewed	unestablished	Orel2003: *waxsan [439; neuter wax material noun]. Kroonen2013: *wahsa- [566; n.; citation formation]. This is a review of citation units and retained alternatives, not a chosen PGmc endpoint. Word/stem endings are display-level comparisons until aligned paradigms are established; source silence is not dissent. Causes and full historical equivalence remain unestablished.	All linked core alternatives are retained. Type tags mark the question or visible presentation, not a settled cause; whole-word, stem, paradigm, family and component evidence are not collapsed. Historical equivalence requires a separately aligned feature/unit comparison.		Whole-core citation roster reviewed before this classification; this layer neither selects a reconstruction nor certifies every source glyph.	unreviewed			
core-2276	2276	a-2276-kroonen-core-2276-1;a-2276-kroonen-core-2276-2;a-2276-kroonen-core-2276-3;a-2276-orel-core-2276-1;a-2276-orel-core-2276-2	core_triage	What do the source units establish for wax (weaxan)?	source_citation	ending	undetermined	reviewed	unestablished	Orel2003: *waxsanan [439; strong grow/increase verb]; *waxsjanan [439; strong grow j-formation]. Kroonen2013: *wahs(j)an- [566; strong grow verb with optional j]; *wahsan- [566; pure present variant]; *wahsjan- [566; apparently secondary ie-present variant]. This is a review of citation units and retained alternatives, not a chosen PGmc endpoint. Word/stem endings are display-level comparisons until aligned paradigms are established; source silence is not dissent. Causes and full historical equivalence remain unestablished.	All linked core alternatives are retained. Type tags mark the question or visible presentation, not a settled cause; whole-word, stem, paradigm, family and component evidence are not collapsed. Historical equivalence requires a separately aligned feature/unit comparison.		Whole-core citation roster reviewed before this classification; this layer neither selects a reconstruction nor certifies every source glyph.	unreviewed			
core-2277	2277	a-2277-kroonen-core-2277-1;a-2277-orel-core-2277-1	core_triage	What do the source units establish for way (weġ)?	source_citation	ending	undetermined	reviewed	unestablished	Orel2003: *weʒaz [452; masculine way/road noun]. Kroonen2013: *wega- [577; m.; citation formation]. This is a review of citation units and retained alternatives, not a chosen PGmc endpoint. Word/stem endings are display-level comparisons until aligned paradigms are established; source silence is not dissent. Causes and full historical equivalence remain unestablished.	All linked core alternatives are retained. Type tags mark the question or visible presentation, not a settled cause; whole-word, stem, paradigm, family and component evidence are not collapsed. Historical equivalence requires a separately aligned feature/unit comparison.		Whole-core citation roster reviewed before this classification; this layer neither selects a reconstruction nor certifies every source glyph.	unreviewed			
core-2278	2278	a-2278-kroonen-core-2278-1;a-2278-kroonen-core-2278-2;a-2278-kroonen-core-2278-3;a-2278-kroonen-core-2278-4;a-2278-orel-core-2278-1	core_triage	What do the source units establish for weapon (wǣpn)?	source_citation	consonantism;ending	undetermined	reviewed	unestablished	Orel2003: *wēpnan [461; neuter weapon noun]. Kroonen2013: *wēbna- [577; n.; citation formation]; *wēpna- [577; n.; separately printed contextual variant]; *wēbō [577; proposed weapon n-stem nominative]; *wēp(p)az [577; proposed weapon n-stem genitive with optional geminate]. This is a review of citation units and retained alternatives, not a chosen PGmc endpoint. Word/stem endings are display-level comparisons until aligned paradigms are established; source silence is not dissent. Causes and full historical equivalence remain unestablished.	All linked core alternatives are retained. Type tags mark the question or visible presentation, not a settled cause; whole-word, stem, paradigm, family and component evidence are not collapsed. Historical equivalence requires a separately aligned feature/unit comparison.	r-2278-kroonen-core-2278-1-argument;r-2278-orel-core-2278-1-argument	Whole-core citation roster reviewed before this classification; this layer neither selects a reconstruction nor certifies every source glyph.	unreviewed			
core-2279	2279	a-2279-orel-core-2279-1;a-2279-orel-core-2279-2	core_triage	What do the source units establish for weasel (wesle)?	source_citation		insufficient_evidence	reviewed	unestablished	Orel2003: *wes(u)lōn [459; feminine weasel noun]; *wesalaz [459; comparative formation; exact relationship and qualifications in the argument]. Kroonen2013: no_form_found; Weasel comparisons under other animal/harm etyma do not establish wesl family; being/wesan and wise/wisa homonyms are not used as evidence. Completed weasel/stoat/wesl/index contexts give no reconstructed family. This is a review of citation units and retained alternatives, not a chosen PGmc endpoint. Word/stem endings are display-level comparisons until aligned paradigms are established; source silence is not dissent. Causes and full historical equivalence remain unestablished.	All linked core alternatives are retained. Type tags mark the question or visible presentation, not a settled cause; whole-word, stem, paradigm, family and component evidence are not collapsed. Historical equivalence requires a separately aligned feature/unit comparison.		Whole-core citation roster reviewed before this classification; this layer neither selects a reconstruction nor certifies every source glyph.	unreviewed			
core-2280	2280	a-2280-kroonen-core-2280-1;a-2280-kroonen-core-2280-2;a-2280-kroonen-core-2280-3;a-2280-kroonen-core-2280-4;a-2280-orel-core-2280-1	core_triage	What do the source units establish for weather (weder)?	source_citation	consonantism;ending;historical_analysis;lexical_identity	substantive_difference	reviewed	unestablished	Orel identifies the weather noun with the Slavic good-weather comparison; Kroonen explicitly rejects the received Slavic clear-sky etymology and considers a mobile-neuter/extended-suffix account. This is competing historical analysis, not a licensed đ→þ sign normalization.	All linked core alternatives are retained. Type tags mark the question or visible presentation, not a settled cause; whole-word, stem, paradigm, family and component evidence are not collapsed. Historical equivalence requires a separately aligned feature/unit comparison.	r-2280-slavic-rival	Whole-core citation roster reviewed before this classification; this layer neither selects a reconstruction nor certifies every source glyph. Earlier citation-unit explanation label source_explicit is retained here as history; position support has not yet been reviewed as an explanation of inter-author divergence.	unreviewed			
core-2281	2281	a-2281-kroonen-core-2281-1;a-2281-orel-core-2281-1	core_triage	What do the source units establish for weave (wefan)?	source_citation	ending	undetermined	reviewed	unestablished	Orel2003: *webanan [451; strong weave verb]. Kroonen2013: *weban- [576-577; s.v.; citation formation]. This is a review of citation units and retained alternatives, not a chosen PGmc endpoint. Word/stem endings are display-level comparisons until aligned paradigms are established; source silence is not dissent. Causes and full historical equivalence remain unestablished.	All linked core alternatives are retained. Type tags mark the question or visible presentation, not a settled cause; whole-word, stem, paradigm, family and component evidence are not collapsed. Historical equivalence requires a separately aligned feature/unit comparison.		Whole-core citation roster reviewed before this classification; this layer neither selects a reconstruction nor certifies every source glyph.	unreviewed			
core-2282	2282	a-2282-kroonen-core-2282-1;a-2282-orel-core-2282-1;a-2282-orel-core-2282-2	core_triage	What do the source units establish for west (westene)?	source_citation	ending;quantity	undetermined	reviewed	unestablished	Orel2003: *westanē̆ [459; from-the-West adverb]; *westan [459; source-labelled neuter West/westwards base]. Kroonen2013: *westera- [582-583; dictionary formation; citation formation]. This is a review of citation units and retained alternatives, not a chosen PGmc endpoint. Word/stem endings are display-level comparisons until aligned paradigms are established; source silence is not dissent. Causes and full historical equivalence remain unestablished.	All linked core alternatives are retained. Type tags mark the question or visible presentation, not a settled cause; whole-word, stem, paradigm, family and component evidence are not collapsed. Historical equivalence requires a separately aligned feature/unit comparison.		Whole-core citation roster reviewed before this classification; this layer neither selects a reconstruction nor certifies every source glyph.	unreviewed			
core-2283	2283	a-2283-kroonen-core-2283-1;a-2283-orel-core-2283-1;a-2283-orel-core-2283-2	core_triage	What do the source units establish for wether (weþer)?	source_citation	ending	undetermined	reviewed	unestablished	Orel2003: *weþruz [459-460; masculine wether/lamb noun alternative]; *weþraz [459-460; masculine wether/lamb noun alternative]. Kroonen2013: *weþru- [584; m.; citation formation]. This is a review of citation units and retained alternatives, not a chosen PGmc endpoint. Word/stem endings are display-level comparisons until aligned paradigms are established; source silence is not dissent. Causes and full historical equivalence remain unestablished.	All linked core alternatives are retained. Type tags mark the question or visible presentation, not a settled cause; whole-word, stem, paradigm, family and component evidence are not collapsed. Historical equivalence requires a separately aligned feature/unit comparison.		Whole-core citation roster reviewed before this classification; this layer neither selects a reconstruction nor certifies every source glyph.	unreviewed			
core-2284	2284	a-2284-kroonen-core-2284-1;a-2284-orel-core-2284-1;a-2284-orel-core-2284-2	core_triage	What do the source units establish for whale (hwæl)?	source_citation	ending	undetermined	reviewed	unestablished	Orel2003: *xwalaz [197; masculine whale noun]; *xwaliz [197; source formation partly reflected by ON whale]. Kroonen2013: *hwali- [262; m.; citation formation]. This is a review of citation units and retained alternatives, not a chosen PGmc endpoint. Word/stem endings are display-level comparisons until aligned paradigms are established; source silence is not dissent. Causes and full historical equivalence remain unestablished.	All linked core alternatives are retained. Type tags mark the question or visible presentation, not a settled cause; whole-word, stem, paradigm, family and component evidence are not collapsed. Historical equivalence requires a separately aligned feature/unit comparison.		Whole-core citation roster reviewed before this classification; this layer neither selects a reconstruction nor certifies every source glyph.	unreviewed			
core-2285	2285	a-2285-kroonen-core-2285-1;a-2285-orel-core-2285-1;a-2285-orel-core-2285-2	core_triage	What do the source units establish for while (hwīl)?	source_citation	ending	undetermined	reviewed	unestablished	Orel2003: *xwīlō [201; feminine while/time/hour noun]; *xwīlōn [201; source formation assigned to ON bed]. Kroonen2013: *hwīlō- [266-267; f.; citation formation]. This is a review of citation units and retained alternatives, not a chosen PGmc endpoint. Word/stem endings are display-level comparisons until aligned paradigms are established; source silence is not dissent. Causes and full historical equivalence remain unestablished.	All linked core alternatives are retained. Type tags mark the question or visible presentation, not a settled cause; whole-word, stem, paradigm, family and component evidence are not collapsed. Historical equivalence requires a separately aligned feature/unit comparison.		Whole-core citation roster reviewed before this classification; this layer neither selects a reconstruction nor certifies every source glyph.	unreviewed			
core-2286	2286	a-2286-kroonen-core-2286-1;a-2286-orel-core-2286-1;a-2286-orel-core-2286-2;a-2286-orel-core-2286-3	core_triage	What do the source units establish for whine (hwīnan)?	source_citation	ending	undetermined	reviewed	unestablished	Orel2003: *xwīnanan [201; strong whizz/whistle/whine verb]; *xwīōjan [201; ON-attributed squeal formation]; *xwajōjan [201; OHG-attributed squeal formation]. Kroonen2013: *hwīnan- [267; s.v.; citation formation]. This is a review of citation units and retained alternatives, not a chosen PGmc endpoint. Word/stem endings are display-level comparisons until aligned paradigms are established; source silence is not dissent. Causes and full historical equivalence remain unestablished.	All linked core alternatives are retained. Type tags mark the question or visible presentation, not a settled cause; whole-word, stem, paradigm, family and component evidence are not collapsed. Historical equivalence requires a separately aligned feature/unit comparison.		Whole-core citation roster reviewed before this classification; this layer neither selects a reconstruction nor certifies every source glyph.	unreviewed			
core-2287	2287	a-2287-kroonen-core-2287-1;a-2287-kroonen-core-2287-2;a-2287-kroonen-core-2287-3;a-2287-orel-core-2287-1;a-2287-orel-core-2287-2	core_triage	What do the source units establish for whore (hōre)?	source_citation	ending	undetermined	reviewed	unestablished	Orel2003: *xōrōn [182; feminine whore/harlot noun]; *xōraz [182; masculine fornicator/adulterer; base of whore noun]. Kroonen2013: *hōrōn- [240; f.; citation formation]; *hōrjōn- [240; f.; separately printed contextual variant]; *harjōn- [240; f.; separately printed contextual variant]. This is a review of citation units and retained alternatives, not a chosen PGmc endpoint. Word/stem endings are display-level comparisons until aligned paradigms are established; source silence is not dissent. Causes and full historical equivalence remain unestablished.	All linked core alternatives are retained. Type tags mark the question or visible presentation, not a settled cause; whole-word, stem, paradigm, family and component evidence are not collapsed. Historical equivalence requires a separately aligned feature/unit comparison.		Whole-core citation roster reviewed before this classification; this layer neither selects a reconstruction nor certifies every source glyph.	unreviewed			
core-2288	2288	a-2288-kroonen-core-2288-1;a-2288-orel-core-2288-1	core_triage	What do the source units establish for widow (wuduwe)?	source_citation	ending	undetermined	reviewed	unestablished	Orel2003: *wiđuwōn [462; feminine widow noun]. Kroonen2013: *widu(w)ōn- [585; f.; citation formation]. This is a review of citation units and retained alternatives, not a chosen PGmc endpoint. Word/stem endings are display-level comparisons until aligned paradigms are established; source silence is not dissent. Causes and full historical equivalence remain unestablished.	All linked core alternatives are retained. Type tags mark the question or visible presentation, not a settled cause; whole-word, stem, paradigm, family and component evidence are not collapsed. Historical equivalence requires a separately aligned feature/unit comparison.		Whole-core citation roster reviewed before this classification; this layer neither selects a reconstruction nor certifies every source glyph.	unreviewed			
core-2289	2289	a-2289-kroonen-core-2289-1;a-2289-kroonen-core-2289-2;a-2289-orel-core-2289-1	core_triage	What do the source units establish for wield (wealdan)?	source_citation	ending	undetermined	reviewed	unestablished	Orel2003: *walđanan [443; strong wield/rule/control verb]. Kroonen2013: *waldan- [569; s.v.; citation formation]; *wulþōn- [569; s.v.; separately printed contextual variant]. This is a review of citation units and retained alternatives, not a chosen PGmc endpoint. Word/stem endings are display-level comparisons until aligned paradigms are established; source silence is not dissent. Causes and full historical equivalence remain unestablished.	All linked core alternatives are retained. Type tags mark the question or visible presentation, not a settled cause; whole-word, stem, paradigm, family and component evidence are not collapsed. Historical equivalence requires a separately aligned feature/unit comparison.		Whole-core citation roster reviewed before this classification; this layer neither selects a reconstruction nor certifies every source glyph.	unreviewed			
core-2290	2290	a-2290-kroonen-core-2290-1;a-2290-orel-core-2290-1	core_triage	What do the source units establish for wife (wīf)?	source_citation	ending;lexical_identity	different_units	reviewed	unestablished	Orel2003: *wīban [464-465; neuter wife/woman noun]. Kroonen2013: *wība- [584; n.; citation formation]. This is a review of citation units and retained alternatives, not a chosen PGmc endpoint. Word/stem endings are display-level comparisons until aligned paradigms are established; source silence is not dissent. Causes and full historical equivalence remain unestablished.	All linked core alternatives are retained. Type tags mark the question or visible presentation, not a settled cause; whole-word, stem, paradigm, family and component evidence are not collapsed. Historical equivalence requires a separately aligned feature/unit comparison.		Whole-core citation roster reviewed before this classification; this layer neither selects a reconstruction nor certifies every source glyph.	unreviewed			
core-2291	2291	a-2291-wight-orel-being;a-2291-wight-kroonen-being;a-2291-kroonen-core-2291-1	core_triage	What do the source units establish for wight (wiht)?	source_citation	ending	undetermined	reviewed	unestablished	Orel2003: *wextiz [452-453; feminine i-stem; being/thing homonym I]. Kroonen2013: *wehti- [578; feminine i-stem; thing/being homonym1]; *wehtja- [578; incidental derivative behind Faroese miserable creature]. This is a review of citation units and retained alternatives, not a chosen PGmc endpoint. Word/stem endings are display-level comparisons until aligned paradigms are established; source silence is not dissent. Causes and full historical equivalence remain unestablished.	All linked core alternatives are retained. Type tags mark the question or visible presentation, not a settled cause; whole-word, stem, paradigm, family and component evidence are not collapsed. Historical equivalence requires a separately aligned feature/unit comparison.		Whole-core citation roster reviewed before this classification; this layer neither selects a reconstruction nor certifies every source glyph.	unreviewed			
core-2292	2292	a-2292-will-orel-verb;a-2292-will-kroonen-verb;a-2292-kroonen-core-2292-1;a-2292-kroonen-core-2292-2;a-2292-kroonen-core-2292-3;a-2292-kroonen-core-2292-4;a-2292-kroonen-core-2292-5;a-2292-kroonen-core-2292-6;a-2292-kroonen-core-2292-7;a-2292-kroonen-core-2292-8;a-2292-kroonen-core-2292-9;a-2292-kroonen-core-2292-10;a-2292-kroonen-core-2292-11;a-2292-kroonen-core-2292-12	core_triage	What do the source units establish for will (willan)?	source_citation	ending	undetermined	reviewed	unestablished	Orel2003: *wel(j)anan [453; strong-verb citation with parenthesized j; irregular paradigms]. Kroonen2013: *weljan- [578; desire verb; strong-verb headword label]; *weljēu [578; Germanic subjunctive / optative first singular]; *-īs [578; Germanic subjunctive second singular suffix shorthand]; *-īþ [578; Germanic subjunctive third singular suffix shorthand]; *uelh₁-ieh₁-m [578; PIE optative first singular]; *-ih₁-s [578; PIE optative second singular suffix shorthand]; *-ih₁-t [578; PIE optative third singular suffix shorthand]; *uélh₁-ti [578; proposed athematic IE present third singular]; *ulh₁-énti [578; proposed athematic IE present third plural]; *ulh₁-toi [578; IE medio-passive present third singular]; *ulh₁-ntoi [578; IE medio-passive present third plural]; *uelh₁-t [578; proposed primary aorist third singular]; *ulh₁-nt [578; proposed primary aorist third plural]. This is a review of citation units and retained alternatives, not a chosen PGmc endpoint. Word/stem endings are display-level comparisons until aligned paradigms are established; source silence is not dissent. Causes and full historical equivalence remain unestablished.	All linked core alternatives are retained. Type tags mark the question or visible presentation, not a settled cause; whole-word, stem, paradigm, family and component evidence are not collapsed. Historical equivalence requires a separately aligned feature/unit comparison.		Whole-core citation roster reviewed before this classification; this layer neither selects a reconstruction nor certifies every source glyph.	unreviewed			
core-2293	2293	a-2293-will-orel-noun;a-2293-will-kroonen-noun;a-2293-kroonen-core-2293-1;a-2293-kroonen-core-2293-2	core_triage	What do the source units establish for will (willa)?	source_citation	ending	undetermined	reviewed	unestablished	Orel2003: *weljōn [453; masculine weak noun]. Kroonen2013: *weljan- [578-579; masculine jan-stem noun; homonym2]; vilja [578-579; feminine Swedish will noun]; (process) [578-579; proterodynamic ih₁-stem proposal for feminine OCS volja]. This is a review of citation units and retained alternatives, not a chosen PGmc endpoint. Word/stem endings are display-level comparisons until aligned paradigms are established; source silence is not dissent. Causes and full historical equivalence remain unestablished.	All linked core alternatives are retained. Type tags mark the question or visible presentation, not a settled cause; whole-word, stem, paradigm, family and component evidence are not collapsed. Historical equivalence requires a separately aligned feature/unit comparison.		Whole-core citation roster reviewed before this classification; this layer neither selects a reconstruction nor certifies every source glyph.	unreviewed			
core-2294	2294	a-2294-wind-orel-verb;a-2294-wind-kroonen-verb-stem	core_triage	What do the source units establish for wind (windan)?	source_citation	ending;vocalism	undetermined	reviewed	unestablished	Orel2003: *wenđanan [454; strong verb; twist/wind, not the weather noun]. Kroonen2013: *windan- [587; strong verb; twist/wind, not the weather noun]. This is a review of citation units and retained alternatives, not a chosen PGmc endpoint. Word/stem endings are display-level comparisons until aligned paradigms are established; source silence is not dissent. Causes and full historical equivalence remain unestablished.	All linked core alternatives are retained. Type tags mark the question or visible presentation, not a settled cause; whole-word, stem, paradigm, family and component evidence are not collapsed. Historical equivalence requires a separately aligned feature/unit comparison.	r-2294-wind-kroonen-verb-stem-argument;r-2294-wind-orel-verb-argument	Whole-core citation roster reviewed before this classification; this layer neither selects a reconstruction nor certifies every source glyph.	unreviewed			
core-2295	2295	a-2295-kroonen-core-2295-1;a-2295-orel-core-2295-1;a-2295-orel-core-2295-2	core_triage	What do the source units establish for winter (winter)?	source_citation	ending;vocalism	undetermined	reviewed	unestablished	Orel2003: *wentruz [455-456; masculine winter/year noun]; *wentraz [455; source formation assigned to OS/OHG winter]. Kroonen2013: *wintru- [588; m.; citation formation]. This is a review of citation units and retained alternatives, not a chosen PGmc endpoint. Word/stem endings are display-level comparisons until aligned paradigms are established; source silence is not dissent. Causes and full historical equivalence remain unestablished.	All linked core alternatives are retained. Type tags mark the question or visible presentation, not a settled cause; whole-word, stem, paradigm, family and component evidence are not collapsed. Historical equivalence requires a separately aligned feature/unit comparison.		Whole-core citation roster reviewed before this classification; this layer neither selects a reconstruction nor certifies every source glyph.	unreviewed			
core-2296	2296	a-2296-kroonen-core-2296-1;a-2296-kroonen-core-2296-2;a-2296-kroonen-core-2296-3;a-2296-kroonen-core-2296-4;a-2296-orel-core-2296-1;a-2296-orel-core-2296-2;a-2296-orel-core-2296-3	core_triage	What do the source units establish for withy (wīþiġ)?	source_citation	ending	undetermined	reviewed	unestablished	Orel2003: *wīþjaz [468; willow noun; masculine/feminine alternative]; *wīþjō [468; willow noun; masculine/feminine alternative]; *wiþiz [464; feminine withy/cord/fetter derivational candidate]. Kroonen2013: *wīman- [587; masculine osier / wattle n-stem; withy-family comparison]; *ueh₁i-mon- [587; IE flexible-branch / chain formation]; *ueh₁i- [587; author's twist root]; *ueh₁i-mon-(?) [587; tentative IE osier antecedent in headword equation]. This is a review of citation units and retained alternatives, not a chosen PGmc endpoint. Word/stem endings are display-level comparisons until aligned paradigms are established; source silence is not dissent. Causes and full historical equivalence remain unestablished.	All linked core alternatives are retained. Type tags mark the question or visible presentation, not a settled cause; whole-word, stem, paradigm, family and component evidence are not collapsed. Historical equivalence requires a separately aligned feature/unit comparison.		Whole-core citation roster reviewed before this classification; this layer neither selects a reconstruction nor certifies every source glyph.	unreviewed			
core-2297	2297	a-2297-kroonen-core-2297-1;a-2297-orel-core-2297-1	core_triage	What do the source units establish for wold (weald)?	source_citation	ending	undetermined	reviewed	unestablished	Orel2003: *walþuz [445; masculine field/wold/forest noun]. Kroonen2013: *walþu- [571-572; m.; citation formation]. This is a review of citation units and retained alternatives, not a chosen PGmc endpoint. Word/stem endings are display-level comparisons until aligned paradigms are established; source silence is not dissent. Causes and full historical equivalence remain unestablished.	All linked core alternatives are retained. Type tags mark the question or visible presentation, not a settled cause; whole-word, stem, paradigm, family and component evidence are not collapsed. Historical equivalence requires a separately aligned feature/unit comparison.		Whole-core citation roster reviewed before this classification; this layer neither selects a reconstruction nor certifies every source glyph.	unreviewed			
core-2298	2298	a-2298-kroonen-core-2298-1;a-2298-orel-core-2298-1;a-2298-orel-core-2298-2	core_triage	What do the source units establish for wolf (wulf)?	source_citation	ending	undetermined	reviewed	unestablished	Orel2003: *wulfaz [473-474; masculine wolf noun; assimilated formation]; *wulxwaz [473; source's pre-assimilation wolf formation]. Kroonen2013: *wulfa- [598; m.; citation formation]. This is a review of citation units and retained alternatives, not a chosen PGmc endpoint. Word/stem endings are display-level comparisons until aligned paradigms are established; source silence is not dissent. Causes and full historical equivalence remain unestablished.	All linked core alternatives are retained. Type tags mark the question or visible presentation, not a settled cause; whole-word, stem, paradigm, family and component evidence are not collapsed. Historical equivalence requires a separately aligned feature/unit comparison.		Whole-core citation roster reviewed before this classification; this layer neither selects a reconstruction nor certifies every source glyph.	unreviewed			
core-2299	2299	a-2299-orel-core-2299-1;a-2299-orel-core-2299-2	core_triage	What do the source units establish for wonder (wundor)?	source_citation		insufficient_evidence	reviewed	unestablished	Orel2003: *wunđran [474-475; neuter wonder noun]; *wunēnan [474; comparative formation; exact relationship and qualifications in the argument]. Kroonen2013: no_form_found; Wuna accustomed, wunda wounded and wens/win desire/suffering families are not demonstrated wonder genealogy. Full marvel/miracle and wundr/index contexts give no reconstructed wonder family. This is a review of citation units and retained alternatives, not a chosen PGmc endpoint. Word/stem endings are display-level comparisons until aligned paradigms are established; source silence is not dissent. Causes and full historical equivalence remain unestablished.	All linked core alternatives are retained. Type tags mark the question or visible presentation, not a settled cause; whole-word, stem, paradigm, family and component evidence are not collapsed. Historical equivalence requires a separately aligned feature/unit comparison.		Whole-core citation roster reviewed before this classification; this layer neither selects a reconstruction nor certifies every source glyph.	unreviewed			
core-2300	2300	a-2300-kroonen-core-2300-1;a-2300-kroonen-core-2300-2;a-2300-kroonen-core-2300-3;a-2300-kroonen-core-2300-4;a-2300-orel-core-2300-1	core_triage	What do the source units establish for wool (wull)?	source_citation	ending	undetermined	reviewed	unestablished	Orel2003: *wullō [474; feminine wool noun]. Kroonen2013: *Hulh₁-néh₂- [598-599; suffix-stressed consonant-stem wool antecedent]; *Huĺh₁-n-om [599; alternative mobile-neuter nominative wool antecedent]; *Hulh₁-n-éh₂ [599; alternative mobile-neuter plural wool antecedent]; *wullō- [598-599; f.; citation formation]. This is a review of citation units and retained alternatives, not a chosen PGmc endpoint. Word/stem endings are display-level comparisons until aligned paradigms are established; source silence is not dissent. Causes and full historical equivalence remain unestablished.	All linked core alternatives are retained. Type tags mark the question or visible presentation, not a settled cause; whole-word, stem, paradigm, family and component evidence are not collapsed. Historical equivalence requires a separately aligned feature/unit comparison.		Whole-core citation roster reviewed before this classification; this layer neither selects a reconstruction nor certifies every source glyph.	unreviewed			
core-2301	2301	a-2301-kroonen-core-2301-1;a-2301-orel-core-2301-1	core_triage	What do the source units establish for word (word)?	source_citation	ending	undetermined	reviewed	unestablished	Orel2003: *wurđan [475; neuter word noun]. Kroonen2013: *wurda- [600; n.; citation formation]. This is a review of citation units and retained alternatives, not a chosen PGmc endpoint. Word/stem endings are display-level comparisons until aligned paradigms are established; source silence is not dissent. Causes and full historical equivalence remain unestablished.	All linked core alternatives are retained. Type tags mark the question or visible presentation, not a settled cause; whole-word, stem, paradigm, family and component evidence are not collapsed. Historical equivalence requires a separately aligned feature/unit comparison.		Whole-core citation roster reviewed before this classification; this layer neither selects a reconstruction nor certifies every source glyph.	unreviewed			
core-2302	2302	a-2302-kroonen-core-2302-1;a-2302-kroonen-core-2302-2;a-2302-kroonen-core-2302-3;a-2302-kroonen-core-2302-4;a-2302-kroonen-core-2302-5;a-2302-kroonen-core-2302-6;a-2302-kroonen-core-2302-7;a-2302-orel-core-2302-1;a-2302-orel-core-2302-2;a-2302-orel-core-2302-3	core_triage	What do the source units establish for world (weorold)?	source_citation	ending;lexical_identity;segmentation;suffix	different_units	reviewed	unestablished	Orel prints wira-alđiz as a compound. Kroonen supplies wira- and age/old-family components, not an authored world compound. Agreement on a component cannot prove agreement on compound suffix, cell or endpoint.	All linked core alternatives are retained. Type tags mark the question or visible presentation, not a settled cause; whole-word, stem, paradigm, family and component evidence are not collapsed. Historical equivalence requires a separately aligned feature/unit comparison.	r-2302-compound	Whole-core citation roster reviewed before this classification; this layer neither selects a reconstruction nor certifies every source glyph. Earlier citation-unit explanation label analyst_inference is retained here as history; position support has not yet been reviewed as an explanation of inter-author divergence.	unreviewed			
core-2303	2303	a-2303-kroonen-core-2303-1;a-2303-orel-core-2303-1;a-2303-orel-core-2303-2	core_triage	What do the source units establish for worm (wyrm)?	source_citation	ending	undetermined	reviewed	unestablished	Orel2003: *wurmaz [476; masculine serpent/worm noun alternative]; *wurmiz [476; masculine serpent/worm noun alternative]. Kroonen2013: *wurmi- [600-601; m.; citation formation]. This is a review of citation units and retained alternatives, not a chosen PGmc endpoint. Word/stem endings are display-level comparisons until aligned paradigms are established; source silence is not dissent. Causes and full historical equivalence remain unestablished.	All linked core alternatives are retained. Type tags mark the question or visible presentation, not a settled cause; whole-word, stem, paradigm, family and component evidence are not collapsed. Historical equivalence requires a separately aligned feature/unit comparison.		Whole-core citation roster reviewed before this classification; this layer neither selects a reconstruction nor certifies every source glyph.	unreviewed			
core-2304	2304	a-2304-kroonen-core-2304-1;a-2304-kroonen-core-2304-2;a-2304-orel-core-2304-1	core_triage	What do the source units establish for wring (wringan)?	source_citation	ending;vocalism	undetermined	reviewed	unestablished	Orel2003: *wrenʒanan [472; strong wring/twist verb]. Kroonen2013: *wringan- [596; s.v.; citation formation]; *wrinhan- [596; s.v.; separately printed contextual variant]. This is a review of citation units and retained alternatives, not a chosen PGmc endpoint. Word/stem endings are display-level comparisons until aligned paradigms are established; source silence is not dissent. Causes and full historical equivalence remain unestablished.	All linked core alternatives are retained. Type tags mark the question or visible presentation, not a settled cause; whole-word, stem, paradigm, family and component evidence are not collapsed. Historical equivalence requires a separately aligned feature/unit comparison.		Whole-core citation roster reviewed before this classification; this layer neither selects a reconstruction nor certifies every source glyph.	unreviewed			
core-2305	2305	a-2305-kroonen-core-2305-1;a-2305-orel-core-2305-1;a-2305-orel-core-2305-2;a-2305-orel-core-2305-3	core_triage	What do the source units establish for yarn (ġearn)?	source_citation	ending	undetermined	reviewed	unestablished	Orel2003: *ʒarnan [127; neuter yarn noun]; *ʒarnō [127; feminine gut noun; yarn cross-reference]; *ʒarnjan [127; explicit WGmc neuter internal-fat formation]. Kroonen2013: *garna- [169; incidental neuter yarn noun, not intestine feminine]. This is a review of citation units and retained alternatives, not a chosen PGmc endpoint. Word/stem endings are display-level comparisons until aligned paradigms are established; source silence is not dissent. Causes and full historical equivalence remain unestablished.	All linked core alternatives are retained. Type tags mark the question or visible presentation, not a settled cause; whole-word, stem, paradigm, family and component evidence are not collapsed. Historical equivalence requires a separately aligned feature/unit comparison.		Whole-core citation roster reviewed before this classification; this layer neither selects a reconstruction nor certifies every source glyph.	unreviewed			
core-2306	2306	a-2306-kroonen-core-2306-1;a-2306-orel-core-2306-1	core_triage	What do the source units establish for year (ġēar)?	source_citation	ending	undetermined	reviewed	unestablished	Orel2003: *jēran [206; neuter year noun]. Kroonen2013: *jēra- [273; n.; citation formation]. This is a review of citation units and retained alternatives, not a chosen PGmc endpoint. Word/stem endings are display-level comparisons until aligned paradigms are established; source silence is not dissent. Causes and full historical equivalence remain unestablished.	All linked core alternatives are retained. Type tags mark the question or visible presentation, not a settled cause; whole-word, stem, paradigm, family and component evidence are not collapsed. Historical equivalence requires a separately aligned feature/unit comparison.		Whole-core citation roster reviewed before this classification; this layer neither selects a reconstruction nor certifies every source glyph.	unreviewed			
core-2307	2307	a-2307-kroonen-core-2307-1;a-2307-orel-core-2307-1	core_triage	What do the source units establish for yoke (ġeoc)?	source_citation	ending	undetermined	reviewed	unestablished	Orel2003: *jukan [207; neuter yoke noun]. Kroonen2013: *juka- [274; n.; citation formation]. This is a review of citation units and retained alternatives, not a chosen PGmc endpoint. Word/stem endings are display-level comparisons until aligned paradigms are established; source silence is not dissent. Causes and full historical equivalence remain unestablished.	All linked core alternatives are retained. Type tags mark the question or visible presentation, not a settled cause; whole-word, stem, paradigm, family and component evidence are not collapsed. Historical equivalence requires a separately aligned feature/unit comparison.		Whole-core citation roster reviewed before this classification; this layer neither selects a reconstruction nor certifies every source glyph.	unreviewed			
core-2308	2308	a-2308-kroonen-core-2308-1;a-2308-kroonen-core-2308-2;a-2308-kroonen-core-2308-3;a-2308-orel-core-2308-1;a-2308-orel-core-2308-2	core_triage	What do the source units establish for youth (ġeoguþ)?	source_citation	ending	undetermined	reviewed	unestablished	Orel2003: *juʒunþiz [207; feminine youth noun]; *junʒaz [207; comparative formation; exact relationship and qualifications in the argument]. Kroonen2013: *ju(w)unþi- [276; f.; citation formation]; *juwunþi- [276; f.; separately printed contextual variant]; *juunþi- [276; f.; separately printed contextual variant]. This is a review of citation units and retained alternatives, not a chosen PGmc endpoint. Word/stem endings are display-level comparisons until aligned paradigms are established; source silence is not dissent. Causes and full historical equivalence remain unestablished.	All linked core alternatives are retained. Type tags mark the question or visible presentation, not a settled cause; whole-word, stem, paradigm, family and component evidence are not collapsed. Historical equivalence requires a separately aligned feature/unit comparison.		Whole-core citation roster reviewed before this classification; this layer neither selects a reconstruction nor certifies every source glyph.	unreviewed			
core-2309	2309	a-2309-kroonen-core-2117-1;a-2309-orel-core-2117-1	core_triage	What do the source units establish for make (iptv.2sg) (maca)?	source_citation	ending	undetermined	reviewed	unestablished	Orel2003: *makōjanan [257; weak make verb dictionary citation]. Kroonen2013: *makōjan- [350; incidental weak make verb, not adjective headword]. This is a review of citation units and retained alternatives, not a chosen PGmc endpoint. Word/stem endings are display-level comparisons until aligned paradigms are established; source silence is not dissent. Causes and full historical equivalence remain unestablished.	All linked core alternatives are retained. Type tags mark the question or visible presentation, not a settled cause; whole-word, stem, paradigm, family and component evidence are not collapsed. Historical equivalence requires a separately aligned feature/unit comparison.		Whole-core citation roster reviewed before this classification; this layer neither selects a reconstruction nor certifies every source glyph.	unreviewed			
core-2310	2310	a-2310-kroonen-core-2117-1;a-2310-orel-core-2117-1	core_triage	What do the source units establish for make (3sg) (macaþ)?	source_citation	ending	undetermined	reviewed	unestablished	Orel2003: *makōjanan [257; weak make verb dictionary citation]. Kroonen2013: *makōjan- [350; incidental weak make verb, not adjective headword]. This is a review of citation units and retained alternatives, not a chosen PGmc endpoint. Word/stem endings are display-level comparisons until aligned paradigms are established; source silence is not dissent. Causes and full historical equivalence remain unestablished.	All linked core alternatives are retained. Type tags mark the question or visible presentation, not a settled cause; whole-word, stem, paradigm, family and component evidence are not collapsed. Historical equivalence requires a separately aligned feature/unit comparison.		Whole-core citation roster reviewed before this classification; this layer neither selects a reconstruction nor certifies every source glyph.	unreviewed			
core-2311	2311	a-2311-orel-core-1956-01;a-2311-kroonen-core-1956-1;a-2311-orel-core-2311-1	core_triage	What do the source units establish for bore (iptv.2sg) (bora)?	source_citation	ending	undetermined	reviewed	unestablished	Orel2003: *burōjanan [64; weak-verb headword]; *barjanan [64; comparative formation; exact relationship and qualifications in the argument]. Kroonen2013: *burōjan- [85-86; weak verb citation stem]. This is a review of citation units and retained alternatives, not a chosen PGmc endpoint. Word/stem endings are display-level comparisons until aligned paradigms are established; source silence is not dissent. Causes and full historical equivalence remain unestablished.	All linked core alternatives are retained. Type tags mark the question or visible presentation, not a settled cause; whole-word, stem, paradigm, family and component evidence are not collapsed. Historical equivalence requires a separately aligned feature/unit comparison.		Whole-core citation roster reviewed before this classification; this layer neither selects a reconstruction nor certifies every source glyph.	unreviewed			
core-2312	2312	a-2312-orel-core-1956-01;a-2312-kroonen-core-1956-1;a-2312-orel-core-2311-1	core_triage	What do the source units establish for bore (3sg) (boraþ)?	source_citation	ending	undetermined	reviewed	unestablished	Orel2003: *burōjanan [64; weak-verb headword]; *barjanan [64; comparative formation; exact relationship and qualifications in the argument]. Kroonen2013: *burōjan- [85-86; weak verb citation stem]. This is a review of citation units and retained alternatives, not a chosen PGmc endpoint. Word/stem endings are display-level comparisons until aligned paradigms are established; source silence is not dissent. Causes and full historical equivalence remain unestablished.	All linked core alternatives are retained. Type tags mark the question or visible presentation, not a settled cause; whole-word, stem, paradigm, family and component evidence are not collapsed. Historical equivalence requires a separately aligned feature/unit comparison.		Whole-core citation roster reviewed before this classification; this layer neither selects a reconstruction nor certifies every source glyph.	unreviewed			
core-2313	2313	a-2313-kroonen-core-2095-1;a-2313-orel-core-2095-1;a-2313-orel-core-2095-2;a-2313-orel-core-2095-3	core_triage	What do the source units establish for learn (iptv.2sg) (liorna)?	source_citation	ending	undetermined	reviewed	unestablished	Orel2003: *liznōjanan [247; weak learn verb, ōjanan alternative]; *liznēnan [247; weak learn verb, ēnan alternative]; *leis- [233; comparative stem; exact relationship and qualifications in the argument]. Kroonen2013: *liznōn- [340; w.v.; citation formation]. This is a review of citation units and retained alternatives, not a chosen PGmc endpoint. Word/stem endings are display-level comparisons until aligned paradigms are established; source silence is not dissent. Causes and full historical equivalence remain unestablished.	All linked core alternatives are retained. Type tags mark the question or visible presentation, not a settled cause; whole-word, stem, paradigm, family and component evidence are not collapsed. Historical equivalence requires a separately aligned feature/unit comparison.		Whole-core citation roster reviewed before this classification; this layer neither selects a reconstruction nor certifies every source glyph.	unreviewed			
core-2314	2314	a-2314-kroonen-core-2095-1;a-2314-orel-core-2095-1;a-2314-orel-core-2095-2;a-2314-orel-core-2095-3	core_triage	What do the source units establish for learn (3sg) (liornaþ)?	source_citation	ending	undetermined	reviewed	unestablished	Orel2003: *liznōjanan [247; weak learn verb, ōjanan alternative]; *liznēnan [247; weak learn verb, ēnan alternative]; *leis- [233; comparative stem; exact relationship and qualifications in the argument]. Kroonen2013: *liznōn- [340; w.v.; citation formation]. This is a review of citation units and retained alternatives, not a chosen PGmc endpoint. Word/stem endings are display-level comparisons until aligned paradigms are established; source silence is not dissent. Causes and full historical equivalence remain unestablished.	All linked core alternatives are retained. Type tags mark the question or visible presentation, not a settled cause; whole-word, stem, paradigm, family and component evidence are not collapsed. Historical equivalence requires a separately aligned feature/unit comparison.		Whole-core citation roster reviewed before this classification; this layer neither selects a reconstruction nor certifies every source glyph.	unreviewed			
core-2315	2315	a-2315-kroonen-core-2099-1;a-2315-orel-core-2099-1	core_triage	What do the source units establish for lick (iptv.2sg) (licca)?	source_citation	ending	undetermined	reviewed	unestablished	Orel2003: *likkōjanan [245-246; weak lick verb citation]. Kroonen2013: *likkōn- [337; w.v.; citation formation]. This is a review of citation units and retained alternatives, not a chosen PGmc endpoint. Word/stem endings are display-level comparisons until aligned paradigms are established; source silence is not dissent. Causes and full historical equivalence remain unestablished.	All linked core alternatives are retained. Type tags mark the question or visible presentation, not a settled cause; whole-word, stem, paradigm, family and component evidence are not collapsed. Historical equivalence requires a separately aligned feature/unit comparison.		Whole-core citation roster reviewed before this classification; this layer neither selects a reconstruction nor certifies every source glyph.	unreviewed			
core-2316	2316	a-2316-kroonen-core-2099-1;a-2316-orel-core-2099-1	core_triage	What do the source units establish for lick (3sg) (liccaþ)?	source_citation	ending	undetermined	reviewed	unestablished	Orel2003: *likkōjanan [245-246; weak lick verb citation]. Kroonen2013: *likkōn- [337; w.v.; citation formation]. This is a review of citation units and retained alternatives, not a chosen PGmc endpoint. Word/stem endings are display-level comparisons until aligned paradigms are established; source silence is not dissent. Causes and full historical equivalence remain unestablished.	All linked core alternatives are retained. Type tags mark the question or visible presentation, not a settled cause; whole-word, stem, paradigm, family and component evidence are not collapsed. Historical equivalence requires a separately aligned feature/unit comparison.		Whole-core citation roster reviewed before this classification; this layer neither selects a reconstruction nor certifies every source glyph.	unreviewed			
core-2317	2317	a-2317-kroonen-core-2186-1;a-2317-orel-core-2186-1;a-2317-orel-core-2186-2;a-2317-orel-core-2186-3	core_triage	What do the source units establish for show (iptv.2sg) (sċēawa)?	source_citation	ending	undetermined	reviewed	unestablished	Orel2003: *skawōjanan [337; weak look/observe verb]; *skawaz [337; comparative formation; exact relationship and qualifications in the argument]; *xē(u)we- [337; full printed stem underlying OE hāwian, including final e]. Kroonen2013: *skawōjan- [442; incidental weak show verb; no quoted imperative or third singular]. This is a review of citation units and retained alternatives, not a chosen PGmc endpoint. Word/stem endings are display-level comparisons until aligned paradigms are established; source silence is not dissent. Causes and full historical equivalence remain unestablished.	All linked core alternatives are retained. Type tags mark the question or visible presentation, not a settled cause; whole-word, stem, paradigm, family and component evidence are not collapsed. Historical equivalence requires a separately aligned feature/unit comparison.		Whole-core citation roster reviewed before this classification; this layer neither selects a reconstruction nor certifies every source glyph.	unreviewed			
core-2318	2318	a-2318-kroonen-core-2186-1;a-2318-orel-core-2186-1;a-2318-orel-core-2186-2;a-2318-orel-core-2186-3	core_triage	What do the source units establish for show (3sg) (sċēawaþ)?	source_citation	ending	undetermined	reviewed	unestablished	Orel2003: *skawōjanan [337; weak look/observe verb]; *skawaz [337; comparative formation; exact relationship and qualifications in the argument]; *xē(u)we- [337; full printed stem underlying OE hāwian, including final e]. Kroonen2013: *skawōjan- [442; incidental weak show verb; no quoted imperative or third singular]. This is a review of citation units and retained alternatives, not a chosen PGmc endpoint. Word/stem endings are display-level comparisons until aligned paradigms are established; source silence is not dissent. Causes and full historical equivalence remain unestablished.	All linked core alternatives are retained. Type tags mark the question or visible presentation, not a settled cause; whole-word, stem, paradigm, family and component evidence are not collapsed. Historical equivalence requires a separately aligned feature/unit comparison.		Whole-core citation roster reviewed before this classification; this layer neither selects a reconstruction nor certifies every source glyph.	unreviewed			
core-2322	2322	a-2322-kroonen-core-2322-1;a-2322-kroonen-core-2322-2;a-2322-kroonen-core-2322-3;a-2322-kroonen-core-2322-4;a-2322-kroonen-core-2322-5;a-2322-orel-core-2322-1;a-2322-orel-core-2322-2	core_triage	What do the source units establish for who (hwā)?	source_citation	ending	undetermined	reviewed	unestablished	Orel2003: *xwaz [199; who pronoun alternative]; *xwez [199; who pronoun alternative]. Kroonen2013: *hwa- [261; pron.; citation formation]; *hwaz [261; masculine interrogative]; *hwiz [261; contrasted masculine interrogative variant]; *hwō [261; feminine interrogative]; *hwat [261; neuter interrogative]. This is a review of citation units and retained alternatives, not a chosen PGmc endpoint. Word/stem endings are display-level comparisons until aligned paradigms are established; source silence is not dissent. Causes and full historical equivalence remain unestablished.	All linked core alternatives are retained. Type tags mark the question or visible presentation, not a settled cause; whole-word, stem, paradigm, family and component evidence are not collapsed. Historical equivalence requires a separately aligned feature/unit comparison.		Whole-core citation roster reviewed before this classification; this layer neither selects a reconstruction nor certifies every source glyph.	unreviewed			
core-2326	2326	a-2326-kroonen-core-2326-1;a-2326-kroonen-core-2326-2;a-2326-kroonen-core-2326-3;a-2326-kroonen-core-2326-4;a-2326-kroonen-core-2326-5;a-2326-kroonen-core-2326-6;a-2326-orel-core-2326-1;a-2326-orel-core-2326-2;a-2326-orel-core-2326-3	core_triage	What do the source units establish for you (ēow)?	source_citation		undetermined	reviewed	unestablished	Orel2003: *jūz [208; second-person plural you pronoun; nominative family]; *jēz [206; analogically modified plural you pronoun alternative]; *jīz [206; analogically modified plural you pronoun alternative]. Kroonen2013: *jūz [275; original second-plural nominative]; *jiz [275; analogical second-plural nominative]; *iwe [275; original oblique second-plural form]; *izwiz [275; second-plural dative and accusative]; *iw-siz [275; proposed antecedent of metathesized *izwiz]; *iwiz [275; older dative preserved in West Germanic]. This is a review of citation units and retained alternatives, not a chosen PGmc endpoint. Word/stem endings are display-level comparisons until aligned paradigms are established; source silence is not dissent. Causes and full historical equivalence remain unestablished.	All linked core alternatives are retained. Type tags mark the question or visible presentation, not a settled cause; whole-word, stem, paradigm, family and component evidence are not collapsed. Historical equivalence requires a separately aligned feature/unit comparison.		Whole-core citation roster reviewed before this classification; this layer neither selects a reconstruction nor certifies every source glyph.	unreviewed			
core-2327	2327	a-2327-kroonen-core-2327-1;a-2327-kroonen-core-2327-2;a-2327-kroonen-core-2327-3;a-2327-kroonen-core-2327-4;a-2327-orel-core-2327-1;a-2327-orel-core-2327-2;a-2327-orel-core-2327-3;a-2327-orel-core-2327-4;a-2327-orel-core-2327-5	core_triage	What do the source units establish for wound (wundude)?	source_citation	ending;lexical_identity	different_units	reviewed	unestablished	Orel2003: *wunđōjanan [474; weak wound verb]; *wunđiz [474; feminine wound noun alternative; weak verb base]; *wunđō [474; feminine wound noun alternative; weak verb base]; *wunđaz [474; wounded adjective; participial wound base]; *wenanan [474; explicitly unattested verb underlying wounded participle]. Kroonen2013: *wunda- [599; wounded adjective; wound-family comparison]; *wundō- [599; feminine wound noun]; *winnan- [599; suffer verb identified as adjective's antecedent]; *wunni- [599; feminine suffering i-stem]. This is a review of citation units and retained alternatives, not a chosen PGmc endpoint. Word/stem endings are display-level comparisons until aligned paradigms are established; source silence is not dissent. Causes and full historical equivalence remain unestablished.	All linked core alternatives are retained. Type tags mark the question or visible presentation, not a settled cause; whole-word, stem, paradigm, family and component evidence are not collapsed. Historical equivalence requires a separately aligned feature/unit comparison.		Whole-core citation roster reviewed before this classification; this layer neither selects a reconstruction nor certifies every source glyph.	unreviewed			
core-2328	2328	a-2328-kroonen-core-2328-1;a-2328-kroonen-core-2328-2;a-2328-kroonen-core-2328-3;a-2328-kroonen-core-2328-4;a-2328-kroonen-core-2328-5;a-2328-orel-core-2328-1	core_triage	What do the source units establish for sow (sāwan)?	source_citation	ending	undetermined	reviewed	unestablished	Orel2003: *sēanan [327; strong sow verb]. Kroonen2013: *se-soh₁-e [428; explicit PIE perfect third singular]; *se-sh₁-nt [428; explicit PIE perfect third plural]; *sēan- [428; s.v.; citation formation]; *se-sōe [428; explicit PGmc third singular reduplicated preterite / PIE-perfect continuation]; *se-sunþ [428; explicit PGmc third plural reduplicated preterite / PIE-perfect continuation]. This is a review of citation units and retained alternatives, not a chosen PGmc endpoint. Word/stem endings are display-level comparisons until aligned paradigms are established; source silence is not dissent. Causes and full historical equivalence remain unestablished.	All linked core alternatives are retained. Type tags mark the question or visible presentation, not a settled cause; whole-word, stem, paradigm, family and component evidence are not collapsed. Historical equivalence requires a separately aligned feature/unit comparison.		Whole-core citation roster reviewed before this classification; this layer neither selects a reconstruction nor certifies every source glyph.	unreviewed			
core-2329	2329	a-2329-kroonen-core-2329-1;a-2329-orel-core-2329-1;a-2329-orel-core-2329-2	core_triage	What do the source units establish for betray (lǣwan)?	source_citation	ending	undetermined	reviewed	unestablished	Orel2003: *lēwjanan [245; weak betray verb citation]; *lēwan [245; comparative formation; exact relationship and qualifications in the argument]. Kroonen2013: *lēwjan- [335; w.v.; citation formation]. This is a review of citation units and retained alternatives, not a chosen PGmc endpoint. Word/stem endings are display-level comparisons until aligned paradigms are established; source silence is not dissent. Causes and full historical equivalence remain unestablished.	All linked core alternatives are retained. Type tags mark the question or visible presentation, not a settled cause; whole-word, stem, paradigm, family and component evidence are not collapsed. Historical equivalence requires a separately aligned feature/unit comparison.		Whole-core citation roster reviewed before this classification; this layer neither selects a reconstruction nor certifies every source glyph.	unreviewed			
core-2330	2330	a-2330-kroonen-core-2248-1;a-2330-orel-core-2248-1	core_triage	What do the source units establish for thought (þōhte)?	source_citation	ending	undetermined	reviewed	unestablished	Orel2003: *þankjanan [416; irregular weak think/plan verb]. Kroonen2013: *þankjan- [533-534; w.v.; citation formation]. This is a review of citation units and retained alternatives, not a chosen PGmc endpoint. Word/stem endings are display-level comparisons until aligned paradigms are established; source silence is not dissent. Causes and full historical equivalence remain unestablished.	All linked core alternatives are retained. Type tags mark the question or visible presentation, not a settled cause; whole-word, stem, paradigm, family and component evidence are not collapsed. Historical equivalence requires a separately aligned feature/unit comparison.		Whole-core citation roster reviewed before this classification; this layer neither selects a reconstruction nor certifies every source glyph.	unreviewed			
core-2332	2332	a-2332-hue-orel-headword;a-2332-hue-kroonen-stem;a-2332-hue-ringe-taylor-pgmc;a-2332-hue-fulk-raising;a-2332-hue-fulk-objection;a-2332-raising-cercignani-dating;a-2332-raising-ringe-high-front;a-2332-raising-fulk-conditioners;a-2332-raising-ringe-taylor-oe-boundary;a-2332-kroonen-core-2332-1;a-2332-kroonen-core-2332-2;a-2332-kroonen-core-2332-3;a-2332-kroonen-core-2332-4;a-2332-kroonen-core-2332-5	core_triage	What do the source units establish for hue (hīew)?	source_citation	chronological_stage;ending;historical_analysis;phonemic_inventory;quantity;vocalism	undetermined	reviewed	unestablished	Orel xewjan, Kroonen heuja- and explicit PGmc hiwją in Ringe-Taylor remain separate positions. Kroonen's Dybo/PIE derivation is not Ringe-Taylor's later glide history. Incidental Nordic hīwa- and deeper antecedents do not replace heuja-; Fulk supplies arguments, not a replacement word.	All linked core alternatives are retained. Type tags mark the question or visible presentation, not a settled cause; whole-word, stem, paradigm, family and component evidence are not collapsed. Historical equivalence requires a separately aligned feature/unit comparison.	r-2332-pie;r-2332-dating	Whole-core citation roster reviewed before this classification; this layer neither selects a reconstruction nor certifies every source glyph. Earlier citation-unit explanation label mixed is retained here as history; position support has not yet been reviewed as an explanation of inter-author divergence.	unreviewed			
notation-gift-velar	2040	a-2040-notation-diplomatic-sign;a-2040-notation-comparison-sign	focused_case	What does the recorded ʒ/g comparison change?	printed_representation	notation	equivalent	reviewed	analyst_inference	The diplomatic *ʒeftiz and comparison *geftiz represent the same recorded citation under the explicitly declared sign substitution, not stop/fricative historical identity or giftiz.	Only the recorded velar sign substitution; e, iz, quantity and source remain unchanged.	r-gift-notation	No cross-source or transitive historical equivalence is asserted.	unreviewed			
stem-spare-premised	2205	a-2205-stem-orel-core-2205-1;a-2205-stem-kroonen-core-2205-1	focused_case	Do the spare citations support the same weak-verb stem?	stem_formation	ending;inflection	premised_equivalence	reviewed	analyst_inference	The two visible citations support sparēn- under the declared citation segmentation, not competing adjective/verb reconstructions.	Orel's final an is treated as weak-verb citation material; the stem comparison does not equate their unspecified historical endpoints.	r-spare-stem	No global ending stripping or transitive equivalence.	unreviewed			
beaver-colour-direction	1941	a-beaver-direction-orel-core-1941-01;a-beaver-direction-kroonen-core-1941-1	focused_case	Why are animal-to-colour and colour-to-animal derivational directions opposed?	lexical_identity	cognate_grouping;historical_analysis;stem_class	substantive_difference	reviewed	analyst_inference	Orel explicitly starts from a colour adjective; Kroonen reverses the usual direction because PIE u-stem colour adjectives were productive and proposes an ablauting animal-name paradigm. This identifies a directional/morphological premise, not a mere spelling normalization or a complete account of Orel's reasons.	Compare the same beaver/colour question and the authors' stated direction. Kroonen does not name Orel as his interlocutor; relating his objection to Orel's position is CAPR's inference.	r-1941-beaver-direction	No reconstructed PIE paradigm quotation is supplied from degraded text; animal-name and colour direction are the bounded focus.	bounded_limit	Orel40-41 explicitly says originally a colour adjective; Kroonen56-57 explicitly reverses that direction and gives the productive-u-adjective/animal-paradigm rationale.	orel-core-1941-01;kroonen-core-1941-1	Orel's independent grounds for retaining adjective-first direction, full historical paradigm/reflex weighting and the r-vocalization/ending contrast are not settled by this focused comparison.
