row_id	source_key	status	evidence_ids	search_basis	assessment
1933	Adamczyk2001	unchecked			
1933	Bammesberger1990	unchecked			
1933	Bammesberger1992	unchecked			
1933	Bammesberger1997	unchecked			
1933	Beekes2010	unchecked			
1933	Bennett1950	unchecked			
1933	BosworthToller1898	unchecked			
1933	Bremmer2008	unchecked			
1933	Bremmer2009	unchecked			
1933	Bright1917	unchecked			
1933	Bulbring1902	unchecked			
1933	CaedmonsHymnVitt1452	unchecked			
1933	Campbell1939	unchecked			
1933	Campbell1959	unchecked			
1933	Cercignani1979	unchecked			
1933	Cercignani1980	unchecked			
1933	ClarkHall1960	unchecked			
1933	Crist2001	unchecked			
1933	Crist2002	unchecked			
1933	Erdmann1972	unchecked			
1933	Fulk2018	unchecked			
1933	GermanicSlavicBaltic2025	unchecked			
1933	Goblirsch1991	unchecked			
1933	Hamp1990	unchecked			
1933	Hirt1931	unchecked			
1933	Hogg1979	unchecked			
1933	HoggGrammar2011	unchecked			
1933	HoggIntroduction1992	unchecked			
1933	HoggPhonology1992	unchecked			
1933	HowellSalmons1988	unchecked			
1933	Kaluza1900	unchecked			
1933	Kastovsky1992	unchecked			
1933	Kilday2024	unchecked			
1933	KlugeSeebold2011	unchecked			
1933	Kortlandt2008	unchecked			
1933	Kroonen2006	unchecked			
1933	Kroonen2011	unchecked			
1933	Kroonen2013	unchecked			
1933	Kylstra1983	unchecked			
1933	Laker2007	unchecked			
1933	Lid1952	unchecked			
1933	Lloyd1966	unchecked			
1933	LloydSpringer1988	unchecked			
1933	Luehr1993	unchecked			
1933	Luick1914	unchecked			
1933	Mayrhofer1992	unchecked			
1933	Mees2020	unchecked			
1933	NeriRingeReview	unchecked			
1933	Nielsen2001	unchecked			
1933	Orel2003	unchecked			
1933	Pierce1999	unchecked			
1933	Pierce2003	unchecked			
1933	Pierce2006	unchecked			
1933	Pokorny1959	unchecked			
1933	Polome1967	unchecked			
1933	Polome1994	unchecked			
1933	Repansek2012	unchecked			
1933	Rice1994	unchecked			
1933	Ringe1984	unchecked			
1933	Ringe2017	unchecked			
1933	RingeTaylor2014	unchecked			
1933	Seebold1970	unchecked			
1933	SieversBrunner1965	unchecked			
1933	StauslandJohnsen2015	unchecked			
1933	Stiles1985	unchecked			
1933	Stiles1986a	unchecked			
1933	Stiles1986b	unchecked			
1933	Stiles2012	unchecked			
1933	Stiles2017	unchecked			
1933	Streitberg1896	unchecked			
1933	Sweet1953	unchecked			
1933	Thorhallsdottir1993	unchecked			
1933	Toon1992	unchecked			
1933	Versloot2017	unchecked			
1933	Versloot2021	unchecked			
1933	Versloot2025	unchecked			
1933	Vine2019	unchecked			
1933	Waxenberger2019	unchecked			
1933	WrightWuelcker1884	unchecked			
1933	vanHelten1905	unchecked			
1934	Adamczyk2001	unchecked			
1934	Bammesberger1990	unchecked			
1934	Bammesberger1992	unchecked			
1934	Bammesberger1997	unchecked			
1934	Beekes2010	unchecked			
1934	Bennett1950	unchecked			
1934	BosworthToller1898	unchecked			
1934	Bremmer2008	unchecked			
1934	Bremmer2009	unchecked			
1934	Bright1917	unchecked			
1934	Bulbring1902	unchecked			
1934	CaedmonsHymnVitt1452	unchecked			
1934	Campbell1939	unchecked			
1934	Campbell1959	unchecked			
1934	Cercignani1979	unchecked			
1934	Cercignani1980	unchecked			
1934	ClarkHall1960	unchecked			
1934	Crist2001	unchecked			
1934	Crist2002	unchecked			
1934	Erdmann1972	unchecked			
1934	Fulk2018	unchecked			
1934	GermanicSlavicBaltic2025	unchecked			
1934	Goblirsch1991	unchecked			
1934	Hamp1990	unchecked			
1934	Hirt1931	unchecked			
1934	Hogg1979	unchecked			
1934	HoggGrammar2011	unchecked			
1934	HoggIntroduction1992	unchecked			
1934	HoggPhonology1992	unchecked			
1934	HowellSalmons1988	unchecked			
1934	Kaluza1900	unchecked			
1934	Kastovsky1992	unchecked			
1934	Kilday2024	unchecked			
1934	KlugeSeebold2011	unchecked			
1934	Kortlandt2008	unchecked			
1934	Kroonen2006	unchecked			
1934	Kroonen2011	unchecked			
1934	Kroonen2013	unchecked			
1934	Kylstra1983	unchecked			
1934	Laker2007	unchecked			
1934	Lid1952	unchecked			
1934	Lloyd1966	unchecked			
1934	LloydSpringer1988	unchecked			
1934	Luehr1993	unchecked			
1934	Luick1914	unchecked			
1934	Mayrhofer1992	unchecked			
1934	Mees2020	unchecked			
1934	NeriRingeReview	unchecked			
1934	Nielsen2001	unchecked			
1934	Orel2003	unchecked			
1934	Pierce1999	unchecked			
1934	Pierce2003	unchecked			
1934	Pierce2006	unchecked			
1934	Pokorny1959	unchecked			
1934	Polome1967	unchecked			
1934	Polome1994	unchecked			
1934	Repansek2012	unchecked			
1934	Rice1994	unchecked			
1934	Ringe1984	unchecked			
1934	Ringe2017	unchecked			
1934	RingeTaylor2014	unchecked			
1934	Seebold1970	unchecked			
1934	SieversBrunner1965	unchecked			
1934	StauslandJohnsen2015	unchecked			
1934	Stiles1985	unchecked			
1934	Stiles1986a	unchecked			
1934	Stiles1986b	unchecked			
1934	Stiles2012	unchecked			
1934	Stiles2017	unchecked			
1934	Streitberg1896	unchecked			
1934	Sweet1953	unchecked			
1934	Thorhallsdottir1993	unchecked			
1934	Toon1992	unchecked			
1934	Versloot2017	unchecked			
1934	Versloot2021	unchecked			
1934	Versloot2025	unchecked			
1934	Vine2019	unchecked			
1934	Waxenberger2019	unchecked			
1934	WrightWuelcker1884	unchecked			
1934	vanHelten1905	unchecked			
1935	Adamczyk2001	unchecked			
1935	Bammesberger1990	unchecked			
1935	Bammesberger1992	unchecked			
1935	Bammesberger1997	unchecked			
1935	Beekes2010	unchecked			
1935	Bennett1950	unchecked			
1935	BosworthToller1898	unchecked			
1935	Bremmer2008	unchecked			
1935	Bremmer2009	unchecked			
1935	Bright1917	unchecked			
1935	Bulbring1902	unchecked			
1935	CaedmonsHymnVitt1452	unchecked			
1935	Campbell1939	unchecked			
1935	Campbell1959	unchecked			
1935	Cercignani1979	unchecked			
1935	Cercignani1980	unchecked			
1935	ClarkHall1960	unchecked			
1935	Crist2001	unchecked			
1935	Crist2002	unchecked			
1935	Erdmann1972	unchecked			
1935	Fulk2018	unchecked			
1935	GermanicSlavicBaltic2025	unchecked			
1935	Goblirsch1991	unchecked			
1935	Hamp1990	unchecked			
1935	Hirt1931	unchecked			
1935	Hogg1979	unchecked			
1935	HoggGrammar2011	unchecked			
1935	HoggIntroduction1992	unchecked			
1935	HoggPhonology1992	unchecked			
1935	HowellSalmons1988	unchecked			
1935	Kaluza1900	unchecked			
1935	Kastovsky1992	unchecked			
1935	Kilday2024	unchecked			
1935	KlugeSeebold2011	unchecked			
1935	Kortlandt2008	unchecked			
1935	Kroonen2006	unchecked			
1935	Kroonen2011	unchecked			
1935	Kroonen2013	unchecked			
1935	Kylstra1983	unchecked			
1935	Laker2007	unchecked			
1935	Lid1952	unchecked			
1935	Lloyd1966	unchecked			
1935	LloydSpringer1988	unchecked			
1935	Luehr1993	unchecked			
1935	Luick1914	unchecked			
1935	Mayrhofer1992	unchecked			
1935	Mees2020	unchecked			
1935	NeriRingeReview	unchecked			
1935	Nielsen2001	unchecked			
1935	Orel2003	unchecked			
1935	Pierce1999	unchecked			
1935	Pierce2003	unchecked			
1935	Pierce2006	unchecked			
1935	Pokorny1959	unchecked			
1935	Polome1967	unchecked			
1935	Polome1994	unchecked			
1935	Repansek2012	unchecked			
1935	Rice1994	unchecked			
1935	Ringe1984	unchecked			
1935	Ringe2017	unchecked			
1935	RingeTaylor2014	unchecked			
1935	Seebold1970	unchecked			
1935	SieversBrunner1965	unchecked			
1935	StauslandJohnsen2015	unchecked			
1935	Stiles1985	unchecked			
1935	Stiles1986a	unchecked			
1935	Stiles1986b	unchecked			
1935	Stiles2012	unchecked			
1935	Stiles2017	unchecked			
1935	Streitberg1896	unchecked			
1935	Sweet1953	unchecked			
1935	Thorhallsdottir1993	unchecked			
1935	Toon1992	unchecked			
1935	Versloot2017	unchecked			
1935	Versloot2021	unchecked			
1935	Versloot2025	unchecked			
1935	Vine2019	unchecked			
1935	Waxenberger2019	unchecked			
1935	WrightWuelcker1884	unchecked			
1935	vanHelten1905	unchecked			
1936	Adamczyk2001	unchecked			
1936	Bammesberger1990	unchecked			
1936	Bammesberger1992	unchecked			
1936	Bammesberger1997	unchecked			
1936	Beekes2010	unchecked			
1936	Bennett1950	unchecked			
1936	BosworthToller1898	unchecked			
1936	Bremmer2008	unchecked			
1936	Bremmer2009	unchecked			
1936	Bright1917	unchecked			
1936	Bulbring1902	unchecked			
1936	CaedmonsHymnVitt1452	unchecked			
1936	Campbell1939	unchecked			
1936	Campbell1959	unchecked			
1936	Cercignani1979	unchecked			
1936	Cercignani1980	unchecked			
1936	ClarkHall1960	unchecked			
1936	Crist2001	unchecked			
1936	Crist2002	unchecked			
1936	Erdmann1972	unchecked			
1936	Fulk2018	unchecked			
1936	GermanicSlavicBaltic2025	unchecked			
1936	Goblirsch1991	unchecked			
1936	Hamp1990	unchecked			
1936	Hirt1931	unchecked			
1936	Hogg1979	unchecked			
1936	HoggGrammar2011	unchecked			
1936	HoggIntroduction1992	unchecked			
1936	HoggPhonology1992	unchecked			
1936	HowellSalmons1988	unchecked			
1936	Kaluza1900	unchecked			
1936	Kastovsky1992	unchecked			
1936	Kilday2024	unchecked			
1936	KlugeSeebold2011	unchecked			
1936	Kortlandt2008	unchecked			
1936	Kroonen2006	unchecked			
1936	Kroonen2011	unchecked			
1936	Kroonen2013	unchecked			
1936	Kylstra1983	unchecked			
1936	Laker2007	unchecked			
1936	Lid1952	unchecked			
1936	Lloyd1966	unchecked			
1936	LloydSpringer1988	unchecked			
1936	Luehr1993	unchecked			
1936	Luick1914	unchecked			
1936	Mayrhofer1992	unchecked			
1936	Mees2020	unchecked			
1936	NeriRingeReview	unchecked			
1936	Nielsen2001	unchecked			
1936	Orel2003	unchecked			
1936	Pierce1999	unchecked			
1936	Pierce2003	unchecked			
1936	Pierce2006	unchecked			
1936	Pokorny1959	unchecked			
1936	Polome1967	unchecked			
1936	Polome1994	unchecked			
1936	Repansek2012	unchecked			
1936	Rice1994	unchecked			
1936	Ringe1984	unchecked			
1936	Ringe2017	unchecked			
1936	RingeTaylor2014	unchecked			
1936	Seebold1970	unchecked			
1936	SieversBrunner1965	unchecked			
1936	StauslandJohnsen2015	unchecked			
1936	Stiles1985	unchecked			
1936	Stiles1986a	unchecked			
1936	Stiles1986b	unchecked			
1936	Stiles2012	unchecked			
1936	Stiles2017	unchecked			
1936	Streitberg1896	unchecked			
1936	Sweet1953	unchecked			
1936	Thorhallsdottir1993	unchecked			
1936	Toon1992	unchecked			
1936	Versloot2017	unchecked			
1936	Versloot2021	unchecked			
1936	Versloot2025	unchecked			
1936	Vine2019	unchecked			
1936	Waxenberger2019	unchecked			
1936	WrightWuelcker1884	unchecked			
1936	vanHelten1905	unchecked			
1937	Adamczyk2001	unchecked			
1937	Bammesberger1990	unchecked			
1937	Bammesberger1992	unchecked			
1937	Bammesberger1997	unchecked			
1937	Beekes2010	unchecked			
1937	Bennett1950	unchecked			
1937	BosworthToller1898	unchecked			
1937	Bremmer2008	unchecked			
1937	Bremmer2009	unchecked			
1937	Bright1917	unchecked			
1937	Bulbring1902	unchecked			
1937	CaedmonsHymnVitt1452	unchecked			
1937	Campbell1939	unchecked			
1937	Campbell1959	unchecked			
1937	Cercignani1979	unchecked			
1937	Cercignani1980	unchecked			
1937	ClarkHall1960	unchecked			
1937	Crist2001	unchecked			
1937	Crist2002	unchecked			
1937	Erdmann1972	unchecked			
1937	Fulk2018	unchecked			
1937	GermanicSlavicBaltic2025	unchecked			
1937	Goblirsch1991	unchecked			
1937	Hamp1990	unchecked			
1937	Hirt1931	unchecked			
1937	Hogg1979	unchecked			
1937	HoggGrammar2011	unchecked			
1937	HoggIntroduction1992	unchecked			
1937	HoggPhonology1992	unchecked			
1937	HowellSalmons1988	unchecked			
1937	Kaluza1900	unchecked			
1937	Kastovsky1992	unchecked			
1937	Kilday2024	unchecked			
1937	KlugeSeebold2011	unchecked			
1937	Kortlandt2008	unchecked			
1937	Kroonen2006	unchecked			
1937	Kroonen2011	unchecked			
1937	Kroonen2013	unchecked			
1937	Kylstra1983	unchecked			
1937	Laker2007	unchecked			
1937	Lid1952	unchecked			
1937	Lloyd1966	unchecked			
1937	LloydSpringer1988	unchecked			
1937	Luehr1993	unchecked			
1937	Luick1914	unchecked			
1937	Mayrhofer1992	unchecked			
1937	Mees2020	unchecked			
1937	NeriRingeReview	unchecked			
1937	Nielsen2001	unchecked			
1937	Orel2003	unchecked			
1937	Pierce1999	unchecked			
1937	Pierce2003	unchecked			
1937	Pierce2006	unchecked			
1937	Pokorny1959	unchecked			
1937	Polome1967	unchecked			
1937	Polome1994	unchecked			
1937	Repansek2012	unchecked			
1937	Rice1994	unchecked			
1937	Ringe1984	unchecked			
1937	Ringe2017	unchecked			
1937	RingeTaylor2014	unchecked			
1937	Seebold1970	unchecked			
1937	SieversBrunner1965	unchecked			
1937	StauslandJohnsen2015	unchecked			
1937	Stiles1985	unchecked			
1937	Stiles1986a	unchecked			
1937	Stiles1986b	unchecked			
1937	Stiles2012	unchecked			
1937	Stiles2017	unchecked			
1937	Streitberg1896	unchecked			
1937	Sweet1953	unchecked			
1937	Thorhallsdottir1993	unchecked			
1937	Toon1992	unchecked			
1937	Versloot2017	unchecked			
1937	Versloot2021	unchecked			
1937	Versloot2025	unchecked			
1937	Vine2019	unchecked			
1937	Waxenberger2019	unchecked			
1937	WrightWuelcker1884	unchecked			
1937	vanHelten1905	unchecked			
1938	Adamczyk2001	unchecked			
1938	Bammesberger1990	unchecked			
1938	Bammesberger1992	unchecked			
1938	Bammesberger1997	unchecked			
1938	Beekes2010	unchecked			
1938	Bennett1950	unchecked			
1938	BosworthToller1898	unchecked			
1938	Bremmer2008	unchecked			
1938	Bremmer2009	unchecked			
1938	Bright1917	unchecked			
1938	Bulbring1902	unchecked			
1938	CaedmonsHymnVitt1452	unchecked			
1938	Campbell1939	unchecked			
1938	Campbell1959	unchecked			
1938	Cercignani1979	unchecked			
1938	Cercignani1980	unchecked			
1938	ClarkHall1960	unchecked			
1938	Crist2001	unchecked			
1938	Crist2002	unchecked			
1938	Erdmann1972	unchecked			
1938	Fulk2018	unchecked			
1938	GermanicSlavicBaltic2025	unchecked			
1938	Goblirsch1991	unchecked			
1938	Hamp1990	unchecked			
1938	Hirt1931	unchecked			
1938	Hogg1979	unchecked			
1938	HoggGrammar2011	unchecked			
1938	HoggIntroduction1992	unchecked			
1938	HoggPhonology1992	unchecked			
1938	HowellSalmons1988	unchecked			
1938	Kaluza1900	unchecked			
1938	Kastovsky1992	unchecked			
1938	Kilday2024	unchecked			
1938	KlugeSeebold2011	unchecked			
1938	Kortlandt2008	unchecked			
1938	Kroonen2006	unchecked			
1938	Kroonen2011	unchecked			
1938	Kroonen2013	unchecked			
1938	Kylstra1983	unchecked			
1938	Laker2007	unchecked			
1938	Lid1952	unchecked			
1938	Lloyd1966	unchecked			
1938	LloydSpringer1988	unchecked			
1938	Luehr1993	unchecked			
1938	Luick1914	unchecked			
1938	Mayrhofer1992	unchecked			
1938	Mees2020	unchecked			
1938	NeriRingeReview	unchecked			
1938	Nielsen2001	unchecked			
1938	Orel2003	unchecked			
1938	Pierce1999	unchecked			
1938	Pierce2003	unchecked			
1938	Pierce2006	unchecked			
1938	Pokorny1959	unchecked			
1938	Polome1967	unchecked			
1938	Polome1994	unchecked			
1938	Repansek2012	unchecked			
1938	Rice1994	unchecked			
1938	Ringe1984	unchecked			
1938	Ringe2017	unchecked			
1938	RingeTaylor2014	unchecked			
1938	Seebold1970	unchecked			
1938	SieversBrunner1965	unchecked			
1938	StauslandJohnsen2015	unchecked			
1938	Stiles1985	unchecked			
1938	Stiles1986a	unchecked			
1938	Stiles1986b	unchecked			
1938	Stiles2012	unchecked			
1938	Stiles2017	unchecked			
1938	Streitberg1896	unchecked			
1938	Sweet1953	unchecked			
1938	Thorhallsdottir1993	unchecked			
1938	Toon1992	unchecked			
1938	Versloot2017	unchecked			
1938	Versloot2021	unchecked			
1938	Versloot2025	unchecked			
1938	Vine2019	unchecked			
1938	Waxenberger2019	unchecked			
1938	WrightWuelcker1884	unchecked			
1938	vanHelten1905	unchecked			
1939	Adamczyk2001	unchecked			
1939	Bammesberger1990	unchecked			
1939	Bammesberger1992	unchecked			
1939	Bammesberger1997	unchecked			
1939	Beekes2010	unchecked			
1939	Bennett1950	unchecked			
1939	BosworthToller1898	unchecked			
1939	Bremmer2008	unchecked			
1939	Bremmer2009	unchecked			
1939	Bright1917	unchecked			
1939	Bulbring1902	unchecked			
1939	CaedmonsHymnVitt1452	unchecked			
1939	Campbell1939	unchecked			
1939	Campbell1959	unchecked			
1939	Cercignani1979	unchecked			
1939	Cercignani1980	unchecked			
1939	ClarkHall1960	unchecked			
1939	Crist2001	unchecked			
1939	Crist2002	unchecked			
1939	Erdmann1972	unchecked			
1939	Fulk2018	unchecked			
1939	GermanicSlavicBaltic2025	unchecked			
1939	Goblirsch1991	unchecked			
1939	Hamp1990	unchecked			
1939	Hirt1931	unchecked			
1939	Hogg1979	unchecked			
1939	HoggGrammar2011	unchecked			
1939	HoggIntroduction1992	unchecked			
1939	HoggPhonology1992	unchecked			
1939	HowellSalmons1988	unchecked			
1939	Kaluza1900	unchecked			
1939	Kastovsky1992	unchecked			
1939	Kilday2024	unchecked			
1939	KlugeSeebold2011	unchecked			
1939	Kortlandt2008	unchecked			
1939	Kroonen2006	unchecked			
1939	Kroonen2011	unchecked			
1939	Kroonen2013	unchecked			
1939	Kylstra1983	unchecked			
1939	Laker2007	unchecked			
1939	Lid1952	unchecked			
1939	Lloyd1966	unchecked			
1939	LloydSpringer1988	unchecked			
1939	Luehr1993	unchecked			
1939	Luick1914	unchecked			
1939	Mayrhofer1992	unchecked			
1939	Mees2020	unchecked			
1939	NeriRingeReview	unchecked			
1939	Nielsen2001	unchecked			
1939	Orel2003	unchecked			
1939	Pierce1999	unchecked			
1939	Pierce2003	unchecked			
1939	Pierce2006	unchecked			
1939	Pokorny1959	unchecked			
1939	Polome1967	unchecked			
1939	Polome1994	unchecked			
1939	Repansek2012	unchecked			
1939	Rice1994	unchecked			
1939	Ringe1984	unchecked			
1939	Ringe2017	unchecked			
1939	RingeTaylor2014	unchecked			
1939	Seebold1970	unchecked			
1939	SieversBrunner1965	unchecked			
1939	StauslandJohnsen2015	unchecked			
1939	Stiles1985	unchecked			
1939	Stiles1986a	unchecked			
1939	Stiles1986b	unchecked			
1939	Stiles2012	unchecked			
1939	Stiles2017	unchecked			
1939	Streitberg1896	unchecked			
1939	Sweet1953	unchecked			
1939	Thorhallsdottir1993	unchecked			
1939	Toon1992	unchecked			
1939	Versloot2017	unchecked			
1939	Versloot2021	unchecked			
1939	Versloot2025	unchecked			
1939	Vine2019	unchecked			
1939	Waxenberger2019	unchecked			
1939	WrightWuelcker1884	unchecked			
1939	vanHelten1905	unchecked			
1940	Adamczyk2001	unchecked			
1940	Bammesberger1990	unchecked			
1940	Bammesberger1992	unchecked			
1940	Bammesberger1997	unchecked			
1940	Beekes2010	unchecked			
1940	Bennett1950	unchecked			
1940	BosworthToller1898	unchecked			
1940	Bremmer2008	unchecked			
1940	Bremmer2009	unchecked			
1940	Bright1917	unchecked			
1940	Bulbring1902	unchecked			
1940	CaedmonsHymnVitt1452	unchecked			
1940	Campbell1939	unchecked			
1940	Campbell1959	unchecked			
1940	Cercignani1979	unchecked			
1940	Cercignani1980	unchecked			
1940	ClarkHall1960	unchecked			
1940	Crist2001	unchecked			
1940	Crist2002	unchecked			
1940	Erdmann1972	unchecked			
1940	Fulk2018	unchecked			
1940	GermanicSlavicBaltic2025	unchecked			
1940	Goblirsch1991	unchecked			
1940	Hamp1990	unchecked			
1940	Hirt1931	unchecked			
1940	Hogg1979	unchecked			
1940	HoggGrammar2011	unchecked			
1940	HoggIntroduction1992	unchecked			
1940	HoggPhonology1992	unchecked			
1940	HowellSalmons1988	unchecked			
1940	Kaluza1900	unchecked			
1940	Kastovsky1992	unchecked			
1940	Kilday2024	unchecked			
1940	KlugeSeebold2011	unchecked			
1940	Kortlandt2008	unchecked			
1940	Kroonen2006	unchecked			
1940	Kroonen2011	unchecked			
1940	Kroonen2013	unchecked			
1940	Kylstra1983	unchecked			
1940	Laker2007	unchecked			
1940	Lid1952	unchecked			
1940	Lloyd1966	unchecked			
1940	LloydSpringer1988	unchecked			
1940	Luehr1993	unchecked			
1940	Luick1914	unchecked			
1940	Mayrhofer1992	unchecked			
1940	Mees2020	unchecked			
1940	NeriRingeReview	unchecked			
1940	Nielsen2001	unchecked			
1940	Orel2003	unchecked			
1940	Pierce1999	unchecked			
1940	Pierce2003	unchecked			
1940	Pierce2006	unchecked			
1940	Pokorny1959	unchecked			
1940	Polome1967	unchecked			
1940	Polome1994	unchecked			
1940	Repansek2012	unchecked			
1940	Rice1994	unchecked			
1940	Ringe1984	unchecked			
1940	Ringe2017	unchecked			
1940	RingeTaylor2014	unchecked			
1940	Seebold1970	unchecked			
1940	SieversBrunner1965	unchecked			
1940	StauslandJohnsen2015	unchecked			
1940	Stiles1985	unchecked			
1940	Stiles1986a	unchecked			
1940	Stiles1986b	unchecked			
1940	Stiles2012	unchecked			
1940	Stiles2017	unchecked			
1940	Streitberg1896	unchecked			
1940	Sweet1953	unchecked			
1940	Thorhallsdottir1993	unchecked			
1940	Toon1992	unchecked			
1940	Versloot2017	unchecked			
1940	Versloot2021	unchecked			
1940	Versloot2025	unchecked			
1940	Vine2019	unchecked			
1940	Waxenberger2019	unchecked			
1940	WrightWuelcker1884	unchecked			
1940	vanHelten1905	unchecked			
1941	Adamczyk2001	unchecked			
1941	Bammesberger1990	unchecked			
1941	Bammesberger1992	unchecked			
1941	Bammesberger1997	unchecked			
1941	Beekes2010	unchecked			
1941	Bennett1950	unchecked			
1941	BosworthToller1898	unchecked			
1941	Bremmer2008	unchecked			
1941	Bremmer2009	unchecked			
1941	Bright1917	unchecked			
1941	Bulbring1902	unchecked			
1941	CaedmonsHymnVitt1452	unchecked			
1941	Campbell1939	unchecked			
1941	Campbell1959	unchecked			
1941	Cercignani1979	unchecked			
1941	Cercignani1980	unchecked			
1941	ClarkHall1960	unchecked			
1941	Crist2001	unchecked			
1941	Crist2002	unchecked			
1941	Erdmann1972	unchecked			
1941	Fulk2018	unchecked			
1941	GermanicSlavicBaltic2025	unchecked			
1941	Goblirsch1991	unchecked			
1941	Hamp1990	unchecked			
1941	Hirt1931	unchecked			
1941	Hogg1979	unchecked			
1941	HoggGrammar2011	unchecked			
1941	HoggIntroduction1992	unchecked			
1941	HoggPhonology1992	unchecked			
1941	HowellSalmons1988	unchecked			
1941	Kaluza1900	unchecked			
1941	Kastovsky1992	unchecked			
1941	Kilday2024	unchecked			
1941	KlugeSeebold2011	unchecked			
1941	Kortlandt2008	unchecked			
1941	Kroonen2006	unchecked			
1941	Kroonen2011	unchecked			
1941	Kroonen2013	unchecked			
1941	Kylstra1983	unchecked			
1941	Laker2007	unchecked			
1941	Lid1952	unchecked			
1941	Lloyd1966	unchecked			
1941	LloydSpringer1988	unchecked			
1941	Luehr1993	unchecked			
1941	Luick1914	unchecked			
1941	Mayrhofer1992	unchecked			
1941	Mees2020	unchecked			
1941	NeriRingeReview	unchecked			
1941	Nielsen2001	unchecked			
1941	Orel2003	unchecked			
1941	Pierce1999	unchecked			
1941	Pierce2003	unchecked			
1941	Pierce2006	unchecked			
1941	Pokorny1959	unchecked			
1941	Polome1967	unchecked			
1941	Polome1994	unchecked			
1941	Repansek2012	unchecked			
1941	Rice1994	unchecked			
1941	Ringe1984	unchecked			
1941	Ringe2017	unchecked			
1941	RingeTaylor2014	unchecked			
1941	Seebold1970	unchecked			
1941	SieversBrunner1965	unchecked			
1941	StauslandJohnsen2015	unchecked			
1941	Stiles1985	unchecked			
1941	Stiles1986a	unchecked			
1941	Stiles1986b	unchecked			
1941	Stiles2012	unchecked			
1941	Stiles2017	unchecked			
1941	Streitberg1896	unchecked			
1941	Sweet1953	unchecked			
1941	Thorhallsdottir1993	unchecked			
1941	Toon1992	unchecked			
1941	Versloot2017	unchecked			
1941	Versloot2021	unchecked			
1941	Versloot2025	unchecked			
1941	Vine2019	unchecked			
1941	Waxenberger2019	unchecked			
1941	WrightWuelcker1884	unchecked			
1941	vanHelten1905	unchecked			
1942	Adamczyk2001	unchecked			
1942	Bammesberger1990	unchecked			
1942	Bammesberger1992	unchecked			
1942	Bammesberger1997	unchecked			
1942	Beekes2010	unchecked			
1942	Bennett1950	unchecked			
1942	BosworthToller1898	unchecked			
1942	Bremmer2008	unchecked			
1942	Bremmer2009	unchecked			
1942	Bright1917	unchecked			
1942	Bulbring1902	unchecked			
1942	CaedmonsHymnVitt1452	unchecked			
1942	Campbell1939	unchecked			
1942	Campbell1959	unchecked			
1942	Cercignani1979	unchecked			
1942	Cercignani1980	unchecked			
1942	ClarkHall1960	unchecked			
1942	Crist2001	unchecked			
1942	Crist2002	unchecked			
1942	Erdmann1972	unchecked			
1942	Fulk2018	unchecked			
1942	GermanicSlavicBaltic2025	unchecked			
1942	Goblirsch1991	unchecked			
1942	Hamp1990	unchecked			
1942	Hirt1931	unchecked			
1942	Hogg1979	unchecked			
1942	HoggGrammar2011	unchecked			
1942	HoggIntroduction1992	unchecked			
1942	HoggPhonology1992	unchecked			
1942	HowellSalmons1988	unchecked			
1942	Kaluza1900	unchecked			
1942	Kastovsky1992	unchecked			
1942	Kilday2024	unchecked			
1942	KlugeSeebold2011	unchecked			
1942	Kortlandt2008	unchecked			
1942	Kroonen2006	unchecked			
1942	Kroonen2011	unchecked			
1942	Kroonen2013	unchecked			
1942	Kylstra1983	unchecked			
1942	Laker2007	unchecked			
1942	Lid1952	unchecked			
1942	Lloyd1966	unchecked			
1942	LloydSpringer1988	unchecked			
1942	Luehr1993	unchecked			
1942	Luick1914	unchecked			
1942	Mayrhofer1992	unchecked			
1942	Mees2020	unchecked			
1942	NeriRingeReview	unchecked			
1942	Nielsen2001	unchecked			
1942	Orel2003	unchecked			
1942	Pierce1999	unchecked			
1942	Pierce2003	unchecked			
1942	Pierce2006	unchecked			
1942	Pokorny1959	unchecked			
1942	Polome1967	unchecked			
1942	Polome1994	unchecked			
1942	Repansek2012	unchecked			
1942	Rice1994	unchecked			
1942	Ringe1984	unchecked			
1942	Ringe2017	unchecked			
1942	RingeTaylor2014	unchecked			
1942	Seebold1970	unchecked			
1942	SieversBrunner1965	unchecked			
1942	StauslandJohnsen2015	unchecked			
1942	Stiles1985	unchecked			
1942	Stiles1986a	unchecked			
1942	Stiles1986b	unchecked			
1942	Stiles2012	unchecked			
1942	Stiles2017	unchecked			
1942	Streitberg1896	unchecked			
1942	Sweet1953	unchecked			
1942	Thorhallsdottir1993	unchecked			
1942	Toon1992	unchecked			
1942	Versloot2017	unchecked			
1942	Versloot2021	unchecked			
1942	Versloot2025	unchecked			
1942	Vine2019	unchecked			
1942	Waxenberger2019	unchecked			
1942	WrightWuelcker1884	unchecked			
1942	vanHelten1905	unchecked			
1943	Adamczyk2001	unchecked			
1943	Bammesberger1990	unchecked			
1943	Bammesberger1992	unchecked			
1943	Bammesberger1997	unchecked			
1943	Beekes2010	unchecked			
1943	Bennett1950	unchecked			
1943	BosworthToller1898	unchecked			
1943	Bremmer2008	unchecked			
1943	Bremmer2009	unchecked			
1943	Bright1917	unchecked			
1943	Bulbring1902	unchecked			
1943	CaedmonsHymnVitt1452	unchecked			
1943	Campbell1939	unchecked			
1943	Campbell1959	unchecked			
1943	Cercignani1979	unchecked			
1943	Cercignani1980	unchecked			
1943	ClarkHall1960	unchecked			
1943	Crist2001	unchecked			
1943	Crist2002	unchecked			
1943	Erdmann1972	unchecked			
1943	Fulk2018	unchecked			
1943	GermanicSlavicBaltic2025	unchecked			
1943	Goblirsch1991	unchecked			
1943	Hamp1990	unchecked			
1943	Hirt1931	unchecked			
1943	Hogg1979	unchecked			
1943	HoggGrammar2011	unchecked			
1943	HoggIntroduction1992	unchecked			
1943	HoggPhonology1992	unchecked			
1943	HowellSalmons1988	unchecked			
1943	Kaluza1900	unchecked			
1943	Kastovsky1992	unchecked			
1943	Kilday2024	unchecked			
1943	KlugeSeebold2011	unchecked			
1943	Kortlandt2008	unchecked			
1943	Kroonen2006	unchecked			
1943	Kroonen2011	unchecked			
1943	Kroonen2013	unchecked			
1943	Kylstra1983	unchecked			
1943	Laker2007	unchecked			
1943	Lid1952	unchecked			
1943	Lloyd1966	unchecked			
1943	LloydSpringer1988	unchecked			
1943	Luehr1993	unchecked			
1943	Luick1914	unchecked			
1943	Mayrhofer1992	unchecked			
1943	Mees2020	unchecked			
1943	NeriRingeReview	unchecked			
1943	Nielsen2001	unchecked			
1943	Orel2003	unchecked			
1943	Pierce1999	unchecked			
1943	Pierce2003	unchecked			
1943	Pierce2006	unchecked			
1943	Pokorny1959	unchecked			
1943	Polome1967	unchecked			
1943	Polome1994	unchecked			
1943	Repansek2012	unchecked			
1943	Rice1994	unchecked			
1943	Ringe1984	unchecked			
1943	Ringe2017	unchecked			
1943	RingeTaylor2014	unchecked			
1943	Seebold1970	unchecked			
1943	SieversBrunner1965	unchecked			
1943	StauslandJohnsen2015	unchecked			
1943	Stiles1985	unchecked			
1943	Stiles1986a	unchecked			
1943	Stiles1986b	unchecked			
1943	Stiles2012	unchecked			
1943	Stiles2017	unchecked			
1943	Streitberg1896	unchecked			
1943	Sweet1953	unchecked			
1943	Thorhallsdottir1993	unchecked			
1943	Toon1992	unchecked			
1943	Versloot2017	unchecked			
1943	Versloot2021	unchecked			
1943	Versloot2025	unchecked			
1943	Vine2019	unchecked			
1943	Waxenberger2019	unchecked			
1943	WrightWuelcker1884	unchecked			
1943	vanHelten1905	unchecked			
1944	Adamczyk2001	unchecked			
1944	Bammesberger1990	unchecked			
1944	Bammesberger1992	unchecked			
1944	Bammesberger1997	unchecked			
1944	Beekes2010	unchecked			
1944	Bennett1950	unchecked			
1944	BosworthToller1898	unchecked			
1944	Bremmer2008	unchecked			
1944	Bremmer2009	unchecked			
1944	Bright1917	unchecked			
1944	Bulbring1902	unchecked			
1944	CaedmonsHymnVitt1452	unchecked			
1944	Campbell1939	unchecked			
1944	Campbell1959	unchecked			
1944	Cercignani1979	unchecked			
1944	Cercignani1980	unchecked			
1944	ClarkHall1960	unchecked			
1944	Crist2001	unchecked			
1944	Crist2002	unchecked			
1944	Erdmann1972	unchecked			
1944	Fulk2018	unchecked			
1944	GermanicSlavicBaltic2025	unchecked			
1944	Goblirsch1991	unchecked			
1944	Hamp1990	unchecked			
1944	Hirt1931	unchecked			
1944	Hogg1979	unchecked			
1944	HoggGrammar2011	unchecked			
1944	HoggIntroduction1992	unchecked			
1944	HoggPhonology1992	unchecked			
1944	HowellSalmons1988	unchecked			
1944	Kaluza1900	unchecked			
1944	Kastovsky1992	unchecked			
1944	Kilday2024	unchecked			
1944	KlugeSeebold2011	unchecked			
1944	Kortlandt2008	unchecked			
1944	Kroonen2006	unchecked			
1944	Kroonen2011	unchecked			
1944	Kroonen2013	unchecked			
1944	Kylstra1983	unchecked			
1944	Laker2007	unchecked			
1944	Lid1952	unchecked			
1944	Lloyd1966	unchecked			
1944	LloydSpringer1988	unchecked			
1944	Luehr1993	unchecked			
1944	Luick1914	unchecked			
1944	Mayrhofer1992	unchecked			
1944	Mees2020	unchecked			
1944	NeriRingeReview	unchecked			
1944	Nielsen2001	unchecked			
1944	Orel2003	unchecked			
1944	Pierce1999	unchecked			
1944	Pierce2003	unchecked			
1944	Pierce2006	unchecked			
1944	Pokorny1959	unchecked			
1944	Polome1967	unchecked			
1944	Polome1994	unchecked			
1944	Repansek2012	unchecked			
1944	Rice1994	unchecked			
1944	Ringe1984	unchecked			
1944	Ringe2017	unchecked			
1944	RingeTaylor2014	unchecked			
1944	Seebold1970	unchecked			
1944	SieversBrunner1965	unchecked			
1944	StauslandJohnsen2015	unchecked			
1944	Stiles1985	unchecked			
1944	Stiles1986a	unchecked			
1944	Stiles1986b	unchecked			
1944	Stiles2012	unchecked			
1944	Stiles2017	unchecked			
1944	Streitberg1896	unchecked			
1944	Sweet1953	unchecked			
1944	Thorhallsdottir1993	unchecked			
1944	Toon1992	unchecked			
1944	Versloot2017	unchecked			
1944	Versloot2021	unchecked			
1944	Versloot2025	unchecked			
1944	Vine2019	unchecked			
1944	Waxenberger2019	unchecked			
1944	WrightWuelcker1884	unchecked			
1944	vanHelten1905	unchecked			
1945	Adamczyk2001	unchecked			
1945	Bammesberger1990	unchecked			
1945	Bammesberger1992	unchecked			
1945	Bammesberger1997	unchecked			
1945	Beekes2010	unchecked			
1945	Bennett1950	unchecked			
1945	BosworthToller1898	unchecked			
1945	Bremmer2008	unchecked			
1945	Bremmer2009	unchecked			
1945	Bright1917	unchecked			
1945	Bulbring1902	unchecked			
1945	CaedmonsHymnVitt1452	unchecked			
1945	Campbell1939	unchecked			
1945	Campbell1959	unchecked			
1945	Cercignani1979	unchecked			
1945	Cercignani1980	unchecked			
1945	ClarkHall1960	unchecked			
1945	Crist2001	unchecked			
1945	Crist2002	unchecked			
1945	Erdmann1972	unchecked			
1945	Fulk2018	unchecked			
1945	GermanicSlavicBaltic2025	unchecked			
1945	Goblirsch1991	unchecked			
1945	Hamp1990	unchecked			
1945	Hirt1931	unchecked			
1945	Hogg1979	unchecked			
1945	HoggGrammar2011	unchecked			
1945	HoggIntroduction1992	unchecked			
1945	HoggPhonology1992	unchecked			
1945	HowellSalmons1988	unchecked			
1945	Kaluza1900	unchecked			
1945	Kastovsky1992	unchecked			
1945	Kilday2024	unchecked			
1945	KlugeSeebold2011	unchecked			
1945	Kortlandt2008	unchecked			
1945	Kroonen2006	unchecked			
1945	Kroonen2011	unchecked			
1945	Kroonen2013	unchecked			
1945	Kylstra1983	unchecked			
1945	Laker2007	unchecked			
1945	Lid1952	unchecked			
1945	Lloyd1966	unchecked			
1945	LloydSpringer1988	unchecked			
1945	Luehr1993	unchecked			
1945	Luick1914	unchecked			
1945	Mayrhofer1992	unchecked			
1945	Mees2020	unchecked			
1945	NeriRingeReview	unchecked			
1945	Nielsen2001	unchecked			
1945	Orel2003	unchecked			
1945	Pierce1999	unchecked			
1945	Pierce2003	unchecked			
1945	Pierce2006	unchecked			
1945	Pokorny1959	unchecked			
1945	Polome1967	unchecked			
1945	Polome1994	unchecked			
1945	Repansek2012	unchecked			
1945	Rice1994	unchecked			
1945	Ringe1984	unchecked			
1945	Ringe2017	unchecked			
1945	RingeTaylor2014	unchecked			
1945	Seebold1970	unchecked			
1945	SieversBrunner1965	unchecked			
1945	StauslandJohnsen2015	unchecked			
1945	Stiles1985	unchecked			
1945	Stiles1986a	unchecked			
1945	Stiles1986b	unchecked			
1945	Stiles2012	unchecked			
1945	Stiles2017	unchecked			
1945	Streitberg1896	unchecked			
1945	Sweet1953	unchecked			
1945	Thorhallsdottir1993	unchecked			
1945	Toon1992	unchecked			
1945	Versloot2017	unchecked			
1945	Versloot2021	unchecked			
1945	Versloot2025	unchecked			
1945	Vine2019	unchecked			
1945	Waxenberger2019	unchecked			
1945	WrightWuelcker1884	unchecked			
1945	vanHelten1905	unchecked			
1946	Adamczyk2001	unchecked			
1946	Bammesberger1990	unchecked			
1946	Bammesberger1992	unchecked			
1946	Bammesberger1997	unchecked			
1946	Beekes2010	unchecked			
1946	Bennett1950	unchecked			
1946	BosworthToller1898	unchecked			
1946	Bremmer2008	unchecked			
1946	Bremmer2009	unchecked			
1946	Bright1917	unchecked			
1946	Bulbring1902	unchecked			
1946	CaedmonsHymnVitt1452	unchecked			
1946	Campbell1939	unchecked			
1946	Campbell1959	unchecked			
1946	Cercignani1979	unchecked			
1946	Cercignani1980	unchecked			
1946	ClarkHall1960	unchecked			
1946	Crist2001	unchecked			
1946	Crist2002	unchecked			
1946	Erdmann1972	unchecked			
1946	Fulk2018	unchecked			
1946	GermanicSlavicBaltic2025	unchecked			
1946	Goblirsch1991	unchecked			
1946	Hamp1990	unchecked			
1946	Hirt1931	unchecked			
1946	Hogg1979	unchecked			
1946	HoggGrammar2011	unchecked			
1946	HoggIntroduction1992	unchecked			
1946	HoggPhonology1992	unchecked			
1946	HowellSalmons1988	unchecked			
1946	Kaluza1900	unchecked			
1946	Kastovsky1992	unchecked			
1946	Kilday2024	unchecked			
1946	KlugeSeebold2011	unchecked			
1946	Kortlandt2008	unchecked			
1946	Kroonen2006	unchecked			
1946	Kroonen2011	unchecked			
1946	Kroonen2013	unchecked			
1946	Kylstra1983	unchecked			
1946	Laker2007	unchecked			
1946	Lid1952	unchecked			
1946	Lloyd1966	unchecked			
1946	LloydSpringer1988	unchecked			
1946	Luehr1993	unchecked			
1946	Luick1914	unchecked			
1946	Mayrhofer1992	unchecked			
1946	Mees2020	unchecked			
1946	NeriRingeReview	unchecked			
1946	Nielsen2001	unchecked			
1946	Orel2003	unchecked			
1946	Pierce1999	unchecked			
1946	Pierce2003	unchecked			
1946	Pierce2006	unchecked			
1946	Pokorny1959	unchecked			
1946	Polome1967	unchecked			
1946	Polome1994	unchecked			
1946	Repansek2012	unchecked			
1946	Rice1994	unchecked			
1946	Ringe1984	unchecked			
1946	Ringe2017	unchecked			
1946	RingeTaylor2014	unchecked			
1946	Seebold1970	unchecked			
1946	SieversBrunner1965	unchecked			
1946	StauslandJohnsen2015	unchecked			
1946	Stiles1985	unchecked			
1946	Stiles1986a	unchecked			
1946	Stiles1986b	unchecked			
1946	Stiles2012	unchecked			
1946	Stiles2017	unchecked			
1946	Streitberg1896	unchecked			
1946	Sweet1953	unchecked			
1946	Thorhallsdottir1993	unchecked			
1946	Toon1992	unchecked			
1946	Versloot2017	unchecked			
1946	Versloot2021	unchecked			
1946	Versloot2025	unchecked			
1946	Vine2019	unchecked			
1946	Waxenberger2019	unchecked			
1946	WrightWuelcker1884	unchecked			
1946	vanHelten1905	unchecked			
1947	Adamczyk2001	unchecked			
1947	Bammesberger1990	unchecked			
1947	Bammesberger1992	unchecked			
1947	Bammesberger1997	unchecked			
1947	Beekes2010	unchecked			
1947	Bennett1950	unchecked			
1947	BosworthToller1898	unchecked			
1947	Bremmer2008	unchecked			
1947	Bremmer2009	unchecked			
1947	Bright1917	unchecked			
1947	Bulbring1902	unchecked			
1947	CaedmonsHymnVitt1452	unchecked			
1947	Campbell1939	unchecked			
1947	Campbell1959	unchecked			
1947	Cercignani1979	unchecked			
1947	Cercignani1980	unchecked			
1947	ClarkHall1960	unchecked			
1947	Crist2001	unchecked			
1947	Crist2002	unchecked			
1947	Erdmann1972	unchecked			
1947	Fulk2018	unchecked			
1947	GermanicSlavicBaltic2025	unchecked			
1947	Goblirsch1991	unchecked			
1947	Hamp1990	unchecked			
1947	Hirt1931	unchecked			
1947	Hogg1979	unchecked			
1947	HoggGrammar2011	unchecked			
1947	HoggIntroduction1992	unchecked			
1947	HoggPhonology1992	unchecked			
1947	HowellSalmons1988	unchecked			
1947	Kaluza1900	unchecked			
1947	Kastovsky1992	unchecked			
1947	Kilday2024	unchecked			
1947	KlugeSeebold2011	unchecked			
1947	Kortlandt2008	unchecked			
1947	Kroonen2006	unchecked			
1947	Kroonen2011	unchecked			
1947	Kroonen2013	unchecked			
1947	Kylstra1983	unchecked			
1947	Laker2007	unchecked			
1947	Lid1952	unchecked			
1947	Lloyd1966	unchecked			
1947	LloydSpringer1988	unchecked			
1947	Luehr1993	unchecked			
1947	Luick1914	unchecked			
1947	Mayrhofer1992	unchecked			
1947	Mees2020	unchecked			
1947	NeriRingeReview	unchecked			
1947	Nielsen2001	unchecked			
1947	Orel2003	unchecked			
1947	Pierce1999	unchecked			
1947	Pierce2003	unchecked			
1947	Pierce2006	unchecked			
1947	Pokorny1959	unchecked			
1947	Polome1967	unchecked			
1947	Polome1994	unchecked			
1947	Repansek2012	unchecked			
1947	Rice1994	unchecked			
1947	Ringe1984	unchecked			
1947	Ringe2017	unchecked			
1947	RingeTaylor2014	unchecked			
1947	Seebold1970	unchecked			
1947	SieversBrunner1965	unchecked			
1947	StauslandJohnsen2015	unchecked			
1947	Stiles1985	unchecked			
1947	Stiles1986a	unchecked			
1947	Stiles1986b	unchecked			
1947	Stiles2012	unchecked			
1947	Stiles2017	unchecked			
1947	Streitberg1896	unchecked			
1947	Sweet1953	unchecked			
1947	Thorhallsdottir1993	unchecked			
1947	Toon1992	unchecked			
1947	Versloot2017	unchecked			
1947	Versloot2021	unchecked			
1947	Versloot2025	unchecked			
1947	Vine2019	unchecked			
1947	Waxenberger2019	unchecked			
1947	WrightWuelcker1884	unchecked			
1947	vanHelten1905	unchecked			
1948	Adamczyk2001	unchecked			
1948	Bammesberger1990	unchecked			
1948	Bammesberger1992	unchecked			
1948	Bammesberger1997	unchecked			
1948	Beekes2010	unchecked			
1948	Bennett1950	unchecked			
1948	BosworthToller1898	unchecked			
1948	Bremmer2008	unchecked			
1948	Bremmer2009	unchecked			
1948	Bright1917	unchecked			
1948	Bulbring1902	unchecked			
1948	CaedmonsHymnVitt1452	unchecked			
1948	Campbell1939	unchecked			
1948	Campbell1959	unchecked			
1948	Cercignani1979	unchecked			
1948	Cercignani1980	unchecked			
1948	ClarkHall1960	unchecked			
1948	Crist2001	unchecked			
1948	Crist2002	unchecked			
1948	Erdmann1972	unchecked			
1948	Fulk2018	unchecked			
1948	GermanicSlavicBaltic2025	unchecked			
1948	Goblirsch1991	unchecked			
1948	Hamp1990	unchecked			
1948	Hirt1931	unchecked			
1948	Hogg1979	unchecked			
1948	HoggGrammar2011	unchecked			
1948	HoggIntroduction1992	unchecked			
1948	HoggPhonology1992	unchecked			
1948	HowellSalmons1988	unchecked			
1948	Kaluza1900	unchecked			
1948	Kastovsky1992	unchecked			
1948	Kilday2024	unchecked			
1948	KlugeSeebold2011	unchecked			
1948	Kortlandt2008	unchecked			
1948	Kroonen2006	unchecked			
1948	Kroonen2011	unchecked			
1948	Kroonen2013	unchecked			
1948	Kylstra1983	unchecked			
1948	Laker2007	unchecked			
1948	Lid1952	unchecked			
1948	Lloyd1966	unchecked			
1948	LloydSpringer1988	unchecked			
1948	Luehr1993	unchecked			
1948	Luick1914	unchecked			
1948	Mayrhofer1992	unchecked			
1948	Mees2020	unchecked			
1948	NeriRingeReview	unchecked			
1948	Nielsen2001	unchecked			
1948	Orel2003	unchecked			
1948	Pierce1999	unchecked			
1948	Pierce2003	unchecked			
1948	Pierce2006	unchecked			
1948	Pokorny1959	unchecked			
1948	Polome1967	unchecked			
1948	Polome1994	unchecked			
1948	Repansek2012	unchecked			
1948	Rice1994	unchecked			
1948	Ringe1984	unchecked			
1948	Ringe2017	unchecked			
1948	RingeTaylor2014	unchecked			
1948	Seebold1970	unchecked			
1948	SieversBrunner1965	unchecked			
1948	StauslandJohnsen2015	unchecked			
1948	Stiles1985	unchecked			
1948	Stiles1986a	unchecked			
1948	Stiles1986b	unchecked			
1948	Stiles2012	unchecked			
1948	Stiles2017	unchecked			
1948	Streitberg1896	unchecked			
1948	Sweet1953	unchecked			
1948	Thorhallsdottir1993	unchecked			
1948	Toon1992	unchecked			
1948	Versloot2017	unchecked			
1948	Versloot2021	unchecked			
1948	Versloot2025	unchecked			
1948	Vine2019	unchecked			
1948	Waxenberger2019	unchecked			
1948	WrightWuelcker1884	unchecked			
1948	vanHelten1905	unchecked			
1949	Adamczyk2001	unchecked			
1949	Bammesberger1990	unchecked			
1949	Bammesberger1992	unchecked			
1949	Bammesberger1997	unchecked			
1949	Beekes2010	unchecked			
1949	Bennett1950	unchecked			
1949	BosworthToller1898	unchecked			
1949	Bremmer2008	unchecked			
1949	Bremmer2009	unchecked			
1949	Bright1917	unchecked			
1949	Bulbring1902	unchecked			
1949	CaedmonsHymnVitt1452	unchecked			
1949	Campbell1939	unchecked			
1949	Campbell1959	unchecked			
1949	Cercignani1979	unchecked			
1949	Cercignani1980	unchecked			
1949	ClarkHall1960	unchecked			
1949	Crist2001	unchecked			
1949	Crist2002	unchecked			
1949	Erdmann1972	unchecked			
1949	Fulk2018	unchecked			
1949	GermanicSlavicBaltic2025	unchecked			
1949	Goblirsch1991	unchecked			
1949	Hamp1990	unchecked			
1949	Hirt1931	unchecked			
1949	Hogg1979	unchecked			
1949	HoggGrammar2011	unchecked			
1949	HoggIntroduction1992	unchecked			
1949	HoggPhonology1992	unchecked			
1949	HowellSalmons1988	unchecked			
1949	Kaluza1900	unchecked			
1949	Kastovsky1992	unchecked			
1949	Kilday2024	unchecked			
1949	KlugeSeebold2011	unchecked			
1949	Kortlandt2008	unchecked			
1949	Kroonen2006	unchecked			
1949	Kroonen2011	unchecked			
1949	Kroonen2013	unchecked			
1949	Kylstra1983	unchecked			
1949	Laker2007	unchecked			
1949	Lid1952	unchecked			
1949	Lloyd1966	unchecked			
1949	LloydSpringer1988	unchecked			
1949	Luehr1993	unchecked			
1949	Luick1914	unchecked			
1949	Mayrhofer1992	unchecked			
1949	Mees2020	unchecked			
1949	NeriRingeReview	unchecked			
1949	Nielsen2001	unchecked			
1949	Orel2003	unchecked			
1949	Pierce1999	unchecked			
1949	Pierce2003	unchecked			
1949	Pierce2006	unchecked			
1949	Pokorny1959	unchecked			
1949	Polome1967	unchecked			
1949	Polome1994	unchecked			
1949	Repansek2012	unchecked			
1949	Rice1994	unchecked			
1949	Ringe1984	unchecked			
1949	Ringe2017	unchecked			
1949	RingeTaylor2014	unchecked			
1949	Seebold1970	unchecked			
1949	SieversBrunner1965	unchecked			
1949	StauslandJohnsen2015	unchecked			
1949	Stiles1985	unchecked			
1949	Stiles1986a	unchecked			
1949	Stiles1986b	unchecked			
1949	Stiles2012	unchecked			
1949	Stiles2017	unchecked			
1949	Streitberg1896	unchecked			
1949	Sweet1953	unchecked			
1949	Thorhallsdottir1993	unchecked			
1949	Toon1992	unchecked			
1949	Versloot2017	unchecked			
1949	Versloot2021	unchecked			
1949	Versloot2025	unchecked			
1949	Vine2019	unchecked			
1949	Waxenberger2019	unchecked			
1949	WrightWuelcker1884	unchecked			
1949	vanHelten1905	unchecked			
1950	Adamczyk2001	unchecked			
1950	Bammesberger1990	unchecked			
1950	Bammesberger1992	unchecked			
1950	Bammesberger1997	unchecked			
1950	Beekes2010	unchecked			
1950	Bennett1950	unchecked			
1950	BosworthToller1898	unchecked			
1950	Bremmer2008	unchecked			
1950	Bremmer2009	unchecked			
1950	Bright1917	unchecked			
1950	Bulbring1902	unchecked			
1950	CaedmonsHymnVitt1452	unchecked			
1950	Campbell1939	unchecked			
1950	Campbell1959	unchecked			
1950	Cercignani1979	unchecked			
1950	Cercignani1980	unchecked			
1950	ClarkHall1960	unchecked			
1950	Crist2001	unchecked			
1950	Crist2002	unchecked			
1950	Erdmann1972	unchecked			
1950	Fulk2018	unchecked			
1950	GermanicSlavicBaltic2025	unchecked			
1950	Goblirsch1991	unchecked			
1950	Hamp1990	unchecked			
1950	Hirt1931	unchecked			
1950	Hogg1979	unchecked			
1950	HoggGrammar2011	unchecked			
1950	HoggIntroduction1992	unchecked			
1950	HoggPhonology1992	unchecked			
1950	HowellSalmons1988	unchecked			
1950	Kaluza1900	unchecked			
1950	Kastovsky1992	unchecked			
1950	Kilday2024	unchecked			
1950	KlugeSeebold2011	unchecked			
1950	Kortlandt2008	unchecked			
1950	Kroonen2006	unchecked			
1950	Kroonen2011	unchecked			
1950	Kroonen2013	unchecked			
1950	Kylstra1983	unchecked			
1950	Laker2007	unchecked			
1950	Lid1952	unchecked			
1950	Lloyd1966	unchecked			
1950	LloydSpringer1988	unchecked			
1950	Luehr1993	unchecked			
1950	Luick1914	unchecked			
1950	Mayrhofer1992	unchecked			
1950	Mees2020	unchecked			
1950	NeriRingeReview	unchecked			
1950	Nielsen2001	unchecked			
1950	Orel2003	unchecked			
1950	Pierce1999	unchecked			
1950	Pierce2003	unchecked			
1950	Pierce2006	unchecked			
1950	Pokorny1959	unchecked			
1950	Polome1967	unchecked			
1950	Polome1994	unchecked			
1950	Repansek2012	unchecked			
1950	Rice1994	unchecked			
1950	Ringe1984	unchecked			
1950	Ringe2017	unchecked			
1950	RingeTaylor2014	unchecked			
1950	Seebold1970	unchecked			
1950	SieversBrunner1965	unchecked			
1950	StauslandJohnsen2015	unchecked			
1950	Stiles1985	unchecked			
1950	Stiles1986a	unchecked			
1950	Stiles1986b	unchecked			
1950	Stiles2012	unchecked			
1950	Stiles2017	unchecked			
1950	Streitberg1896	unchecked			
1950	Sweet1953	unchecked			
1950	Thorhallsdottir1993	unchecked			
1950	Toon1992	unchecked			
1950	Versloot2017	unchecked			
1950	Versloot2021	unchecked			
1950	Versloot2025	unchecked			
1950	Vine2019	unchecked			
1950	Waxenberger2019	unchecked			
1950	WrightWuelcker1884	unchecked			
1950	vanHelten1905	unchecked			
1951	Adamczyk2001	unchecked			
1951	Bammesberger1990	unchecked			
1951	Bammesberger1992	unchecked			
1951	Bammesberger1997	unchecked			
1951	Beekes2010	unchecked			
1951	Bennett1950	unchecked			
1951	BosworthToller1898	unchecked			
1951	Bremmer2008	unchecked			
1951	Bremmer2009	unchecked			
1951	Bright1917	unchecked			
1951	Bulbring1902	unchecked			
1951	CaedmonsHymnVitt1452	unchecked			
1951	Campbell1939	unchecked			
1951	Campbell1959	unchecked			
1951	Cercignani1979	unchecked			
1951	Cercignani1980	unchecked			
1951	ClarkHall1960	unchecked			
1951	Crist2001	unchecked			
1951	Crist2002	unchecked			
1951	Erdmann1972	unchecked			
1951	Fulk2018	unchecked			
1951	GermanicSlavicBaltic2025	unchecked			
1951	Goblirsch1991	unchecked			
1951	Hamp1990	unchecked			
1951	Hirt1931	unchecked			
1951	Hogg1979	unchecked			
1951	HoggGrammar2011	unchecked			
1951	HoggIntroduction1992	unchecked			
1951	HoggPhonology1992	unchecked			
1951	HowellSalmons1988	unchecked			
1951	Kaluza1900	unchecked			
1951	Kastovsky1992	unchecked			
1951	Kilday2024	unchecked			
1951	KlugeSeebold2011	unchecked			
1951	Kortlandt2008	unchecked			
1951	Kroonen2006	unchecked			
1951	Kroonen2011	unchecked			
1951	Kroonen2013	unchecked			
1951	Kylstra1983	unchecked			
1951	Laker2007	unchecked			
1951	Lid1952	unchecked			
1951	Lloyd1966	unchecked			
1951	LloydSpringer1988	unchecked			
1951	Luehr1993	unchecked			
1951	Luick1914	unchecked			
1951	Mayrhofer1992	unchecked			
1951	Mees2020	unchecked			
1951	NeriRingeReview	unchecked			
1951	Nielsen2001	unchecked			
1951	Orel2003	unchecked			
1951	Pierce1999	unchecked			
1951	Pierce2003	unchecked			
1951	Pierce2006	unchecked			
1951	Pokorny1959	unchecked			
1951	Polome1967	unchecked			
1951	Polome1994	unchecked			
1951	Repansek2012	unchecked			
1951	Rice1994	unchecked			
1951	Ringe1984	unchecked			
1951	Ringe2017	unchecked			
1951	RingeTaylor2014	unchecked			
1951	Seebold1970	unchecked			
1951	SieversBrunner1965	unchecked			
1951	StauslandJohnsen2015	unchecked			
1951	Stiles1985	unchecked			
1951	Stiles1986a	unchecked			
1951	Stiles1986b	unchecked			
1951	Stiles2012	unchecked			
1951	Stiles2017	unchecked			
1951	Streitberg1896	unchecked			
1951	Sweet1953	unchecked			
1951	Thorhallsdottir1993	unchecked			
1951	Toon1992	unchecked			
1951	Versloot2017	unchecked			
1951	Versloot2021	unchecked			
1951	Versloot2025	unchecked			
1951	Vine2019	unchecked			
1951	Waxenberger2019	unchecked			
1951	WrightWuelcker1884	unchecked			
1951	vanHelten1905	unchecked			
1952	Adamczyk2001	unchecked			
1952	Bammesberger1990	unchecked			
1952	Bammesberger1992	unchecked			
1952	Bammesberger1997	unchecked			
1952	Beekes2010	unchecked			
1952	Bennett1950	unchecked			
1952	BosworthToller1898	unchecked			
1952	Bremmer2008	unchecked			
1952	Bremmer2009	unchecked			
1952	Bright1917	unchecked			
1952	Bulbring1902	unchecked			
1952	CaedmonsHymnVitt1452	unchecked			
1952	Campbell1939	unchecked			
1952	Campbell1959	unchecked			
1952	Cercignani1979	unchecked			
1952	Cercignani1980	unchecked			
1952	ClarkHall1960	unchecked			
1952	Crist2001	unchecked			
1952	Crist2002	unchecked			
1952	Erdmann1972	unchecked			
1952	Fulk2018	unchecked			
1952	GermanicSlavicBaltic2025	unchecked			
1952	Goblirsch1991	unchecked			
1952	Hamp1990	unchecked			
1952	Hirt1931	unchecked			
1952	Hogg1979	unchecked			
1952	HoggGrammar2011	unchecked			
1952	HoggIntroduction1992	unchecked			
1952	HoggPhonology1992	unchecked			
1952	HowellSalmons1988	unchecked			
1952	Kaluza1900	unchecked			
1952	Kastovsky1992	unchecked			
1952	Kilday2024	unchecked			
1952	KlugeSeebold2011	unchecked			
1952	Kortlandt2008	unchecked			
1952	Kroonen2006	unchecked			
1952	Kroonen2011	unchecked			
1952	Kroonen2013	unchecked			
1952	Kylstra1983	unchecked			
1952	Laker2007	unchecked			
1952	Lid1952	unchecked			
1952	Lloyd1966	unchecked			
1952	LloydSpringer1988	unchecked			
1952	Luehr1993	unchecked			
1952	Luick1914	unchecked			
1952	Mayrhofer1992	unchecked			
1952	Mees2020	unchecked			
1952	NeriRingeReview	unchecked			
1952	Nielsen2001	unchecked			
1952	Orel2003	unchecked			
1952	Pierce1999	unchecked			
1952	Pierce2003	unchecked			
1952	Pierce2006	unchecked			
1952	Pokorny1959	unchecked			
1952	Polome1967	unchecked			
1952	Polome1994	unchecked			
1952	Repansek2012	unchecked			
1952	Rice1994	unchecked			
1952	Ringe1984	unchecked			
1952	Ringe2017	unchecked			
1952	RingeTaylor2014	unchecked			
1952	Seebold1970	unchecked			
1952	SieversBrunner1965	unchecked			
1952	StauslandJohnsen2015	unchecked			
1952	Stiles1985	unchecked			
1952	Stiles1986a	unchecked			
1952	Stiles1986b	unchecked			
1952	Stiles2012	unchecked			
1952	Stiles2017	unchecked			
1952	Streitberg1896	unchecked			
1952	Sweet1953	unchecked			
1952	Thorhallsdottir1993	unchecked			
1952	Toon1992	unchecked			
1952	Versloot2017	unchecked			
1952	Versloot2021	unchecked			
1952	Versloot2025	unchecked			
1952	Vine2019	unchecked			
1952	Waxenberger2019	unchecked			
1952	WrightWuelcker1884	unchecked			
1952	vanHelten1905	unchecked			
1953	Adamczyk2001	unchecked			
1953	Bammesberger1990	unchecked			
1953	Bammesberger1992	unchecked			
1953	Bammesberger1997	unchecked			
1953	Beekes2010	unchecked			
1953	Bennett1950	unchecked			
1953	BosworthToller1898	unchecked			
1953	Bremmer2008	unchecked			
1953	Bremmer2009	unchecked			
1953	Bright1917	unchecked			
1953	Bulbring1902	unchecked			
1953	CaedmonsHymnVitt1452	unchecked			
1953	Campbell1939	unchecked			
1953	Campbell1959	unchecked			
1953	Cercignani1979	unchecked			
1953	Cercignani1980	unchecked			
1953	ClarkHall1960	unchecked			
1953	Crist2001	unchecked			
1953	Crist2002	unchecked			
1953	Erdmann1972	unchecked			
1953	Fulk2018	unchecked			
1953	GermanicSlavicBaltic2025	unchecked			
1953	Goblirsch1991	unchecked			
1953	Hamp1990	unchecked			
1953	Hirt1931	unchecked			
1953	Hogg1979	unchecked			
1953	HoggGrammar2011	unchecked			
1953	HoggIntroduction1992	unchecked			
1953	HoggPhonology1992	unchecked			
1953	HowellSalmons1988	unchecked			
1953	Kaluza1900	unchecked			
1953	Kastovsky1992	unchecked			
1953	Kilday2024	unchecked			
1953	KlugeSeebold2011	unchecked			
1953	Kortlandt2008	unchecked			
1953	Kroonen2006	unchecked			
1953	Kroonen2011	unchecked			
1953	Kroonen2013	unchecked			
1953	Kylstra1983	unchecked			
1953	Laker2007	unchecked			
1953	Lid1952	unchecked			
1953	Lloyd1966	unchecked			
1953	LloydSpringer1988	unchecked			
1953	Luehr1993	unchecked			
1953	Luick1914	unchecked			
1953	Mayrhofer1992	unchecked			
1953	Mees2020	unchecked			
1953	NeriRingeReview	unchecked			
1953	Nielsen2001	unchecked			
1953	Orel2003	unchecked			
1953	Pierce1999	unchecked			
1953	Pierce2003	unchecked			
1953	Pierce2006	unchecked			
1953	Pokorny1959	unchecked			
1953	Polome1967	unchecked			
1953	Polome1994	unchecked			
1953	Repansek2012	unchecked			
1953	Rice1994	unchecked			
1953	Ringe1984	unchecked			
1953	Ringe2017	unchecked			
1953	RingeTaylor2014	unchecked			
1953	Seebold1970	unchecked			
1953	SieversBrunner1965	unchecked			
1953	StauslandJohnsen2015	unchecked			
1953	Stiles1985	unchecked			
1953	Stiles1986a	unchecked			
1953	Stiles1986b	unchecked			
1953	Stiles2012	unchecked			
1953	Stiles2017	unchecked			
1953	Streitberg1896	unchecked			
1953	Sweet1953	unchecked			
1953	Thorhallsdottir1993	unchecked			
1953	Toon1992	unchecked			
1953	Versloot2017	unchecked			
1953	Versloot2021	unchecked			
1953	Versloot2025	unchecked			
1953	Vine2019	unchecked			
1953	Waxenberger2019	unchecked			
1953	WrightWuelcker1884	unchecked			
1953	vanHelten1905	unchecked			
1954	Adamczyk2001	unchecked			
1954	Bammesberger1990	unchecked			
1954	Bammesberger1992	unchecked			
1954	Bammesberger1997	unchecked			
1954	Beekes2010	unchecked			
1954	Bennett1950	unchecked			
1954	BosworthToller1898	unchecked			
1954	Bremmer2008	unchecked			
1954	Bremmer2009	unchecked			
1954	Bright1917	unchecked			
1954	Bulbring1902	unchecked			
1954	CaedmonsHymnVitt1452	unchecked			
1954	Campbell1939	unchecked			
1954	Campbell1959	unchecked			
1954	Cercignani1979	unchecked			
1954	Cercignani1980	unchecked			
1954	ClarkHall1960	unchecked			
1954	Crist2001	unchecked			
1954	Crist2002	unchecked			
1954	Erdmann1972	unchecked			
1954	Fulk2018	unchecked			
1954	GermanicSlavicBaltic2025	unchecked			
1954	Goblirsch1991	unchecked			
1954	Hamp1990	unchecked			
1954	Hirt1931	unchecked			
1954	Hogg1979	unchecked			
1954	HoggGrammar2011	unchecked			
1954	HoggIntroduction1992	unchecked			
1954	HoggPhonology1992	unchecked			
1954	HowellSalmons1988	unchecked			
1954	Kaluza1900	unchecked			
1954	Kastovsky1992	unchecked			
1954	Kilday2024	unchecked			
1954	KlugeSeebold2011	unchecked			
1954	Kortlandt2008	unchecked			
1954	Kroonen2006	unchecked			
1954	Kroonen2011	unchecked			
1954	Kroonen2013	unchecked			
1954	Kylstra1983	unchecked			
1954	Laker2007	unchecked			
1954	Lid1952	unchecked			
1954	Lloyd1966	unchecked			
1954	LloydSpringer1988	unchecked			
1954	Luehr1993	unchecked			
1954	Luick1914	unchecked			
1954	Mayrhofer1992	unchecked			
1954	Mees2020	unchecked			
1954	NeriRingeReview	unchecked			
1954	Nielsen2001	unchecked			
1954	Orel2003	unchecked			
1954	Pierce1999	unchecked			
1954	Pierce2003	unchecked			
1954	Pierce2006	unchecked			
1954	Pokorny1959	unchecked			
1954	Polome1967	unchecked			
1954	Polome1994	unchecked			
1954	Repansek2012	unchecked			
1954	Rice1994	unchecked			
1954	Ringe1984	unchecked			
1954	Ringe2017	unchecked			
1954	RingeTaylor2014	unchecked			
1954	Seebold1970	unchecked			
1954	SieversBrunner1965	unchecked			
1954	StauslandJohnsen2015	unchecked			
1954	Stiles1985	unchecked			
1954	Stiles1986a	unchecked			
1954	Stiles1986b	unchecked			
1954	Stiles2012	unchecked			
1954	Stiles2017	unchecked			
1954	Streitberg1896	unchecked			
1954	Sweet1953	unchecked			
1954	Thorhallsdottir1993	unchecked			
1954	Toon1992	unchecked			
1954	Versloot2017	unchecked			
1954	Versloot2021	unchecked			
1954	Versloot2025	unchecked			
1954	Vine2019	unchecked			
1954	Waxenberger2019	unchecked			
1954	WrightWuelcker1884	unchecked			
1954	vanHelten1905	unchecked			
1955	Adamczyk2001	unchecked			
1955	Bammesberger1990	unchecked			
1955	Bammesberger1992	unchecked			
1955	Bammesberger1997	unchecked			
1955	Beekes2010	unchecked			
1955	Bennett1950	unchecked			
1955	BosworthToller1898	unchecked			
1955	Bremmer2008	unchecked			
1955	Bremmer2009	unchecked			
1955	Bright1917	unchecked			
1955	Bulbring1902	unchecked			
1955	CaedmonsHymnVitt1452	unchecked			
1955	Campbell1939	unchecked			
1955	Campbell1959	unchecked			
1955	Cercignani1979	unchecked			
1955	Cercignani1980	unchecked			
1955	ClarkHall1960	unchecked			
1955	Crist2001	unchecked			
1955	Crist2002	unchecked			
1955	Erdmann1972	unchecked			
1955	Fulk2018	unchecked			
1955	GermanicSlavicBaltic2025	unchecked			
1955	Goblirsch1991	unchecked			
1955	Hamp1990	unchecked			
1955	Hirt1931	unchecked			
1955	Hogg1979	unchecked			
1955	HoggGrammar2011	unchecked			
1955	HoggIntroduction1992	unchecked			
1955	HoggPhonology1992	unchecked			
1955	HowellSalmons1988	unchecked			
1955	Kaluza1900	unchecked			
1955	Kastovsky1992	unchecked			
1955	Kilday2024	unchecked			
1955	KlugeSeebold2011	unchecked			
1955	Kortlandt2008	unchecked			
1955	Kroonen2006	unchecked			
1955	Kroonen2011	unchecked			
1955	Kroonen2013	unchecked			
1955	Kylstra1983	unchecked			
1955	Laker2007	unchecked			
1955	Lid1952	unchecked			
1955	Lloyd1966	unchecked			
1955	LloydSpringer1988	unchecked			
1955	Luehr1993	unchecked			
1955	Luick1914	unchecked			
1955	Mayrhofer1992	unchecked			
1955	Mees2020	unchecked			
1955	NeriRingeReview	unchecked			
1955	Nielsen2001	unchecked			
1955	Orel2003	unchecked			
1955	Pierce1999	unchecked			
1955	Pierce2003	unchecked			
1955	Pierce2006	unchecked			
1955	Pokorny1959	unchecked			
1955	Polome1967	unchecked			
1955	Polome1994	unchecked			
1955	Repansek2012	unchecked			
1955	Rice1994	unchecked			
1955	Ringe1984	unchecked			
1955	Ringe2017	unchecked			
1955	RingeTaylor2014	unchecked			
1955	Seebold1970	unchecked			
1955	SieversBrunner1965	unchecked			
1955	StauslandJohnsen2015	unchecked			
1955	Stiles1985	unchecked			
1955	Stiles1986a	unchecked			
1955	Stiles1986b	unchecked			
1955	Stiles2012	unchecked			
1955	Stiles2017	unchecked			
1955	Streitberg1896	unchecked			
1955	Sweet1953	unchecked			
1955	Thorhallsdottir1993	unchecked			
1955	Toon1992	unchecked			
1955	Versloot2017	unchecked			
1955	Versloot2021	unchecked			
1955	Versloot2025	unchecked			
1955	Vine2019	unchecked			
1955	Waxenberger2019	unchecked			
1955	WrightWuelcker1884	unchecked			
1955	vanHelten1905	unchecked			
1956	Adamczyk2001	unchecked			
1956	Bammesberger1990	unchecked			
1956	Bammesberger1992	unchecked			
1956	Bammesberger1997	unchecked			
1956	Beekes2010	unchecked			
1956	Bennett1950	unchecked			
1956	BosworthToller1898	unchecked			
1956	Bremmer2008	unchecked			
1956	Bremmer2009	unchecked			
1956	Bright1917	unchecked			
1956	Bulbring1902	unchecked			
1956	CaedmonsHymnVitt1452	unchecked			
1956	Campbell1939	unchecked			
1956	Campbell1959	unchecked			
1956	Cercignani1979	unchecked			
1956	Cercignani1980	unchecked			
1956	ClarkHall1960	unchecked			
1956	Crist2001	unchecked			
1956	Crist2002	unchecked			
1956	Erdmann1972	unchecked			
1956	Fulk2018	unchecked			
1956	GermanicSlavicBaltic2025	unchecked			
1956	Goblirsch1991	unchecked			
1956	Hamp1990	unchecked			
1956	Hirt1931	unchecked			
1956	Hogg1979	unchecked			
1956	HoggGrammar2011	unchecked			
1956	HoggIntroduction1992	unchecked			
1956	HoggPhonology1992	unchecked			
1956	HowellSalmons1988	unchecked			
1956	Kaluza1900	unchecked			
1956	Kastovsky1992	unchecked			
1956	Kilday2024	unchecked			
1956	KlugeSeebold2011	unchecked			
1956	Kortlandt2008	unchecked			
1956	Kroonen2006	unchecked			
1956	Kroonen2011	unchecked			
1956	Kroonen2013	unchecked			
1956	Kylstra1983	unchecked			
1956	Laker2007	unchecked			
1956	Lid1952	unchecked			
1956	Lloyd1966	unchecked			
1956	LloydSpringer1988	unchecked			
1956	Luehr1993	unchecked			
1956	Luick1914	unchecked			
1956	Mayrhofer1992	unchecked			
1956	Mees2020	unchecked			
1956	NeriRingeReview	unchecked			
1956	Nielsen2001	unchecked			
1956	Orel2003	unchecked			
1956	Pierce1999	unchecked			
1956	Pierce2003	unchecked			
1956	Pierce2006	unchecked			
1956	Pokorny1959	unchecked			
1956	Polome1967	unchecked			
1956	Polome1994	unchecked			
1956	Repansek2012	unchecked			
1956	Rice1994	unchecked			
1956	Ringe1984	unchecked			
1956	Ringe2017	unchecked			
1956	RingeTaylor2014	unchecked			
1956	Seebold1970	unchecked			
1956	SieversBrunner1965	unchecked			
1956	StauslandJohnsen2015	unchecked			
1956	Stiles1985	unchecked			
1956	Stiles1986a	unchecked			
1956	Stiles1986b	unchecked			
1956	Stiles2012	unchecked			
1956	Stiles2017	unchecked			
1956	Streitberg1896	unchecked			
1956	Sweet1953	unchecked			
1956	Thorhallsdottir1993	unchecked			
1956	Toon1992	unchecked			
1956	Versloot2017	unchecked			
1956	Versloot2021	unchecked			
1956	Versloot2025	unchecked			
1956	Vine2019	unchecked			
1956	Waxenberger2019	unchecked			
1956	WrightWuelcker1884	unchecked			
1956	vanHelten1905	unchecked			
1957	Adamczyk2001	unchecked			
1957	Bammesberger1990	unchecked			
1957	Bammesberger1992	unchecked			
1957	Bammesberger1997	unchecked			
1957	Beekes2010	unchecked			
1957	Bennett1950	unchecked			
1957	BosworthToller1898	unchecked			
1957	Bremmer2008	unchecked			
1957	Bremmer2009	unchecked			
1957	Bright1917	unchecked			
1957	Bulbring1902	unchecked			
1957	CaedmonsHymnVitt1452	unchecked			
1957	Campbell1939	unchecked			
1957	Campbell1959	unchecked			
1957	Cercignani1979	unchecked			
1957	Cercignani1980	unchecked			
1957	ClarkHall1960	unchecked			
1957	Crist2001	unchecked			
1957	Crist2002	unchecked			
1957	Erdmann1972	unchecked			
1957	Fulk2018	unchecked			
1957	GermanicSlavicBaltic2025	unchecked			
1957	Goblirsch1991	unchecked			
1957	Hamp1990	unchecked			
1957	Hirt1931	unchecked			
1957	Hogg1979	unchecked			
1957	HoggGrammar2011	unchecked			
1957	HoggIntroduction1992	unchecked			
1957	HoggPhonology1992	unchecked			
1957	HowellSalmons1988	unchecked			
1957	Kaluza1900	unchecked			
1957	Kastovsky1992	unchecked			
1957	Kilday2024	unchecked			
1957	KlugeSeebold2011	unchecked			
1957	Kortlandt2008	unchecked			
1957	Kroonen2006	unchecked			
1957	Kroonen2011	unchecked			
1957	Kroonen2013	unchecked			
1957	Kylstra1983	unchecked			
1957	Laker2007	unchecked			
1957	Lid1952	unchecked			
1957	Lloyd1966	unchecked			
1957	LloydSpringer1988	unchecked			
1957	Luehr1993	unchecked			
1957	Luick1914	unchecked			
1957	Mayrhofer1992	unchecked			
1957	Mees2020	unchecked			
1957	NeriRingeReview	unchecked			
1957	Nielsen2001	unchecked			
1957	Orel2003	unchecked			
1957	Pierce1999	unchecked			
1957	Pierce2003	unchecked			
1957	Pierce2006	unchecked			
1957	Pokorny1959	unchecked			
1957	Polome1967	unchecked			
1957	Polome1994	unchecked			
1957	Repansek2012	unchecked			
1957	Rice1994	unchecked			
1957	Ringe1984	unchecked			
1957	Ringe2017	unchecked			
1957	RingeTaylor2014	unchecked			
1957	Seebold1970	unchecked			
1957	SieversBrunner1965	unchecked			
1957	StauslandJohnsen2015	unchecked			
1957	Stiles1985	unchecked			
1957	Stiles1986a	unchecked			
1957	Stiles1986b	unchecked			
1957	Stiles2012	unchecked			
1957	Stiles2017	unchecked			
1957	Streitberg1896	unchecked			
1957	Sweet1953	unchecked			
1957	Thorhallsdottir1993	unchecked			
1957	Toon1992	unchecked			
1957	Versloot2017	unchecked			
1957	Versloot2021	unchecked			
1957	Versloot2025	unchecked			
1957	Vine2019	unchecked			
1957	Waxenberger2019	unchecked			
1957	WrightWuelcker1884	unchecked			
1957	vanHelten1905	unchecked			
1958	Adamczyk2001	unchecked			
1958	Bammesberger1990	unchecked			
1958	Bammesberger1992	unchecked			
1958	Bammesberger1997	unchecked			
1958	Beekes2010	unchecked			
1958	Bennett1950	unchecked			
1958	BosworthToller1898	unchecked			
1958	Bremmer2008	unchecked			
1958	Bremmer2009	unchecked			
1958	Bright1917	unchecked			
1958	Bulbring1902	unchecked			
1958	CaedmonsHymnVitt1452	unchecked			
1958	Campbell1939	unchecked			
1958	Campbell1959	unchecked			
1958	Cercignani1979	unchecked			
1958	Cercignani1980	unchecked			
1958	ClarkHall1960	unchecked			
1958	Crist2001	unchecked			
1958	Crist2002	unchecked			
1958	Erdmann1972	unchecked			
1958	Fulk2018	unchecked			
1958	GermanicSlavicBaltic2025	unchecked			
1958	Goblirsch1991	unchecked			
1958	Hamp1990	unchecked			
1958	Hirt1931	unchecked			
1958	Hogg1979	unchecked			
1958	HoggGrammar2011	unchecked			
1958	HoggIntroduction1992	unchecked			
1958	HoggPhonology1992	unchecked			
1958	HowellSalmons1988	unchecked			
1958	Kaluza1900	unchecked			
1958	Kastovsky1992	unchecked			
1958	Kilday2024	unchecked			
1958	KlugeSeebold2011	unchecked			
1958	Kortlandt2008	unchecked			
1958	Kroonen2006	unchecked			
1958	Kroonen2011	unchecked			
1958	Kroonen2013	unchecked			
1958	Kylstra1983	unchecked			
1958	Laker2007	unchecked			
1958	Lid1952	unchecked			
1958	Lloyd1966	unchecked			
1958	LloydSpringer1988	unchecked			
1958	Luehr1993	unchecked			
1958	Luick1914	unchecked			
1958	Mayrhofer1992	unchecked			
1958	Mees2020	unchecked			
1958	NeriRingeReview	unchecked			
1958	Nielsen2001	unchecked			
1958	Orel2003	unchecked			
1958	Pierce1999	unchecked			
1958	Pierce2003	unchecked			
1958	Pierce2006	unchecked			
1958	Pokorny1959	unchecked			
1958	Polome1967	unchecked			
1958	Polome1994	unchecked			
1958	Repansek2012	unchecked			
1958	Rice1994	unchecked			
1958	Ringe1984	unchecked			
1958	Ringe2017	unchecked			
1958	RingeTaylor2014	unchecked			
1958	Seebold1970	unchecked			
1958	SieversBrunner1965	unchecked			
1958	StauslandJohnsen2015	unchecked			
1958	Stiles1985	unchecked			
1958	Stiles1986a	unchecked			
1958	Stiles1986b	unchecked			
1958	Stiles2012	unchecked			
1958	Stiles2017	unchecked			
1958	Streitberg1896	unchecked			
1958	Sweet1953	unchecked			
1958	Thorhallsdottir1993	unchecked			
1958	Toon1992	unchecked			
1958	Versloot2017	unchecked			
1958	Versloot2021	unchecked			
1958	Versloot2025	unchecked			
1958	Vine2019	unchecked			
1958	Waxenberger2019	unchecked			
1958	WrightWuelcker1884	unchecked			
1958	vanHelten1905	unchecked			
1959	Adamczyk2001	unchecked			
1959	Bammesberger1990	unchecked			
1959	Bammesberger1992	unchecked			
1959	Bammesberger1997	unchecked			
1959	Beekes2010	unchecked			
1959	Bennett1950	unchecked			
1959	BosworthToller1898	unchecked			
1959	Bremmer2008	unchecked			
1959	Bremmer2009	unchecked			
1959	Bright1917	unchecked			
1959	Bulbring1902	unchecked			
1959	CaedmonsHymnVitt1452	unchecked			
1959	Campbell1939	unchecked			
1959	Campbell1959	unchecked			
1959	Cercignani1979	unchecked			
1959	Cercignani1980	unchecked			
1959	ClarkHall1960	unchecked			
1959	Crist2001	unchecked			
1959	Crist2002	unchecked			
1959	Erdmann1972	unchecked			
1959	Fulk2018	unchecked			
1959	GermanicSlavicBaltic2025	unchecked			
1959	Goblirsch1991	unchecked			
1959	Hamp1990	unchecked			
1959	Hirt1931	unchecked			
1959	Hogg1979	unchecked			
1959	HoggGrammar2011	unchecked			
1959	HoggIntroduction1992	unchecked			
1959	HoggPhonology1992	unchecked			
1959	HowellSalmons1988	unchecked			
1959	Kaluza1900	unchecked			
1959	Kastovsky1992	unchecked			
1959	Kilday2024	unchecked			
1959	KlugeSeebold2011	unchecked			
1959	Kortlandt2008	unchecked			
1959	Kroonen2006	unchecked			
1959	Kroonen2011	unchecked			
1959	Kroonen2013	unchecked			
1959	Kylstra1983	unchecked			
1959	Laker2007	unchecked			
1959	Lid1952	unchecked			
1959	Lloyd1966	unchecked			
1959	LloydSpringer1988	unchecked			
1959	Luehr1993	unchecked			
1959	Luick1914	unchecked			
1959	Mayrhofer1992	unchecked			
1959	Mees2020	unchecked			
1959	NeriRingeReview	unchecked			
1959	Nielsen2001	unchecked			
1959	Orel2003	unchecked			
1959	Pierce1999	unchecked			
1959	Pierce2003	unchecked			
1959	Pierce2006	unchecked			
1959	Pokorny1959	unchecked			
1959	Polome1967	unchecked			
1959	Polome1994	unchecked			
1959	Repansek2012	unchecked			
1959	Rice1994	unchecked			
1959	Ringe1984	unchecked			
1959	Ringe2017	unchecked			
1959	RingeTaylor2014	unchecked			
1959	Seebold1970	unchecked			
1959	SieversBrunner1965	unchecked			
1959	StauslandJohnsen2015	unchecked			
1959	Stiles1985	unchecked			
1959	Stiles1986a	unchecked			
1959	Stiles1986b	unchecked			
1959	Stiles2012	unchecked			
1959	Stiles2017	unchecked			
1959	Streitberg1896	unchecked			
1959	Sweet1953	unchecked			
1959	Thorhallsdottir1993	unchecked			
1959	Toon1992	unchecked			
1959	Versloot2017	unchecked			
1959	Versloot2021	unchecked			
1959	Versloot2025	unchecked			
1959	Vine2019	unchecked			
1959	Waxenberger2019	unchecked			
1959	WrightWuelcker1884	unchecked			
1959	vanHelten1905	unchecked			
1960	Adamczyk2001	unchecked			
1960	Bammesberger1990	unchecked			
1960	Bammesberger1992	unchecked			
1960	Bammesberger1997	unchecked			
1960	Beekes2010	unchecked			
1960	Bennett1950	unchecked			
1960	BosworthToller1898	unchecked			
1960	Bremmer2008	unchecked			
1960	Bremmer2009	unchecked			
1960	Bright1917	unchecked			
1960	Bulbring1902	unchecked			
1960	CaedmonsHymnVitt1452	unchecked			
1960	Campbell1939	unchecked			
1960	Campbell1959	unchecked			
1960	Cercignani1979	unchecked			
1960	Cercignani1980	unchecked			
1960	ClarkHall1960	unchecked			
1960	Crist2001	unchecked			
1960	Crist2002	unchecked			
1960	Erdmann1972	unchecked			
1960	Fulk2018	unchecked			
1960	GermanicSlavicBaltic2025	unchecked			
1960	Goblirsch1991	unchecked			
1960	Hamp1990	unchecked			
1960	Hirt1931	unchecked			
1960	Hogg1979	unchecked			
1960	HoggGrammar2011	unchecked			
1960	HoggIntroduction1992	unchecked			
1960	HoggPhonology1992	unchecked			
1960	HowellSalmons1988	unchecked			
1960	Kaluza1900	unchecked			
1960	Kastovsky1992	unchecked			
1960	Kilday2024	unchecked			
1960	KlugeSeebold2011	unchecked			
1960	Kortlandt2008	unchecked			
1960	Kroonen2006	unchecked			
1960	Kroonen2011	unchecked			
1960	Kroonen2013	unchecked			
1960	Kylstra1983	unchecked			
1960	Laker2007	unchecked			
1960	Lid1952	unchecked			
1960	Lloyd1966	unchecked			
1960	LloydSpringer1988	unchecked			
1960	Luehr1993	unchecked			
1960	Luick1914	unchecked			
1960	Mayrhofer1992	unchecked			
1960	Mees2020	unchecked			
1960	NeriRingeReview	unchecked			
1960	Nielsen2001	unchecked			
1960	Orel2003	unchecked			
1960	Pierce1999	unchecked			
1960	Pierce2003	unchecked			
1960	Pierce2006	unchecked			
1960	Pokorny1959	unchecked			
1960	Polome1967	unchecked			
1960	Polome1994	unchecked			
1960	Repansek2012	unchecked			
1960	Rice1994	unchecked			
1960	Ringe1984	unchecked			
1960	Ringe2017	unchecked			
1960	RingeTaylor2014	unchecked			
1960	Seebold1970	unchecked			
1960	SieversBrunner1965	unchecked			
1960	StauslandJohnsen2015	unchecked			
1960	Stiles1985	unchecked			
1960	Stiles1986a	unchecked			
1960	Stiles1986b	unchecked			
1960	Stiles2012	unchecked			
1960	Stiles2017	unchecked			
1960	Streitberg1896	unchecked			
1960	Sweet1953	unchecked			
1960	Thorhallsdottir1993	unchecked			
1960	Toon1992	unchecked			
1960	Versloot2017	unchecked			
1960	Versloot2021	unchecked			
1960	Versloot2025	unchecked			
1960	Vine2019	unchecked			
1960	Waxenberger2019	unchecked			
1960	WrightWuelcker1884	unchecked			
1960	vanHelten1905	unchecked			
1961	Adamczyk2001	unchecked			
1961	Bammesberger1990	unchecked			
1961	Bammesberger1992	unchecked			
1961	Bammesberger1997	unchecked			
1961	Beekes2010	unchecked			
1961	Bennett1950	unchecked			
1961	BosworthToller1898	unchecked			
1961	Bremmer2008	unchecked			
1961	Bremmer2009	unchecked			
1961	Bright1917	unchecked			
1961	Bulbring1902	unchecked			
1961	CaedmonsHymnVitt1452	unchecked			
1961	Campbell1939	unchecked			
1961	Campbell1959	unchecked			
1961	Cercignani1979	unchecked			
1961	Cercignani1980	unchecked			
1961	ClarkHall1960	unchecked			
1961	Crist2001	unchecked			
1961	Crist2002	unchecked			
1961	Erdmann1972	unchecked			
1961	Fulk2018	unchecked			
1961	GermanicSlavicBaltic2025	unchecked			
1961	Goblirsch1991	unchecked			
1961	Hamp1990	unchecked			
1961	Hirt1931	unchecked			
1961	Hogg1979	unchecked			
1961	HoggGrammar2011	unchecked			
1961	HoggIntroduction1992	unchecked			
1961	HoggPhonology1992	unchecked			
1961	HowellSalmons1988	unchecked			
1961	Kaluza1900	unchecked			
1961	Kastovsky1992	unchecked			
1961	Kilday2024	unchecked			
1961	KlugeSeebold2011	unchecked			
1961	Kortlandt2008	unchecked			
1961	Kroonen2006	unchecked			
1961	Kroonen2011	unchecked			
1961	Kroonen2013	unchecked			
1961	Kylstra1983	unchecked			
1961	Laker2007	unchecked			
1961	Lid1952	unchecked			
1961	Lloyd1966	unchecked			
1961	LloydSpringer1988	unchecked			
1961	Luehr1993	unchecked			
1961	Luick1914	unchecked			
1961	Mayrhofer1992	unchecked			
1961	Mees2020	unchecked			
1961	NeriRingeReview	unchecked			
1961	Nielsen2001	unchecked			
1961	Orel2003	unchecked			
1961	Pierce1999	unchecked			
1961	Pierce2003	unchecked			
1961	Pierce2006	unchecked			
1961	Pokorny1959	unchecked			
1961	Polome1967	unchecked			
1961	Polome1994	unchecked			
1961	Repansek2012	unchecked			
1961	Rice1994	unchecked			
1961	Ringe1984	unchecked			
1961	Ringe2017	unchecked			
1961	RingeTaylor2014	unchecked			
1961	Seebold1970	unchecked			
1961	SieversBrunner1965	unchecked			
1961	StauslandJohnsen2015	unchecked			
1961	Stiles1985	unchecked			
1961	Stiles1986a	unchecked			
1961	Stiles1986b	unchecked			
1961	Stiles2012	unchecked			
1961	Stiles2017	unchecked			
1961	Streitberg1896	unchecked			
1961	Sweet1953	unchecked			
1961	Thorhallsdottir1993	unchecked			
1961	Toon1992	unchecked			
1961	Versloot2017	unchecked			
1961	Versloot2021	unchecked			
1961	Versloot2025	unchecked			
1961	Vine2019	unchecked			
1961	Waxenberger2019	unchecked			
1961	WrightWuelcker1884	unchecked			
1961	vanHelten1905	unchecked			
1962	Adamczyk2001	unchecked			
1962	Bammesberger1990	unchecked			
1962	Bammesberger1992	unchecked			
1962	Bammesberger1997	unchecked			
1962	Beekes2010	unchecked			
1962	Bennett1950	unchecked			
1962	BosworthToller1898	unchecked			
1962	Bremmer2008	unchecked			
1962	Bremmer2009	unchecked			
1962	Bright1917	unchecked			
1962	Bulbring1902	unchecked			
1962	CaedmonsHymnVitt1452	unchecked			
1962	Campbell1939	unchecked			
1962	Campbell1959	unchecked			
1962	Cercignani1979	unchecked			
1962	Cercignani1980	unchecked			
1962	ClarkHall1960	unchecked			
1962	Crist2001	unchecked			
1962	Crist2002	unchecked			
1962	Erdmann1972	unchecked			
1962	Fulk2018	unchecked			
1962	GermanicSlavicBaltic2025	unchecked			
1962	Goblirsch1991	unchecked			
1962	Hamp1990	unchecked			
1962	Hirt1931	unchecked			
1962	Hogg1979	unchecked			
1962	HoggGrammar2011	unchecked			
1962	HoggIntroduction1992	unchecked			
1962	HoggPhonology1992	unchecked			
1962	HowellSalmons1988	unchecked			
1962	Kaluza1900	unchecked			
1962	Kastovsky1992	unchecked			
1962	Kilday2024	unchecked			
1962	KlugeSeebold2011	unchecked			
1962	Kortlandt2008	unchecked			
1962	Kroonen2006	unchecked			
1962	Kroonen2011	unchecked			
1962	Kroonen2013	unchecked			
1962	Kylstra1983	unchecked			
1962	Laker2007	unchecked			
1962	Lid1952	unchecked			
1962	Lloyd1966	unchecked			
1962	LloydSpringer1988	unchecked			
1962	Luehr1993	unchecked			
1962	Luick1914	unchecked			
1962	Mayrhofer1992	unchecked			
1962	Mees2020	unchecked			
1962	NeriRingeReview	unchecked			
1962	Nielsen2001	unchecked			
1962	Orel2003	unchecked			
1962	Pierce1999	unchecked			
1962	Pierce2003	unchecked			
1962	Pierce2006	unchecked			
1962	Pokorny1959	unchecked			
1962	Polome1967	unchecked			
1962	Polome1994	unchecked			
1962	Repansek2012	unchecked			
1962	Rice1994	unchecked			
1962	Ringe1984	unchecked			
1962	Ringe2017	unchecked			
1962	RingeTaylor2014	unchecked			
1962	Seebold1970	unchecked			
1962	SieversBrunner1965	unchecked			
1962	StauslandJohnsen2015	unchecked			
1962	Stiles1985	unchecked			
1962	Stiles1986a	unchecked			
1962	Stiles1986b	unchecked			
1962	Stiles2012	unchecked			
1962	Stiles2017	unchecked			
1962	Streitberg1896	unchecked			
1962	Sweet1953	unchecked			
1962	Thorhallsdottir1993	unchecked			
1962	Toon1992	unchecked			
1962	Versloot2017	unchecked			
1962	Versloot2021	unchecked			
1962	Versloot2025	unchecked			
1962	Vine2019	unchecked			
1962	Waxenberger2019	unchecked			
1962	WrightWuelcker1884	unchecked			
1962	vanHelten1905	unchecked			
1963	Adamczyk2001	unchecked			
1963	Bammesberger1990	unchecked			
1963	Bammesberger1992	unchecked			
1963	Bammesberger1997	unchecked			
1963	Beekes2010	unchecked			
1963	Bennett1950	unchecked			
1963	BosworthToller1898	unchecked			
1963	Bremmer2008	unchecked			
1963	Bremmer2009	unchecked			
1963	Bright1917	unchecked			
1963	Bulbring1902	unchecked			
1963	CaedmonsHymnVitt1452	unchecked			
1963	Campbell1939	unchecked			
1963	Campbell1959	unchecked			
1963	Cercignani1979	unchecked			
1963	Cercignani1980	unchecked			
1963	ClarkHall1960	unchecked			
1963	Crist2001	unchecked			
1963	Crist2002	unchecked			
1963	Erdmann1972	unchecked			
1963	Fulk2018	unchecked			
1963	GermanicSlavicBaltic2025	unchecked			
1963	Goblirsch1991	unchecked			
1963	Hamp1990	unchecked			
1963	Hirt1931	unchecked			
1963	Hogg1979	unchecked			
1963	HoggGrammar2011	unchecked			
1963	HoggIntroduction1992	unchecked			
1963	HoggPhonology1992	unchecked			
1963	HowellSalmons1988	unchecked			
1963	Kaluza1900	unchecked			
1963	Kastovsky1992	unchecked			
1963	Kilday2024	unchecked			
1963	KlugeSeebold2011	unchecked			
1963	Kortlandt2008	unchecked			
1963	Kroonen2006	unchecked			
1963	Kroonen2011	unchecked			
1963	Kroonen2013	unchecked			
1963	Kylstra1983	unchecked			
1963	Laker2007	unchecked			
1963	Lid1952	unchecked			
1963	Lloyd1966	unchecked			
1963	LloydSpringer1988	unchecked			
1963	Luehr1993	unchecked			
1963	Luick1914	unchecked			
1963	Mayrhofer1992	unchecked			
1963	Mees2020	unchecked			
1963	NeriRingeReview	unchecked			
1963	Nielsen2001	unchecked			
1963	Orel2003	unchecked			
1963	Pierce1999	unchecked			
1963	Pierce2003	unchecked			
1963	Pierce2006	unchecked			
1963	Pokorny1959	unchecked			
1963	Polome1967	unchecked			
1963	Polome1994	unchecked			
1963	Repansek2012	unchecked			
1963	Rice1994	unchecked			
1963	Ringe1984	unchecked			
1963	Ringe2017	unchecked			
1963	RingeTaylor2014	unchecked			
1963	Seebold1970	unchecked			
1963	SieversBrunner1965	unchecked			
1963	StauslandJohnsen2015	unchecked			
1963	Stiles1985	unchecked			
1963	Stiles1986a	unchecked			
1963	Stiles1986b	unchecked			
1963	Stiles2012	unchecked			
1963	Stiles2017	unchecked			
1963	Streitberg1896	unchecked			
1963	Sweet1953	unchecked			
1963	Thorhallsdottir1993	unchecked			
1963	Toon1992	unchecked			
1963	Versloot2017	unchecked			
1963	Versloot2021	unchecked			
1963	Versloot2025	unchecked			
1963	Vine2019	unchecked			
1963	Waxenberger2019	unchecked			
1963	WrightWuelcker1884	unchecked			
1963	vanHelten1905	unchecked			
1964	Adamczyk2001	unchecked			
1964	Bammesberger1990	unchecked			
1964	Bammesberger1992	unchecked			
1964	Bammesberger1997	unchecked			
1964	Beekes2010	unchecked			
1964	Bennett1950	unchecked			
1964	BosworthToller1898	unchecked			
1964	Bremmer2008	unchecked			
1964	Bremmer2009	unchecked			
1964	Bright1917	unchecked			
1964	Bulbring1902	unchecked			
1964	CaedmonsHymnVitt1452	unchecked			
1964	Campbell1939	unchecked			
1964	Campbell1959	unchecked			
1964	Cercignani1979	unchecked			
1964	Cercignani1980	unchecked			
1964	ClarkHall1960	unchecked			
1964	Crist2001	unchecked			
1964	Crist2002	unchecked			
1964	Erdmann1972	unchecked			
1964	Fulk2018	unchecked			
1964	GermanicSlavicBaltic2025	unchecked			
1964	Goblirsch1991	unchecked			
1964	Hamp1990	unchecked			
1964	Hirt1931	unchecked			
1964	Hogg1979	unchecked			
1964	HoggGrammar2011	unchecked			
1964	HoggIntroduction1992	unchecked			
1964	HoggPhonology1992	unchecked			
1964	HowellSalmons1988	unchecked			
1964	Kaluza1900	unchecked			
1964	Kastovsky1992	unchecked			
1964	Kilday2024	unchecked			
1964	KlugeSeebold2011	unchecked			
1964	Kortlandt2008	unchecked			
1964	Kroonen2006	unchecked			
1964	Kroonen2011	unchecked			
1964	Kroonen2013	unchecked			
1964	Kylstra1983	unchecked			
1964	Laker2007	unchecked			
1964	Lid1952	unchecked			
1964	Lloyd1966	unchecked			
1964	LloydSpringer1988	unchecked			
1964	Luehr1993	unchecked			
1964	Luick1914	unchecked			
1964	Mayrhofer1992	unchecked			
1964	Mees2020	unchecked			
1964	NeriRingeReview	unchecked			
1964	Nielsen2001	unchecked			
1964	Orel2003	unchecked			
1964	Pierce1999	unchecked			
1964	Pierce2003	unchecked			
1964	Pierce2006	unchecked			
1964	Pokorny1959	unchecked			
1964	Polome1967	unchecked			
1964	Polome1994	unchecked			
1964	Repansek2012	unchecked			
1964	Rice1994	unchecked			
1964	Ringe1984	unchecked			
1964	Ringe2017	unchecked			
1964	RingeTaylor2014	unchecked			
1964	Seebold1970	unchecked			
1964	SieversBrunner1965	unchecked			
1964	StauslandJohnsen2015	unchecked			
1964	Stiles1985	unchecked			
1964	Stiles1986a	unchecked			
1964	Stiles1986b	unchecked			
1964	Stiles2012	unchecked			
1964	Stiles2017	unchecked			
1964	Streitberg1896	unchecked			
1964	Sweet1953	unchecked			
1964	Thorhallsdottir1993	unchecked			
1964	Toon1992	unchecked			
1964	Versloot2017	unchecked			
1964	Versloot2021	unchecked			
1964	Versloot2025	unchecked			
1964	Vine2019	unchecked			
1964	Waxenberger2019	unchecked			
1964	WrightWuelcker1884	unchecked			
1964	vanHelten1905	unchecked			
1965	Adamczyk2001	unchecked			
1965	Bammesberger1990	unchecked			
1965	Bammesberger1992	unchecked			
1965	Bammesberger1997	unchecked			
1965	Beekes2010	unchecked			
1965	Bennett1950	unchecked			
1965	BosworthToller1898	unchecked			
1965	Bremmer2008	unchecked			
1965	Bremmer2009	unchecked			
1965	Bright1917	unchecked			
1965	Bulbring1902	unchecked			
1965	CaedmonsHymnVitt1452	unchecked			
1965	Campbell1939	unchecked			
1965	Campbell1959	unchecked			
1965	Cercignani1979	unchecked			
1965	Cercignani1980	unchecked			
1965	ClarkHall1960	unchecked			
1965	Crist2001	unchecked			
1965	Crist2002	unchecked			
1965	Erdmann1972	unchecked			
1965	Fulk2018	unchecked			
1965	GermanicSlavicBaltic2025	unchecked			
1965	Goblirsch1991	unchecked			
1965	Hamp1990	unchecked			
1965	Hirt1931	unchecked			
1965	Hogg1979	unchecked			
1965	HoggGrammar2011	unchecked			
1965	HoggIntroduction1992	unchecked			
1965	HoggPhonology1992	unchecked			
1965	HowellSalmons1988	unchecked			
1965	Kaluza1900	unchecked			
1965	Kastovsky1992	unchecked			
1965	Kilday2024	unchecked			
1965	KlugeSeebold2011	unchecked			
1965	Kortlandt2008	unchecked			
1965	Kroonen2006	unchecked			
1965	Kroonen2011	unchecked			
1965	Kroonen2013	unchecked			
1965	Kylstra1983	unchecked			
1965	Laker2007	unchecked			
1965	Lid1952	unchecked			
1965	Lloyd1966	unchecked			
1965	LloydSpringer1988	unchecked			
1965	Luehr1993	unchecked			
1965	Luick1914	unchecked			
1965	Mayrhofer1992	unchecked			
1965	Mees2020	unchecked			
1965	NeriRingeReview	unchecked			
1965	Nielsen2001	unchecked			
1965	Orel2003	unchecked			
1965	Pierce1999	unchecked			
1965	Pierce2003	unchecked			
1965	Pierce2006	unchecked			
1965	Pokorny1959	unchecked			
1965	Polome1967	unchecked			
1965	Polome1994	unchecked			
1965	Repansek2012	unchecked			
1965	Rice1994	unchecked			
1965	Ringe1984	unchecked			
1965	Ringe2017	unchecked			
1965	RingeTaylor2014	unchecked			
1965	Seebold1970	unchecked			
1965	SieversBrunner1965	unchecked			
1965	StauslandJohnsen2015	unchecked			
1965	Stiles1985	unchecked			
1965	Stiles1986a	unchecked			
1965	Stiles1986b	unchecked			
1965	Stiles2012	unchecked			
1965	Stiles2017	unchecked			
1965	Streitberg1896	unchecked			
1965	Sweet1953	unchecked			
1965	Thorhallsdottir1993	unchecked			
1965	Toon1992	unchecked			
1965	Versloot2017	unchecked			
1965	Versloot2021	unchecked			
1965	Versloot2025	unchecked			
1965	Vine2019	unchecked			
1965	Waxenberger2019	unchecked			
1965	WrightWuelcker1884	unchecked			
1965	vanHelten1905	unchecked			
1966	Adamczyk2001	unchecked			
1966	Bammesberger1990	unchecked			
1966	Bammesberger1992	unchecked			
1966	Bammesberger1997	unchecked			
1966	Beekes2010	unchecked			
1966	Bennett1950	unchecked			
1966	BosworthToller1898	unchecked			
1966	Bremmer2008	unchecked			
1966	Bremmer2009	unchecked			
1966	Bright1917	unchecked			
1966	Bulbring1902	unchecked			
1966	CaedmonsHymnVitt1452	unchecked			
1966	Campbell1939	unchecked			
1966	Campbell1959	unchecked			
1966	Cercignani1979	unchecked			
1966	Cercignani1980	unchecked			
1966	ClarkHall1960	unchecked			
1966	Crist2001	unchecked			
1966	Crist2002	unchecked			
1966	Erdmann1972	unchecked			
1966	Fulk2018	unchecked			
1966	GermanicSlavicBaltic2025	unchecked			
1966	Goblirsch1991	unchecked			
1966	Hamp1990	unchecked			
1966	Hirt1931	unchecked			
1966	Hogg1979	unchecked			
1966	HoggGrammar2011	unchecked			
1966	HoggIntroduction1992	unchecked			
1966	HoggPhonology1992	unchecked			
1966	HowellSalmons1988	unchecked			
1966	Kaluza1900	unchecked			
1966	Kastovsky1992	unchecked			
1966	Kilday2024	unchecked			
1966	KlugeSeebold2011	unchecked			
1966	Kortlandt2008	unchecked			
1966	Kroonen2006	unchecked			
1966	Kroonen2011	unchecked			
1966	Kroonen2013	unchecked			
1966	Kylstra1983	unchecked			
1966	Laker2007	unchecked			
1966	Lid1952	unchecked			
1966	Lloyd1966	unchecked			
1966	LloydSpringer1988	unchecked			
1966	Luehr1993	unchecked			
1966	Luick1914	unchecked			
1966	Mayrhofer1992	unchecked			
1966	Mees2020	unchecked			
1966	NeriRingeReview	unchecked			
1966	Nielsen2001	unchecked			
1966	Orel2003	unchecked			
1966	Pierce1999	unchecked			
1966	Pierce2003	unchecked			
1966	Pierce2006	unchecked			
1966	Pokorny1959	unchecked			
1966	Polome1967	unchecked			
1966	Polome1994	unchecked			
1966	Repansek2012	unchecked			
1966	Rice1994	unchecked			
1966	Ringe1984	unchecked			
1966	Ringe2017	unchecked			
1966	RingeTaylor2014	unchecked			
1966	Seebold1970	unchecked			
1966	SieversBrunner1965	unchecked			
1966	StauslandJohnsen2015	unchecked			
1966	Stiles1985	unchecked			
1966	Stiles1986a	unchecked			
1966	Stiles1986b	unchecked			
1966	Stiles2012	unchecked			
1966	Stiles2017	unchecked			
1966	Streitberg1896	unchecked			
1966	Sweet1953	unchecked			
1966	Thorhallsdottir1993	unchecked			
1966	Toon1992	unchecked			
1966	Versloot2017	unchecked			
1966	Versloot2021	unchecked			
1966	Versloot2025	unchecked			
1966	Vine2019	unchecked			
1966	Waxenberger2019	unchecked			
1966	WrightWuelcker1884	unchecked			
1966	vanHelten1905	unchecked			
1967	Adamczyk2001	unchecked			
1967	Bammesberger1990	unchecked			
1967	Bammesberger1992	unchecked			
1967	Bammesberger1997	unchecked			
1967	Beekes2010	unchecked			
1967	Bennett1950	unchecked			
1967	BosworthToller1898	unchecked			
1967	Bremmer2008	unchecked			
1967	Bremmer2009	unchecked			
1967	Bright1917	unchecked			
1967	Bulbring1902	unchecked			
1967	CaedmonsHymnVitt1452	unchecked			
1967	Campbell1939	unchecked			
1967	Campbell1959	unchecked			
1967	Cercignani1979	unchecked			
1967	Cercignani1980	unchecked			
1967	ClarkHall1960	unchecked			
1967	Crist2001	unchecked			
1967	Crist2002	unchecked			
1967	Erdmann1972	unchecked			
1967	Fulk2018	unchecked			
1967	GermanicSlavicBaltic2025	unchecked			
1967	Goblirsch1991	unchecked			
1967	Hamp1990	unchecked			
1967	Hirt1931	unchecked			
1967	Hogg1979	unchecked			
1967	HoggGrammar2011	unchecked			
1967	HoggIntroduction1992	unchecked			
1967	HoggPhonology1992	unchecked			
1967	HowellSalmons1988	unchecked			
1967	Kaluza1900	unchecked			
1967	Kastovsky1992	unchecked			
1967	Kilday2024	unchecked			
1967	KlugeSeebold2011	unchecked			
1967	Kortlandt2008	unchecked			
1967	Kroonen2006	unchecked			
1967	Kroonen2011	unchecked			
1967	Kroonen2013	unchecked			
1967	Kylstra1983	unchecked			
1967	Laker2007	unchecked			
1967	Lid1952	unchecked			
1967	Lloyd1966	unchecked			
1967	LloydSpringer1988	unchecked			
1967	Luehr1993	unchecked			
1967	Luick1914	unchecked			
1967	Mayrhofer1992	unchecked			
1967	Mees2020	unchecked			
1967	NeriRingeReview	unchecked			
1967	Nielsen2001	unchecked			
1967	Orel2003	unchecked			
1967	Pierce1999	unchecked			
1967	Pierce2003	unchecked			
1967	Pierce2006	unchecked			
1967	Pokorny1959	unchecked			
1967	Polome1967	unchecked			
1967	Polome1994	unchecked			
1967	Repansek2012	unchecked			
1967	Rice1994	unchecked			
1967	Ringe1984	unchecked			
1967	Ringe2017	unchecked			
1967	RingeTaylor2014	unchecked			
1967	Seebold1970	unchecked			
1967	SieversBrunner1965	unchecked			
1967	StauslandJohnsen2015	unchecked			
1967	Stiles1985	unchecked			
1967	Stiles1986a	unchecked			
1967	Stiles1986b	unchecked			
1967	Stiles2012	unchecked			
1967	Stiles2017	unchecked			
1967	Streitberg1896	unchecked			
1967	Sweet1953	unchecked			
1967	Thorhallsdottir1993	unchecked			
1967	Toon1992	unchecked			
1967	Versloot2017	unchecked			
1967	Versloot2021	unchecked			
1967	Versloot2025	unchecked			
1967	Vine2019	unchecked			
1967	Waxenberger2019	unchecked			
1967	WrightWuelcker1884	unchecked			
1967	vanHelten1905	unchecked			
1968	Adamczyk2001	unchecked			
1968	Bammesberger1990	unchecked			
1968	Bammesberger1992	unchecked			
1968	Bammesberger1997	unchecked			
1968	Beekes2010	unchecked			
1968	Bennett1950	unchecked			
1968	BosworthToller1898	unchecked			
1968	Bremmer2008	unchecked			
1968	Bremmer2009	unchecked			
1968	Bright1917	unchecked			
1968	Bulbring1902	unchecked			
1968	CaedmonsHymnVitt1452	unchecked			
1968	Campbell1939	unchecked			
1968	Campbell1959	unchecked			
1968	Cercignani1979	unchecked			
1968	Cercignani1980	unchecked			
1968	ClarkHall1960	unchecked			
1968	Crist2001	unchecked			
1968	Crist2002	unchecked			
1968	Erdmann1972	unchecked			
1968	Fulk2018	unchecked			
1968	GermanicSlavicBaltic2025	unchecked			
1968	Goblirsch1991	unchecked			
1968	Hamp1990	unchecked			
1968	Hirt1931	unchecked			
1968	Hogg1979	unchecked			
1968	HoggGrammar2011	unchecked			
1968	HoggIntroduction1992	unchecked			
1968	HoggPhonology1992	unchecked			
1968	HowellSalmons1988	unchecked			
1968	Kaluza1900	unchecked			
1968	Kastovsky1992	unchecked			
1968	Kilday2024	unchecked			
1968	KlugeSeebold2011	unchecked			
1968	Kortlandt2008	unchecked			
1968	Kroonen2006	unchecked			
1968	Kroonen2011	unchecked			
1968	Kroonen2013	unchecked			
1968	Kylstra1983	unchecked			
1968	Laker2007	unchecked			
1968	Lid1952	unchecked			
1968	Lloyd1966	unchecked			
1968	LloydSpringer1988	unchecked			
1968	Luehr1993	unchecked			
1968	Luick1914	unchecked			
1968	Mayrhofer1992	unchecked			
1968	Mees2020	unchecked			
1968	NeriRingeReview	unchecked			
1968	Nielsen2001	unchecked			
1968	Orel2003	unchecked			
1968	Pierce1999	unchecked			
1968	Pierce2003	unchecked			
1968	Pierce2006	unchecked			
1968	Pokorny1959	unchecked			
1968	Polome1967	unchecked			
1968	Polome1994	unchecked			
1968	Repansek2012	unchecked			
1968	Rice1994	unchecked			
1968	Ringe1984	unchecked			
1968	Ringe2017	unchecked			
1968	RingeTaylor2014	unchecked			
1968	Seebold1970	unchecked			
1968	SieversBrunner1965	unchecked			
1968	StauslandJohnsen2015	unchecked			
1968	Stiles1985	unchecked			
1968	Stiles1986a	unchecked			
1968	Stiles1986b	unchecked			
1968	Stiles2012	unchecked			
1968	Stiles2017	unchecked			
1968	Streitberg1896	unchecked			
1968	Sweet1953	unchecked			
1968	Thorhallsdottir1993	unchecked			
1968	Toon1992	unchecked			
1968	Versloot2017	unchecked			
1968	Versloot2021	unchecked			
1968	Versloot2025	unchecked			
1968	Vine2019	unchecked			
1968	Waxenberger2019	unchecked			
1968	WrightWuelcker1884	unchecked			
1968	vanHelten1905	unchecked			
1969	Adamczyk2001	unchecked			
1969	Bammesberger1990	unchecked			
1969	Bammesberger1992	unchecked			
1969	Bammesberger1997	unchecked			
1969	Beekes2010	unchecked			
1969	Bennett1950	unchecked			
1969	BosworthToller1898	unchecked			
1969	Bremmer2008	unchecked			
1969	Bremmer2009	unchecked			
1969	Bright1917	unchecked			
1969	Bulbring1902	unchecked			
1969	CaedmonsHymnVitt1452	unchecked			
1969	Campbell1939	unchecked			
1969	Campbell1959	unchecked			
1969	Cercignani1979	unchecked			
1969	Cercignani1980	unchecked			
1969	ClarkHall1960	unchecked			
1969	Crist2001	unchecked			
1969	Crist2002	unchecked			
1969	Erdmann1972	unchecked			
1969	Fulk2018	unchecked			
1969	GermanicSlavicBaltic2025	unchecked			
1969	Goblirsch1991	unchecked			
1969	Hamp1990	unchecked			
1969	Hirt1931	unchecked			
1969	Hogg1979	unchecked			
1969	HoggGrammar2011	unchecked			
1969	HoggIntroduction1992	unchecked			
1969	HoggPhonology1992	unchecked			
1969	HowellSalmons1988	unchecked			
1969	Kaluza1900	unchecked			
1969	Kastovsky1992	unchecked			
1969	Kilday2024	unchecked			
1969	KlugeSeebold2011	unchecked			
1969	Kortlandt2008	unchecked			
1969	Kroonen2006	unchecked			
1969	Kroonen2011	unchecked			
1969	Kroonen2013	unchecked			
1969	Kylstra1983	unchecked			
1969	Laker2007	unchecked			
1969	Lid1952	unchecked			
1969	Lloyd1966	unchecked			
1969	LloydSpringer1988	unchecked			
1969	Luehr1993	unchecked			
1969	Luick1914	unchecked			
1969	Mayrhofer1992	unchecked			
1969	Mees2020	unchecked			
1969	NeriRingeReview	unchecked			
1969	Nielsen2001	unchecked			
1969	Orel2003	unchecked			
1969	Pierce1999	unchecked			
1969	Pierce2003	unchecked			
1969	Pierce2006	unchecked			
1969	Pokorny1959	unchecked			
1969	Polome1967	unchecked			
1969	Polome1994	unchecked			
1969	Repansek2012	unchecked			
1969	Rice1994	unchecked			
1969	Ringe1984	unchecked			
1969	Ringe2017	unchecked			
1969	RingeTaylor2014	unchecked			
1969	Seebold1970	unchecked			
1969	SieversBrunner1965	unchecked			
1969	StauslandJohnsen2015	unchecked			
1969	Stiles1985	unchecked			
1969	Stiles1986a	unchecked			
1969	Stiles1986b	unchecked			
1969	Stiles2012	unchecked			
1969	Stiles2017	unchecked			
1969	Streitberg1896	unchecked			
1969	Sweet1953	unchecked			
1969	Thorhallsdottir1993	unchecked			
1969	Toon1992	unchecked			
1969	Versloot2017	unchecked			
1969	Versloot2021	unchecked			
1969	Versloot2025	unchecked			
1969	Vine2019	unchecked			
1969	Waxenberger2019	unchecked			
1969	WrightWuelcker1884	unchecked			
1969	vanHelten1905	unchecked			
1970	Adamczyk2001	unchecked			
1970	Bammesberger1990	unchecked			
1970	Bammesberger1992	unchecked			
1970	Bammesberger1997	unchecked			
1970	Beekes2010	unchecked			
1970	Bennett1950	unchecked			
1970	BosworthToller1898	unchecked			
1970	Bremmer2008	unchecked			
1970	Bremmer2009	unchecked			
1970	Bright1917	unchecked			
1970	Bulbring1902	unchecked			
1970	CaedmonsHymnVitt1452	unchecked			
1970	Campbell1939	unchecked			
1970	Campbell1959	unchecked			
1970	Cercignani1979	unchecked			
1970	Cercignani1980	unchecked			
1970	ClarkHall1960	unchecked			
1970	Crist2001	unchecked			
1970	Crist2002	unchecked			
1970	Erdmann1972	unchecked			
1970	Fulk2018	unchecked			
1970	GermanicSlavicBaltic2025	unchecked			
1970	Goblirsch1991	unchecked			
1970	Hamp1990	unchecked			
1970	Hirt1931	unchecked			
1970	Hogg1979	unchecked			
1970	HoggGrammar2011	unchecked			
1970	HoggIntroduction1992	unchecked			
1970	HoggPhonology1992	unchecked			
1970	HowellSalmons1988	unchecked			
1970	Kaluza1900	unchecked			
1970	Kastovsky1992	unchecked			
1970	Kilday2024	unchecked			
1970	KlugeSeebold2011	unchecked			
1970	Kortlandt2008	unchecked			
1970	Kroonen2006	unchecked			
1970	Kroonen2011	unchecked			
1970	Kroonen2013	unchecked			
1970	Kylstra1983	unchecked			
1970	Laker2007	unchecked			
1970	Lid1952	unchecked			
1970	Lloyd1966	unchecked			
1970	LloydSpringer1988	unchecked			
1970	Luehr1993	unchecked			
1970	Luick1914	unchecked			
1970	Mayrhofer1992	unchecked			
1970	Mees2020	unchecked			
1970	NeriRingeReview	unchecked			
1970	Nielsen2001	unchecked			
1970	Orel2003	unchecked			
1970	Pierce1999	unchecked			
1970	Pierce2003	unchecked			
1970	Pierce2006	unchecked			
1970	Pokorny1959	unchecked			
1970	Polome1967	unchecked			
1970	Polome1994	unchecked			
1970	Repansek2012	unchecked			
1970	Rice1994	unchecked			
1970	Ringe1984	unchecked			
1970	Ringe2017	unchecked			
1970	RingeTaylor2014	unchecked			
1970	Seebold1970	unchecked			
1970	SieversBrunner1965	unchecked			
1970	StauslandJohnsen2015	unchecked			
1970	Stiles1985	unchecked			
1970	Stiles1986a	unchecked			
1970	Stiles1986b	unchecked			
1970	Stiles2012	unchecked			
1970	Stiles2017	unchecked			
1970	Streitberg1896	unchecked			
1970	Sweet1953	unchecked			
1970	Thorhallsdottir1993	unchecked			
1970	Toon1992	unchecked			
1970	Versloot2017	unchecked			
1970	Versloot2021	unchecked			
1970	Versloot2025	unchecked			
1970	Vine2019	unchecked			
1970	Waxenberger2019	unchecked			
1970	WrightWuelcker1884	unchecked			
1970	vanHelten1905	unchecked			
1971	Adamczyk2001	unchecked			
1971	Bammesberger1990	unchecked			
1971	Bammesberger1992	unchecked			
1971	Bammesberger1997	unchecked			
1971	Beekes2010	unchecked			
1971	Bennett1950	unchecked			
1971	BosworthToller1898	unchecked			
1971	Bremmer2008	unchecked			
1971	Bremmer2009	unchecked			
1971	Bright1917	unchecked			
1971	Bulbring1902	unchecked			
1971	CaedmonsHymnVitt1452	unchecked			
1971	Campbell1939	unchecked			
1971	Campbell1959	unchecked			
1971	Cercignani1979	unchecked			
1971	Cercignani1980	unchecked			
1971	ClarkHall1960	unchecked			
1971	Crist2001	unchecked			
1971	Crist2002	unchecked			
1971	Erdmann1972	unchecked			
1971	Fulk2018	unchecked			
1971	GermanicSlavicBaltic2025	unchecked			
1971	Goblirsch1991	unchecked			
1971	Hamp1990	unchecked			
1971	Hirt1931	unchecked			
1971	Hogg1979	unchecked			
1971	HoggGrammar2011	unchecked			
1971	HoggIntroduction1992	unchecked			
1971	HoggPhonology1992	unchecked			
1971	HowellSalmons1988	unchecked			
1971	Kaluza1900	unchecked			
1971	Kastovsky1992	unchecked			
1971	Kilday2024	unchecked			
1971	KlugeSeebold2011	unchecked			
1971	Kortlandt2008	unchecked			
1971	Kroonen2006	unchecked			
1971	Kroonen2011	unchecked			
1971	Kroonen2013	unchecked			
1971	Kylstra1983	unchecked			
1971	Laker2007	unchecked			
1971	Lid1952	unchecked			
1971	Lloyd1966	unchecked			
1971	LloydSpringer1988	unchecked			
1971	Luehr1993	unchecked			
1971	Luick1914	unchecked			
1971	Mayrhofer1992	unchecked			
1971	Mees2020	unchecked			
1971	NeriRingeReview	unchecked			
1971	Nielsen2001	unchecked			
1971	Orel2003	unchecked			
1971	Pierce1999	unchecked			
1971	Pierce2003	unchecked			
1971	Pierce2006	unchecked			
1971	Pokorny1959	unchecked			
1971	Polome1967	unchecked			
1971	Polome1994	unchecked			
1971	Repansek2012	unchecked			
1971	Rice1994	unchecked			
1971	Ringe1984	unchecked			
1971	Ringe2017	unchecked			
1971	RingeTaylor2014	unchecked			
1971	Seebold1970	unchecked			
1971	SieversBrunner1965	unchecked			
1971	StauslandJohnsen2015	unchecked			
1971	Stiles1985	unchecked			
1971	Stiles1986a	unchecked			
1971	Stiles1986b	unchecked			
1971	Stiles2012	unchecked			
1971	Stiles2017	unchecked			
1971	Streitberg1896	unchecked			
1971	Sweet1953	unchecked			
1971	Thorhallsdottir1993	unchecked			
1971	Toon1992	unchecked			
1971	Versloot2017	unchecked			
1971	Versloot2021	unchecked			
1971	Versloot2025	unchecked			
1971	Vine2019	unchecked			
1971	Waxenberger2019	unchecked			
1971	WrightWuelcker1884	unchecked			
1971	vanHelten1905	unchecked			
1972	Adamczyk2001	unchecked			
1972	Bammesberger1990	unchecked			
1972	Bammesberger1992	unchecked			
1972	Bammesberger1997	unchecked			
1972	Beekes2010	unchecked			
1972	Bennett1950	unchecked			
1972	BosworthToller1898	unchecked			
1972	Bremmer2008	unchecked			
1972	Bremmer2009	unchecked			
1972	Bright1917	unchecked			
1972	Bulbring1902	unchecked			
1972	CaedmonsHymnVitt1452	unchecked			
1972	Campbell1939	unchecked			
1972	Campbell1959	unchecked			
1972	Cercignani1979	unchecked			
1972	Cercignani1980	unchecked			
1972	ClarkHall1960	unchecked			
1972	Crist2001	unchecked			
1972	Crist2002	unchecked			
1972	Erdmann1972	unchecked			
1972	Fulk2018	unchecked			
1972	GermanicSlavicBaltic2025	unchecked			
1972	Goblirsch1991	unchecked			
1972	Hamp1990	unchecked			
1972	Hirt1931	unchecked			
1972	Hogg1979	unchecked			
1972	HoggGrammar2011	unchecked			
1972	HoggIntroduction1992	unchecked			
1972	HoggPhonology1992	unchecked			
1972	HowellSalmons1988	unchecked			
1972	Kaluza1900	unchecked			
1972	Kastovsky1992	unchecked			
1972	Kilday2024	unchecked			
1972	KlugeSeebold2011	unchecked			
1972	Kortlandt2008	unchecked			
1972	Kroonen2006	unchecked			
1972	Kroonen2011	unchecked			
1972	Kroonen2013	unchecked			
1972	Kylstra1983	unchecked			
1972	Laker2007	unchecked			
1972	Lid1952	unchecked			
1972	Lloyd1966	unchecked			
1972	LloydSpringer1988	unchecked			
1972	Luehr1993	unchecked			
1972	Luick1914	unchecked			
1972	Mayrhofer1992	unchecked			
1972	Mees2020	unchecked			
1972	NeriRingeReview	unchecked			
1972	Nielsen2001	unchecked			
1972	Orel2003	unchecked			
1972	Pierce1999	unchecked			
1972	Pierce2003	unchecked			
1972	Pierce2006	unchecked			
1972	Pokorny1959	unchecked			
1972	Polome1967	unchecked			
1972	Polome1994	unchecked			
1972	Repansek2012	unchecked			
1972	Rice1994	unchecked			
1972	Ringe1984	unchecked			
1972	Ringe2017	unchecked			
1972	RingeTaylor2014	unchecked			
1972	Seebold1970	unchecked			
1972	SieversBrunner1965	unchecked			
1972	StauslandJohnsen2015	unchecked			
1972	Stiles1985	unchecked			
1972	Stiles1986a	unchecked			
1972	Stiles1986b	unchecked			
1972	Stiles2012	unchecked			
1972	Stiles2017	unchecked			
1972	Streitberg1896	unchecked			
1972	Sweet1953	unchecked			
1972	Thorhallsdottir1993	unchecked			
1972	Toon1992	unchecked			
1972	Versloot2017	unchecked			
1972	Versloot2021	unchecked			
1972	Versloot2025	unchecked			
1972	Vine2019	unchecked			
1972	Waxenberger2019	unchecked			
1972	WrightWuelcker1884	unchecked			
1972	vanHelten1905	unchecked			
1973	Adamczyk2001	unchecked			
1973	Bammesberger1990	unchecked			
1973	Bammesberger1992	unchecked			
1973	Bammesberger1997	unchecked			
1973	Beekes2010	unchecked			
1973	Bennett1950	unchecked			
1973	BosworthToller1898	unchecked			
1973	Bremmer2008	unchecked			
1973	Bremmer2009	unchecked			
1973	Bright1917	unchecked			
1973	Bulbring1902	unchecked			
1973	CaedmonsHymnVitt1452	unchecked			
1973	Campbell1939	unchecked			
1973	Campbell1959	unchecked			
1973	Cercignani1979	unchecked			
1973	Cercignani1980	unchecked			
1973	ClarkHall1960	unchecked			
1973	Crist2001	unchecked			
1973	Crist2002	unchecked			
1973	Erdmann1972	unchecked			
1973	Fulk2018	unchecked			
1973	GermanicSlavicBaltic2025	unchecked			
1973	Goblirsch1991	unchecked			
1973	Hamp1990	unchecked			
1973	Hirt1931	unchecked			
1973	Hogg1979	unchecked			
1973	HoggGrammar2011	unchecked			
1973	HoggIntroduction1992	unchecked			
1973	HoggPhonology1992	unchecked			
1973	HowellSalmons1988	unchecked			
1973	Kaluza1900	unchecked			
1973	Kastovsky1992	unchecked			
1973	Kilday2024	unchecked			
1973	KlugeSeebold2011	unchecked			
1973	Kortlandt2008	unchecked			
1973	Kroonen2006	unchecked			
1973	Kroonen2011	unchecked			
1973	Kroonen2013	unchecked			
1973	Kylstra1983	unchecked			
1973	Laker2007	unchecked			
1973	Lid1952	unchecked			
1973	Lloyd1966	unchecked			
1973	LloydSpringer1988	unchecked			
1973	Luehr1993	unchecked			
1973	Luick1914	unchecked			
1973	Mayrhofer1992	unchecked			
1973	Mees2020	unchecked			
1973	NeriRingeReview	unchecked			
1973	Nielsen2001	unchecked			
1973	Orel2003	unchecked			
1973	Pierce1999	unchecked			
1973	Pierce2003	unchecked			
1973	Pierce2006	unchecked			
1973	Pokorny1959	unchecked			
1973	Polome1967	unchecked			
1973	Polome1994	unchecked			
1973	Repansek2012	unchecked			
1973	Rice1994	unchecked			
1973	Ringe1984	unchecked			
1973	Ringe2017	unchecked			
1973	RingeTaylor2014	unchecked			
1973	Seebold1970	unchecked			
1973	SieversBrunner1965	unchecked			
1973	StauslandJohnsen2015	unchecked			
1973	Stiles1985	unchecked			
1973	Stiles1986a	unchecked			
1973	Stiles1986b	unchecked			
1973	Stiles2012	unchecked			
1973	Stiles2017	unchecked			
1973	Streitberg1896	unchecked			
1973	Sweet1953	unchecked			
1973	Thorhallsdottir1993	unchecked			
1973	Toon1992	unchecked			
1973	Versloot2017	unchecked			
1973	Versloot2021	unchecked			
1973	Versloot2025	unchecked			
1973	Vine2019	unchecked			
1973	Waxenberger2019	unchecked			
1973	WrightWuelcker1884	unchecked			
1973	vanHelten1905	unchecked			
1974	Adamczyk2001	unchecked			
1974	Bammesberger1990	unchecked			
1974	Bammesberger1992	unchecked			
1974	Bammesberger1997	unchecked			
1974	Beekes2010	unchecked			
1974	Bennett1950	unchecked			
1974	BosworthToller1898	unchecked			
1974	Bremmer2008	unchecked			
1974	Bremmer2009	unchecked			
1974	Bright1917	unchecked			
1974	Bulbring1902	unchecked			
1974	CaedmonsHymnVitt1452	unchecked			
1974	Campbell1939	unchecked			
1974	Campbell1959	unchecked			
1974	Cercignani1979	unchecked			
1974	Cercignani1980	unchecked			
1974	ClarkHall1960	unchecked			
1974	Crist2001	unchecked			
1974	Crist2002	unchecked			
1974	Erdmann1972	unchecked			
1974	Fulk2018	unchecked			
1974	GermanicSlavicBaltic2025	unchecked			
1974	Goblirsch1991	unchecked			
1974	Hamp1990	unchecked			
1974	Hirt1931	unchecked			
1974	Hogg1979	unchecked			
1974	HoggGrammar2011	unchecked			
1974	HoggIntroduction1992	unchecked			
1974	HoggPhonology1992	unchecked			
1974	HowellSalmons1988	unchecked			
1974	Kaluza1900	unchecked			
1974	Kastovsky1992	unchecked			
1974	Kilday2024	unchecked			
1974	KlugeSeebold2011	unchecked			
1974	Kortlandt2008	unchecked			
1974	Kroonen2006	unchecked			
1974	Kroonen2011	unchecked			
1974	Kroonen2013	unchecked			
1974	Kylstra1983	unchecked			
1974	Laker2007	unchecked			
1974	Lid1952	unchecked			
1974	Lloyd1966	unchecked			
1974	LloydSpringer1988	unchecked			
1974	Luehr1993	unchecked			
1974	Luick1914	unchecked			
1974	Mayrhofer1992	unchecked			
1974	Mees2020	unchecked			
1974	NeriRingeReview	unchecked			
1974	Nielsen2001	unchecked			
1974	Orel2003	unchecked			
1974	Pierce1999	unchecked			
1974	Pierce2003	unchecked			
1974	Pierce2006	unchecked			
1974	Pokorny1959	unchecked			
1974	Polome1967	unchecked			
1974	Polome1994	unchecked			
1974	Repansek2012	unchecked			
1974	Rice1994	unchecked			
1974	Ringe1984	unchecked			
1974	Ringe2017	unchecked			
1974	RingeTaylor2014	unchecked			
1974	Seebold1970	unchecked			
1974	SieversBrunner1965	unchecked			
1974	StauslandJohnsen2015	unchecked			
1974	Stiles1985	unchecked			
1974	Stiles1986a	unchecked			
1974	Stiles1986b	unchecked			
1974	Stiles2012	unchecked			
1974	Stiles2017	unchecked			
1974	Streitberg1896	unchecked			
1974	Sweet1953	unchecked			
1974	Thorhallsdottir1993	unchecked			
1974	Toon1992	unchecked			
1974	Versloot2017	unchecked			
1974	Versloot2021	unchecked			
1974	Versloot2025	unchecked			
1974	Vine2019	unchecked			
1974	Waxenberger2019	unchecked			
1974	WrightWuelcker1884	unchecked			
1974	vanHelten1905	unchecked			
1975	Adamczyk2001	unchecked			
1975	Bammesberger1990	unchecked			
1975	Bammesberger1992	unchecked			
1975	Bammesberger1997	unchecked			
1975	Beekes2010	unchecked			
1975	Bennett1950	unchecked			
1975	BosworthToller1898	unchecked			
1975	Bremmer2008	unchecked			
1975	Bremmer2009	unchecked			
1975	Bright1917	unchecked			
1975	Bulbring1902	unchecked			
1975	CaedmonsHymnVitt1452	unchecked			
1975	Campbell1939	unchecked			
1975	Campbell1959	unchecked			
1975	Cercignani1979	unchecked			
1975	Cercignani1980	unchecked			
1975	ClarkHall1960	unchecked			
1975	Crist2001	unchecked			
1975	Crist2002	unchecked			
1975	Erdmann1972	unchecked			
1975	Fulk2018	unchecked			
1975	GermanicSlavicBaltic2025	unchecked			
1975	Goblirsch1991	unchecked			
1975	Hamp1990	unchecked			
1975	Hirt1931	unchecked			
1975	Hogg1979	unchecked			
1975	HoggGrammar2011	unchecked			
1975	HoggIntroduction1992	unchecked			
1975	HoggPhonology1992	unchecked			
1975	HowellSalmons1988	unchecked			
1975	Kaluza1900	unchecked			
1975	Kastovsky1992	unchecked			
1975	Kilday2024	unchecked			
1975	KlugeSeebold2011	unchecked			
1975	Kortlandt2008	unchecked			
1975	Kroonen2006	unchecked			
1975	Kroonen2011	unchecked			
1975	Kroonen2013	unchecked			
1975	Kylstra1983	unchecked			
1975	Laker2007	unchecked			
1975	Lid1952	unchecked			
1975	Lloyd1966	unchecked			
1975	LloydSpringer1988	unchecked			
1975	Luehr1993	unchecked			
1975	Luick1914	unchecked			
1975	Mayrhofer1992	unchecked			
1975	Mees2020	unchecked			
1975	NeriRingeReview	unchecked			
1975	Nielsen2001	unchecked			
1975	Orel2003	unchecked			
1975	Pierce1999	unchecked			
1975	Pierce2003	unchecked			
1975	Pierce2006	unchecked			
1975	Pokorny1959	unchecked			
1975	Polome1967	unchecked			
1975	Polome1994	unchecked			
1975	Repansek2012	unchecked			
1975	Rice1994	unchecked			
1975	Ringe1984	unchecked			
1975	Ringe2017	unchecked			
1975	RingeTaylor2014	unchecked			
1975	Seebold1970	unchecked			
1975	SieversBrunner1965	unchecked			
1975	StauslandJohnsen2015	unchecked			
1975	Stiles1985	unchecked			
1975	Stiles1986a	unchecked			
1975	Stiles1986b	unchecked			
1975	Stiles2012	unchecked			
1975	Stiles2017	unchecked			
1975	Streitberg1896	unchecked			
1975	Sweet1953	unchecked			
1975	Thorhallsdottir1993	unchecked			
1975	Toon1992	unchecked			
1975	Versloot2017	unchecked			
1975	Versloot2021	unchecked			
1975	Versloot2025	unchecked			
1975	Vine2019	unchecked			
1975	Waxenberger2019	unchecked			
1975	WrightWuelcker1884	unchecked			
1975	vanHelten1905	unchecked			
1976	Adamczyk2001	unchecked			
1976	Bammesberger1990	unchecked			
1976	Bammesberger1992	unchecked			
1976	Bammesberger1997	unchecked			
1976	Beekes2010	unchecked			
1976	Bennett1950	unchecked			
1976	BosworthToller1898	unchecked			
1976	Bremmer2008	unchecked			
1976	Bremmer2009	unchecked			
1976	Bright1917	unchecked			
1976	Bulbring1902	unchecked			
1976	CaedmonsHymnVitt1452	unchecked			
1976	Campbell1939	unchecked			
1976	Campbell1959	unchecked			
1976	Cercignani1979	unchecked			
1976	Cercignani1980	unchecked			
1976	ClarkHall1960	unchecked			
1976	Crist2001	unchecked			
1976	Crist2002	unchecked			
1976	Erdmann1972	unchecked			
1976	Fulk2018	unchecked			
1976	GermanicSlavicBaltic2025	unchecked			
1976	Goblirsch1991	unchecked			
1976	Hamp1990	unchecked			
1976	Hirt1931	unchecked			
1976	Hogg1979	unchecked			
1976	HoggGrammar2011	unchecked			
1976	HoggIntroduction1992	unchecked			
1976	HoggPhonology1992	unchecked			
1976	HowellSalmons1988	unchecked			
1976	Kaluza1900	unchecked			
1976	Kastovsky1992	unchecked			
1976	Kilday2024	unchecked			
1976	KlugeSeebold2011	unchecked			
1976	Kortlandt2008	unchecked			
1976	Kroonen2006	unchecked			
1976	Kroonen2011	unchecked			
1976	Kroonen2013	unchecked			
1976	Kylstra1983	unchecked			
1976	Laker2007	unchecked			
1976	Lid1952	unchecked			
1976	Lloyd1966	unchecked			
1976	LloydSpringer1988	unchecked			
1976	Luehr1993	unchecked			
1976	Luick1914	unchecked			
1976	Mayrhofer1992	unchecked			
1976	Mees2020	unchecked			
1976	NeriRingeReview	unchecked			
1976	Nielsen2001	unchecked			
1976	Orel2003	unchecked			
1976	Pierce1999	unchecked			
1976	Pierce2003	unchecked			
1976	Pierce2006	unchecked			
1976	Pokorny1959	unchecked			
1976	Polome1967	unchecked			
1976	Polome1994	unchecked			
1976	Repansek2012	unchecked			
1976	Rice1994	unchecked			
1976	Ringe1984	unchecked			
1976	Ringe2017	unchecked			
1976	RingeTaylor2014	unchecked			
1976	Seebold1970	unchecked			
1976	SieversBrunner1965	unchecked			
1976	StauslandJohnsen2015	unchecked			
1976	Stiles1985	unchecked			
1976	Stiles1986a	unchecked			
1976	Stiles1986b	unchecked			
1976	Stiles2012	unchecked			
1976	Stiles2017	unchecked			
1976	Streitberg1896	unchecked			
1976	Sweet1953	unchecked			
1976	Thorhallsdottir1993	unchecked			
1976	Toon1992	unchecked			
1976	Versloot2017	unchecked			
1976	Versloot2021	unchecked			
1976	Versloot2025	unchecked			
1976	Vine2019	unchecked			
1976	Waxenberger2019	unchecked			
1976	WrightWuelcker1884	unchecked			
1976	vanHelten1905	unchecked			
1977	Adamczyk2001	unchecked			
1977	Bammesberger1990	unchecked			
1977	Bammesberger1992	unchecked			
1977	Bammesberger1997	unchecked			
1977	Beekes2010	unchecked			
1977	Bennett1950	unchecked			
1977	BosworthToller1898	unchecked			
1977	Bremmer2008	unchecked			
1977	Bremmer2009	unchecked			
1977	Bright1917	unchecked			
1977	Bulbring1902	unchecked			
1977	CaedmonsHymnVitt1452	unchecked			
1977	Campbell1939	unchecked			
1977	Campbell1959	unchecked			
1977	Cercignani1979	unchecked			
1977	Cercignani1980	unchecked			
1977	ClarkHall1960	unchecked			
1977	Crist2001	unchecked			
1977	Crist2002	unchecked			
1977	Erdmann1972	unchecked			
1977	Fulk2018	unchecked			
1977	GermanicSlavicBaltic2025	unchecked			
1977	Goblirsch1991	unchecked			
1977	Hamp1990	unchecked			
1977	Hirt1931	unchecked			
1977	Hogg1979	unchecked			
1977	HoggGrammar2011	unchecked			
1977	HoggIntroduction1992	unchecked			
1977	HoggPhonology1992	unchecked			
1977	HowellSalmons1988	unchecked			
1977	Kaluza1900	unchecked			
1977	Kastovsky1992	unchecked			
1977	Kilday2024	unchecked			
1977	KlugeSeebold2011	unchecked			
1977	Kortlandt2008	unchecked			
1977	Kroonen2006	unchecked			
1977	Kroonen2011	unchecked			
1977	Kroonen2013	unchecked			
1977	Kylstra1983	unchecked			
1977	Laker2007	unchecked			
1977	Lid1952	unchecked			
1977	Lloyd1966	unchecked			
1977	LloydSpringer1988	unchecked			
1977	Luehr1993	unchecked			
1977	Luick1914	unchecked			
1977	Mayrhofer1992	unchecked			
1977	Mees2020	unchecked			
1977	NeriRingeReview	unchecked			
1977	Nielsen2001	unchecked			
1977	Orel2003	unchecked			
1977	Pierce1999	unchecked			
1977	Pierce2003	unchecked			
1977	Pierce2006	unchecked			
1977	Pokorny1959	unchecked			
1977	Polome1967	unchecked			
1977	Polome1994	unchecked			
1977	Repansek2012	unchecked			
1977	Rice1994	unchecked			
1977	Ringe1984	unchecked			
1977	Ringe2017	unchecked			
1977	RingeTaylor2014	unchecked			
1977	Seebold1970	unchecked			
1977	SieversBrunner1965	unchecked			
1977	StauslandJohnsen2015	unchecked			
1977	Stiles1985	unchecked			
1977	Stiles1986a	unchecked			
1977	Stiles1986b	unchecked			
1977	Stiles2012	unchecked			
1977	Stiles2017	unchecked			
1977	Streitberg1896	unchecked			
1977	Sweet1953	unchecked			
1977	Thorhallsdottir1993	unchecked			
1977	Toon1992	unchecked			
1977	Versloot2017	unchecked			
1977	Versloot2021	unchecked			
1977	Versloot2025	unchecked			
1977	Vine2019	unchecked			
1977	Waxenberger2019	unchecked			
1977	WrightWuelcker1884	unchecked			
1977	vanHelten1905	unchecked			
1978	Adamczyk2001	unchecked			
1978	Bammesberger1990	unchecked			
1978	Bammesberger1992	unchecked			
1978	Bammesberger1997	unchecked			
1978	Beekes2010	unchecked			
1978	Bennett1950	unchecked			
1978	BosworthToller1898	unchecked			
1978	Bremmer2008	unchecked			
1978	Bremmer2009	unchecked			
1978	Bright1917	unchecked			
1978	Bulbring1902	unchecked			
1978	CaedmonsHymnVitt1452	unchecked			
1978	Campbell1939	unchecked			
1978	Campbell1959	unchecked			
1978	Cercignani1979	unchecked			
1978	Cercignani1980	unchecked			
1978	ClarkHall1960	unchecked			
1978	Crist2001	unchecked			
1978	Crist2002	unchecked			
1978	Erdmann1972	unchecked			
1978	Fulk2018	unchecked			
1978	GermanicSlavicBaltic2025	unchecked			
1978	Goblirsch1991	unchecked			
1978	Hamp1990	unchecked			
1978	Hirt1931	unchecked			
1978	Hogg1979	unchecked			
1978	HoggGrammar2011	unchecked			
1978	HoggIntroduction1992	unchecked			
1978	HoggPhonology1992	unchecked			
1978	HowellSalmons1988	unchecked			
1978	Kaluza1900	unchecked			
1978	Kastovsky1992	unchecked			
1978	Kilday2024	unchecked			
1978	KlugeSeebold2011	unchecked			
1978	Kortlandt2008	unchecked			
1978	Kroonen2006	unchecked			
1978	Kroonen2011	unchecked			
1978	Kroonen2013	unchecked			
1978	Kylstra1983	unchecked			
1978	Laker2007	unchecked			
1978	Lid1952	unchecked			
1978	Lloyd1966	unchecked			
1978	LloydSpringer1988	unchecked			
1978	Luehr1993	unchecked			
1978	Luick1914	unchecked			
1978	Mayrhofer1992	unchecked			
1978	Mees2020	unchecked			
1978	NeriRingeReview	unchecked			
1978	Nielsen2001	unchecked			
1978	Orel2003	unchecked			
1978	Pierce1999	unchecked			
1978	Pierce2003	unchecked			
1978	Pierce2006	unchecked			
1978	Pokorny1959	unchecked			
1978	Polome1967	unchecked			
1978	Polome1994	unchecked			
1978	Repansek2012	unchecked			
1978	Rice1994	unchecked			
1978	Ringe1984	unchecked			
1978	Ringe2017	unchecked			
1978	RingeTaylor2014	unchecked			
1978	Seebold1970	unchecked			
1978	SieversBrunner1965	unchecked			
1978	StauslandJohnsen2015	unchecked			
1978	Stiles1985	unchecked			
1978	Stiles1986a	unchecked			
1978	Stiles1986b	unchecked			
1978	Stiles2012	unchecked			
1978	Stiles2017	unchecked			
1978	Streitberg1896	unchecked			
1978	Sweet1953	unchecked			
1978	Thorhallsdottir1993	unchecked			
1978	Toon1992	unchecked			
1978	Versloot2017	unchecked			
1978	Versloot2021	unchecked			
1978	Versloot2025	unchecked			
1978	Vine2019	unchecked			
1978	Waxenberger2019	unchecked			
1978	WrightWuelcker1884	unchecked			
1978	vanHelten1905	unchecked			
1979	Adamczyk2001	unchecked			
1979	Bammesberger1990	unchecked			
1979	Bammesberger1992	unchecked			
1979	Bammesberger1997	unchecked			
1979	Beekes2010	unchecked			
1979	Bennett1950	unchecked			
1979	BosworthToller1898	unchecked			
1979	Bremmer2008	unchecked			
1979	Bremmer2009	unchecked			
1979	Bright1917	unchecked			
1979	Bulbring1902	unchecked			
1979	CaedmonsHymnVitt1452	unchecked			
1979	Campbell1939	unchecked			
1979	Campbell1959	unchecked			
1979	Cercignani1979	unchecked			
1979	Cercignani1980	unchecked			
1979	ClarkHall1960	unchecked			
1979	Crist2001	unchecked			
1979	Crist2002	unchecked			
1979	Erdmann1972	unchecked			
1979	Fulk2018	unchecked			
1979	GermanicSlavicBaltic2025	unchecked			
1979	Goblirsch1991	unchecked			
1979	Hamp1990	unchecked			
1979	Hirt1931	unchecked			
1979	Hogg1979	unchecked			
1979	HoggGrammar2011	unchecked			
1979	HoggIntroduction1992	unchecked			
1979	HoggPhonology1992	unchecked			
1979	HowellSalmons1988	unchecked			
1979	Kaluza1900	unchecked			
1979	Kastovsky1992	unchecked			
1979	Kilday2024	unchecked			
1979	KlugeSeebold2011	unchecked			
1979	Kortlandt2008	unchecked			
1979	Kroonen2006	unchecked			
1979	Kroonen2011	unchecked			
1979	Kroonen2013	unchecked			
1979	Kylstra1983	unchecked			
1979	Laker2007	unchecked			
1979	Lid1952	unchecked			
1979	Lloyd1966	unchecked			
1979	LloydSpringer1988	unchecked			
1979	Luehr1993	unchecked			
1979	Luick1914	unchecked			
1979	Mayrhofer1992	unchecked			
1979	Mees2020	unchecked			
1979	NeriRingeReview	unchecked			
1979	Nielsen2001	unchecked			
1979	Orel2003	unchecked			
1979	Pierce1999	unchecked			
1979	Pierce2003	unchecked			
1979	Pierce2006	unchecked			
1979	Pokorny1959	unchecked			
1979	Polome1967	unchecked			
1979	Polome1994	unchecked			
1979	Repansek2012	unchecked			
1979	Rice1994	unchecked			
1979	Ringe1984	unchecked			
1979	Ringe2017	unchecked			
1979	RingeTaylor2014	unchecked			
1979	Seebold1970	unchecked			
1979	SieversBrunner1965	unchecked			
1979	StauslandJohnsen2015	unchecked			
1979	Stiles1985	unchecked			
1979	Stiles1986a	unchecked			
1979	Stiles1986b	unchecked			
1979	Stiles2012	unchecked			
1979	Stiles2017	unchecked			
1979	Streitberg1896	unchecked			
1979	Sweet1953	unchecked			
1979	Thorhallsdottir1993	unchecked			
1979	Toon1992	unchecked			
1979	Versloot2017	unchecked			
1979	Versloot2021	unchecked			
1979	Versloot2025	unchecked			
1979	Vine2019	unchecked			
1979	Waxenberger2019	unchecked			
1979	WrightWuelcker1884	unchecked			
1979	vanHelten1905	unchecked			
1980	Adamczyk2001	unchecked			
1980	Bammesberger1990	unchecked			
1980	Bammesberger1992	unchecked			
1980	Bammesberger1997	unchecked			
1980	Beekes2010	unchecked			
1980	Bennett1950	unchecked			
1980	BosworthToller1898	unchecked			
1980	Bremmer2008	unchecked			
1980	Bremmer2009	unchecked			
1980	Bright1917	unchecked			
1980	Bulbring1902	unchecked			
1980	CaedmonsHymnVitt1452	unchecked			
1980	Campbell1939	unchecked			
1980	Campbell1959	unchecked			
1980	Cercignani1979	unchecked			
1980	Cercignani1980	unchecked			
1980	ClarkHall1960	unchecked			
1980	Crist2001	unchecked			
1980	Crist2002	unchecked			
1980	Erdmann1972	unchecked			
1980	Fulk2018	unchecked			
1980	GermanicSlavicBaltic2025	unchecked			
1980	Goblirsch1991	unchecked			
1980	Hamp1990	unchecked			
1980	Hirt1931	unchecked			
1980	Hogg1979	unchecked			
1980	HoggGrammar2011	unchecked			
1980	HoggIntroduction1992	unchecked			
1980	HoggPhonology1992	unchecked			
1980	HowellSalmons1988	unchecked			
1980	Kaluza1900	unchecked			
1980	Kastovsky1992	unchecked			
1980	Kilday2024	unchecked			
1980	KlugeSeebold2011	unchecked			
1980	Kortlandt2008	unchecked			
1980	Kroonen2006	unchecked			
1980	Kroonen2011	unchecked			
1980	Kroonen2013	unchecked			
1980	Kylstra1983	unchecked			
1980	Laker2007	unchecked			
1980	Lid1952	unchecked			
1980	Lloyd1966	unchecked			
1980	LloydSpringer1988	unchecked			
1980	Luehr1993	unchecked			
1980	Luick1914	unchecked			
1980	Mayrhofer1992	unchecked			
1980	Mees2020	unchecked			
1980	NeriRingeReview	unchecked			
1980	Nielsen2001	unchecked			
1980	Orel2003	unchecked			
1980	Pierce1999	unchecked			
1980	Pierce2003	unchecked			
1980	Pierce2006	unchecked			
1980	Pokorny1959	unchecked			
1980	Polome1967	unchecked			
1980	Polome1994	unchecked			
1980	Repansek2012	unchecked			
1980	Rice1994	unchecked			
1980	Ringe1984	unchecked			
1980	Ringe2017	unchecked			
1980	RingeTaylor2014	unchecked			
1980	Seebold1970	unchecked			
1980	SieversBrunner1965	unchecked			
1980	StauslandJohnsen2015	unchecked			
1980	Stiles1985	unchecked			
1980	Stiles1986a	unchecked			
1980	Stiles1986b	unchecked			
1980	Stiles2012	unchecked			
1980	Stiles2017	unchecked			
1980	Streitberg1896	unchecked			
1980	Sweet1953	unchecked			
1980	Thorhallsdottir1993	unchecked			
1980	Toon1992	unchecked			
1980	Versloot2017	unchecked			
1980	Versloot2021	unchecked			
1980	Versloot2025	unchecked			
1980	Vine2019	unchecked			
1980	Waxenberger2019	unchecked			
1980	WrightWuelcker1884	unchecked			
1980	vanHelten1905	unchecked			
1981	Adamczyk2001	unchecked			
1981	Bammesberger1990	unchecked			
1981	Bammesberger1992	unchecked			
1981	Bammesberger1997	unchecked			
1981	Beekes2010	unchecked			
1981	Bennett1950	unchecked			
1981	BosworthToller1898	unchecked			
1981	Bremmer2008	unchecked			
1981	Bremmer2009	unchecked			
1981	Bright1917	unchecked			
1981	Bulbring1902	unchecked			
1981	CaedmonsHymnVitt1452	unchecked			
1981	Campbell1939	unchecked			
1981	Campbell1959	unchecked			
1981	Cercignani1979	unchecked			
1981	Cercignani1980	unchecked			
1981	ClarkHall1960	unchecked			
1981	Crist2001	unchecked			
1981	Crist2002	unchecked			
1981	Erdmann1972	unchecked			
1981	Fulk2018	unchecked			
1981	GermanicSlavicBaltic2025	unchecked			
1981	Goblirsch1991	unchecked			
1981	Hamp1990	unchecked			
1981	Hirt1931	unchecked			
1981	Hogg1979	unchecked			
1981	HoggGrammar2011	unchecked			
1981	HoggIntroduction1992	unchecked			
1981	HoggPhonology1992	unchecked			
1981	HowellSalmons1988	unchecked			
1981	Kaluza1900	unchecked			
1981	Kastovsky1992	unchecked			
1981	Kilday2024	unchecked			
1981	KlugeSeebold2011	unchecked			
1981	Kortlandt2008	unchecked			
1981	Kroonen2006	unchecked			
1981	Kroonen2011	unchecked			
1981	Kroonen2013	unchecked			
1981	Kylstra1983	unchecked			
1981	Laker2007	unchecked			
1981	Lid1952	unchecked			
1981	Lloyd1966	unchecked			
1981	LloydSpringer1988	unchecked			
1981	Luehr1993	unchecked			
1981	Luick1914	unchecked			
1981	Mayrhofer1992	unchecked			
1981	Mees2020	unchecked			
1981	NeriRingeReview	unchecked			
1981	Nielsen2001	unchecked			
1981	Orel2003	unchecked			
1981	Pierce1999	unchecked			
1981	Pierce2003	unchecked			
1981	Pierce2006	unchecked			
1981	Pokorny1959	unchecked			
1981	Polome1967	unchecked			
1981	Polome1994	unchecked			
1981	Repansek2012	unchecked			
1981	Rice1994	unchecked			
1981	Ringe1984	unchecked			
1981	Ringe2017	unchecked			
1981	RingeTaylor2014	unchecked			
1981	Seebold1970	unchecked			
1981	SieversBrunner1965	unchecked			
1981	StauslandJohnsen2015	unchecked			
1981	Stiles1985	unchecked			
1981	Stiles1986a	unchecked			
1981	Stiles1986b	unchecked			
1981	Stiles2012	unchecked			
1981	Stiles2017	unchecked			
1981	Streitberg1896	unchecked			
1981	Sweet1953	unchecked			
1981	Thorhallsdottir1993	unchecked			
1981	Toon1992	unchecked			
1981	Versloot2017	unchecked			
1981	Versloot2021	unchecked			
1981	Versloot2025	unchecked			
1981	Vine2019	unchecked			
1981	Waxenberger2019	unchecked			
1981	WrightWuelcker1884	unchecked			
1981	vanHelten1905	unchecked			
1982	Adamczyk2001	unchecked			
1982	Bammesberger1990	unchecked			
1982	Bammesberger1992	unchecked			
1982	Bammesberger1997	unchecked			
1982	Beekes2010	unchecked			
1982	Bennett1950	unchecked			
1982	BosworthToller1898	unchecked			
1982	Bremmer2008	unchecked			
1982	Bremmer2009	unchecked			
1982	Bright1917	unchecked			
1982	Bulbring1902	unchecked			
1982	CaedmonsHymnVitt1452	unchecked			
1982	Campbell1939	unchecked			
1982	Campbell1959	unchecked			
1982	Cercignani1979	unchecked			
1982	Cercignani1980	unchecked			
1982	ClarkHall1960	unchecked			
1982	Crist2001	unchecked			
1982	Crist2002	unchecked			
1982	Erdmann1972	unchecked			
1982	Fulk2018	unchecked			
1982	GermanicSlavicBaltic2025	unchecked			
1982	Goblirsch1991	unchecked			
1982	Hamp1990	unchecked			
1982	Hirt1931	unchecked			
1982	Hogg1979	unchecked			
1982	HoggGrammar2011	unchecked			
1982	HoggIntroduction1992	unchecked			
1982	HoggPhonology1992	unchecked			
1982	HowellSalmons1988	unchecked			
1982	Kaluza1900	unchecked			
1982	Kastovsky1992	unchecked			
1982	Kilday2024	unchecked			
1982	KlugeSeebold2011	unchecked			
1982	Kortlandt2008	unchecked			
1982	Kroonen2006	unchecked			
1982	Kroonen2011	unchecked			
1982	Kroonen2013	unchecked			
1982	Kylstra1983	unchecked			
1982	Laker2007	unchecked			
1982	Lid1952	unchecked			
1982	Lloyd1966	unchecked			
1982	LloydSpringer1988	unchecked			
1982	Luehr1993	unchecked			
1982	Luick1914	unchecked			
1982	Mayrhofer1992	unchecked			
1982	Mees2020	unchecked			
1982	NeriRingeReview	unchecked			
1982	Nielsen2001	unchecked			
1982	Orel2003	unchecked			
1982	Pierce1999	unchecked			
1982	Pierce2003	unchecked			
1982	Pierce2006	unchecked			
1982	Pokorny1959	unchecked			
1982	Polome1967	unchecked			
1982	Polome1994	unchecked			
1982	Repansek2012	unchecked			
1982	Rice1994	unchecked			
1982	Ringe1984	unchecked			
1982	Ringe2017	unchecked			
1982	RingeTaylor2014	unchecked			
1982	Seebold1970	unchecked			
1982	SieversBrunner1965	unchecked			
1982	StauslandJohnsen2015	unchecked			
1982	Stiles1985	unchecked			
1982	Stiles1986a	unchecked			
1982	Stiles1986b	unchecked			
1982	Stiles2012	unchecked			
1982	Stiles2017	unchecked			
1982	Streitberg1896	unchecked			
1982	Sweet1953	unchecked			
1982	Thorhallsdottir1993	unchecked			
1982	Toon1992	unchecked			
1982	Versloot2017	unchecked			
1982	Versloot2021	unchecked			
1982	Versloot2025	unchecked			
1982	Vine2019	unchecked			
1982	Waxenberger2019	unchecked			
1982	WrightWuelcker1884	unchecked			
1982	vanHelten1905	unchecked			
1983	Adamczyk2001	unchecked			
1983	Bammesberger1990	unchecked			
1983	Bammesberger1992	unchecked			
1983	Bammesberger1997	unchecked			
1983	Beekes2010	unchecked			
1983	Bennett1950	unchecked			
1983	BosworthToller1898	unchecked			
1983	Bremmer2008	unchecked			
1983	Bremmer2009	unchecked			
1983	Bright1917	unchecked			
1983	Bulbring1902	unchecked			
1983	CaedmonsHymnVitt1452	unchecked			
1983	Campbell1939	unchecked			
1983	Campbell1959	unchecked			
1983	Cercignani1979	unchecked			
1983	Cercignani1980	unchecked			
1983	ClarkHall1960	discussion_only	cud-clark-hall-variants	cwudu headword on printed69 checked against sheet84 image.	The dictionary does not independently verify selected cwedu in this entry; broader target-attestation check remains open.
1983	Crist2001	unchecked			
1983	Crist2002	unchecked			
1983	Erdmann1972	unchecked			
1983	Fulk2018	unchecked			
1983	GermanicSlavicBaltic2025	unchecked			
1983	Goblirsch1991	unchecked			
1983	Hamp1990	unchecked			
1983	Hirt1931	unchecked			
1983	Hogg1979	unchecked			
1983	HoggGrammar2011	unchecked			
1983	HoggIntroduction1992	unchecked			
1983	HoggPhonology1992	unchecked			
1983	HowellSalmons1988	unchecked			
1983	Kaluza1900	unchecked			
1983	Kastovsky1992	unchecked			
1983	Kilday2024	unchecked			
1983	KlugeSeebold2011	unchecked			
1983	Kortlandt2008	unchecked			
1983	Kroonen2006	unchecked			
1983	Kroonen2011	unchecked			
1983	Kroonen2013	evidence_found	cud-kroonen-stem	Resin homonym2, full entry on printed315 checked against sheet355 image.	Distinguish u-stem citation and homonym marker from CAPR full-word/dental/stress choices.
1983	Kylstra1983	unchecked			
1983	Laker2007	unchecked			
1983	Lid1952	unchecked			
1983	Lloyd1966	unchecked			
1983	LloydSpringer1988	unchecked			
1983	Luehr1993	unchecked			
1983	Luick1914	unchecked			
1983	Mayrhofer1992	unchecked			
1983	Mees2020	unchecked			
1983	NeriRingeReview	unchecked			
1983	Nielsen2001	unchecked			
1983	Orel2003	evidence_found	cud-orel-formation	OE cwidu index227 and *kwedwō(n) entry on printed227; image checked.	An e-form with different morphology; not a second quotation of Kroonen's masculine u-stem.
1983	Pierce1999	unchecked			
1983	Pierce2003	unchecked			
1983	Pierce2006	unchecked			
1983	Pokorny1959	unchecked			
1983	Polome1967	unchecked			
1983	Polome1994	unchecked			
1983	Repansek2012	unchecked			
1983	Rice1994	unchecked			
1983	Ringe1984	unchecked			
1983	Ringe2017	unchecked			
1983	RingeTaylor2014	evidence_found	cud-ringe-taylor-wgmc	cwidu and *kwidu passage under PAGE338 with printed323 running head and source index323.	The author begins at PWGmc i here; no explicit PGmc form or leveling-from-cwedu argument in this passage.
1983	Seebold1970	unchecked			
1983	SieversBrunner1965	unchecked			
1983	StauslandJohnsen2015	unchecked			
1983	Stiles1985	unchecked			
1983	Stiles1986a	unchecked			
1983	Stiles1986b	unchecked			
1983	Stiles2012	unchecked			
1983	Stiles2017	unchecked			
1983	Streitberg1896	unchecked			
1983	Sweet1953	unchecked			
1983	Thorhallsdottir1993	unchecked			
1983	Toon1992	unchecked			
1983	Versloot2017	unchecked			
1983	Versloot2021	unchecked			
1983	Versloot2025	unchecked			
1983	Vine2019	unchecked			
1983	Waxenberger2019	unchecked			
1983	WrightWuelcker1884	unchecked			
1983	vanHelten1905	unchecked			
1984	Adamczyk2001	unchecked			
1984	Bammesberger1990	unchecked			
1984	Bammesberger1992	unchecked			
1984	Bammesberger1997	unchecked			
1984	Beekes2010	unchecked			
1984	Bennett1950	unchecked			
1984	BosworthToller1898	unchecked			
1984	Bremmer2008	unchecked			
1984	Bremmer2009	unchecked			
1984	Bright1917	unchecked			
1984	Bulbring1902	unchecked			
1984	CaedmonsHymnVitt1452	unchecked			
1984	Campbell1939	unchecked			
1984	Campbell1959	unchecked			
1984	Cercignani1979	unchecked			
1984	Cercignani1980	unchecked			
1984	ClarkHall1960	unchecked			
1984	Crist2001	unchecked			
1984	Crist2002	unchecked			
1984	Erdmann1972	unchecked			
1984	Fulk2018	unchecked			
1984	GermanicSlavicBaltic2025	unchecked			
1984	Goblirsch1991	unchecked			
1984	Hamp1990	unchecked			
1984	Hirt1931	unchecked			
1984	Hogg1979	unchecked			
1984	HoggGrammar2011	unchecked			
1984	HoggIntroduction1992	unchecked			
1984	HoggPhonology1992	unchecked			
1984	HowellSalmons1988	unchecked			
1984	Kaluza1900	unchecked			
1984	Kastovsky1992	unchecked			
1984	Kilday2024	unchecked			
1984	KlugeSeebold2011	unchecked			
1984	Kortlandt2008	unchecked			
1984	Kroonen2006	unchecked			
1984	Kroonen2011	unchecked			
1984	Kroonen2013	unchecked			
1984	Kylstra1983	unchecked			
1984	Laker2007	unchecked			
1984	Lid1952	unchecked			
1984	Lloyd1966	unchecked			
1984	LloydSpringer1988	unchecked			
1984	Luehr1993	unchecked			
1984	Luick1914	unchecked			
1984	Mayrhofer1992	unchecked			
1984	Mees2020	unchecked			
1984	NeriRingeReview	unchecked			
1984	Nielsen2001	unchecked			
1984	Orel2003	unchecked			
1984	Pierce1999	unchecked			
1984	Pierce2003	unchecked			
1984	Pierce2006	unchecked			
1984	Pokorny1959	unchecked			
1984	Polome1967	unchecked			
1984	Polome1994	unchecked			
1984	Repansek2012	unchecked			
1984	Rice1994	unchecked			
1984	Ringe1984	unchecked			
1984	Ringe2017	unchecked			
1984	RingeTaylor2014	unchecked			
1984	Seebold1970	unchecked			
1984	SieversBrunner1965	unchecked			
1984	StauslandJohnsen2015	unchecked			
1984	Stiles1985	unchecked			
1984	Stiles1986a	unchecked			
1984	Stiles1986b	unchecked			
1984	Stiles2012	unchecked			
1984	Stiles2017	unchecked			
1984	Streitberg1896	unchecked			
1984	Sweet1953	unchecked			
1984	Thorhallsdottir1993	unchecked			
1984	Toon1992	unchecked			
1984	Versloot2017	unchecked			
1984	Versloot2021	unchecked			
1984	Versloot2025	unchecked			
1984	Vine2019	unchecked			
1984	Waxenberger2019	unchecked			
1984	WrightWuelcker1884	unchecked			
1984	vanHelten1905	unchecked			
1985	Adamczyk2001	unchecked			
1985	Bammesberger1990	unchecked			
1985	Bammesberger1992	unchecked			
1985	Bammesberger1997	unchecked			
1985	Beekes2010	unchecked			
1985	Bennett1950	unchecked			
1985	BosworthToller1898	unchecked			
1985	Bremmer2008	unchecked			
1985	Bremmer2009	unchecked			
1985	Bright1917	unchecked			
1985	Bulbring1902	unchecked			
1985	CaedmonsHymnVitt1452	unchecked			
1985	Campbell1939	unchecked			
1985	Campbell1959	unchecked			
1985	Cercignani1979	unchecked			
1985	Cercignani1980	unchecked			
1985	ClarkHall1960	unchecked			
1985	Crist2001	unchecked			
1985	Crist2002	unchecked			
1985	Erdmann1972	unchecked			
1985	Fulk2018	unchecked			
1985	GermanicSlavicBaltic2025	unchecked			
1985	Goblirsch1991	unchecked			
1985	Hamp1990	unchecked			
1985	Hirt1931	unchecked			
1985	Hogg1979	unchecked			
1985	HoggGrammar2011	unchecked			
1985	HoggIntroduction1992	unchecked			
1985	HoggPhonology1992	unchecked			
1985	HowellSalmons1988	unchecked			
1985	Kaluza1900	unchecked			
1985	Kastovsky1992	unchecked			
1985	Kilday2024	unchecked			
1985	KlugeSeebold2011	unchecked			
1985	Kortlandt2008	unchecked			
1985	Kroonen2006	unchecked			
1985	Kroonen2011	unchecked			
1985	Kroonen2013	unchecked			
1985	Kylstra1983	unchecked			
1985	Laker2007	unchecked			
1985	Lid1952	unchecked			
1985	Lloyd1966	unchecked			
1985	LloydSpringer1988	unchecked			
1985	Luehr1993	unchecked			
1985	Luick1914	unchecked			
1985	Mayrhofer1992	unchecked			
1985	Mees2020	unchecked			
1985	NeriRingeReview	unchecked			
1985	Nielsen2001	unchecked			
1985	Orel2003	unchecked			
1985	Pierce1999	unchecked			
1985	Pierce2003	unchecked			
1985	Pierce2006	unchecked			
1985	Pokorny1959	unchecked			
1985	Polome1967	unchecked			
1985	Polome1994	unchecked			
1985	Repansek2012	unchecked			
1985	Rice1994	unchecked			
1985	Ringe1984	unchecked			
1985	Ringe2017	unchecked			
1985	RingeTaylor2014	unchecked			
1985	Seebold1970	unchecked			
1985	SieversBrunner1965	unchecked			
1985	StauslandJohnsen2015	unchecked			
1985	Stiles1985	unchecked			
1985	Stiles1986a	unchecked			
1985	Stiles1986b	unchecked			
1985	Stiles2012	unchecked			
1985	Stiles2017	unchecked			
1985	Streitberg1896	unchecked			
1985	Sweet1953	unchecked			
1985	Thorhallsdottir1993	unchecked			
1985	Toon1992	unchecked			
1985	Versloot2017	unchecked			
1985	Versloot2021	unchecked			
1985	Versloot2025	unchecked			
1985	Vine2019	unchecked			
1985	Waxenberger2019	unchecked			
1985	WrightWuelcker1884	unchecked			
1985	vanHelten1905	unchecked			
1986	Adamczyk2001	unchecked			
1986	Bammesberger1990	unchecked			
1986	Bammesberger1992	unchecked			
1986	Bammesberger1997	unchecked			
1986	Beekes2010	unchecked			
1986	Bennett1950	unchecked			
1986	BosworthToller1898	unchecked			
1986	Bremmer2008	unchecked			
1986	Bremmer2009	unchecked			
1986	Bright1917	unchecked			
1986	Bulbring1902	unchecked			
1986	CaedmonsHymnVitt1452	unchecked			
1986	Campbell1939	unchecked			
1986	Campbell1959	unchecked			
1986	Cercignani1979	unchecked			
1986	Cercignani1980	unchecked			
1986	ClarkHall1960	unchecked			
1986	Crist2001	unchecked			
1986	Crist2002	unchecked			
1986	Erdmann1972	unchecked			
1986	Fulk2018	unchecked			
1986	GermanicSlavicBaltic2025	unchecked			
1986	Goblirsch1991	unchecked			
1986	Hamp1990	unchecked			
1986	Hirt1931	unchecked			
1986	Hogg1979	unchecked			
1986	HoggGrammar2011	unchecked			
1986	HoggIntroduction1992	unchecked			
1986	HoggPhonology1992	unchecked			
1986	HowellSalmons1988	unchecked			
1986	Kaluza1900	unchecked			
1986	Kastovsky1992	unchecked			
1986	Kilday2024	unchecked			
1986	KlugeSeebold2011	unchecked			
1986	Kortlandt2008	unchecked			
1986	Kroonen2006	unchecked			
1986	Kroonen2011	unchecked			
1986	Kroonen2013	unchecked			
1986	Kylstra1983	unchecked			
1986	Laker2007	unchecked			
1986	Lid1952	unchecked			
1986	Lloyd1966	unchecked			
1986	LloydSpringer1988	unchecked			
1986	Luehr1993	unchecked			
1986	Luick1914	unchecked			
1986	Mayrhofer1992	unchecked			
1986	Mees2020	unchecked			
1986	NeriRingeReview	unchecked			
1986	Nielsen2001	unchecked			
1986	Orel2003	unchecked			
1986	Pierce1999	unchecked			
1986	Pierce2003	unchecked			
1986	Pierce2006	unchecked			
1986	Pokorny1959	unchecked			
1986	Polome1967	unchecked			
1986	Polome1994	unchecked			
1986	Repansek2012	unchecked			
1986	Rice1994	unchecked			
1986	Ringe1984	unchecked			
1986	Ringe2017	unchecked			
1986	RingeTaylor2014	unchecked			
1986	Seebold1970	unchecked			
1986	SieversBrunner1965	unchecked			
1986	StauslandJohnsen2015	unchecked			
1986	Stiles1985	unchecked			
1986	Stiles1986a	unchecked			
1986	Stiles1986b	unchecked			
1986	Stiles2012	unchecked			
1986	Stiles2017	unchecked			
1986	Streitberg1896	unchecked			
1986	Sweet1953	unchecked			
1986	Thorhallsdottir1993	unchecked			
1986	Toon1992	unchecked			
1986	Versloot2017	unchecked			
1986	Versloot2021	unchecked			
1986	Versloot2025	unchecked			
1986	Vine2019	unchecked			
1986	Waxenberger2019	unchecked			
1986	WrightWuelcker1884	unchecked			
1986	vanHelten1905	unchecked			
1987	Adamczyk2001	unchecked			
1987	Bammesberger1990	unchecked			
1987	Bammesberger1992	unchecked			
1987	Bammesberger1997	unchecked			
1987	Beekes2010	unchecked			
1987	Bennett1950	unchecked			
1987	BosworthToller1898	unchecked			
1987	Bremmer2008	unchecked			
1987	Bremmer2009	unchecked			
1987	Bright1917	unchecked			
1987	Bulbring1902	unchecked			
1987	CaedmonsHymnVitt1452	unchecked			
1987	Campbell1939	unchecked			
1987	Campbell1959	unchecked			
1987	Cercignani1979	unchecked			
1987	Cercignani1980	unchecked			
1987	ClarkHall1960	unchecked			
1987	Crist2001	unchecked			
1987	Crist2002	unchecked			
1987	Erdmann1972	unchecked			
1987	Fulk2018	unchecked			
1987	GermanicSlavicBaltic2025	unchecked			
1987	Goblirsch1991	unchecked			
1987	Hamp1990	unchecked			
1987	Hirt1931	unchecked			
1987	Hogg1979	unchecked			
1987	HoggGrammar2011	unchecked			
1987	HoggIntroduction1992	unchecked			
1987	HoggPhonology1992	unchecked			
1987	HowellSalmons1988	unchecked			
1987	Kaluza1900	unchecked			
1987	Kastovsky1992	unchecked			
1987	Kilday2024	unchecked			
1987	KlugeSeebold2011	unchecked			
1987	Kortlandt2008	unchecked			
1987	Kroonen2006	unchecked			
1987	Kroonen2011	unchecked			
1987	Kroonen2013	unchecked			
1987	Kylstra1983	unchecked			
1987	Laker2007	unchecked			
1987	Lid1952	unchecked			
1987	Lloyd1966	unchecked			
1987	LloydSpringer1988	unchecked			
1987	Luehr1993	unchecked			
1987	Luick1914	unchecked			
1987	Mayrhofer1992	unchecked			
1987	Mees2020	unchecked			
1987	NeriRingeReview	unchecked			
1987	Nielsen2001	unchecked			
1987	Orel2003	unchecked			
1987	Pierce1999	unchecked			
1987	Pierce2003	unchecked			
1987	Pierce2006	unchecked			
1987	Pokorny1959	unchecked			
1987	Polome1967	unchecked			
1987	Polome1994	unchecked			
1987	Repansek2012	unchecked			
1987	Rice1994	unchecked			
1987	Ringe1984	unchecked			
1987	Ringe2017	unchecked			
1987	RingeTaylor2014	unchecked			
1987	Seebold1970	unchecked			
1987	SieversBrunner1965	unchecked			
1987	StauslandJohnsen2015	unchecked			
1987	Stiles1985	unchecked			
1987	Stiles1986a	unchecked			
1987	Stiles1986b	unchecked			
1987	Stiles2012	unchecked			
1987	Stiles2017	unchecked			
1987	Streitberg1896	unchecked			
1987	Sweet1953	unchecked			
1987	Thorhallsdottir1993	unchecked			
1987	Toon1992	unchecked			
1987	Versloot2017	unchecked			
1987	Versloot2021	unchecked			
1987	Versloot2025	unchecked			
1987	Vine2019	unchecked			
1987	Waxenberger2019	unchecked			
1987	WrightWuelcker1884	unchecked			
1987	vanHelten1905	unchecked			
1988	Adamczyk2001	unchecked			
1988	Bammesberger1990	unchecked			
1988	Bammesberger1992	unchecked			
1988	Bammesberger1997	unchecked			
1988	Beekes2010	unchecked			
1988	Bennett1950	unchecked			
1988	BosworthToller1898	unchecked			
1988	Bremmer2008	unchecked			
1988	Bremmer2009	unchecked			
1988	Bright1917	unchecked			
1988	Bulbring1902	unchecked			
1988	CaedmonsHymnVitt1452	unchecked			
1988	Campbell1939	unchecked			
1988	Campbell1959	unchecked			
1988	Cercignani1979	unchecked			
1988	Cercignani1980	unchecked			
1988	ClarkHall1960	unchecked			
1988	Crist2001	unchecked			
1988	Crist2002	unchecked			
1988	Erdmann1972	unchecked			
1988	Fulk2018	unchecked			
1988	GermanicSlavicBaltic2025	unchecked			
1988	Goblirsch1991	unchecked			
1988	Hamp1990	unchecked			
1988	Hirt1931	unchecked			
1988	Hogg1979	unchecked			
1988	HoggGrammar2011	unchecked			
1988	HoggIntroduction1992	unchecked			
1988	HoggPhonology1992	unchecked			
1988	HowellSalmons1988	unchecked			
1988	Kaluza1900	unchecked			
1988	Kastovsky1992	unchecked			
1988	Kilday2024	unchecked			
1988	KlugeSeebold2011	unchecked			
1988	Kortlandt2008	unchecked			
1988	Kroonen2006	unchecked			
1988	Kroonen2011	unchecked			
1988	Kroonen2013	unchecked			
1988	Kylstra1983	unchecked			
1988	Laker2007	unchecked			
1988	Lid1952	unchecked			
1988	Lloyd1966	unchecked			
1988	LloydSpringer1988	unchecked			
1988	Luehr1993	unchecked			
1988	Luick1914	unchecked			
1988	Mayrhofer1992	unchecked			
1988	Mees2020	unchecked			
1988	NeriRingeReview	unchecked			
1988	Nielsen2001	unchecked			
1988	Orel2003	unchecked			
1988	Pierce1999	unchecked			
1988	Pierce2003	unchecked			
1988	Pierce2006	unchecked			
1988	Pokorny1959	unchecked			
1988	Polome1967	unchecked			
1988	Polome1994	unchecked			
1988	Repansek2012	unchecked			
1988	Rice1994	unchecked			
1988	Ringe1984	unchecked			
1988	Ringe2017	unchecked			
1988	RingeTaylor2014	unchecked			
1988	Seebold1970	unchecked			
1988	SieversBrunner1965	unchecked			
1988	StauslandJohnsen2015	unchecked			
1988	Stiles1985	unchecked			
1988	Stiles1986a	unchecked			
1988	Stiles1986b	unchecked			
1988	Stiles2012	unchecked			
1988	Stiles2017	unchecked			
1988	Streitberg1896	unchecked			
1988	Sweet1953	unchecked			
1988	Thorhallsdottir1993	unchecked			
1988	Toon1992	unchecked			
1988	Versloot2017	unchecked			
1988	Versloot2021	unchecked			
1988	Versloot2025	unchecked			
1988	Vine2019	unchecked			
1988	Waxenberger2019	unchecked			
1988	WrightWuelcker1884	unchecked			
1988	vanHelten1905	unchecked			
1989	Adamczyk2001	unchecked			
1989	Bammesberger1990	unchecked			
1989	Bammesberger1992	unchecked			
1989	Bammesberger1997	unchecked			
1989	Beekes2010	unchecked			
1989	Bennett1950	unchecked			
1989	BosworthToller1898	unchecked			
1989	Bremmer2008	unchecked			
1989	Bremmer2009	unchecked			
1989	Bright1917	unchecked			
1989	Bulbring1902	unchecked			
1989	CaedmonsHymnVitt1452	unchecked			
1989	Campbell1939	unchecked			
1989	Campbell1959	unchecked			
1989	Cercignani1979	unchecked			
1989	Cercignani1980	unchecked			
1989	ClarkHall1960	unchecked			
1989	Crist2001	unchecked			
1989	Crist2002	unchecked			
1989	Erdmann1972	unchecked			
1989	Fulk2018	unchecked			
1989	GermanicSlavicBaltic2025	unchecked			
1989	Goblirsch1991	unchecked			
1989	Hamp1990	unchecked			
1989	Hirt1931	unchecked			
1989	Hogg1979	unchecked			
1989	HoggGrammar2011	unchecked			
1989	HoggIntroduction1992	unchecked			
1989	HoggPhonology1992	unchecked			
1989	HowellSalmons1988	unchecked			
1989	Kaluza1900	unchecked			
1989	Kastovsky1992	unchecked			
1989	Kilday2024	unchecked			
1989	KlugeSeebold2011	unchecked			
1989	Kortlandt2008	unchecked			
1989	Kroonen2006	unchecked			
1989	Kroonen2011	unchecked			
1989	Kroonen2013	unchecked			
1989	Kylstra1983	unchecked			
1989	Laker2007	unchecked			
1989	Lid1952	unchecked			
1989	Lloyd1966	unchecked			
1989	LloydSpringer1988	unchecked			
1989	Luehr1993	unchecked			
1989	Luick1914	unchecked			
1989	Mayrhofer1992	unchecked			
1989	Mees2020	unchecked			
1989	NeriRingeReview	unchecked			
1989	Nielsen2001	unchecked			
1989	Orel2003	unchecked			
1989	Pierce1999	unchecked			
1989	Pierce2003	unchecked			
1989	Pierce2006	unchecked			
1989	Pokorny1959	unchecked			
1989	Polome1967	unchecked			
1989	Polome1994	unchecked			
1989	Repansek2012	unchecked			
1989	Rice1994	unchecked			
1989	Ringe1984	unchecked			
1989	Ringe2017	unchecked			
1989	RingeTaylor2014	unchecked			
1989	Seebold1970	unchecked			
1989	SieversBrunner1965	unchecked			
1989	StauslandJohnsen2015	unchecked			
1989	Stiles1985	unchecked			
1989	Stiles1986a	unchecked			
1989	Stiles1986b	unchecked			
1989	Stiles2012	unchecked			
1989	Stiles2017	unchecked			
1989	Streitberg1896	unchecked			
1989	Sweet1953	unchecked			
1989	Thorhallsdottir1993	unchecked			
1989	Toon1992	unchecked			
1989	Versloot2017	unchecked			
1989	Versloot2021	unchecked			
1989	Versloot2025	unchecked			
1989	Vine2019	unchecked			
1989	Waxenberger2019	unchecked			
1989	WrightWuelcker1884	unchecked			
1989	vanHelten1905	unchecked			
1990	Adamczyk2001	unchecked			
1990	Bammesberger1990	unchecked			
1990	Bammesberger1992	unchecked			
1990	Bammesberger1997	unchecked			
1990	Beekes2010	unchecked			
1990	Bennett1950	unchecked			
1990	BosworthToller1898	unchecked			
1990	Bremmer2008	unchecked			
1990	Bremmer2009	unchecked			
1990	Bright1917	unchecked			
1990	Bulbring1902	unchecked			
1990	CaedmonsHymnVitt1452	unchecked			
1990	Campbell1939	unchecked			
1990	Campbell1959	unchecked			
1990	Cercignani1979	unchecked			
1990	Cercignani1980	unchecked			
1990	ClarkHall1960	unchecked			
1990	Crist2001	unchecked			
1990	Crist2002	unchecked			
1990	Erdmann1972	unchecked			
1990	Fulk2018	unchecked			
1990	GermanicSlavicBaltic2025	unchecked			
1990	Goblirsch1991	unchecked			
1990	Hamp1990	unchecked			
1990	Hirt1931	unchecked			
1990	Hogg1979	unchecked			
1990	HoggGrammar2011	unchecked			
1990	HoggIntroduction1992	unchecked			
1990	HoggPhonology1992	unchecked			
1990	HowellSalmons1988	unchecked			
1990	Kaluza1900	unchecked			
1990	Kastovsky1992	unchecked			
1990	Kilday2024	unchecked			
1990	KlugeSeebold2011	unchecked			
1990	Kortlandt2008	unchecked			
1990	Kroonen2006	unchecked			
1990	Kroonen2011	unchecked			
1990	Kroonen2013	unchecked			
1990	Kylstra1983	unchecked			
1990	Laker2007	unchecked			
1990	Lid1952	unchecked			
1990	Lloyd1966	unchecked			
1990	LloydSpringer1988	unchecked			
1990	Luehr1993	unchecked			
1990	Luick1914	unchecked			
1990	Mayrhofer1992	unchecked			
1990	Mees2020	unchecked			
1990	NeriRingeReview	unchecked			
1990	Nielsen2001	unchecked			
1990	Orel2003	unchecked			
1990	Pierce1999	unchecked			
1990	Pierce2003	unchecked			
1990	Pierce2006	unchecked			
1990	Pokorny1959	unchecked			
1990	Polome1967	unchecked			
1990	Polome1994	unchecked			
1990	Repansek2012	unchecked			
1990	Rice1994	unchecked			
1990	Ringe1984	unchecked			
1990	Ringe2017	unchecked			
1990	RingeTaylor2014	unchecked			
1990	Seebold1970	unchecked			
1990	SieversBrunner1965	unchecked			
1990	StauslandJohnsen2015	unchecked			
1990	Stiles1985	unchecked			
1990	Stiles1986a	unchecked			
1990	Stiles1986b	unchecked			
1990	Stiles2012	unchecked			
1990	Stiles2017	unchecked			
1990	Streitberg1896	unchecked			
1990	Sweet1953	unchecked			
1990	Thorhallsdottir1993	unchecked			
1990	Toon1992	unchecked			
1990	Versloot2017	unchecked			
1990	Versloot2021	unchecked			
1990	Versloot2025	unchecked			
1990	Vine2019	unchecked			
1990	Waxenberger2019	unchecked			
1990	WrightWuelcker1884	unchecked			
1990	vanHelten1905	unchecked			
1991	Adamczyk2001	unchecked			
1991	Bammesberger1990	unchecked			
1991	Bammesberger1992	unchecked			
1991	Bammesberger1997	unchecked			
1991	Beekes2010	unchecked			
1991	Bennett1950	unchecked			
1991	BosworthToller1898	unchecked			
1991	Bremmer2008	unchecked			
1991	Bremmer2009	unchecked			
1991	Bright1917	unchecked			
1991	Bulbring1902	unchecked			
1991	CaedmonsHymnVitt1452	unchecked			
1991	Campbell1939	unchecked			
1991	Campbell1959	unchecked			
1991	Cercignani1979	unchecked			
1991	Cercignani1980	unchecked			
1991	ClarkHall1960	unchecked			
1991	Crist2001	unchecked			
1991	Crist2002	unchecked			
1991	Erdmann1972	unchecked			
1991	Fulk2018	unchecked			
1991	GermanicSlavicBaltic2025	unchecked			
1991	Goblirsch1991	unchecked			
1991	Hamp1990	unchecked			
1991	Hirt1931	unchecked			
1991	Hogg1979	unchecked			
1991	HoggGrammar2011	unchecked			
1991	HoggIntroduction1992	unchecked			
1991	HoggPhonology1992	unchecked			
1991	HowellSalmons1988	unchecked			
1991	Kaluza1900	unchecked			
1991	Kastovsky1992	unchecked			
1991	Kilday2024	unchecked			
1991	KlugeSeebold2011	unchecked			
1991	Kortlandt2008	unchecked			
1991	Kroonen2006	unchecked			
1991	Kroonen2011	unchecked			
1991	Kroonen2013	unchecked			
1991	Kylstra1983	unchecked			
1991	Laker2007	unchecked			
1991	Lid1952	unchecked			
1991	Lloyd1966	unchecked			
1991	LloydSpringer1988	unchecked			
1991	Luehr1993	unchecked			
1991	Luick1914	unchecked			
1991	Mayrhofer1992	unchecked			
1991	Mees2020	unchecked			
1991	NeriRingeReview	unchecked			
1991	Nielsen2001	unchecked			
1991	Orel2003	unchecked			
1991	Pierce1999	unchecked			
1991	Pierce2003	unchecked			
1991	Pierce2006	unchecked			
1991	Pokorny1959	unchecked			
1991	Polome1967	unchecked			
1991	Polome1994	unchecked			
1991	Repansek2012	unchecked			
1991	Rice1994	unchecked			
1991	Ringe1984	unchecked			
1991	Ringe2017	unchecked			
1991	RingeTaylor2014	unchecked			
1991	Seebold1970	unchecked			
1991	SieversBrunner1965	unchecked			
1991	StauslandJohnsen2015	unchecked			
1991	Stiles1985	unchecked			
1991	Stiles1986a	unchecked			
1991	Stiles1986b	unchecked			
1991	Stiles2012	unchecked			
1991	Stiles2017	unchecked			
1991	Streitberg1896	unchecked			
1991	Sweet1953	unchecked			
1991	Thorhallsdottir1993	unchecked			
1991	Toon1992	unchecked			
1991	Versloot2017	unchecked			
1991	Versloot2021	unchecked			
1991	Versloot2025	unchecked			
1991	Vine2019	unchecked			
1991	Waxenberger2019	unchecked			
1991	WrightWuelcker1884	unchecked			
1991	vanHelten1905	unchecked			
1992	Adamczyk2001	unchecked			
1992	Bammesberger1990	unchecked			
1992	Bammesberger1992	unchecked			
1992	Bammesberger1997	unchecked			
1992	Beekes2010	unchecked			
1992	Bennett1950	unchecked			
1992	BosworthToller1898	unchecked			
1992	Bremmer2008	unchecked			
1992	Bremmer2009	unchecked			
1992	Bright1917	unchecked			
1992	Bulbring1902	unchecked			
1992	CaedmonsHymnVitt1452	unchecked			
1992	Campbell1939	unchecked			
1992	Campbell1959	unchecked			
1992	Cercignani1979	unchecked			
1992	Cercignani1980	unchecked			
1992	ClarkHall1960	unchecked			
1992	Crist2001	unchecked			
1992	Crist2002	unchecked			
1992	Erdmann1972	unchecked			
1992	Fulk2018	unchecked			
1992	GermanicSlavicBaltic2025	unchecked			
1992	Goblirsch1991	unchecked			
1992	Hamp1990	unchecked			
1992	Hirt1931	unchecked			
1992	Hogg1979	unchecked			
1992	HoggGrammar2011	unchecked			
1992	HoggIntroduction1992	unchecked			
1992	HoggPhonology1992	unchecked			
1992	HowellSalmons1988	unchecked			
1992	Kaluza1900	unchecked			
1992	Kastovsky1992	unchecked			
1992	Kilday2024	unchecked			
1992	KlugeSeebold2011	unchecked			
1992	Kortlandt2008	unchecked			
1992	Kroonen2006	unchecked			
1992	Kroonen2011	unchecked			
1992	Kroonen2013	unchecked			
1992	Kylstra1983	unchecked			
1992	Laker2007	unchecked			
1992	Lid1952	unchecked			
1992	Lloyd1966	unchecked			
1992	LloydSpringer1988	unchecked			
1992	Luehr1993	unchecked			
1992	Luick1914	unchecked			
1992	Mayrhofer1992	unchecked			
1992	Mees2020	unchecked			
1992	NeriRingeReview	unchecked			
1992	Nielsen2001	unchecked			
1992	Orel2003	unchecked			
1992	Pierce1999	unchecked			
1992	Pierce2003	unchecked			
1992	Pierce2006	unchecked			
1992	Pokorny1959	unchecked			
1992	Polome1967	unchecked			
1992	Polome1994	unchecked			
1992	Repansek2012	unchecked			
1992	Rice1994	unchecked			
1992	Ringe1984	unchecked			
1992	Ringe2017	unchecked			
1992	RingeTaylor2014	unchecked			
1992	Seebold1970	unchecked			
1992	SieversBrunner1965	unchecked			
1992	StauslandJohnsen2015	unchecked			
1992	Stiles1985	unchecked			
1992	Stiles1986a	unchecked			
1992	Stiles1986b	unchecked			
1992	Stiles2012	unchecked			
1992	Stiles2017	unchecked			
1992	Streitberg1896	unchecked			
1992	Sweet1953	unchecked			
1992	Thorhallsdottir1993	unchecked			
1992	Toon1992	unchecked			
1992	Versloot2017	unchecked			
1992	Versloot2021	unchecked			
1992	Versloot2025	unchecked			
1992	Vine2019	unchecked			
1992	Waxenberger2019	unchecked			
1992	WrightWuelcker1884	unchecked			
1992	vanHelten1905	unchecked			
1993	Adamczyk2001	unchecked			
1993	Bammesberger1990	unchecked			
1993	Bammesberger1992	unchecked			
1993	Bammesberger1997	unchecked			
1993	Beekes2010	unchecked			
1993	Bennett1950	unchecked			
1993	BosworthToller1898	unchecked			
1993	Bremmer2008	unchecked			
1993	Bremmer2009	unchecked			
1993	Bright1917	unchecked			
1993	Bulbring1902	unchecked			
1993	CaedmonsHymnVitt1452	unchecked			
1993	Campbell1939	unchecked			
1993	Campbell1959	unchecked			
1993	Cercignani1979	unchecked			
1993	Cercignani1980	unchecked			
1993	ClarkHall1960	unchecked			
1993	Crist2001	unchecked			
1993	Crist2002	unchecked			
1993	Erdmann1972	unchecked			
1993	Fulk2018	unchecked			
1993	GermanicSlavicBaltic2025	unchecked			
1993	Goblirsch1991	unchecked			
1993	Hamp1990	unchecked			
1993	Hirt1931	unchecked			
1993	Hogg1979	unchecked			
1993	HoggGrammar2011	unchecked			
1993	HoggIntroduction1992	unchecked			
1993	HoggPhonology1992	unchecked			
1993	HowellSalmons1988	unchecked			
1993	Kaluza1900	unchecked			
1993	Kastovsky1992	unchecked			
1993	Kilday2024	unchecked			
1993	KlugeSeebold2011	unchecked			
1993	Kortlandt2008	unchecked			
1993	Kroonen2006	unchecked			
1993	Kroonen2011	unchecked			
1993	Kroonen2013	unchecked			
1993	Kylstra1983	unchecked			
1993	Laker2007	unchecked			
1993	Lid1952	unchecked			
1993	Lloyd1966	unchecked			
1993	LloydSpringer1988	unchecked			
1993	Luehr1993	unchecked			
1993	Luick1914	unchecked			
1993	Mayrhofer1992	unchecked			
1993	Mees2020	unchecked			
1993	NeriRingeReview	unchecked			
1993	Nielsen2001	unchecked			
1993	Orel2003	unchecked			
1993	Pierce1999	unchecked			
1993	Pierce2003	unchecked			
1993	Pierce2006	unchecked			
1993	Pokorny1959	unchecked			
1993	Polome1967	unchecked			
1993	Polome1994	unchecked			
1993	Repansek2012	unchecked			
1993	Rice1994	unchecked			
1993	Ringe1984	unchecked			
1993	Ringe2017	unchecked			
1993	RingeTaylor2014	unchecked			
1993	Seebold1970	unchecked			
1993	SieversBrunner1965	unchecked			
1993	StauslandJohnsen2015	unchecked			
1993	Stiles1985	unchecked			
1993	Stiles1986a	unchecked			
1993	Stiles1986b	unchecked			
1993	Stiles2012	unchecked			
1993	Stiles2017	unchecked			
1993	Streitberg1896	unchecked			
1993	Sweet1953	unchecked			
1993	Thorhallsdottir1993	unchecked			
1993	Toon1992	unchecked			
1993	Versloot2017	unchecked			
1993	Versloot2021	unchecked			
1993	Versloot2025	unchecked			
1993	Vine2019	unchecked			
1993	Waxenberger2019	unchecked			
1993	WrightWuelcker1884	unchecked			
1993	vanHelten1905	unchecked			
1994	Adamczyk2001	unchecked			
1994	Bammesberger1990	unchecked			
1994	Bammesberger1992	unchecked			
1994	Bammesberger1997	unchecked			
1994	Beekes2010	unchecked			
1994	Bennett1950	unchecked			
1994	BosworthToller1898	unchecked			
1994	Bremmer2008	unchecked			
1994	Bremmer2009	unchecked			
1994	Bright1917	unchecked			
1994	Bulbring1902	unchecked			
1994	CaedmonsHymnVitt1452	unchecked			
1994	Campbell1939	unchecked			
1994	Campbell1959	unchecked			
1994	Cercignani1979	unchecked			
1994	Cercignani1980	unchecked			
1994	ClarkHall1960	unchecked			
1994	Crist2001	unchecked			
1994	Crist2002	unchecked			
1994	Erdmann1972	unchecked			
1994	Fulk2018	unchecked			
1994	GermanicSlavicBaltic2025	unchecked			
1994	Goblirsch1991	unchecked			
1994	Hamp1990	unchecked			
1994	Hirt1931	unchecked			
1994	Hogg1979	unchecked			
1994	HoggGrammar2011	unchecked			
1994	HoggIntroduction1992	unchecked			
1994	HoggPhonology1992	unchecked			
1994	HowellSalmons1988	unchecked			
1994	Kaluza1900	unchecked			
1994	Kastovsky1992	unchecked			
1994	Kilday2024	unchecked			
1994	KlugeSeebold2011	unchecked			
1994	Kortlandt2008	unchecked			
1994	Kroonen2006	unchecked			
1994	Kroonen2011	unchecked			
1994	Kroonen2013	unchecked			
1994	Kylstra1983	unchecked			
1994	Laker2007	unchecked			
1994	Lid1952	unchecked			
1994	Lloyd1966	unchecked			
1994	LloydSpringer1988	unchecked			
1994	Luehr1993	unchecked			
1994	Luick1914	unchecked			
1994	Mayrhofer1992	unchecked			
1994	Mees2020	unchecked			
1994	NeriRingeReview	unchecked			
1994	Nielsen2001	unchecked			
1994	Orel2003	unchecked			
1994	Pierce1999	unchecked			
1994	Pierce2003	unchecked			
1994	Pierce2006	unchecked			
1994	Pokorny1959	unchecked			
1994	Polome1967	unchecked			
1994	Polome1994	unchecked			
1994	Repansek2012	unchecked			
1994	Rice1994	unchecked			
1994	Ringe1984	unchecked			
1994	Ringe2017	unchecked			
1994	RingeTaylor2014	unchecked			
1994	Seebold1970	unchecked			
1994	SieversBrunner1965	unchecked			
1994	StauslandJohnsen2015	unchecked			
1994	Stiles1985	unchecked			
1994	Stiles1986a	unchecked			
1994	Stiles1986b	unchecked			
1994	Stiles2012	unchecked			
1994	Stiles2017	unchecked			
1994	Streitberg1896	unchecked			
1994	Sweet1953	unchecked			
1994	Thorhallsdottir1993	unchecked			
1994	Toon1992	unchecked			
1994	Versloot2017	unchecked			
1994	Versloot2021	unchecked			
1994	Versloot2025	unchecked			
1994	Vine2019	unchecked			
1994	Waxenberger2019	unchecked			
1994	WrightWuelcker1884	unchecked			
1994	vanHelten1905	unchecked			
1995	Adamczyk2001	unchecked			
1995	Bammesberger1990	unchecked			
1995	Bammesberger1992	unchecked			
1995	Bammesberger1997	unchecked			
1995	Beekes2010	unchecked			
1995	Bennett1950	unchecked			
1995	BosworthToller1898	unchecked			
1995	Bremmer2008	unchecked			
1995	Bremmer2009	unchecked			
1995	Bright1917	unchecked			
1995	Bulbring1902	unchecked			
1995	CaedmonsHymnVitt1452	unchecked			
1995	Campbell1939	unchecked			
1995	Campbell1959	unchecked			
1995	Cercignani1979	unchecked			
1995	Cercignani1980	unchecked			
1995	ClarkHall1960	unchecked			
1995	Crist2001	unchecked			
1995	Crist2002	unchecked			
1995	Erdmann1972	unchecked			
1995	Fulk2018	unchecked			
1995	GermanicSlavicBaltic2025	unchecked			
1995	Goblirsch1991	unchecked			
1995	Hamp1990	unchecked			
1995	Hirt1931	unchecked			
1995	Hogg1979	unchecked			
1995	HoggGrammar2011	unchecked			
1995	HoggIntroduction1992	unchecked			
1995	HoggPhonology1992	unchecked			
1995	HowellSalmons1988	unchecked			
1995	Kaluza1900	unchecked			
1995	Kastovsky1992	unchecked			
1995	Kilday2024	unchecked			
1995	KlugeSeebold2011	unchecked			
1995	Kortlandt2008	unchecked			
1995	Kroonen2006	unchecked			
1995	Kroonen2011	unchecked			
1995	Kroonen2013	unchecked			
1995	Kylstra1983	unchecked			
1995	Laker2007	unchecked			
1995	Lid1952	unchecked			
1995	Lloyd1966	unchecked			
1995	LloydSpringer1988	unchecked			
1995	Luehr1993	unchecked			
1995	Luick1914	unchecked			
1995	Mayrhofer1992	unchecked			
1995	Mees2020	unchecked			
1995	NeriRingeReview	unchecked			
1995	Nielsen2001	unchecked			
1995	Orel2003	unchecked			
1995	Pierce1999	unchecked			
1995	Pierce2003	unchecked			
1995	Pierce2006	unchecked			
1995	Pokorny1959	unchecked			
1995	Polome1967	unchecked			
1995	Polome1994	unchecked			
1995	Repansek2012	unchecked			
1995	Rice1994	unchecked			
1995	Ringe1984	unchecked			
1995	Ringe2017	unchecked			
1995	RingeTaylor2014	unchecked			
1995	Seebold1970	unchecked			
1995	SieversBrunner1965	unchecked			
1995	StauslandJohnsen2015	unchecked			
1995	Stiles1985	unchecked			
1995	Stiles1986a	unchecked			
1995	Stiles1986b	unchecked			
1995	Stiles2012	unchecked			
1995	Stiles2017	unchecked			
1995	Streitberg1896	unchecked			
1995	Sweet1953	unchecked			
1995	Thorhallsdottir1993	unchecked			
1995	Toon1992	unchecked			
1995	Versloot2017	unchecked			
1995	Versloot2021	unchecked			
1995	Versloot2025	unchecked			
1995	Vine2019	unchecked			
1995	Waxenberger2019	unchecked			
1995	WrightWuelcker1884	unchecked			
1995	vanHelten1905	unchecked			
1996	Adamczyk2001	unchecked			
1996	Bammesberger1990	unchecked			
1996	Bammesberger1992	unchecked			
1996	Bammesberger1997	unchecked			
1996	Beekes2010	unchecked			
1996	Bennett1950	unchecked			
1996	BosworthToller1898	unchecked			
1996	Bremmer2008	unchecked			
1996	Bremmer2009	unchecked			
1996	Bright1917	unchecked			
1996	Bulbring1902	unchecked			
1996	CaedmonsHymnVitt1452	unchecked			
1996	Campbell1939	unchecked			
1996	Campbell1959	unchecked			
1996	Cercignani1979	unchecked			
1996	Cercignani1980	unchecked			
1996	ClarkHall1960	unchecked			
1996	Crist2001	unchecked			
1996	Crist2002	unchecked			
1996	Erdmann1972	unchecked			
1996	Fulk2018	unchecked			
1996	GermanicSlavicBaltic2025	unchecked			
1996	Goblirsch1991	unchecked			
1996	Hamp1990	unchecked			
1996	Hirt1931	unchecked			
1996	Hogg1979	unchecked			
1996	HoggGrammar2011	unchecked			
1996	HoggIntroduction1992	unchecked			
1996	HoggPhonology1992	unchecked			
1996	HowellSalmons1988	unchecked			
1996	Kaluza1900	unchecked			
1996	Kastovsky1992	unchecked			
1996	Kilday2024	unchecked			
1996	KlugeSeebold2011	unchecked			
1996	Kortlandt2008	unchecked			
1996	Kroonen2006	unchecked			
1996	Kroonen2011	unchecked			
1996	Kroonen2013	unchecked			
1996	Kylstra1983	unchecked			
1996	Laker2007	unchecked			
1996	Lid1952	unchecked			
1996	Lloyd1966	unchecked			
1996	LloydSpringer1988	unchecked			
1996	Luehr1993	unchecked			
1996	Luick1914	unchecked			
1996	Mayrhofer1992	unchecked			
1996	Mees2020	unchecked			
1996	NeriRingeReview	unchecked			
1996	Nielsen2001	unchecked			
1996	Orel2003	unchecked			
1996	Pierce1999	unchecked			
1996	Pierce2003	unchecked			
1996	Pierce2006	unchecked			
1996	Pokorny1959	unchecked			
1996	Polome1967	unchecked			
1996	Polome1994	unchecked			
1996	Repansek2012	unchecked			
1996	Rice1994	unchecked			
1996	Ringe1984	unchecked			
1996	Ringe2017	unchecked			
1996	RingeTaylor2014	unchecked			
1996	Seebold1970	unchecked			
1996	SieversBrunner1965	unchecked			
1996	StauslandJohnsen2015	unchecked			
1996	Stiles1985	unchecked			
1996	Stiles1986a	unchecked			
1996	Stiles1986b	unchecked			
1996	Stiles2012	unchecked			
1996	Stiles2017	unchecked			
1996	Streitberg1896	unchecked			
1996	Sweet1953	unchecked			
1996	Thorhallsdottir1993	unchecked			
1996	Toon1992	unchecked			
1996	Versloot2017	unchecked			
1996	Versloot2021	unchecked			
1996	Versloot2025	unchecked			
1996	Vine2019	unchecked			
1996	Waxenberger2019	unchecked			
1996	WrightWuelcker1884	unchecked			
1996	vanHelten1905	unchecked			
1997	Adamczyk2001	unchecked			
1997	Bammesberger1990	unchecked			
1997	Bammesberger1992	unchecked			
1997	Bammesberger1997	unchecked			
1997	Beekes2010	unchecked			
1997	Bennett1950	unchecked			
1997	BosworthToller1898	unchecked			
1997	Bremmer2008	unchecked			
1997	Bremmer2009	unchecked			
1997	Bright1917	unchecked			
1997	Bulbring1902	unchecked			
1997	CaedmonsHymnVitt1452	unchecked			
1997	Campbell1939	unchecked			
1997	Campbell1959	unchecked			
1997	Cercignani1979	unchecked			
1997	Cercignani1980	unchecked			
1997	ClarkHall1960	unchecked			
1997	Crist2001	unchecked			
1997	Crist2002	unchecked			
1997	Erdmann1972	unchecked			
1997	Fulk2018	unchecked			
1997	GermanicSlavicBaltic2025	unchecked			
1997	Goblirsch1991	unchecked			
1997	Hamp1990	unchecked			
1997	Hirt1931	unchecked			
1997	Hogg1979	unchecked			
1997	HoggGrammar2011	unchecked			
1997	HoggIntroduction1992	unchecked			
1997	HoggPhonology1992	unchecked			
1997	HowellSalmons1988	unchecked			
1997	Kaluza1900	unchecked			
1997	Kastovsky1992	unchecked			
1997	Kilday2024	unchecked			
1997	KlugeSeebold2011	unchecked			
1997	Kortlandt2008	unchecked			
1997	Kroonen2006	unchecked			
1997	Kroonen2011	unchecked			
1997	Kroonen2013	unchecked			
1997	Kylstra1983	unchecked			
1997	Laker2007	unchecked			
1997	Lid1952	unchecked			
1997	Lloyd1966	unchecked			
1997	LloydSpringer1988	unchecked			
1997	Luehr1993	unchecked			
1997	Luick1914	unchecked			
1997	Mayrhofer1992	unchecked			
1997	Mees2020	unchecked			
1997	NeriRingeReview	unchecked			
1997	Nielsen2001	unchecked			
1997	Orel2003	unchecked			
1997	Pierce1999	unchecked			
1997	Pierce2003	unchecked			
1997	Pierce2006	unchecked			
1997	Pokorny1959	unchecked			
1997	Polome1967	unchecked			
1997	Polome1994	unchecked			
1997	Repansek2012	unchecked			
1997	Rice1994	unchecked			
1997	Ringe1984	unchecked			
1997	Ringe2017	unchecked			
1997	RingeTaylor2014	unchecked			
1997	Seebold1970	unchecked			
1997	SieversBrunner1965	unchecked			
1997	StauslandJohnsen2015	unchecked			
1997	Stiles1985	unchecked			
1997	Stiles1986a	unchecked			
1997	Stiles1986b	unchecked			
1997	Stiles2012	unchecked			
1997	Stiles2017	unchecked			
1997	Streitberg1896	unchecked			
1997	Sweet1953	unchecked			
1997	Thorhallsdottir1993	unchecked			
1997	Toon1992	unchecked			
1997	Versloot2017	unchecked			
1997	Versloot2021	unchecked			
1997	Versloot2025	unchecked			
1997	Vine2019	unchecked			
1997	Waxenberger2019	unchecked			
1997	WrightWuelcker1884	unchecked			
1997	vanHelten1905	unchecked			
1998	Adamczyk2001	unchecked			
1998	Bammesberger1990	unchecked			
1998	Bammesberger1992	unchecked			
1998	Bammesberger1997	unchecked			
1998	Beekes2010	unchecked			
1998	Bennett1950	unchecked			
1998	BosworthToller1898	unchecked			
1998	Bremmer2008	unchecked			
1998	Bremmer2009	unchecked			
1998	Bright1917	unchecked			
1998	Bulbring1902	unchecked			
1998	CaedmonsHymnVitt1452	unchecked			
1998	Campbell1939	unchecked			
1998	Campbell1959	unchecked			
1998	Cercignani1979	unchecked			
1998	Cercignani1980	unchecked			
1998	ClarkHall1960	unchecked			
1998	Crist2001	unchecked			
1998	Crist2002	unchecked			
1998	Erdmann1972	unchecked			
1998	Fulk2018	unchecked			
1998	GermanicSlavicBaltic2025	unchecked			
1998	Goblirsch1991	unchecked			
1998	Hamp1990	unchecked			
1998	Hirt1931	unchecked			
1998	Hogg1979	unchecked			
1998	HoggGrammar2011	unchecked			
1998	HoggIntroduction1992	unchecked			
1998	HoggPhonology1992	unchecked			
1998	HowellSalmons1988	unchecked			
1998	Kaluza1900	unchecked			
1998	Kastovsky1992	unchecked			
1998	Kilday2024	unchecked			
1998	KlugeSeebold2011	unchecked			
1998	Kortlandt2008	unchecked			
1998	Kroonen2006	unchecked			
1998	Kroonen2011	unchecked			
1998	Kroonen2013	unchecked			
1998	Kylstra1983	unchecked			
1998	Laker2007	unchecked			
1998	Lid1952	unchecked			
1998	Lloyd1966	unchecked			
1998	LloydSpringer1988	unchecked			
1998	Luehr1993	unchecked			
1998	Luick1914	unchecked			
1998	Mayrhofer1992	unchecked			
1998	Mees2020	unchecked			
1998	NeriRingeReview	unchecked			
1998	Nielsen2001	unchecked			
1998	Orel2003	unchecked			
1998	Pierce1999	unchecked			
1998	Pierce2003	unchecked			
1998	Pierce2006	unchecked			
1998	Pokorny1959	unchecked			
1998	Polome1967	unchecked			
1998	Polome1994	unchecked			
1998	Repansek2012	unchecked			
1998	Rice1994	unchecked			
1998	Ringe1984	unchecked			
1998	Ringe2017	unchecked			
1998	RingeTaylor2014	unchecked			
1998	Seebold1970	unchecked			
1998	SieversBrunner1965	unchecked			
1998	StauslandJohnsen2015	unchecked			
1998	Stiles1985	unchecked			
1998	Stiles1986a	unchecked			
1998	Stiles1986b	unchecked			
1998	Stiles2012	unchecked			
1998	Stiles2017	unchecked			
1998	Streitberg1896	unchecked			
1998	Sweet1953	unchecked			
1998	Thorhallsdottir1993	unchecked			
1998	Toon1992	unchecked			
1998	Versloot2017	unchecked			
1998	Versloot2021	unchecked			
1998	Versloot2025	unchecked			
1998	Vine2019	unchecked			
1998	Waxenberger2019	unchecked			
1998	WrightWuelcker1884	unchecked			
1998	vanHelten1905	unchecked			
1999	Adamczyk2001	unchecked			
1999	Bammesberger1990	unchecked			
1999	Bammesberger1992	unchecked			
1999	Bammesberger1997	unchecked			
1999	Beekes2010	unchecked			
1999	Bennett1950	unchecked			
1999	BosworthToller1898	unchecked			
1999	Bremmer2008	unchecked			
1999	Bremmer2009	unchecked			
1999	Bright1917	unchecked			
1999	Bulbring1902	unchecked			
1999	CaedmonsHymnVitt1452	unchecked			
1999	Campbell1939	unchecked			
1999	Campbell1959	unchecked			
1999	Cercignani1979	unchecked			
1999	Cercignani1980	unchecked			
1999	ClarkHall1960	unchecked			
1999	Crist2001	unchecked			
1999	Crist2002	unchecked			
1999	Erdmann1972	unchecked			
1999	Fulk2018	unchecked			
1999	GermanicSlavicBaltic2025	unchecked			
1999	Goblirsch1991	unchecked			
1999	Hamp1990	unchecked			
1999	Hirt1931	unchecked			
1999	Hogg1979	unchecked			
1999	HoggGrammar2011	unchecked			
1999	HoggIntroduction1992	unchecked			
1999	HoggPhonology1992	unchecked			
1999	HowellSalmons1988	unchecked			
1999	Kaluza1900	unchecked			
1999	Kastovsky1992	unchecked			
1999	Kilday2024	unchecked			
1999	KlugeSeebold2011	unchecked			
1999	Kortlandt2008	unchecked			
1999	Kroonen2006	unchecked			
1999	Kroonen2011	unchecked			
1999	Kroonen2013	unchecked			
1999	Kylstra1983	unchecked			
1999	Laker2007	unchecked			
1999	Lid1952	unchecked			
1999	Lloyd1966	unchecked			
1999	LloydSpringer1988	unchecked			
1999	Luehr1993	unchecked			
1999	Luick1914	unchecked			
1999	Mayrhofer1992	unchecked			
1999	Mees2020	unchecked			
1999	NeriRingeReview	unchecked			
1999	Nielsen2001	unchecked			
1999	Orel2003	unchecked			
1999	Pierce1999	unchecked			
1999	Pierce2003	unchecked			
1999	Pierce2006	unchecked			
1999	Pokorny1959	unchecked			
1999	Polome1967	unchecked			
1999	Polome1994	unchecked			
1999	Repansek2012	unchecked			
1999	Rice1994	unchecked			
1999	Ringe1984	unchecked			
1999	Ringe2017	unchecked			
1999	RingeTaylor2014	unchecked			
1999	Seebold1970	unchecked			
1999	SieversBrunner1965	unchecked			
1999	StauslandJohnsen2015	unchecked			
1999	Stiles1985	unchecked			
1999	Stiles1986a	unchecked			
1999	Stiles1986b	unchecked			
1999	Stiles2012	unchecked			
1999	Stiles2017	unchecked			
1999	Streitberg1896	unchecked			
1999	Sweet1953	unchecked			
1999	Thorhallsdottir1993	unchecked			
1999	Toon1992	unchecked			
1999	Versloot2017	unchecked			
1999	Versloot2021	unchecked			
1999	Versloot2025	unchecked			
1999	Vine2019	unchecked			
1999	Waxenberger2019	unchecked			
1999	WrightWuelcker1884	unchecked			
1999	vanHelten1905	unchecked			
2000	Adamczyk2001	unchecked			
2000	Bammesberger1990	unchecked			
2000	Bammesberger1992	unchecked			
2000	Bammesberger1997	unchecked			
2000	Beekes2010	unchecked			
2000	Bennett1950	unchecked			
2000	BosworthToller1898	unchecked			
2000	Bremmer2008	unchecked			
2000	Bremmer2009	unchecked			
2000	Bright1917	unchecked			
2000	Bulbring1902	unchecked			
2000	CaedmonsHymnVitt1452	unchecked			
2000	Campbell1939	unchecked			
2000	Campbell1959	unchecked			
2000	Cercignani1979	unchecked			
2000	Cercignani1980	unchecked			
2000	ClarkHall1960	unchecked			
2000	Crist2001	unchecked			
2000	Crist2002	unchecked			
2000	Erdmann1972	unchecked			
2000	Fulk2018	unchecked			
2000	GermanicSlavicBaltic2025	unchecked			
2000	Goblirsch1991	unchecked			
2000	Hamp1990	unchecked			
2000	Hirt1931	unchecked			
2000	Hogg1979	unchecked			
2000	HoggGrammar2011	unchecked			
2000	HoggIntroduction1992	unchecked			
2000	HoggPhonology1992	unchecked			
2000	HowellSalmons1988	unchecked			
2000	Kaluza1900	unchecked			
2000	Kastovsky1992	unchecked			
2000	Kilday2024	unchecked			
2000	KlugeSeebold2011	unchecked			
2000	Kortlandt2008	unchecked			
2000	Kroonen2006	unchecked			
2000	Kroonen2011	unchecked			
2000	Kroonen2013	unchecked			
2000	Kylstra1983	unchecked			
2000	Laker2007	unchecked			
2000	Lid1952	unchecked			
2000	Lloyd1966	unchecked			
2000	LloydSpringer1988	unchecked			
2000	Luehr1993	unchecked			
2000	Luick1914	unchecked			
2000	Mayrhofer1992	unchecked			
2000	Mees2020	unchecked			
2000	NeriRingeReview	unchecked			
2000	Nielsen2001	unchecked			
2000	Orel2003	unchecked			
2000	Pierce1999	unchecked			
2000	Pierce2003	unchecked			
2000	Pierce2006	unchecked			
2000	Pokorny1959	unchecked			
2000	Polome1967	unchecked			
2000	Polome1994	unchecked			
2000	Repansek2012	unchecked			
2000	Rice1994	unchecked			
2000	Ringe1984	unchecked			
2000	Ringe2017	unchecked			
2000	RingeTaylor2014	unchecked			
2000	Seebold1970	unchecked			
2000	SieversBrunner1965	unchecked			
2000	StauslandJohnsen2015	unchecked			
2000	Stiles1985	unchecked			
2000	Stiles1986a	unchecked			
2000	Stiles1986b	unchecked			
2000	Stiles2012	unchecked			
2000	Stiles2017	unchecked			
2000	Streitberg1896	unchecked			
2000	Sweet1953	unchecked			
2000	Thorhallsdottir1993	unchecked			
2000	Toon1992	unchecked			
2000	Versloot2017	unchecked			
2000	Versloot2021	unchecked			
2000	Versloot2025	unchecked			
2000	Vine2019	unchecked			
2000	Waxenberger2019	unchecked			
2000	WrightWuelcker1884	unchecked			
2000	vanHelten1905	unchecked			
2001	Adamczyk2001	unchecked			
2001	Bammesberger1990	unchecked			
2001	Bammesberger1992	unchecked			
2001	Bammesberger1997	unchecked			
2001	Beekes2010	unchecked			
2001	Bennett1950	unchecked			
2001	BosworthToller1898	unchecked			
2001	Bremmer2008	unchecked			
2001	Bremmer2009	unchecked			
2001	Bright1917	unchecked			
2001	Bulbring1902	unchecked			
2001	CaedmonsHymnVitt1452	unchecked			
2001	Campbell1939	unchecked			
2001	Campbell1959	unchecked			
2001	Cercignani1979	unchecked			
2001	Cercignani1980	unchecked			
2001	ClarkHall1960	unchecked			
2001	Crist2001	unchecked			
2001	Crist2002	unchecked			
2001	Erdmann1972	unchecked			
2001	Fulk2018	unchecked			
2001	GermanicSlavicBaltic2025	unchecked			
2001	Goblirsch1991	unchecked			
2001	Hamp1990	unchecked			
2001	Hirt1931	unchecked			
2001	Hogg1979	unchecked			
2001	HoggGrammar2011	unchecked			
2001	HoggIntroduction1992	unchecked			
2001	HoggPhonology1992	unchecked			
2001	HowellSalmons1988	unchecked			
2001	Kaluza1900	unchecked			
2001	Kastovsky1992	unchecked			
2001	Kilday2024	unchecked			
2001	KlugeSeebold2011	unchecked			
2001	Kortlandt2008	unchecked			
2001	Kroonen2006	unchecked			
2001	Kroonen2011	unchecked			
2001	Kroonen2013	unchecked			
2001	Kylstra1983	unchecked			
2001	Laker2007	unchecked			
2001	Lid1952	unchecked			
2001	Lloyd1966	unchecked			
2001	LloydSpringer1988	unchecked			
2001	Luehr1993	unchecked			
2001	Luick1914	unchecked			
2001	Mayrhofer1992	unchecked			
2001	Mees2020	unchecked			
2001	NeriRingeReview	unchecked			
2001	Nielsen2001	unchecked			
2001	Orel2003	unchecked			
2001	Pierce1999	unchecked			
2001	Pierce2003	unchecked			
2001	Pierce2006	unchecked			
2001	Pokorny1959	unchecked			
2001	Polome1967	unchecked			
2001	Polome1994	unchecked			
2001	Repansek2012	unchecked			
2001	Rice1994	unchecked			
2001	Ringe1984	unchecked			
2001	Ringe2017	unchecked			
2001	RingeTaylor2014	unchecked			
2001	Seebold1970	unchecked			
2001	SieversBrunner1965	unchecked			
2001	StauslandJohnsen2015	unchecked			
2001	Stiles1985	unchecked			
2001	Stiles1986a	unchecked			
2001	Stiles1986b	unchecked			
2001	Stiles2012	unchecked			
2001	Stiles2017	unchecked			
2001	Streitberg1896	unchecked			
2001	Sweet1953	unchecked			
2001	Thorhallsdottir1993	unchecked			
2001	Toon1992	unchecked			
2001	Versloot2017	unchecked			
2001	Versloot2021	unchecked			
2001	Versloot2025	unchecked			
2001	Vine2019	unchecked			
2001	Waxenberger2019	unchecked			
2001	WrightWuelcker1884	unchecked			
2001	vanHelten1905	unchecked			
2002	Adamczyk2001	unchecked			
2002	Bammesberger1990	unchecked			
2002	Bammesberger1992	unchecked			
2002	Bammesberger1997	unchecked			
2002	Beekes2010	unchecked			
2002	Bennett1950	unchecked			
2002	BosworthToller1898	unchecked			
2002	Bremmer2008	unchecked			
2002	Bremmer2009	unchecked			
2002	Bright1917	unchecked			
2002	Bulbring1902	unchecked			
2002	CaedmonsHymnVitt1452	unchecked			
2002	Campbell1939	unchecked			
2002	Campbell1959	unchecked			
2002	Cercignani1979	unchecked			
2002	Cercignani1980	unchecked			
2002	ClarkHall1960	unchecked			
2002	Crist2001	unchecked			
2002	Crist2002	unchecked			
2002	Erdmann1972	unchecked			
2002	Fulk2018	unchecked			
2002	GermanicSlavicBaltic2025	unchecked			
2002	Goblirsch1991	unchecked			
2002	Hamp1990	unchecked			
2002	Hirt1931	unchecked			
2002	Hogg1979	unchecked			
2002	HoggGrammar2011	unchecked			
2002	HoggIntroduction1992	unchecked			
2002	HoggPhonology1992	unchecked			
2002	HowellSalmons1988	unchecked			
2002	Kaluza1900	unchecked			
2002	Kastovsky1992	unchecked			
2002	Kilday2024	unchecked			
2002	KlugeSeebold2011	unchecked			
2002	Kortlandt2008	unchecked			
2002	Kroonen2006	unchecked			
2002	Kroonen2011	unchecked			
2002	Kroonen2013	unchecked			
2002	Kylstra1983	unchecked			
2002	Laker2007	unchecked			
2002	Lid1952	unchecked			
2002	Lloyd1966	unchecked			
2002	LloydSpringer1988	unchecked			
2002	Luehr1993	unchecked			
2002	Luick1914	unchecked			
2002	Mayrhofer1992	unchecked			
2002	Mees2020	unchecked			
2002	NeriRingeReview	unchecked			
2002	Nielsen2001	unchecked			
2002	Orel2003	unchecked			
2002	Pierce1999	unchecked			
2002	Pierce2003	unchecked			
2002	Pierce2006	unchecked			
2002	Pokorny1959	unchecked			
2002	Polome1967	unchecked			
2002	Polome1994	unchecked			
2002	Repansek2012	unchecked			
2002	Rice1994	unchecked			
2002	Ringe1984	unchecked			
2002	Ringe2017	unchecked			
2002	RingeTaylor2014	unchecked			
2002	Seebold1970	unchecked			
2002	SieversBrunner1965	unchecked			
2002	StauslandJohnsen2015	unchecked			
2002	Stiles1985	unchecked			
2002	Stiles1986a	unchecked			
2002	Stiles1986b	unchecked			
2002	Stiles2012	unchecked			
2002	Stiles2017	unchecked			
2002	Streitberg1896	unchecked			
2002	Sweet1953	unchecked			
2002	Thorhallsdottir1993	unchecked			
2002	Toon1992	unchecked			
2002	Versloot2017	unchecked			
2002	Versloot2021	unchecked			
2002	Versloot2025	unchecked			
2002	Vine2019	unchecked			
2002	Waxenberger2019	unchecked			
2002	WrightWuelcker1884	unchecked			
2002	vanHelten1905	unchecked			
2003	Adamczyk2001	unchecked			
2003	Bammesberger1990	unchecked			
2003	Bammesberger1992	unchecked			
2003	Bammesberger1997	unchecked			
2003	Beekes2010	unchecked			
2003	Bennett1950	unchecked			
2003	BosworthToller1898	unchecked			
2003	Bremmer2008	unchecked			
2003	Bremmer2009	unchecked			
2003	Bright1917	unchecked			
2003	Bulbring1902	unchecked			
2003	CaedmonsHymnVitt1452	unchecked			
2003	Campbell1939	unchecked			
2003	Campbell1959	unchecked			
2003	Cercignani1979	unchecked			
2003	Cercignani1980	unchecked			
2003	ClarkHall1960	unchecked			
2003	Crist2001	unchecked			
2003	Crist2002	unchecked			
2003	Erdmann1972	unchecked			
2003	Fulk2018	unchecked			
2003	GermanicSlavicBaltic2025	unchecked			
2003	Goblirsch1991	unchecked			
2003	Hamp1990	unchecked			
2003	Hirt1931	unchecked			
2003	Hogg1979	unchecked			
2003	HoggGrammar2011	unchecked			
2003	HoggIntroduction1992	unchecked			
2003	HoggPhonology1992	unchecked			
2003	HowellSalmons1988	unchecked			
2003	Kaluza1900	unchecked			
2003	Kastovsky1992	unchecked			
2003	Kilday2024	unchecked			
2003	KlugeSeebold2011	unchecked			
2003	Kortlandt2008	unchecked			
2003	Kroonen2006	unchecked			
2003	Kroonen2011	unchecked			
2003	Kroonen2013	unchecked			
2003	Kylstra1983	unchecked			
2003	Laker2007	unchecked			
2003	Lid1952	unchecked			
2003	Lloyd1966	unchecked			
2003	LloydSpringer1988	unchecked			
2003	Luehr1993	unchecked			
2003	Luick1914	unchecked			
2003	Mayrhofer1992	unchecked			
2003	Mees2020	unchecked			
2003	NeriRingeReview	unchecked			
2003	Nielsen2001	unchecked			
2003	Orel2003	unchecked			
2003	Pierce1999	unchecked			
2003	Pierce2003	unchecked			
2003	Pierce2006	unchecked			
2003	Pokorny1959	unchecked			
2003	Polome1967	unchecked			
2003	Polome1994	unchecked			
2003	Repansek2012	unchecked			
2003	Rice1994	unchecked			
2003	Ringe1984	unchecked			
2003	Ringe2017	unchecked			
2003	RingeTaylor2014	unchecked			
2003	Seebold1970	unchecked			
2003	SieversBrunner1965	unchecked			
2003	StauslandJohnsen2015	unchecked			
2003	Stiles1985	unchecked			
2003	Stiles1986a	unchecked			
2003	Stiles1986b	unchecked			
2003	Stiles2012	unchecked			
2003	Stiles2017	unchecked			
2003	Streitberg1896	unchecked			
2003	Sweet1953	unchecked			
2003	Thorhallsdottir1993	unchecked			
2003	Toon1992	unchecked			
2003	Versloot2017	unchecked			
2003	Versloot2021	unchecked			
2003	Versloot2025	unchecked			
2003	Vine2019	unchecked			
2003	Waxenberger2019	unchecked			
2003	WrightWuelcker1884	unchecked			
2003	vanHelten1905	unchecked			
2004	Adamczyk2001	unchecked			
2004	Bammesberger1990	unchecked			
2004	Bammesberger1992	unchecked			
2004	Bammesberger1997	unchecked			
2004	Beekes2010	unchecked			
2004	Bennett1950	unchecked			
2004	BosworthToller1898	unchecked			
2004	Bremmer2008	unchecked			
2004	Bremmer2009	unchecked			
2004	Bright1917	unchecked			
2004	Bulbring1902	unchecked			
2004	CaedmonsHymnVitt1452	unchecked			
2004	Campbell1939	unchecked			
2004	Campbell1959	unchecked			
2004	Cercignani1979	unchecked			
2004	Cercignani1980	unchecked			
2004	ClarkHall1960	unchecked			
2004	Crist2001	unchecked			
2004	Crist2002	unchecked			
2004	Erdmann1972	unchecked			
2004	Fulk2018	unchecked			
2004	GermanicSlavicBaltic2025	unchecked			
2004	Goblirsch1991	unchecked			
2004	Hamp1990	unchecked			
2004	Hirt1931	unchecked			
2004	Hogg1979	unchecked			
2004	HoggGrammar2011	unchecked			
2004	HoggIntroduction1992	unchecked			
2004	HoggPhonology1992	unchecked			
2004	HowellSalmons1988	unchecked			
2004	Kaluza1900	unchecked			
2004	Kastovsky1992	unchecked			
2004	Kilday2024	unchecked			
2004	KlugeSeebold2011	unchecked			
2004	Kortlandt2008	unchecked			
2004	Kroonen2006	unchecked			
2004	Kroonen2011	unchecked			
2004	Kroonen2013	unchecked			
2004	Kylstra1983	unchecked			
2004	Laker2007	unchecked			
2004	Lid1952	unchecked			
2004	Lloyd1966	unchecked			
2004	LloydSpringer1988	unchecked			
2004	Luehr1993	unchecked			
2004	Luick1914	unchecked			
2004	Mayrhofer1992	unchecked			
2004	Mees2020	unchecked			
2004	NeriRingeReview	unchecked			
2004	Nielsen2001	unchecked			
2004	Orel2003	unchecked			
2004	Pierce1999	unchecked			
2004	Pierce2003	unchecked			
2004	Pierce2006	unchecked			
2004	Pokorny1959	unchecked			
2004	Polome1967	unchecked			
2004	Polome1994	unchecked			
2004	Repansek2012	unchecked			
2004	Rice1994	unchecked			
2004	Ringe1984	unchecked			
2004	Ringe2017	unchecked			
2004	RingeTaylor2014	unchecked			
2004	Seebold1970	unchecked			
2004	SieversBrunner1965	unchecked			
2004	StauslandJohnsen2015	unchecked			
2004	Stiles1985	unchecked			
2004	Stiles1986a	unchecked			
2004	Stiles1986b	unchecked			
2004	Stiles2012	unchecked			
2004	Stiles2017	unchecked			
2004	Streitberg1896	unchecked			
2004	Sweet1953	unchecked			
2004	Thorhallsdottir1993	unchecked			
2004	Toon1992	unchecked			
2004	Versloot2017	unchecked			
2004	Versloot2021	unchecked			
2004	Versloot2025	unchecked			
2004	Vine2019	unchecked			
2004	Waxenberger2019	unchecked			
2004	WrightWuelcker1884	unchecked			
2004	vanHelten1905	unchecked			
2005	Adamczyk2001	unchecked			
2005	Bammesberger1990	unchecked			
2005	Bammesberger1992	unchecked			
2005	Bammesberger1997	unchecked			
2005	Beekes2010	unchecked			
2005	Bennett1950	unchecked			
2005	BosworthToller1898	unchecked			
2005	Bremmer2008	unchecked			
2005	Bremmer2009	unchecked			
2005	Bright1917	unchecked			
2005	Bulbring1902	unchecked			
2005	CaedmonsHymnVitt1452	unchecked			
2005	Campbell1939	unchecked			
2005	Campbell1959	unchecked			
2005	Cercignani1979	unchecked			
2005	Cercignani1980	unchecked			
2005	ClarkHall1960	unchecked			
2005	Crist2001	unchecked			
2005	Crist2002	unchecked			
2005	Erdmann1972	unchecked			
2005	Fulk2018	unchecked			
2005	GermanicSlavicBaltic2025	unchecked			
2005	Goblirsch1991	unchecked			
2005	Hamp1990	unchecked			
2005	Hirt1931	unchecked			
2005	Hogg1979	unchecked			
2005	HoggGrammar2011	unchecked			
2005	HoggIntroduction1992	unchecked			
2005	HoggPhonology1992	unchecked			
2005	HowellSalmons1988	unchecked			
2005	Kaluza1900	unchecked			
2005	Kastovsky1992	unchecked			
2005	Kilday2024	unchecked			
2005	KlugeSeebold2011	unchecked			
2005	Kortlandt2008	unchecked			
2005	Kroonen2006	unchecked			
2005	Kroonen2011	unchecked			
2005	Kroonen2013	unchecked			
2005	Kylstra1983	unchecked			
2005	Laker2007	unchecked			
2005	Lid1952	unchecked			
2005	Lloyd1966	unchecked			
2005	LloydSpringer1988	unchecked			
2005	Luehr1993	unchecked			
2005	Luick1914	unchecked			
2005	Mayrhofer1992	unchecked			
2005	Mees2020	unchecked			
2005	NeriRingeReview	unchecked			
2005	Nielsen2001	unchecked			
2005	Orel2003	unchecked			
2005	Pierce1999	unchecked			
2005	Pierce2003	unchecked			
2005	Pierce2006	unchecked			
2005	Pokorny1959	unchecked			
2005	Polome1967	unchecked			
2005	Polome1994	unchecked			
2005	Repansek2012	unchecked			
2005	Rice1994	unchecked			
2005	Ringe1984	unchecked			
2005	Ringe2017	unchecked			
2005	RingeTaylor2014	unchecked			
2005	Seebold1970	unchecked			
2005	SieversBrunner1965	unchecked			
2005	StauslandJohnsen2015	unchecked			
2005	Stiles1985	unchecked			
2005	Stiles1986a	unchecked			
2005	Stiles1986b	unchecked			
2005	Stiles2012	unchecked			
2005	Stiles2017	unchecked			
2005	Streitberg1896	unchecked			
2005	Sweet1953	unchecked			
2005	Thorhallsdottir1993	unchecked			
2005	Toon1992	unchecked			
2005	Versloot2017	unchecked			
2005	Versloot2021	unchecked			
2005	Versloot2025	unchecked			
2005	Vine2019	unchecked			
2005	Waxenberger2019	unchecked			
2005	WrightWuelcker1884	unchecked			
2005	vanHelten1905	unchecked			
2006	Adamczyk2001	unchecked			
2006	Bammesberger1990	unchecked			
2006	Bammesberger1992	unchecked			
2006	Bammesberger1997	unchecked			
2006	Beekes2010	unchecked			
2006	Bennett1950	unchecked			
2006	BosworthToller1898	unchecked			
2006	Bremmer2008	unchecked			
2006	Bremmer2009	unchecked			
2006	Bright1917	unchecked			
2006	Bulbring1902	unchecked			
2006	CaedmonsHymnVitt1452	unchecked			
2006	Campbell1939	unchecked			
2006	Campbell1959	unchecked			
2006	Cercignani1979	unchecked			
2006	Cercignani1980	unchecked			
2006	ClarkHall1960	unchecked			
2006	Crist2001	unchecked			
2006	Crist2002	unchecked			
2006	Erdmann1972	unchecked			
2006	Fulk2018	unchecked			
2006	GermanicSlavicBaltic2025	unchecked			
2006	Goblirsch1991	unchecked			
2006	Hamp1990	unchecked			
2006	Hirt1931	unchecked			
2006	Hogg1979	unchecked			
2006	HoggGrammar2011	unchecked			
2006	HoggIntroduction1992	unchecked			
2006	HoggPhonology1992	unchecked			
2006	HowellSalmons1988	unchecked			
2006	Kaluza1900	unchecked			
2006	Kastovsky1992	unchecked			
2006	Kilday2024	unchecked			
2006	KlugeSeebold2011	unchecked			
2006	Kortlandt2008	unchecked			
2006	Kroonen2006	unchecked			
2006	Kroonen2011	unchecked			
2006	Kroonen2013	unchecked			
2006	Kylstra1983	unchecked			
2006	Laker2007	unchecked			
2006	Lid1952	unchecked			
2006	Lloyd1966	unchecked			
2006	LloydSpringer1988	unchecked			
2006	Luehr1993	unchecked			
2006	Luick1914	unchecked			
2006	Mayrhofer1992	unchecked			
2006	Mees2020	unchecked			
2006	NeriRingeReview	unchecked			
2006	Nielsen2001	unchecked			
2006	Orel2003	unchecked			
2006	Pierce1999	unchecked			
2006	Pierce2003	unchecked			
2006	Pierce2006	unchecked			
2006	Pokorny1959	unchecked			
2006	Polome1967	unchecked			
2006	Polome1994	unchecked			
2006	Repansek2012	unchecked			
2006	Rice1994	unchecked			
2006	Ringe1984	unchecked			
2006	Ringe2017	unchecked			
2006	RingeTaylor2014	unchecked			
2006	Seebold1970	unchecked			
2006	SieversBrunner1965	unchecked			
2006	StauslandJohnsen2015	unchecked			
2006	Stiles1985	unchecked			
2006	Stiles1986a	unchecked			
2006	Stiles1986b	unchecked			
2006	Stiles2012	unchecked			
2006	Stiles2017	unchecked			
2006	Streitberg1896	unchecked			
2006	Sweet1953	unchecked			
2006	Thorhallsdottir1993	unchecked			
2006	Toon1992	unchecked			
2006	Versloot2017	unchecked			
2006	Versloot2021	unchecked			
2006	Versloot2025	unchecked			
2006	Vine2019	unchecked			
2006	Waxenberger2019	unchecked			
2006	WrightWuelcker1884	unchecked			
2006	vanHelten1905	unchecked			
2007	Adamczyk2001	unchecked			
2007	Bammesberger1990	unchecked			
2007	Bammesberger1992	unchecked			
2007	Bammesberger1997	unchecked			
2007	Beekes2010	unchecked			
2007	Bennett1950	unchecked			
2007	BosworthToller1898	unchecked			
2007	Bremmer2008	unchecked			
2007	Bremmer2009	unchecked			
2007	Bright1917	unchecked			
2007	Bulbring1902	unchecked			
2007	CaedmonsHymnVitt1452	unchecked			
2007	Campbell1939	unchecked			
2007	Campbell1959	unchecked			
2007	Cercignani1979	unchecked			
2007	Cercignani1980	unchecked			
2007	ClarkHall1960	unchecked			
2007	Crist2001	unchecked			
2007	Crist2002	unchecked			
2007	Erdmann1972	unchecked			
2007	Fulk2018	unchecked			
2007	GermanicSlavicBaltic2025	unchecked			
2007	Goblirsch1991	unchecked			
2007	Hamp1990	unchecked			
2007	Hirt1931	unchecked			
2007	Hogg1979	unchecked			
2007	HoggGrammar2011	unchecked			
2007	HoggIntroduction1992	unchecked			
2007	HoggPhonology1992	unchecked			
2007	HowellSalmons1988	unchecked			
2007	Kaluza1900	unchecked			
2007	Kastovsky1992	unchecked			
2007	Kilday2024	unchecked			
2007	KlugeSeebold2011	unchecked			
2007	Kortlandt2008	unchecked			
2007	Kroonen2006	unchecked			
2007	Kroonen2011	unchecked			
2007	Kroonen2013	unchecked			
2007	Kylstra1983	unchecked			
2007	Laker2007	unchecked			
2007	Lid1952	unchecked			
2007	Lloyd1966	unchecked			
2007	LloydSpringer1988	unchecked			
2007	Luehr1993	unchecked			
2007	Luick1914	unchecked			
2007	Mayrhofer1992	unchecked			
2007	Mees2020	unchecked			
2007	NeriRingeReview	unchecked			
2007	Nielsen2001	unchecked			
2007	Orel2003	unchecked			
2007	Pierce1999	unchecked			
2007	Pierce2003	unchecked			
2007	Pierce2006	unchecked			
2007	Pokorny1959	unchecked			
2007	Polome1967	unchecked			
2007	Polome1994	unchecked			
2007	Repansek2012	unchecked			
2007	Rice1994	unchecked			
2007	Ringe1984	unchecked			
2007	Ringe2017	unchecked			
2007	RingeTaylor2014	unchecked			
2007	Seebold1970	unchecked			
2007	SieversBrunner1965	unchecked			
2007	StauslandJohnsen2015	unchecked			
2007	Stiles1985	unchecked			
2007	Stiles1986a	unchecked			
2007	Stiles1986b	unchecked			
2007	Stiles2012	unchecked			
2007	Stiles2017	unchecked			
2007	Streitberg1896	unchecked			
2007	Sweet1953	unchecked			
2007	Thorhallsdottir1993	unchecked			
2007	Toon1992	unchecked			
2007	Versloot2017	unchecked			
2007	Versloot2021	unchecked			
2007	Versloot2025	unchecked			
2007	Vine2019	unchecked			
2007	Waxenberger2019	unchecked			
2007	WrightWuelcker1884	unchecked			
2007	vanHelten1905	unchecked			
2008	Adamczyk2001	unchecked			
2008	Bammesberger1990	unchecked			
2008	Bammesberger1992	unchecked			
2008	Bammesberger1997	unchecked			
2008	Beekes2010	unchecked			
2008	Bennett1950	unchecked			
2008	BosworthToller1898	unchecked			
2008	Bremmer2008	unchecked			
2008	Bremmer2009	unchecked			
2008	Bright1917	unchecked			
2008	Bulbring1902	unchecked			
2008	CaedmonsHymnVitt1452	unchecked			
2008	Campbell1939	unchecked			
2008	Campbell1959	unchecked			
2008	Cercignani1979	unchecked			
2008	Cercignani1980	unchecked			
2008	ClarkHall1960	unchecked			
2008	Crist2001	unchecked			
2008	Crist2002	unchecked			
2008	Erdmann1972	unchecked			
2008	Fulk2018	unchecked			
2008	GermanicSlavicBaltic2025	unchecked			
2008	Goblirsch1991	unchecked			
2008	Hamp1990	unchecked			
2008	Hirt1931	unchecked			
2008	Hogg1979	unchecked			
2008	HoggGrammar2011	unchecked			
2008	HoggIntroduction1992	unchecked			
2008	HoggPhonology1992	unchecked			
2008	HowellSalmons1988	unchecked			
2008	Kaluza1900	unchecked			
2008	Kastovsky1992	unchecked			
2008	Kilday2024	unchecked			
2008	KlugeSeebold2011	unchecked			
2008	Kortlandt2008	unchecked			
2008	Kroonen2006	unchecked			
2008	Kroonen2011	unchecked			
2008	Kroonen2013	unchecked			
2008	Kylstra1983	unchecked			
2008	Laker2007	unchecked			
2008	Lid1952	unchecked			
2008	Lloyd1966	unchecked			
2008	LloydSpringer1988	unchecked			
2008	Luehr1993	unchecked			
2008	Luick1914	unchecked			
2008	Mayrhofer1992	unchecked			
2008	Mees2020	unchecked			
2008	NeriRingeReview	unchecked			
2008	Nielsen2001	unchecked			
2008	Orel2003	unchecked			
2008	Pierce1999	unchecked			
2008	Pierce2003	unchecked			
2008	Pierce2006	unchecked			
2008	Pokorny1959	unchecked			
2008	Polome1967	unchecked			
2008	Polome1994	unchecked			
2008	Repansek2012	unchecked			
2008	Rice1994	unchecked			
2008	Ringe1984	unchecked			
2008	Ringe2017	unchecked			
2008	RingeTaylor2014	unchecked			
2008	Seebold1970	unchecked			
2008	SieversBrunner1965	unchecked			
2008	StauslandJohnsen2015	unchecked			
2008	Stiles1985	unchecked			
2008	Stiles1986a	unchecked			
2008	Stiles1986b	unchecked			
2008	Stiles2012	unchecked			
2008	Stiles2017	unchecked			
2008	Streitberg1896	unchecked			
2008	Sweet1953	unchecked			
2008	Thorhallsdottir1993	unchecked			
2008	Toon1992	unchecked			
2008	Versloot2017	unchecked			
2008	Versloot2021	unchecked			
2008	Versloot2025	unchecked			
2008	Vine2019	unchecked			
2008	Waxenberger2019	unchecked			
2008	WrightWuelcker1884	unchecked			
2008	vanHelten1905	unchecked			
2009	Adamczyk2001	unchecked			
2009	Bammesberger1990	unchecked			
2009	Bammesberger1992	unchecked			
2009	Bammesberger1997	unchecked			
2009	Beekes2010	unchecked			
2009	Bennett1950	unchecked			
2009	BosworthToller1898	unchecked			
2009	Bremmer2008	unchecked			
2009	Bremmer2009	unchecked			
2009	Bright1917	unchecked			
2009	Bulbring1902	unchecked			
2009	CaedmonsHymnVitt1452	unchecked			
2009	Campbell1939	unchecked			
2009	Campbell1959	unchecked			
2009	Cercignani1979	unchecked			
2009	Cercignani1980	unchecked			
2009	ClarkHall1960	unchecked			
2009	Crist2001	unchecked			
2009	Crist2002	unchecked			
2009	Erdmann1972	unchecked			
2009	Fulk2018	unchecked			
2009	GermanicSlavicBaltic2025	unchecked			
2009	Goblirsch1991	unchecked			
2009	Hamp1990	unchecked			
2009	Hirt1931	unchecked			
2009	Hogg1979	unchecked			
2009	HoggGrammar2011	unchecked			
2009	HoggIntroduction1992	unchecked			
2009	HoggPhonology1992	unchecked			
2009	HowellSalmons1988	unchecked			
2009	Kaluza1900	unchecked			
2009	Kastovsky1992	unchecked			
2009	Kilday2024	unchecked			
2009	KlugeSeebold2011	unchecked			
2009	Kortlandt2008	unchecked			
2009	Kroonen2006	unchecked			
2009	Kroonen2011	unchecked			
2009	Kroonen2013	unchecked			
2009	Kylstra1983	unchecked			
2009	Laker2007	unchecked			
2009	Lid1952	unchecked			
2009	Lloyd1966	unchecked			
2009	LloydSpringer1988	unchecked			
2009	Luehr1993	unchecked			
2009	Luick1914	unchecked			
2009	Mayrhofer1992	unchecked			
2009	Mees2020	unchecked			
2009	NeriRingeReview	unchecked			
2009	Nielsen2001	unchecked			
2009	Orel2003	unchecked			
2009	Pierce1999	unchecked			
2009	Pierce2003	unchecked			
2009	Pierce2006	unchecked			
2009	Pokorny1959	unchecked			
2009	Polome1967	unchecked			
2009	Polome1994	unchecked			
2009	Repansek2012	unchecked			
2009	Rice1994	unchecked			
2009	Ringe1984	unchecked			
2009	Ringe2017	unchecked			
2009	RingeTaylor2014	unchecked			
2009	Seebold1970	unchecked			
2009	SieversBrunner1965	unchecked			
2009	StauslandJohnsen2015	unchecked			
2009	Stiles1985	unchecked			
2009	Stiles1986a	unchecked			
2009	Stiles1986b	unchecked			
2009	Stiles2012	unchecked			
2009	Stiles2017	unchecked			
2009	Streitberg1896	unchecked			
2009	Sweet1953	unchecked			
2009	Thorhallsdottir1993	unchecked			
2009	Toon1992	unchecked			
2009	Versloot2017	unchecked			
2009	Versloot2021	unchecked			
2009	Versloot2025	unchecked			
2009	Vine2019	unchecked			
2009	Waxenberger2019	unchecked			
2009	WrightWuelcker1884	unchecked			
2009	vanHelten1905	unchecked			
2010	Adamczyk2001	unchecked			
2010	Bammesberger1990	unchecked			
2010	Bammesberger1992	unchecked			
2010	Bammesberger1997	unchecked			
2010	Beekes2010	unchecked			
2010	Bennett1950	unchecked			
2010	BosworthToller1898	unchecked			
2010	Bremmer2008	unchecked			
2010	Bremmer2009	unchecked			
2010	Bright1917	unchecked			
2010	Bulbring1902	unchecked			
2010	CaedmonsHymnVitt1452	unchecked			
2010	Campbell1939	unchecked			
2010	Campbell1959	unchecked			
2010	Cercignani1979	unchecked			
2010	Cercignani1980	unchecked			
2010	ClarkHall1960	unchecked			
2010	Crist2001	unchecked			
2010	Crist2002	unchecked			
2010	Erdmann1972	unchecked			
2010	Fulk2018	unchecked			
2010	GermanicSlavicBaltic2025	unchecked			
2010	Goblirsch1991	unchecked			
2010	Hamp1990	unchecked			
2010	Hirt1931	unchecked			
2010	Hogg1979	unchecked			
2010	HoggGrammar2011	unchecked			
2010	HoggIntroduction1992	unchecked			
2010	HoggPhonology1992	unchecked			
2010	HowellSalmons1988	unchecked			
2010	Kaluza1900	unchecked			
2010	Kastovsky1992	unchecked			
2010	Kilday2024	unchecked			
2010	KlugeSeebold2011	unchecked			
2010	Kortlandt2008	unchecked			
2010	Kroonen2006	unchecked			
2010	Kroonen2011	unchecked			
2010	Kroonen2013	unchecked			
2010	Kylstra1983	unchecked			
2010	Laker2007	unchecked			
2010	Lid1952	unchecked			
2010	Lloyd1966	unchecked			
2010	LloydSpringer1988	unchecked			
2010	Luehr1993	unchecked			
2010	Luick1914	unchecked			
2010	Mayrhofer1992	unchecked			
2010	Mees2020	unchecked			
2010	NeriRingeReview	unchecked			
2010	Nielsen2001	unchecked			
2010	Orel2003	unchecked			
2010	Pierce1999	unchecked			
2010	Pierce2003	unchecked			
2010	Pierce2006	unchecked			
2010	Pokorny1959	unchecked			
2010	Polome1967	unchecked			
2010	Polome1994	unchecked			
2010	Repansek2012	unchecked			
2010	Rice1994	unchecked			
2010	Ringe1984	unchecked			
2010	Ringe2017	unchecked			
2010	RingeTaylor2014	unchecked			
2010	Seebold1970	unchecked			
2010	SieversBrunner1965	unchecked			
2010	StauslandJohnsen2015	unchecked			
2010	Stiles1985	unchecked			
2010	Stiles1986a	unchecked			
2010	Stiles1986b	unchecked			
2010	Stiles2012	unchecked			
2010	Stiles2017	unchecked			
2010	Streitberg1896	unchecked			
2010	Sweet1953	unchecked			
2010	Thorhallsdottir1993	unchecked			
2010	Toon1992	unchecked			
2010	Versloot2017	unchecked			
2010	Versloot2021	unchecked			
2010	Versloot2025	unchecked			
2010	Vine2019	unchecked			
2010	Waxenberger2019	unchecked			
2010	WrightWuelcker1884	unchecked			
2010	vanHelten1905	unchecked			
2011	Adamczyk2001	unchecked			
2011	Bammesberger1990	unchecked			
2011	Bammesberger1992	unchecked			
2011	Bammesberger1997	unchecked			
2011	Beekes2010	unchecked			
2011	Bennett1950	unchecked			
2011	BosworthToller1898	unchecked			
2011	Bremmer2008	unchecked			
2011	Bremmer2009	unchecked			
2011	Bright1917	unchecked			
2011	Bulbring1902	unchecked			
2011	CaedmonsHymnVitt1452	unchecked			
2011	Campbell1939	unchecked			
2011	Campbell1959	unchecked			
2011	Cercignani1979	unchecked			
2011	Cercignani1980	unchecked			
2011	ClarkHall1960	unchecked			
2011	Crist2001	unchecked			
2011	Crist2002	unchecked			
2011	Erdmann1972	unchecked			
2011	Fulk2018	unchecked			
2011	GermanicSlavicBaltic2025	unchecked			
2011	Goblirsch1991	unchecked			
2011	Hamp1990	unchecked			
2011	Hirt1931	unchecked			
2011	Hogg1979	unchecked			
2011	HoggGrammar2011	unchecked			
2011	HoggIntroduction1992	unchecked			
2011	HoggPhonology1992	unchecked			
2011	HowellSalmons1988	unchecked			
2011	Kaluza1900	unchecked			
2011	Kastovsky1992	unchecked			
2011	Kilday2024	unchecked			
2011	KlugeSeebold2011	unchecked			
2011	Kortlandt2008	unchecked			
2011	Kroonen2006	unchecked			
2011	Kroonen2011	unchecked			
2011	Kroonen2013	unchecked			
2011	Kylstra1983	unchecked			
2011	Laker2007	unchecked			
2011	Lid1952	unchecked			
2011	Lloyd1966	unchecked			
2011	LloydSpringer1988	unchecked			
2011	Luehr1993	unchecked			
2011	Luick1914	unchecked			
2011	Mayrhofer1992	unchecked			
2011	Mees2020	unchecked			
2011	NeriRingeReview	unchecked			
2011	Nielsen2001	unchecked			
2011	Orel2003	unchecked			
2011	Pierce1999	unchecked			
2011	Pierce2003	unchecked			
2011	Pierce2006	unchecked			
2011	Pokorny1959	unchecked			
2011	Polome1967	unchecked			
2011	Polome1994	unchecked			
2011	Repansek2012	unchecked			
2011	Rice1994	unchecked			
2011	Ringe1984	unchecked			
2011	Ringe2017	unchecked			
2011	RingeTaylor2014	unchecked			
2011	Seebold1970	unchecked			
2011	SieversBrunner1965	unchecked			
2011	StauslandJohnsen2015	unchecked			
2011	Stiles1985	unchecked			
2011	Stiles1986a	unchecked			
2011	Stiles1986b	unchecked			
2011	Stiles2012	unchecked			
2011	Stiles2017	unchecked			
2011	Streitberg1896	unchecked			
2011	Sweet1953	unchecked			
2011	Thorhallsdottir1993	unchecked			
2011	Toon1992	unchecked			
2011	Versloot2017	unchecked			
2011	Versloot2021	unchecked			
2011	Versloot2025	unchecked			
2011	Vine2019	unchecked			
2011	Waxenberger2019	unchecked			
2011	WrightWuelcker1884	unchecked			
2011	vanHelten1905	unchecked			
2012	Adamczyk2001	unchecked			
2012	Bammesberger1990	unchecked			
2012	Bammesberger1992	unchecked			
2012	Bammesberger1997	unchecked			
2012	Beekes2010	unchecked			
2012	Bennett1950	unchecked			
2012	BosworthToller1898	unchecked			
2012	Bremmer2008	unchecked			
2012	Bremmer2009	unchecked			
2012	Bright1917	unchecked			
2012	Bulbring1902	unchecked			
2012	CaedmonsHymnVitt1452	unchecked			
2012	Campbell1939	unchecked			
2012	Campbell1959	unchecked			
2012	Cercignani1979	unchecked			
2012	Cercignani1980	unchecked			
2012	ClarkHall1960	unchecked			
2012	Crist2001	unchecked			
2012	Crist2002	unchecked			
2012	Erdmann1972	unchecked			
2012	Fulk2018	unchecked			
2012	GermanicSlavicBaltic2025	unchecked			
2012	Goblirsch1991	unchecked			
2012	Hamp1990	unchecked			
2012	Hirt1931	unchecked			
2012	Hogg1979	unchecked			
2012	HoggGrammar2011	unchecked			
2012	HoggIntroduction1992	unchecked			
2012	HoggPhonology1992	unchecked			
2012	HowellSalmons1988	unchecked			
2012	Kaluza1900	unchecked			
2012	Kastovsky1992	unchecked			
2012	Kilday2024	unchecked			
2012	KlugeSeebold2011	unchecked			
2012	Kortlandt2008	unchecked			
2012	Kroonen2006	unchecked			
2012	Kroonen2011	unchecked			
2012	Kroonen2013	unchecked			
2012	Kylstra1983	unchecked			
2012	Laker2007	unchecked			
2012	Lid1952	unchecked			
2012	Lloyd1966	unchecked			
2012	LloydSpringer1988	unchecked			
2012	Luehr1993	unchecked			
2012	Luick1914	unchecked			
2012	Mayrhofer1992	unchecked			
2012	Mees2020	unchecked			
2012	NeriRingeReview	unchecked			
2012	Nielsen2001	unchecked			
2012	Orel2003	unchecked			
2012	Pierce1999	unchecked			
2012	Pierce2003	unchecked			
2012	Pierce2006	unchecked			
2012	Pokorny1959	unchecked			
2012	Polome1967	unchecked			
2012	Polome1994	unchecked			
2012	Repansek2012	unchecked			
2012	Rice1994	unchecked			
2012	Ringe1984	unchecked			
2012	Ringe2017	unchecked			
2012	RingeTaylor2014	unchecked			
2012	Seebold1970	unchecked			
2012	SieversBrunner1965	unchecked			
2012	StauslandJohnsen2015	unchecked			
2012	Stiles1985	unchecked			
2012	Stiles1986a	unchecked			
2012	Stiles1986b	unchecked			
2012	Stiles2012	unchecked			
2012	Stiles2017	unchecked			
2012	Streitberg1896	unchecked			
2012	Sweet1953	unchecked			
2012	Thorhallsdottir1993	unchecked			
2012	Toon1992	unchecked			
2012	Versloot2017	unchecked			
2012	Versloot2021	unchecked			
2012	Versloot2025	unchecked			
2012	Vine2019	unchecked			
2012	Waxenberger2019	unchecked			
2012	WrightWuelcker1884	unchecked			
2012	vanHelten1905	unchecked			
2013	Adamczyk2001	unchecked			
2013	Bammesberger1990	unchecked			
2013	Bammesberger1992	unchecked			
2013	Bammesberger1997	unchecked			
2013	Beekes2010	unchecked			
2013	Bennett1950	unchecked			
2013	BosworthToller1898	unchecked			
2013	Bremmer2008	unchecked			
2013	Bremmer2009	unchecked			
2013	Bright1917	unchecked			
2013	Bulbring1902	unchecked			
2013	CaedmonsHymnVitt1452	unchecked			
2013	Campbell1939	unchecked			
2013	Campbell1959	unchecked			
2013	Cercignani1979	unchecked			
2013	Cercignani1980	unchecked			
2013	ClarkHall1960	unchecked			
2013	Crist2001	unchecked			
2013	Crist2002	unchecked			
2013	Erdmann1972	unchecked			
2013	Fulk2018	unchecked			
2013	GermanicSlavicBaltic2025	unchecked			
2013	Goblirsch1991	unchecked			
2013	Hamp1990	unchecked			
2013	Hirt1931	unchecked			
2013	Hogg1979	unchecked			
2013	HoggGrammar2011	unchecked			
2013	HoggIntroduction1992	unchecked			
2013	HoggPhonology1992	unchecked			
2013	HowellSalmons1988	unchecked			
2013	Kaluza1900	unchecked			
2013	Kastovsky1992	unchecked			
2013	Kilday2024	unchecked			
2013	KlugeSeebold2011	unchecked			
2013	Kortlandt2008	unchecked			
2013	Kroonen2006	unchecked			
2013	Kroonen2011	unchecked			
2013	Kroonen2013	unchecked			
2013	Kylstra1983	unchecked			
2013	Laker2007	unchecked			
2013	Lid1952	unchecked			
2013	Lloyd1966	unchecked			
2013	LloydSpringer1988	unchecked			
2013	Luehr1993	unchecked			
2013	Luick1914	unchecked			
2013	Mayrhofer1992	unchecked			
2013	Mees2020	unchecked			
2013	NeriRingeReview	unchecked			
2013	Nielsen2001	unchecked			
2013	Orel2003	unchecked			
2013	Pierce1999	unchecked			
2013	Pierce2003	unchecked			
2013	Pierce2006	unchecked			
2013	Pokorny1959	unchecked			
2013	Polome1967	unchecked			
2013	Polome1994	unchecked			
2013	Repansek2012	unchecked			
2013	Rice1994	unchecked			
2013	Ringe1984	unchecked			
2013	Ringe2017	unchecked			
2013	RingeTaylor2014	unchecked			
2013	Seebold1970	unchecked			
2013	SieversBrunner1965	unchecked			
2013	StauslandJohnsen2015	unchecked			
2013	Stiles1985	unchecked			
2013	Stiles1986a	unchecked			
2013	Stiles1986b	unchecked			
2013	Stiles2012	unchecked			
2013	Stiles2017	unchecked			
2013	Streitberg1896	unchecked			
2013	Sweet1953	unchecked			
2013	Thorhallsdottir1993	unchecked			
2013	Toon1992	unchecked			
2013	Versloot2017	unchecked			
2013	Versloot2021	unchecked			
2013	Versloot2025	unchecked			
2013	Vine2019	unchecked			
2013	Waxenberger2019	unchecked			
2013	WrightWuelcker1884	unchecked			
2013	vanHelten1905	unchecked			
2014	Adamczyk2001	unchecked			
2014	Bammesberger1990	unchecked			
2014	Bammesberger1992	unchecked			
2014	Bammesberger1997	unchecked			
2014	Beekes2010	unchecked			
2014	Bennett1950	unchecked			
2014	BosworthToller1898	unchecked			
2014	Bremmer2008	unchecked			
2014	Bremmer2009	unchecked			
2014	Bright1917	unchecked			
2014	Bulbring1902	unchecked			
2014	CaedmonsHymnVitt1452	unchecked			
2014	Campbell1939	unchecked			
2014	Campbell1959	unchecked			
2014	Cercignani1979	unchecked			
2014	Cercignani1980	unchecked			
2014	ClarkHall1960	unchecked			
2014	Crist2001	unchecked			
2014	Crist2002	unchecked			
2014	Erdmann1972	unchecked			
2014	Fulk2018	unchecked			
2014	GermanicSlavicBaltic2025	unchecked			
2014	Goblirsch1991	unchecked			
2014	Hamp1990	unchecked			
2014	Hirt1931	unchecked			
2014	Hogg1979	unchecked			
2014	HoggGrammar2011	unchecked			
2014	HoggIntroduction1992	unchecked			
2014	HoggPhonology1992	unchecked			
2014	HowellSalmons1988	unchecked			
2014	Kaluza1900	unchecked			
2014	Kastovsky1992	unchecked			
2014	Kilday2024	unchecked			
2014	KlugeSeebold2011	unchecked			
2014	Kortlandt2008	unchecked			
2014	Kroonen2006	unchecked			
2014	Kroonen2011	unchecked			
2014	Kroonen2013	unchecked			
2014	Kylstra1983	unchecked			
2014	Laker2007	unchecked			
2014	Lid1952	unchecked			
2014	Lloyd1966	unchecked			
2014	LloydSpringer1988	unchecked			
2014	Luehr1993	unchecked			
2014	Luick1914	unchecked			
2014	Mayrhofer1992	unchecked			
2014	Mees2020	unchecked			
2014	NeriRingeReview	unchecked			
2014	Nielsen2001	unchecked			
2014	Orel2003	unchecked			
2014	Pierce1999	unchecked			
2014	Pierce2003	unchecked			
2014	Pierce2006	unchecked			
2014	Pokorny1959	unchecked			
2014	Polome1967	unchecked			
2014	Polome1994	unchecked			
2014	Repansek2012	unchecked			
2014	Rice1994	unchecked			
2014	Ringe1984	unchecked			
2014	Ringe2017	unchecked			
2014	RingeTaylor2014	unchecked			
2014	Seebold1970	unchecked			
2014	SieversBrunner1965	unchecked			
2014	StauslandJohnsen2015	unchecked			
2014	Stiles1985	unchecked			
2014	Stiles1986a	unchecked			
2014	Stiles1986b	unchecked			
2014	Stiles2012	unchecked			
2014	Stiles2017	unchecked			
2014	Streitberg1896	unchecked			
2014	Sweet1953	unchecked			
2014	Thorhallsdottir1993	unchecked			
2014	Toon1992	unchecked			
2014	Versloot2017	unchecked			
2014	Versloot2021	unchecked			
2014	Versloot2025	unchecked			
2014	Vine2019	unchecked			
2014	Waxenberger2019	unchecked			
2014	WrightWuelcker1884	unchecked			
2014	vanHelten1905	unchecked			
2015	Adamczyk2001	unchecked			
2015	Bammesberger1990	unchecked			
2015	Bammesberger1992	unchecked			
2015	Bammesberger1997	unchecked			
2015	Beekes2010	unchecked			
2015	Bennett1950	unchecked			
2015	BosworthToller1898	unchecked			
2015	Bremmer2008	unchecked			
2015	Bremmer2009	unchecked			
2015	Bright1917	unchecked			
2015	Bulbring1902	unchecked			
2015	CaedmonsHymnVitt1452	unchecked			
2015	Campbell1939	unchecked			
2015	Campbell1959	unchecked			
2015	Cercignani1979	unchecked			
2015	Cercignani1980	unchecked			
2015	ClarkHall1960	unchecked			
2015	Crist2001	unchecked			
2015	Crist2002	unchecked			
2015	Erdmann1972	unchecked			
2015	Fulk2018	unchecked			
2015	GermanicSlavicBaltic2025	unchecked			
2015	Goblirsch1991	unchecked			
2015	Hamp1990	unchecked			
2015	Hirt1931	unchecked			
2015	Hogg1979	unchecked			
2015	HoggGrammar2011	unchecked			
2015	HoggIntroduction1992	unchecked			
2015	HoggPhonology1992	unchecked			
2015	HowellSalmons1988	unchecked			
2015	Kaluza1900	unchecked			
2015	Kastovsky1992	unchecked			
2015	Kilday2024	unchecked			
2015	KlugeSeebold2011	unchecked			
2015	Kortlandt2008	unchecked			
2015	Kroonen2006	unchecked			
2015	Kroonen2011	unchecked			
2015	Kroonen2013	unchecked			
2015	Kylstra1983	unchecked			
2015	Laker2007	unchecked			
2015	Lid1952	unchecked			
2015	Lloyd1966	unchecked			
2015	LloydSpringer1988	unchecked			
2015	Luehr1993	unchecked			
2015	Luick1914	unchecked			
2015	Mayrhofer1992	unchecked			
2015	Mees2020	unchecked			
2015	NeriRingeReview	unchecked			
2015	Nielsen2001	unchecked			
2015	Orel2003	unchecked			
2015	Pierce1999	unchecked			
2015	Pierce2003	unchecked			
2015	Pierce2006	unchecked			
2015	Pokorny1959	unchecked			
2015	Polome1967	unchecked			
2015	Polome1994	unchecked			
2015	Repansek2012	unchecked			
2015	Rice1994	unchecked			
2015	Ringe1984	unchecked			
2015	Ringe2017	unchecked			
2015	RingeTaylor2014	unchecked			
2015	Seebold1970	unchecked			
2015	SieversBrunner1965	unchecked			
2015	StauslandJohnsen2015	unchecked			
2015	Stiles1985	unchecked			
2015	Stiles1986a	unchecked			
2015	Stiles1986b	unchecked			
2015	Stiles2012	unchecked			
2015	Stiles2017	unchecked			
2015	Streitberg1896	unchecked			
2015	Sweet1953	unchecked			
2015	Thorhallsdottir1993	unchecked			
2015	Toon1992	unchecked			
2015	Versloot2017	unchecked			
2015	Versloot2021	unchecked			
2015	Versloot2025	unchecked			
2015	Vine2019	unchecked			
2015	Waxenberger2019	unchecked			
2015	WrightWuelcker1884	unchecked			
2015	vanHelten1905	unchecked			
2016	Adamczyk2001	unchecked			
2016	Bammesberger1990	unchecked			
2016	Bammesberger1992	unchecked			
2016	Bammesberger1997	unchecked			
2016	Beekes2010	unchecked			
2016	Bennett1950	unchecked			
2016	BosworthToller1898	unchecked			
2016	Bremmer2008	unchecked			
2016	Bremmer2009	unchecked			
2016	Bright1917	unchecked			
2016	Bulbring1902	unchecked			
2016	CaedmonsHymnVitt1452	unchecked			
2016	Campbell1939	unchecked			
2016	Campbell1959	unchecked			
2016	Cercignani1979	unchecked			
2016	Cercignani1980	unchecked			
2016	ClarkHall1960	unchecked			
2016	Crist2001	unchecked			
2016	Crist2002	unchecked			
2016	Erdmann1972	unchecked			
2016	Fulk2018	unchecked			
2016	GermanicSlavicBaltic2025	unchecked			
2016	Goblirsch1991	unchecked			
2016	Hamp1990	unchecked			
2016	Hirt1931	unchecked			
2016	Hogg1979	unchecked			
2016	HoggGrammar2011	unchecked			
2016	HoggIntroduction1992	unchecked			
2016	HoggPhonology1992	unchecked			
2016	HowellSalmons1988	unchecked			
2016	Kaluza1900	unchecked			
2016	Kastovsky1992	unchecked			
2016	Kilday2024	unchecked			
2016	KlugeSeebold2011	unchecked			
2016	Kortlandt2008	unchecked			
2016	Kroonen2006	unchecked			
2016	Kroonen2011	unchecked			
2016	Kroonen2013	unchecked			
2016	Kylstra1983	unchecked			
2016	Laker2007	unchecked			
2016	Lid1952	unchecked			
2016	Lloyd1966	unchecked			
2016	LloydSpringer1988	unchecked			
2016	Luehr1993	unchecked			
2016	Luick1914	unchecked			
2016	Mayrhofer1992	unchecked			
2016	Mees2020	unchecked			
2016	NeriRingeReview	unchecked			
2016	Nielsen2001	unchecked			
2016	Orel2003	unchecked			
2016	Pierce1999	unchecked			
2016	Pierce2003	unchecked			
2016	Pierce2006	unchecked			
2016	Pokorny1959	unchecked			
2016	Polome1967	unchecked			
2016	Polome1994	unchecked			
2016	Repansek2012	unchecked			
2016	Rice1994	unchecked			
2016	Ringe1984	unchecked			
2016	Ringe2017	unchecked			
2016	RingeTaylor2014	unchecked			
2016	Seebold1970	unchecked			
2016	SieversBrunner1965	unchecked			
2016	StauslandJohnsen2015	unchecked			
2016	Stiles1985	unchecked			
2016	Stiles1986a	unchecked			
2016	Stiles1986b	unchecked			
2016	Stiles2012	unchecked			
2016	Stiles2017	unchecked			
2016	Streitberg1896	unchecked			
2016	Sweet1953	unchecked			
2016	Thorhallsdottir1993	unchecked			
2016	Toon1992	unchecked			
2016	Versloot2017	unchecked			
2016	Versloot2021	unchecked			
2016	Versloot2025	unchecked			
2016	Vine2019	unchecked			
2016	Waxenberger2019	unchecked			
2016	WrightWuelcker1884	unchecked			
2016	vanHelten1905	unchecked			
2017	Adamczyk2001	unchecked			
2017	Bammesberger1990	unchecked			
2017	Bammesberger1992	unchecked			
2017	Bammesberger1997	unchecked			
2017	Beekes2010	unchecked			
2017	Bennett1950	unchecked			
2017	BosworthToller1898	unchecked			
2017	Bremmer2008	unchecked			
2017	Bremmer2009	unchecked			
2017	Bright1917	unchecked			
2017	Bulbring1902	unchecked			
2017	CaedmonsHymnVitt1452	unchecked			
2017	Campbell1939	unchecked			
2017	Campbell1959	unchecked			
2017	Cercignani1979	unchecked			
2017	Cercignani1980	unchecked			
2017	ClarkHall1960	unchecked			
2017	Crist2001	unchecked			
2017	Crist2002	unchecked			
2017	Erdmann1972	unchecked			
2017	Fulk2018	unchecked			
2017	GermanicSlavicBaltic2025	unchecked			
2017	Goblirsch1991	unchecked			
2017	Hamp1990	unchecked			
2017	Hirt1931	unchecked			
2017	Hogg1979	unchecked			
2017	HoggGrammar2011	unchecked			
2017	HoggIntroduction1992	unchecked			
2017	HoggPhonology1992	unchecked			
2017	HowellSalmons1988	unchecked			
2017	Kaluza1900	unchecked			
2017	Kastovsky1992	unchecked			
2017	Kilday2024	unchecked			
2017	KlugeSeebold2011	unchecked			
2017	Kortlandt2008	unchecked			
2017	Kroonen2006	unchecked			
2017	Kroonen2011	unchecked			
2017	Kroonen2013	unchecked			
2017	Kylstra1983	unchecked			
2017	Laker2007	unchecked			
2017	Lid1952	unchecked			
2017	Lloyd1966	unchecked			
2017	LloydSpringer1988	unchecked			
2017	Luehr1993	unchecked			
2017	Luick1914	unchecked			
2017	Mayrhofer1992	unchecked			
2017	Mees2020	unchecked			
2017	NeriRingeReview	unchecked			
2017	Nielsen2001	unchecked			
2017	Orel2003	unchecked			
2017	Pierce1999	unchecked			
2017	Pierce2003	unchecked			
2017	Pierce2006	unchecked			
2017	Pokorny1959	unchecked			
2017	Polome1967	unchecked			
2017	Polome1994	unchecked			
2017	Repansek2012	unchecked			
2017	Rice1994	unchecked			
2017	Ringe1984	unchecked			
2017	Ringe2017	unchecked			
2017	RingeTaylor2014	unchecked			
2017	Seebold1970	unchecked			
2017	SieversBrunner1965	unchecked			
2017	StauslandJohnsen2015	unchecked			
2017	Stiles1985	unchecked			
2017	Stiles1986a	unchecked			
2017	Stiles1986b	unchecked			
2017	Stiles2012	unchecked			
2017	Stiles2017	unchecked			
2017	Streitberg1896	unchecked			
2017	Sweet1953	unchecked			
2017	Thorhallsdottir1993	unchecked			
2017	Toon1992	unchecked			
2017	Versloot2017	unchecked			
2017	Versloot2021	unchecked			
2017	Versloot2025	unchecked			
2017	Vine2019	unchecked			
2017	Waxenberger2019	unchecked			
2017	WrightWuelcker1884	unchecked			
2017	vanHelten1905	unchecked			
2018	Adamczyk2001	unchecked			
2018	Bammesberger1990	unchecked			
2018	Bammesberger1992	unchecked			
2018	Bammesberger1997	unchecked			
2018	Beekes2010	unchecked			
2018	Bennett1950	unchecked			
2018	BosworthToller1898	unchecked			
2018	Bremmer2008	unchecked			
2018	Bremmer2009	unchecked			
2018	Bright1917	unchecked			
2018	Bulbring1902	unchecked			
2018	CaedmonsHymnVitt1452	unchecked			
2018	Campbell1939	unchecked			
2018	Campbell1959	unchecked			
2018	Cercignani1979	unchecked			
2018	Cercignani1980	unchecked			
2018	ClarkHall1960	unchecked			
2018	Crist2001	unchecked			
2018	Crist2002	unchecked			
2018	Erdmann1972	unchecked			
2018	Fulk2018	unchecked			
2018	GermanicSlavicBaltic2025	unchecked			
2018	Goblirsch1991	unchecked			
2018	Hamp1990	unchecked			
2018	Hirt1931	unchecked			
2018	Hogg1979	unchecked			
2018	HoggGrammar2011	unchecked			
2018	HoggIntroduction1992	unchecked			
2018	HoggPhonology1992	unchecked			
2018	HowellSalmons1988	unchecked			
2018	Kaluza1900	unchecked			
2018	Kastovsky1992	unchecked			
2018	Kilday2024	unchecked			
2018	KlugeSeebold2011	unchecked			
2018	Kortlandt2008	unchecked			
2018	Kroonen2006	unchecked			
2018	Kroonen2011	unchecked			
2018	Kroonen2013	unchecked			
2018	Kylstra1983	unchecked			
2018	Laker2007	unchecked			
2018	Lid1952	unchecked			
2018	Lloyd1966	unchecked			
2018	LloydSpringer1988	unchecked			
2018	Luehr1993	unchecked			
2018	Luick1914	unchecked			
2018	Mayrhofer1992	unchecked			
2018	Mees2020	unchecked			
2018	NeriRingeReview	unchecked			
2018	Nielsen2001	unchecked			
2018	Orel2003	unchecked			
2018	Pierce1999	unchecked			
2018	Pierce2003	unchecked			
2018	Pierce2006	unchecked			
2018	Pokorny1959	unchecked			
2018	Polome1967	unchecked			
2018	Polome1994	unchecked			
2018	Repansek2012	unchecked			
2018	Rice1994	unchecked			
2018	Ringe1984	unchecked			
2018	Ringe2017	unchecked			
2018	RingeTaylor2014	unchecked			
2018	Seebold1970	unchecked			
2018	SieversBrunner1965	unchecked			
2018	StauslandJohnsen2015	unchecked			
2018	Stiles1985	unchecked			
2018	Stiles1986a	unchecked			
2018	Stiles1986b	unchecked			
2018	Stiles2012	unchecked			
2018	Stiles2017	unchecked			
2018	Streitberg1896	unchecked			
2018	Sweet1953	unchecked			
2018	Thorhallsdottir1993	unchecked			
2018	Toon1992	unchecked			
2018	Versloot2017	unchecked			
2018	Versloot2021	unchecked			
2018	Versloot2025	unchecked			
2018	Vine2019	unchecked			
2018	Waxenberger2019	unchecked			
2018	WrightWuelcker1884	unchecked			
2018	vanHelten1905	unchecked			
2019	Adamczyk2001	unchecked			
2019	Bammesberger1990	unchecked			
2019	Bammesberger1992	unchecked			
2019	Bammesberger1997	unchecked			
2019	Beekes2010	unchecked			
2019	Bennett1950	unchecked			
2019	BosworthToller1898	unchecked			
2019	Bremmer2008	unchecked			
2019	Bremmer2009	unchecked			
2019	Bright1917	unchecked			
2019	Bulbring1902	unchecked			
2019	CaedmonsHymnVitt1452	unchecked			
2019	Campbell1939	unchecked			
2019	Campbell1959	unchecked			
2019	Cercignani1979	unchecked			
2019	Cercignani1980	unchecked			
2019	ClarkHall1960	unchecked			
2019	Crist2001	unchecked			
2019	Crist2002	unchecked			
2019	Erdmann1972	unchecked			
2019	Fulk2018	unchecked			
2019	GermanicSlavicBaltic2025	unchecked			
2019	Goblirsch1991	unchecked			
2019	Hamp1990	unchecked			
2019	Hirt1931	unchecked			
2019	Hogg1979	unchecked			
2019	HoggGrammar2011	unchecked			
2019	HoggIntroduction1992	unchecked			
2019	HoggPhonology1992	unchecked			
2019	HowellSalmons1988	unchecked			
2019	Kaluza1900	unchecked			
2019	Kastovsky1992	unchecked			
2019	Kilday2024	unchecked			
2019	KlugeSeebold2011	unchecked			
2019	Kortlandt2008	unchecked			
2019	Kroonen2006	unchecked			
2019	Kroonen2011	unchecked			
2019	Kroonen2013	unchecked			
2019	Kylstra1983	unchecked			
2019	Laker2007	unchecked			
2019	Lid1952	unchecked			
2019	Lloyd1966	unchecked			
2019	LloydSpringer1988	unchecked			
2019	Luehr1993	unchecked			
2019	Luick1914	unchecked			
2019	Mayrhofer1992	unchecked			
2019	Mees2020	unchecked			
2019	NeriRingeReview	unchecked			
2019	Nielsen2001	unchecked			
2019	Orel2003	unchecked			
2019	Pierce1999	unchecked			
2019	Pierce2003	unchecked			
2019	Pierce2006	unchecked			
2019	Pokorny1959	unchecked			
2019	Polome1967	unchecked			
2019	Polome1994	unchecked			
2019	Repansek2012	unchecked			
2019	Rice1994	unchecked			
2019	Ringe1984	unchecked			
2019	Ringe2017	unchecked			
2019	RingeTaylor2014	unchecked			
2019	Seebold1970	unchecked			
2019	SieversBrunner1965	unchecked			
2019	StauslandJohnsen2015	unchecked			
2019	Stiles1985	unchecked			
2019	Stiles1986a	unchecked			
2019	Stiles1986b	unchecked			
2019	Stiles2012	unchecked			
2019	Stiles2017	unchecked			
2019	Streitberg1896	unchecked			
2019	Sweet1953	unchecked			
2019	Thorhallsdottir1993	unchecked			
2019	Toon1992	unchecked			
2019	Versloot2017	unchecked			
2019	Versloot2021	unchecked			
2019	Versloot2025	unchecked			
2019	Vine2019	unchecked			
2019	Waxenberger2019	unchecked			
2019	WrightWuelcker1884	unchecked			
2019	vanHelten1905	unchecked			
2020	Adamczyk2001	unchecked			
2020	Bammesberger1990	unchecked			
2020	Bammesberger1992	unchecked			
2020	Bammesberger1997	unchecked			
2020	Beekes2010	unchecked			
2020	Bennett1950	unchecked			
2020	BosworthToller1898	unchecked			
2020	Bremmer2008	unchecked			
2020	Bremmer2009	unchecked			
2020	Bright1917	unchecked			
2020	Bulbring1902	unchecked			
2020	CaedmonsHymnVitt1452	unchecked			
2020	Campbell1939	unchecked			
2020	Campbell1959	unchecked			
2020	Cercignani1979	unchecked			
2020	Cercignani1980	unchecked			
2020	ClarkHall1960	unchecked			
2020	Crist2001	unchecked			
2020	Crist2002	unchecked			
2020	Erdmann1972	unchecked			
2020	Fulk2018	unchecked			
2020	GermanicSlavicBaltic2025	unchecked			
2020	Goblirsch1991	unchecked			
2020	Hamp1990	unchecked			
2020	Hirt1931	unchecked			
2020	Hogg1979	unchecked			
2020	HoggGrammar2011	unchecked			
2020	HoggIntroduction1992	unchecked			
2020	HoggPhonology1992	unchecked			
2020	HowellSalmons1988	unchecked			
2020	Kaluza1900	unchecked			
2020	Kastovsky1992	unchecked			
2020	Kilday2024	unchecked			
2020	KlugeSeebold2011	unchecked			
2020	Kortlandt2008	unchecked			
2020	Kroonen2006	unchecked			
2020	Kroonen2011	unchecked			
2020	Kroonen2013	unchecked			
2020	Kylstra1983	unchecked			
2020	Laker2007	unchecked			
2020	Lid1952	unchecked			
2020	Lloyd1966	unchecked			
2020	LloydSpringer1988	unchecked			
2020	Luehr1993	unchecked			
2020	Luick1914	unchecked			
2020	Mayrhofer1992	unchecked			
2020	Mees2020	unchecked			
2020	NeriRingeReview	unchecked			
2020	Nielsen2001	unchecked			
2020	Orel2003	unchecked			
2020	Pierce1999	unchecked			
2020	Pierce2003	unchecked			
2020	Pierce2006	unchecked			
2020	Pokorny1959	unchecked			
2020	Polome1967	unchecked			
2020	Polome1994	unchecked			
2020	Repansek2012	unchecked			
2020	Rice1994	unchecked			
2020	Ringe1984	unchecked			
2020	Ringe2017	unchecked			
2020	RingeTaylor2014	unchecked			
2020	Seebold1970	unchecked			
2020	SieversBrunner1965	unchecked			
2020	StauslandJohnsen2015	unchecked			
2020	Stiles1985	unchecked			
2020	Stiles1986a	unchecked			
2020	Stiles1986b	unchecked			
2020	Stiles2012	unchecked			
2020	Stiles2017	unchecked			
2020	Streitberg1896	unchecked			
2020	Sweet1953	unchecked			
2020	Thorhallsdottir1993	unchecked			
2020	Toon1992	unchecked			
2020	Versloot2017	unchecked			
2020	Versloot2021	unchecked			
2020	Versloot2025	unchecked			
2020	Vine2019	unchecked			
2020	Waxenberger2019	unchecked			
2020	WrightWuelcker1884	unchecked			
2020	vanHelten1905	unchecked			
2021	Adamczyk2001	unchecked			
2021	Bammesberger1990	unchecked			
2021	Bammesberger1992	unchecked			
2021	Bammesberger1997	unchecked			
2021	Beekes2010	unchecked			
2021	Bennett1950	unchecked			
2021	BosworthToller1898	unchecked			
2021	Bremmer2008	unchecked			
2021	Bremmer2009	unchecked			
2021	Bright1917	unchecked			
2021	Bulbring1902	unchecked			
2021	CaedmonsHymnVitt1452	unchecked			
2021	Campbell1939	unchecked			
2021	Campbell1959	unchecked			
2021	Cercignani1979	unchecked			
2021	Cercignani1980	unchecked			
2021	ClarkHall1960	unchecked			
2021	Crist2001	unchecked			
2021	Crist2002	unchecked			
2021	Erdmann1972	unchecked			
2021	Fulk2018	unchecked			
2021	GermanicSlavicBaltic2025	unchecked			
2021	Goblirsch1991	unchecked			
2021	Hamp1990	unchecked			
2021	Hirt1931	unchecked			
2021	Hogg1979	unchecked			
2021	HoggGrammar2011	unchecked			
2021	HoggIntroduction1992	unchecked			
2021	HoggPhonology1992	unchecked			
2021	HowellSalmons1988	unchecked			
2021	Kaluza1900	unchecked			
2021	Kastovsky1992	unchecked			
2021	Kilday2024	unchecked			
2021	KlugeSeebold2011	unchecked			
2021	Kortlandt2008	unchecked			
2021	Kroonen2006	unchecked			
2021	Kroonen2011	unchecked			
2021	Kroonen2013	unchecked			
2021	Kylstra1983	unchecked			
2021	Laker2007	unchecked			
2021	Lid1952	unchecked			
2021	Lloyd1966	unchecked			
2021	LloydSpringer1988	unchecked			
2021	Luehr1993	unchecked			
2021	Luick1914	unchecked			
2021	Mayrhofer1992	unchecked			
2021	Mees2020	unchecked			
2021	NeriRingeReview	unchecked			
2021	Nielsen2001	unchecked			
2021	Orel2003	unchecked			
2021	Pierce1999	unchecked			
2021	Pierce2003	unchecked			
2021	Pierce2006	unchecked			
2021	Pokorny1959	unchecked			
2021	Polome1967	unchecked			
2021	Polome1994	unchecked			
2021	Repansek2012	unchecked			
2021	Rice1994	unchecked			
2021	Ringe1984	unchecked			
2021	Ringe2017	unchecked			
2021	RingeTaylor2014	unchecked			
2021	Seebold1970	unchecked			
2021	SieversBrunner1965	unchecked			
2021	StauslandJohnsen2015	unchecked			
2021	Stiles1985	unchecked			
2021	Stiles1986a	unchecked			
2021	Stiles1986b	unchecked			
2021	Stiles2012	unchecked			
2021	Stiles2017	unchecked			
2021	Streitberg1896	unchecked			
2021	Sweet1953	unchecked			
2021	Thorhallsdottir1993	unchecked			
2021	Toon1992	unchecked			
2021	Versloot2017	unchecked			
2021	Versloot2021	unchecked			
2021	Versloot2025	unchecked			
2021	Vine2019	unchecked			
2021	Waxenberger2019	unchecked			
2021	WrightWuelcker1884	unchecked			
2021	vanHelten1905	unchecked			
2022	Adamczyk2001	unchecked			
2022	Bammesberger1990	unchecked			
2022	Bammesberger1992	unchecked			
2022	Bammesberger1997	unchecked			
2022	Beekes2010	unchecked			
2022	Bennett1950	unchecked			
2022	BosworthToller1898	unchecked			
2022	Bremmer2008	unchecked			
2022	Bremmer2009	unchecked			
2022	Bright1917	unchecked			
2022	Bulbring1902	unchecked			
2022	CaedmonsHymnVitt1452	unchecked			
2022	Campbell1939	unchecked			
2022	Campbell1959	unchecked			
2022	Cercignani1979	unchecked			
2022	Cercignani1980	unchecked			
2022	ClarkHall1960	unchecked			
2022	Crist2001	unchecked			
2022	Crist2002	unchecked			
2022	Erdmann1972	unchecked			
2022	Fulk2018	unchecked			
2022	GermanicSlavicBaltic2025	unchecked			
2022	Goblirsch1991	unchecked			
2022	Hamp1990	unchecked			
2022	Hirt1931	unchecked			
2022	Hogg1979	unchecked			
2022	HoggGrammar2011	unchecked			
2022	HoggIntroduction1992	unchecked			
2022	HoggPhonology1992	unchecked			
2022	HowellSalmons1988	unchecked			
2022	Kaluza1900	unchecked			
2022	Kastovsky1992	unchecked			
2022	Kilday2024	unchecked			
2022	KlugeSeebold2011	unchecked			
2022	Kortlandt2008	unchecked			
2022	Kroonen2006	unchecked			
2022	Kroonen2011	unchecked			
2022	Kroonen2013	unchecked			
2022	Kylstra1983	unchecked			
2022	Laker2007	unchecked			
2022	Lid1952	unchecked			
2022	Lloyd1966	unchecked			
2022	LloydSpringer1988	unchecked			
2022	Luehr1993	unchecked			
2022	Luick1914	unchecked			
2022	Mayrhofer1992	unchecked			
2022	Mees2020	unchecked			
2022	NeriRingeReview	unchecked			
2022	Nielsen2001	unchecked			
2022	Orel2003	unchecked			
2022	Pierce1999	unchecked			
2022	Pierce2003	unchecked			
2022	Pierce2006	unchecked			
2022	Pokorny1959	unchecked			
2022	Polome1967	unchecked			
2022	Polome1994	unchecked			
2022	Repansek2012	unchecked			
2022	Rice1994	unchecked			
2022	Ringe1984	unchecked			
2022	Ringe2017	unchecked			
2022	RingeTaylor2014	unchecked			
2022	Seebold1970	unchecked			
2022	SieversBrunner1965	unchecked			
2022	StauslandJohnsen2015	unchecked			
2022	Stiles1985	unchecked			
2022	Stiles1986a	unchecked			
2022	Stiles1986b	unchecked			
2022	Stiles2012	unchecked			
2022	Stiles2017	unchecked			
2022	Streitberg1896	unchecked			
2022	Sweet1953	unchecked			
2022	Thorhallsdottir1993	unchecked			
2022	Toon1992	unchecked			
2022	Versloot2017	unchecked			
2022	Versloot2021	unchecked			
2022	Versloot2025	unchecked			
2022	Vine2019	unchecked			
2022	Waxenberger2019	unchecked			
2022	WrightWuelcker1884	unchecked			
2022	vanHelten1905	unchecked			
2023	Adamczyk2001	unchecked			
2023	Bammesberger1990	unchecked			
2023	Bammesberger1992	unchecked			
2023	Bammesberger1997	unchecked			
2023	Beekes2010	unchecked			
2023	Bennett1950	unchecked			
2023	BosworthToller1898	unchecked			
2023	Bremmer2008	unchecked			
2023	Bremmer2009	unchecked			
2023	Bright1917	unchecked			
2023	Bulbring1902	unchecked			
2023	CaedmonsHymnVitt1452	unchecked			
2023	Campbell1939	unchecked			
2023	Campbell1959	unchecked			
2023	Cercignani1979	unchecked			
2023	Cercignani1980	unchecked			
2023	ClarkHall1960	unchecked			
2023	Crist2001	unchecked			
2023	Crist2002	unchecked			
2023	Erdmann1972	unchecked			
2023	Fulk2018	unchecked			
2023	GermanicSlavicBaltic2025	unchecked			
2023	Goblirsch1991	unchecked			
2023	Hamp1990	unchecked			
2023	Hirt1931	unchecked			
2023	Hogg1979	unchecked			
2023	HoggGrammar2011	unchecked			
2023	HoggIntroduction1992	unchecked			
2023	HoggPhonology1992	unchecked			
2023	HowellSalmons1988	unchecked			
2023	Kaluza1900	unchecked			
2023	Kastovsky1992	unchecked			
2023	Kilday2024	unchecked			
2023	KlugeSeebold2011	unchecked			
2023	Kortlandt2008	unchecked			
2023	Kroonen2006	unchecked			
2023	Kroonen2011	unchecked			
2023	Kroonen2013	unchecked			
2023	Kylstra1983	unchecked			
2023	Laker2007	unchecked			
2023	Lid1952	unchecked			
2023	Lloyd1966	unchecked			
2023	LloydSpringer1988	unchecked			
2023	Luehr1993	unchecked			
2023	Luick1914	unchecked			
2023	Mayrhofer1992	unchecked			
2023	Mees2020	unchecked			
2023	NeriRingeReview	unchecked			
2023	Nielsen2001	unchecked			
2023	Orel2003	unchecked			
2023	Pierce1999	unchecked			
2023	Pierce2003	unchecked			
2023	Pierce2006	unchecked			
2023	Pokorny1959	unchecked			
2023	Polome1967	unchecked			
2023	Polome1994	unchecked			
2023	Repansek2012	unchecked			
2023	Rice1994	unchecked			
2023	Ringe1984	unchecked			
2023	Ringe2017	unchecked			
2023	RingeTaylor2014	unchecked			
2023	Seebold1970	unchecked			
2023	SieversBrunner1965	unchecked			
2023	StauslandJohnsen2015	unchecked			
2023	Stiles1985	unchecked			
2023	Stiles1986a	unchecked			
2023	Stiles1986b	unchecked			
2023	Stiles2012	unchecked			
2023	Stiles2017	unchecked			
2023	Streitberg1896	unchecked			
2023	Sweet1953	unchecked			
2023	Thorhallsdottir1993	unchecked			
2023	Toon1992	unchecked			
2023	Versloot2017	unchecked			
2023	Versloot2021	unchecked			
2023	Versloot2025	unchecked			
2023	Vine2019	unchecked			
2023	Waxenberger2019	unchecked			
2023	WrightWuelcker1884	unchecked			
2023	vanHelten1905	unchecked			
2024	Adamczyk2001	unchecked			
2024	Bammesberger1990	unchecked			
2024	Bammesberger1992	unchecked			
2024	Bammesberger1997	unchecked			
2024	Beekes2010	unchecked			
2024	Bennett1950	unchecked			
2024	BosworthToller1898	unchecked			
2024	Bremmer2008	unchecked			
2024	Bremmer2009	unchecked			
2024	Bright1917	unchecked			
2024	Bulbring1902	unchecked			
2024	CaedmonsHymnVitt1452	unchecked			
2024	Campbell1939	unchecked			
2024	Campbell1959	unchecked			
2024	Cercignani1979	unchecked			
2024	Cercignani1980	unchecked			
2024	ClarkHall1960	unchecked			
2024	Crist2001	unchecked			
2024	Crist2002	unchecked			
2024	Erdmann1972	unchecked			
2024	Fulk2018	unchecked			
2024	GermanicSlavicBaltic2025	unchecked			
2024	Goblirsch1991	unchecked			
2024	Hamp1990	unchecked			
2024	Hirt1931	unchecked			
2024	Hogg1979	unchecked			
2024	HoggGrammar2011	unchecked			
2024	HoggIntroduction1992	unchecked			
2024	HoggPhonology1992	unchecked			
2024	HowellSalmons1988	unchecked			
2024	Kaluza1900	unchecked			
2024	Kastovsky1992	unchecked			
2024	Kilday2024	unchecked			
2024	KlugeSeebold2011	unchecked			
2024	Kortlandt2008	unchecked			
2024	Kroonen2006	unchecked			
2024	Kroonen2011	unchecked			
2024	Kroonen2013	unchecked			
2024	Kylstra1983	unchecked			
2024	Laker2007	unchecked			
2024	Lid1952	unchecked			
2024	Lloyd1966	unchecked			
2024	LloydSpringer1988	unchecked			
2024	Luehr1993	unchecked			
2024	Luick1914	unchecked			
2024	Mayrhofer1992	unchecked			
2024	Mees2020	unchecked			
2024	NeriRingeReview	unchecked			
2024	Nielsen2001	unchecked			
2024	Orel2003	unchecked			
2024	Pierce1999	unchecked			
2024	Pierce2003	unchecked			
2024	Pierce2006	unchecked			
2024	Pokorny1959	unchecked			
2024	Polome1967	unchecked			
2024	Polome1994	unchecked			
2024	Repansek2012	unchecked			
2024	Rice1994	unchecked			
2024	Ringe1984	unchecked			
2024	Ringe2017	unchecked			
2024	RingeTaylor2014	unchecked			
2024	Seebold1970	unchecked			
2024	SieversBrunner1965	unchecked			
2024	StauslandJohnsen2015	unchecked			
2024	Stiles1985	unchecked			
2024	Stiles1986a	unchecked			
2024	Stiles1986b	unchecked			
2024	Stiles2012	unchecked			
2024	Stiles2017	unchecked			
2024	Streitberg1896	unchecked			
2024	Sweet1953	unchecked			
2024	Thorhallsdottir1993	unchecked			
2024	Toon1992	unchecked			
2024	Versloot2017	unchecked			
2024	Versloot2021	unchecked			
2024	Versloot2025	unchecked			
2024	Vine2019	unchecked			
2024	Waxenberger2019	unchecked			
2024	WrightWuelcker1884	unchecked			
2024	vanHelten1905	unchecked			
2025	Adamczyk2001	unchecked			
2025	Bammesberger1990	unchecked			
2025	Bammesberger1992	unchecked			
2025	Bammesberger1997	unchecked			
2025	Beekes2010	unchecked			
2025	Bennett1950	unchecked			
2025	BosworthToller1898	unchecked			
2025	Bremmer2008	unchecked			
2025	Bremmer2009	unchecked			
2025	Bright1917	unchecked			
2025	Bulbring1902	unchecked			
2025	CaedmonsHymnVitt1452	unchecked			
2025	Campbell1939	unchecked			
2025	Campbell1959	unchecked			
2025	Cercignani1979	unchecked			
2025	Cercignani1980	unchecked			
2025	ClarkHall1960	unchecked			
2025	Crist2001	unchecked			
2025	Crist2002	unchecked			
2025	Erdmann1972	unchecked			
2025	Fulk2018	unchecked			
2025	GermanicSlavicBaltic2025	unchecked			
2025	Goblirsch1991	unchecked			
2025	Hamp1990	unchecked			
2025	Hirt1931	unchecked			
2025	Hogg1979	unchecked			
2025	HoggGrammar2011	unchecked			
2025	HoggIntroduction1992	unchecked			
2025	HoggPhonology1992	unchecked			
2025	HowellSalmons1988	unchecked			
2025	Kaluza1900	unchecked			
2025	Kastovsky1992	unchecked			
2025	Kilday2024	unchecked			
2025	KlugeSeebold2011	unchecked			
2025	Kortlandt2008	unchecked			
2025	Kroonen2006	unchecked			
2025	Kroonen2011	unchecked			
2025	Kroonen2013	unchecked			
2025	Kylstra1983	unchecked			
2025	Laker2007	unchecked			
2025	Lid1952	unchecked			
2025	Lloyd1966	unchecked			
2025	LloydSpringer1988	unchecked			
2025	Luehr1993	unchecked			
2025	Luick1914	unchecked			
2025	Mayrhofer1992	unchecked			
2025	Mees2020	unchecked			
2025	NeriRingeReview	unchecked			
2025	Nielsen2001	unchecked			
2025	Orel2003	unchecked			
2025	Pierce1999	unchecked			
2025	Pierce2003	unchecked			
2025	Pierce2006	unchecked			
2025	Pokorny1959	unchecked			
2025	Polome1967	unchecked			
2025	Polome1994	unchecked			
2025	Repansek2012	unchecked			
2025	Rice1994	unchecked			
2025	Ringe1984	unchecked			
2025	Ringe2017	unchecked			
2025	RingeTaylor2014	unchecked			
2025	Seebold1970	unchecked			
2025	SieversBrunner1965	unchecked			
2025	StauslandJohnsen2015	unchecked			
2025	Stiles1985	unchecked			
2025	Stiles1986a	unchecked			
2025	Stiles1986b	unchecked			
2025	Stiles2012	unchecked			
2025	Stiles2017	unchecked			
2025	Streitberg1896	unchecked			
2025	Sweet1953	unchecked			
2025	Thorhallsdottir1993	unchecked			
2025	Toon1992	unchecked			
2025	Versloot2017	unchecked			
2025	Versloot2021	unchecked			
2025	Versloot2025	unchecked			
2025	Vine2019	unchecked			
2025	Waxenberger2019	unchecked			
2025	WrightWuelcker1884	unchecked			
2025	vanHelten1905	unchecked			
2026	Adamczyk2001	unchecked			
2026	Bammesberger1990	unchecked			
2026	Bammesberger1992	unchecked			
2026	Bammesberger1997	unchecked			
2026	Beekes2010	unchecked			
2026	Bennett1950	unchecked			
2026	BosworthToller1898	unchecked			
2026	Bremmer2008	unchecked			
2026	Bremmer2009	unchecked			
2026	Bright1917	unchecked			
2026	Bulbring1902	unchecked			
2026	CaedmonsHymnVitt1452	unchecked			
2026	Campbell1939	unchecked			
2026	Campbell1959	unchecked			
2026	Cercignani1979	unchecked			
2026	Cercignani1980	unchecked			
2026	ClarkHall1960	unchecked			
2026	Crist2001	unchecked			
2026	Crist2002	unchecked			
2026	Erdmann1972	unchecked			
2026	Fulk2018	unchecked			
2026	GermanicSlavicBaltic2025	unchecked			
2026	Goblirsch1991	unchecked			
2026	Hamp1990	unchecked			
2026	Hirt1931	unchecked			
2026	Hogg1979	unchecked			
2026	HoggGrammar2011	unchecked			
2026	HoggIntroduction1992	unchecked			
2026	HoggPhonology1992	unchecked			
2026	HowellSalmons1988	unchecked			
2026	Kaluza1900	unchecked			
2026	Kastovsky1992	unchecked			
2026	Kilday2024	unchecked			
2026	KlugeSeebold2011	unchecked			
2026	Kortlandt2008	unchecked			
2026	Kroonen2006	unchecked			
2026	Kroonen2011	unchecked			
2026	Kroonen2013	unchecked			
2026	Kylstra1983	unchecked			
2026	Laker2007	unchecked			
2026	Lid1952	unchecked			
2026	Lloyd1966	unchecked			
2026	LloydSpringer1988	unchecked			
2026	Luehr1993	unchecked			
2026	Luick1914	unchecked			
2026	Mayrhofer1992	unchecked			
2026	Mees2020	unchecked			
2026	NeriRingeReview	unchecked			
2026	Nielsen2001	unchecked			
2026	Orel2003	unchecked			
2026	Pierce1999	unchecked			
2026	Pierce2003	unchecked			
2026	Pierce2006	unchecked			
2026	Pokorny1959	unchecked			
2026	Polome1967	unchecked			
2026	Polome1994	unchecked			
2026	Repansek2012	unchecked			
2026	Rice1994	unchecked			
2026	Ringe1984	unchecked			
2026	Ringe2017	unchecked			
2026	RingeTaylor2014	unchecked			
2026	Seebold1970	unchecked			
2026	SieversBrunner1965	unchecked			
2026	StauslandJohnsen2015	unchecked			
2026	Stiles1985	unchecked			
2026	Stiles1986a	unchecked			
2026	Stiles1986b	unchecked			
2026	Stiles2012	unchecked			
2026	Stiles2017	unchecked			
2026	Streitberg1896	unchecked			
2026	Sweet1953	unchecked			
2026	Thorhallsdottir1993	unchecked			
2026	Toon1992	unchecked			
2026	Versloot2017	unchecked			
2026	Versloot2021	unchecked			
2026	Versloot2025	unchecked			
2026	Vine2019	unchecked			
2026	Waxenberger2019	unchecked			
2026	WrightWuelcker1884	unchecked			
2026	vanHelten1905	unchecked			
2027	Adamczyk2001	unchecked			
2027	Bammesberger1990	unchecked			
2027	Bammesberger1992	unchecked			
2027	Bammesberger1997	unchecked			
2027	Beekes2010	unchecked			
2027	Bennett1950	unchecked			
2027	BosworthToller1898	unchecked			
2027	Bremmer2008	unchecked			
2027	Bremmer2009	unchecked			
2027	Bright1917	unchecked			
2027	Bulbring1902	unchecked			
2027	CaedmonsHymnVitt1452	unchecked			
2027	Campbell1939	unchecked			
2027	Campbell1959	unchecked			
2027	Cercignani1979	unchecked			
2027	Cercignani1980	unchecked			
2027	ClarkHall1960	unchecked			
2027	Crist2001	unchecked			
2027	Crist2002	unchecked			
2027	Erdmann1972	unchecked			
2027	Fulk2018	unchecked			
2027	GermanicSlavicBaltic2025	unchecked			
2027	Goblirsch1991	unchecked			
2027	Hamp1990	unchecked			
2027	Hirt1931	unchecked			
2027	Hogg1979	unchecked			
2027	HoggGrammar2011	unchecked			
2027	HoggIntroduction1992	unchecked			
2027	HoggPhonology1992	unchecked			
2027	HowellSalmons1988	unchecked			
2027	Kaluza1900	unchecked			
2027	Kastovsky1992	unchecked			
2027	Kilday2024	unchecked			
2027	KlugeSeebold2011	unchecked			
2027	Kortlandt2008	unchecked			
2027	Kroonen2006	unchecked			
2027	Kroonen2011	unchecked			
2027	Kroonen2013	unchecked			
2027	Kylstra1983	unchecked			
2027	Laker2007	unchecked			
2027	Lid1952	unchecked			
2027	Lloyd1966	unchecked			
2027	LloydSpringer1988	unchecked			
2027	Luehr1993	unchecked			
2027	Luick1914	unchecked			
2027	Mayrhofer1992	unchecked			
2027	Mees2020	unchecked			
2027	NeriRingeReview	unchecked			
2027	Nielsen2001	unchecked			
2027	Orel2003	unchecked			
2027	Pierce1999	unchecked			
2027	Pierce2003	unchecked			
2027	Pierce2006	unchecked			
2027	Pokorny1959	unchecked			
2027	Polome1967	unchecked			
2027	Polome1994	unchecked			
2027	Repansek2012	unchecked			
2027	Rice1994	unchecked			
2027	Ringe1984	unchecked			
2027	Ringe2017	unchecked			
2027	RingeTaylor2014	unchecked			
2027	Seebold1970	unchecked			
2027	SieversBrunner1965	unchecked			
2027	StauslandJohnsen2015	unchecked			
2027	Stiles1985	unchecked			
2027	Stiles1986a	unchecked			
2027	Stiles1986b	unchecked			
2027	Stiles2012	unchecked			
2027	Stiles2017	unchecked			
2027	Streitberg1896	unchecked			
2027	Sweet1953	unchecked			
2027	Thorhallsdottir1993	unchecked			
2027	Toon1992	unchecked			
2027	Versloot2017	unchecked			
2027	Versloot2021	unchecked			
2027	Versloot2025	unchecked			
2027	Vine2019	unchecked			
2027	Waxenberger2019	unchecked			
2027	WrightWuelcker1884	unchecked			
2027	vanHelten1905	unchecked			
2028	Adamczyk2001	unchecked			
2028	Bammesberger1990	unchecked			
2028	Bammesberger1992	unchecked			
2028	Bammesberger1997	unchecked			
2028	Beekes2010	unchecked			
2028	Bennett1950	unchecked			
2028	BosworthToller1898	unchecked			
2028	Bremmer2008	unchecked			
2028	Bremmer2009	unchecked			
2028	Bright1917	unchecked			
2028	Bulbring1902	unchecked			
2028	CaedmonsHymnVitt1452	unchecked			
2028	Campbell1939	unchecked			
2028	Campbell1959	unchecked			
2028	Cercignani1979	unchecked			
2028	Cercignani1980	unchecked			
2028	ClarkHall1960	unchecked			
2028	Crist2001	unchecked			
2028	Crist2002	unchecked			
2028	Erdmann1972	unchecked			
2028	Fulk2018	unchecked			
2028	GermanicSlavicBaltic2025	unchecked			
2028	Goblirsch1991	unchecked			
2028	Hamp1990	unchecked			
2028	Hirt1931	unchecked			
2028	Hogg1979	unchecked			
2028	HoggGrammar2011	unchecked			
2028	HoggIntroduction1992	unchecked			
2028	HoggPhonology1992	unchecked			
2028	HowellSalmons1988	unchecked			
2028	Kaluza1900	unchecked			
2028	Kastovsky1992	unchecked			
2028	Kilday2024	unchecked			
2028	KlugeSeebold2011	unchecked			
2028	Kortlandt2008	unchecked			
2028	Kroonen2006	unchecked			
2028	Kroonen2011	unchecked			
2028	Kroonen2013	unchecked			
2028	Kylstra1983	unchecked			
2028	Laker2007	unchecked			
2028	Lid1952	unchecked			
2028	Lloyd1966	unchecked			
2028	LloydSpringer1988	unchecked			
2028	Luehr1993	unchecked			
2028	Luick1914	unchecked			
2028	Mayrhofer1992	unchecked			
2028	Mees2020	unchecked			
2028	NeriRingeReview	unchecked			
2028	Nielsen2001	unchecked			
2028	Orel2003	unchecked			
2028	Pierce1999	unchecked			
2028	Pierce2003	unchecked			
2028	Pierce2006	unchecked			
2028	Pokorny1959	unchecked			
2028	Polome1967	unchecked			
2028	Polome1994	unchecked			
2028	Repansek2012	unchecked			
2028	Rice1994	unchecked			
2028	Ringe1984	unchecked			
2028	Ringe2017	unchecked			
2028	RingeTaylor2014	unchecked			
2028	Seebold1970	unchecked			
2028	SieversBrunner1965	unchecked			
2028	StauslandJohnsen2015	unchecked			
2028	Stiles1985	unchecked			
2028	Stiles1986a	unchecked			
2028	Stiles1986b	unchecked			
2028	Stiles2012	unchecked			
2028	Stiles2017	unchecked			
2028	Streitberg1896	unchecked			
2028	Sweet1953	unchecked			
2028	Thorhallsdottir1993	unchecked			
2028	Toon1992	unchecked			
2028	Versloot2017	unchecked			
2028	Versloot2021	unchecked			
2028	Versloot2025	unchecked			
2028	Vine2019	unchecked			
2028	Waxenberger2019	unchecked			
2028	WrightWuelcker1884	unchecked			
2028	vanHelten1905	unchecked			
2029	Adamczyk2001	unchecked			
2029	Bammesberger1990	unchecked			
2029	Bammesberger1992	unchecked			
2029	Bammesberger1997	unchecked			
2029	Beekes2010	unchecked			
2029	Bennett1950	unchecked			
2029	BosworthToller1898	unchecked			
2029	Bremmer2008	unchecked			
2029	Bremmer2009	unchecked			
2029	Bright1917	unchecked			
2029	Bulbring1902	unchecked			
2029	CaedmonsHymnVitt1452	unchecked			
2029	Campbell1939	unchecked			
2029	Campbell1959	unchecked			
2029	Cercignani1979	unchecked			
2029	Cercignani1980	unchecked			
2029	ClarkHall1960	unchecked			
2029	Crist2001	unchecked			
2029	Crist2002	unchecked			
2029	Erdmann1972	unchecked			
2029	Fulk2018	unchecked			
2029	GermanicSlavicBaltic2025	unchecked			
2029	Goblirsch1991	unchecked			
2029	Hamp1990	unchecked			
2029	Hirt1931	unchecked			
2029	Hogg1979	unchecked			
2029	HoggGrammar2011	unchecked			
2029	HoggIntroduction1992	unchecked			
2029	HoggPhonology1992	unchecked			
2029	HowellSalmons1988	unchecked			
2029	Kaluza1900	unchecked			
2029	Kastovsky1992	unchecked			
2029	Kilday2024	unchecked			
2029	KlugeSeebold2011	unchecked			
2029	Kortlandt2008	unchecked			
2029	Kroonen2006	unchecked			
2029	Kroonen2011	unchecked			
2029	Kroonen2013	unchecked			
2029	Kylstra1983	unchecked			
2029	Laker2007	unchecked			
2029	Lid1952	unchecked			
2029	Lloyd1966	unchecked			
2029	LloydSpringer1988	unchecked			
2029	Luehr1993	unchecked			
2029	Luick1914	unchecked			
2029	Mayrhofer1992	unchecked			
2029	Mees2020	unchecked			
2029	NeriRingeReview	unchecked			
2029	Nielsen2001	unchecked			
2029	Orel2003	unchecked			
2029	Pierce1999	unchecked			
2029	Pierce2003	unchecked			
2029	Pierce2006	unchecked			
2029	Pokorny1959	unchecked			
2029	Polome1967	unchecked			
2029	Polome1994	unchecked			
2029	Repansek2012	unchecked			
2029	Rice1994	unchecked			
2029	Ringe1984	unchecked			
2029	Ringe2017	unchecked			
2029	RingeTaylor2014	unchecked			
2029	Seebold1970	unchecked			
2029	SieversBrunner1965	unchecked			
2029	StauslandJohnsen2015	unchecked			
2029	Stiles1985	unchecked			
2029	Stiles1986a	unchecked			
2029	Stiles1986b	unchecked			
2029	Stiles2012	unchecked			
2029	Stiles2017	unchecked			
2029	Streitberg1896	unchecked			
2029	Sweet1953	unchecked			
2029	Thorhallsdottir1993	unchecked			
2029	Toon1992	unchecked			
2029	Versloot2017	unchecked			
2029	Versloot2021	unchecked			
2029	Versloot2025	unchecked			
2029	Vine2019	unchecked			
2029	Waxenberger2019	unchecked			
2029	WrightWuelcker1884	unchecked			
2029	vanHelten1905	unchecked			
2030	Adamczyk2001	unchecked			
2030	Bammesberger1990	unchecked			
2030	Bammesberger1992	unchecked			
2030	Bammesberger1997	unchecked			
2030	Beekes2010	unchecked			
2030	Bennett1950	unchecked			
2030	BosworthToller1898	unchecked			
2030	Bremmer2008	unchecked			
2030	Bremmer2009	unchecked			
2030	Bright1917	unchecked			
2030	Bulbring1902	unchecked			
2030	CaedmonsHymnVitt1452	unchecked			
2030	Campbell1939	unchecked			
2030	Campbell1959	unchecked			
2030	Cercignani1979	unchecked			
2030	Cercignani1980	unchecked			
2030	ClarkHall1960	unchecked			
2030	Crist2001	unchecked			
2030	Crist2002	unchecked			
2030	Erdmann1972	unchecked			
2030	Fulk2018	unchecked			
2030	GermanicSlavicBaltic2025	unchecked			
2030	Goblirsch1991	unchecked			
2030	Hamp1990	unchecked			
2030	Hirt1931	unchecked			
2030	Hogg1979	unchecked			
2030	HoggGrammar2011	unchecked			
2030	HoggIntroduction1992	unchecked			
2030	HoggPhonology1992	unchecked			
2030	HowellSalmons1988	unchecked			
2030	Kaluza1900	unchecked			
2030	Kastovsky1992	unchecked			
2030	Kilday2024	unchecked			
2030	KlugeSeebold2011	unchecked			
2030	Kortlandt2008	unchecked			
2030	Kroonen2006	unchecked			
2030	Kroonen2011	unchecked			
2030	Kroonen2013	unchecked			
2030	Kylstra1983	unchecked			
2030	Laker2007	unchecked			
2030	Lid1952	unchecked			
2030	Lloyd1966	unchecked			
2030	LloydSpringer1988	unchecked			
2030	Luehr1993	unchecked			
2030	Luick1914	unchecked			
2030	Mayrhofer1992	unchecked			
2030	Mees2020	unchecked			
2030	NeriRingeReview	unchecked			
2030	Nielsen2001	unchecked			
2030	Orel2003	unchecked			
2030	Pierce1999	unchecked			
2030	Pierce2003	unchecked			
2030	Pierce2006	unchecked			
2030	Pokorny1959	unchecked			
2030	Polome1967	unchecked			
2030	Polome1994	unchecked			
2030	Repansek2012	unchecked			
2030	Rice1994	unchecked			
2030	Ringe1984	unchecked			
2030	Ringe2017	unchecked			
2030	RingeTaylor2014	unchecked			
2030	Seebold1970	unchecked			
2030	SieversBrunner1965	unchecked			
2030	StauslandJohnsen2015	unchecked			
2030	Stiles1985	unchecked			
2030	Stiles1986a	unchecked			
2030	Stiles1986b	unchecked			
2030	Stiles2012	unchecked			
2030	Stiles2017	unchecked			
2030	Streitberg1896	unchecked			
2030	Sweet1953	unchecked			
2030	Thorhallsdottir1993	unchecked			
2030	Toon1992	unchecked			
2030	Versloot2017	unchecked			
2030	Versloot2021	unchecked			
2030	Versloot2025	unchecked			
2030	Vine2019	unchecked			
2030	Waxenberger2019	unchecked			
2030	WrightWuelcker1884	unchecked			
2030	vanHelten1905	unchecked			
2031	Adamczyk2001	unchecked			
2031	Bammesberger1990	unchecked			
2031	Bammesberger1992	unchecked			
2031	Bammesberger1997	unchecked			
2031	Beekes2010	unchecked			
2031	Bennett1950	unchecked			
2031	BosworthToller1898	unchecked			
2031	Bremmer2008	unchecked			
2031	Bremmer2009	unchecked			
2031	Bright1917	unchecked			
2031	Bulbring1902	unchecked			
2031	CaedmonsHymnVitt1452	unchecked			
2031	Campbell1939	unchecked			
2031	Campbell1959	unchecked			
2031	Cercignani1979	unchecked			
2031	Cercignani1980	unchecked			
2031	ClarkHall1960	unchecked			
2031	Crist2001	unchecked			
2031	Crist2002	unchecked			
2031	Erdmann1972	unchecked			
2031	Fulk2018	unchecked			
2031	GermanicSlavicBaltic2025	unchecked			
2031	Goblirsch1991	unchecked			
2031	Hamp1990	unchecked			
2031	Hirt1931	unchecked			
2031	Hogg1979	unchecked			
2031	HoggGrammar2011	unchecked			
2031	HoggIntroduction1992	unchecked			
2031	HoggPhonology1992	unchecked			
2031	HowellSalmons1988	unchecked			
2031	Kaluza1900	unchecked			
2031	Kastovsky1992	unchecked			
2031	Kilday2024	unchecked			
2031	KlugeSeebold2011	unchecked			
2031	Kortlandt2008	unchecked			
2031	Kroonen2006	unchecked			
2031	Kroonen2011	unchecked			
2031	Kroonen2013	unchecked			
2031	Kylstra1983	unchecked			
2031	Laker2007	unchecked			
2031	Lid1952	unchecked			
2031	Lloyd1966	unchecked			
2031	LloydSpringer1988	unchecked			
2031	Luehr1993	unchecked			
2031	Luick1914	unchecked			
2031	Mayrhofer1992	unchecked			
2031	Mees2020	unchecked			
2031	NeriRingeReview	unchecked			
2031	Nielsen2001	unchecked			
2031	Orel2003	unchecked			
2031	Pierce1999	unchecked			
2031	Pierce2003	unchecked			
2031	Pierce2006	unchecked			
2031	Pokorny1959	unchecked			
2031	Polome1967	unchecked			
2031	Polome1994	unchecked			
2031	Repansek2012	unchecked			
2031	Rice1994	unchecked			
2031	Ringe1984	unchecked			
2031	Ringe2017	unchecked			
2031	RingeTaylor2014	unchecked			
2031	Seebold1970	unchecked			
2031	SieversBrunner1965	unchecked			
2031	StauslandJohnsen2015	unchecked			
2031	Stiles1985	unchecked			
2031	Stiles1986a	unchecked			
2031	Stiles1986b	unchecked			
2031	Stiles2012	unchecked			
2031	Stiles2017	unchecked			
2031	Streitberg1896	unchecked			
2031	Sweet1953	unchecked			
2031	Thorhallsdottir1993	unchecked			
2031	Toon1992	unchecked			
2031	Versloot2017	unchecked			
2031	Versloot2021	unchecked			
2031	Versloot2025	unchecked			
2031	Vine2019	unchecked			
2031	Waxenberger2019	unchecked			
2031	WrightWuelcker1884	unchecked			
2031	vanHelten1905	unchecked			
2032	Adamczyk2001	unchecked			
2032	Bammesberger1990	unchecked			
2032	Bammesberger1992	unchecked			
2032	Bammesberger1997	unchecked			
2032	Beekes2010	unchecked			
2032	Bennett1950	unchecked			
2032	BosworthToller1898	unchecked			
2032	Bremmer2008	unchecked			
2032	Bremmer2009	unchecked			
2032	Bright1917	unchecked			
2032	Bulbring1902	unchecked			
2032	CaedmonsHymnVitt1452	unchecked			
2032	Campbell1939	unchecked			
2032	Campbell1959	unchecked			
2032	Cercignani1979	unchecked			
2032	Cercignani1980	unchecked			
2032	ClarkHall1960	unchecked			
2032	Crist2001	unchecked			
2032	Crist2002	unchecked			
2032	Erdmann1972	unchecked			
2032	Fulk2018	unchecked			
2032	GermanicSlavicBaltic2025	unchecked			
2032	Goblirsch1991	unchecked			
2032	Hamp1990	unchecked			
2032	Hirt1931	unchecked			
2032	Hogg1979	unchecked			
2032	HoggGrammar2011	unchecked			
2032	HoggIntroduction1992	unchecked			
2032	HoggPhonology1992	unchecked			
2032	HowellSalmons1988	unchecked			
2032	Kaluza1900	unchecked			
2032	Kastovsky1992	unchecked			
2032	Kilday2024	unchecked			
2032	KlugeSeebold2011	unchecked			
2032	Kortlandt2008	unchecked			
2032	Kroonen2006	unchecked			
2032	Kroonen2011	unchecked			
2032	Kroonen2013	unchecked			
2032	Kylstra1983	unchecked			
2032	Laker2007	unchecked			
2032	Lid1952	unchecked			
2032	Lloyd1966	unchecked			
2032	LloydSpringer1988	unchecked			
2032	Luehr1993	unchecked			
2032	Luick1914	unchecked			
2032	Mayrhofer1992	unchecked			
2032	Mees2020	unchecked			
2032	NeriRingeReview	unchecked			
2032	Nielsen2001	unchecked			
2032	Orel2003	unchecked			
2032	Pierce1999	unchecked			
2032	Pierce2003	unchecked			
2032	Pierce2006	unchecked			
2032	Pokorny1959	unchecked			
2032	Polome1967	unchecked			
2032	Polome1994	unchecked			
2032	Repansek2012	unchecked			
2032	Rice1994	unchecked			
2032	Ringe1984	unchecked			
2032	Ringe2017	unchecked			
2032	RingeTaylor2014	unchecked			
2032	Seebold1970	unchecked			
2032	SieversBrunner1965	unchecked			
2032	StauslandJohnsen2015	unchecked			
2032	Stiles1985	unchecked			
2032	Stiles1986a	unchecked			
2032	Stiles1986b	unchecked			
2032	Stiles2012	unchecked			
2032	Stiles2017	unchecked			
2032	Streitberg1896	unchecked			
2032	Sweet1953	unchecked			
2032	Thorhallsdottir1993	unchecked			
2032	Toon1992	unchecked			
2032	Versloot2017	unchecked			
2032	Versloot2021	unchecked			
2032	Versloot2025	unchecked			
2032	Vine2019	unchecked			
2032	Waxenberger2019	unchecked			
2032	WrightWuelcker1884	unchecked			
2032	vanHelten1905	unchecked			
2033	Adamczyk2001	unchecked			
2033	Bammesberger1990	unchecked			
2033	Bammesberger1992	unchecked			
2033	Bammesberger1997	unchecked			
2033	Beekes2010	unchecked			
2033	Bennett1950	unchecked			
2033	BosworthToller1898	unchecked			
2033	Bremmer2008	unchecked			
2033	Bremmer2009	unchecked			
2033	Bright1917	unchecked			
2033	Bulbring1902	unchecked			
2033	CaedmonsHymnVitt1452	unchecked			
2033	Campbell1939	unchecked			
2033	Campbell1959	unchecked			
2033	Cercignani1979	unchecked			
2033	Cercignani1980	unchecked			
2033	ClarkHall1960	unchecked			
2033	Crist2001	unchecked			
2033	Crist2002	unchecked			
2033	Erdmann1972	unchecked			
2033	Fulk2018	unchecked			
2033	GermanicSlavicBaltic2025	unchecked			
2033	Goblirsch1991	unchecked			
2033	Hamp1990	unchecked			
2033	Hirt1931	unchecked			
2033	Hogg1979	unchecked			
2033	HoggGrammar2011	unchecked			
2033	HoggIntroduction1992	unchecked			
2033	HoggPhonology1992	unchecked			
2033	HowellSalmons1988	unchecked			
2033	Kaluza1900	unchecked			
2033	Kastovsky1992	unchecked			
2033	Kilday2024	unchecked			
2033	KlugeSeebold2011	unchecked			
2033	Kortlandt2008	unchecked			
2033	Kroonen2006	unchecked			
2033	Kroonen2011	unchecked			
2033	Kroonen2013	unchecked			
2033	Kylstra1983	unchecked			
2033	Laker2007	unchecked			
2033	Lid1952	unchecked			
2033	Lloyd1966	unchecked			
2033	LloydSpringer1988	unchecked			
2033	Luehr1993	unchecked			
2033	Luick1914	unchecked			
2033	Mayrhofer1992	unchecked			
2033	Mees2020	unchecked			
2033	NeriRingeReview	unchecked			
2033	Nielsen2001	unchecked			
2033	Orel2003	unchecked			
2033	Pierce1999	unchecked			
2033	Pierce2003	unchecked			
2033	Pierce2006	unchecked			
2033	Pokorny1959	unchecked			
2033	Polome1967	unchecked			
2033	Polome1994	unchecked			
2033	Repansek2012	unchecked			
2033	Rice1994	unchecked			
2033	Ringe1984	unchecked			
2033	Ringe2017	unchecked			
2033	RingeTaylor2014	unchecked			
2033	Seebold1970	unchecked			
2033	SieversBrunner1965	unchecked			
2033	StauslandJohnsen2015	unchecked			
2033	Stiles1985	unchecked			
2033	Stiles1986a	unchecked			
2033	Stiles1986b	unchecked			
2033	Stiles2012	unchecked			
2033	Stiles2017	unchecked			
2033	Streitberg1896	unchecked			
2033	Sweet1953	unchecked			
2033	Thorhallsdottir1993	unchecked			
2033	Toon1992	unchecked			
2033	Versloot2017	unchecked			
2033	Versloot2021	unchecked			
2033	Versloot2025	unchecked			
2033	Vine2019	unchecked			
2033	Waxenberger2019	unchecked			
2033	WrightWuelcker1884	unchecked			
2033	vanHelten1905	unchecked			
2034	Adamczyk2001	unchecked			
2034	Bammesberger1990	unchecked			
2034	Bammesberger1992	unchecked			
2034	Bammesberger1997	unchecked			
2034	Beekes2010	unchecked			
2034	Bennett1950	unchecked			
2034	BosworthToller1898	unchecked			
2034	Bremmer2008	unchecked			
2034	Bremmer2009	unchecked			
2034	Bright1917	unchecked			
2034	Bulbring1902	unchecked			
2034	CaedmonsHymnVitt1452	unchecked			
2034	Campbell1939	unchecked			
2034	Campbell1959	unchecked			
2034	Cercignani1979	unchecked			
2034	Cercignani1980	unchecked			
2034	ClarkHall1960	unchecked			
2034	Crist2001	unchecked			
2034	Crist2002	unchecked			
2034	Erdmann1972	unchecked			
2034	Fulk2018	unchecked			
2034	GermanicSlavicBaltic2025	unchecked			
2034	Goblirsch1991	unchecked			
2034	Hamp1990	unchecked			
2034	Hirt1931	unchecked			
2034	Hogg1979	unchecked			
2034	HoggGrammar2011	unchecked			
2034	HoggIntroduction1992	unchecked			
2034	HoggPhonology1992	unchecked			
2034	HowellSalmons1988	unchecked			
2034	Kaluza1900	unchecked			
2034	Kastovsky1992	unchecked			
2034	Kilday2024	unchecked			
2034	KlugeSeebold2011	unchecked			
2034	Kortlandt2008	unchecked			
2034	Kroonen2006	unchecked			
2034	Kroonen2011	unchecked			
2034	Kroonen2013	unchecked			
2034	Kylstra1983	unchecked			
2034	Laker2007	unchecked			
2034	Lid1952	unchecked			
2034	Lloyd1966	unchecked			
2034	LloydSpringer1988	unchecked			
2034	Luehr1993	unchecked			
2034	Luick1914	unchecked			
2034	Mayrhofer1992	unchecked			
2034	Mees2020	unchecked			
2034	NeriRingeReview	unchecked			
2034	Nielsen2001	unchecked			
2034	Orel2003	unchecked			
2034	Pierce1999	unchecked			
2034	Pierce2003	unchecked			
2034	Pierce2006	unchecked			
2034	Pokorny1959	unchecked			
2034	Polome1967	unchecked			
2034	Polome1994	unchecked			
2034	Repansek2012	unchecked			
2034	Rice1994	unchecked			
2034	Ringe1984	unchecked			
2034	Ringe2017	unchecked			
2034	RingeTaylor2014	unchecked			
2034	Seebold1970	unchecked			
2034	SieversBrunner1965	unchecked			
2034	StauslandJohnsen2015	unchecked			
2034	Stiles1985	unchecked			
2034	Stiles1986a	unchecked			
2034	Stiles1986b	unchecked			
2034	Stiles2012	unchecked			
2034	Stiles2017	unchecked			
2034	Streitberg1896	unchecked			
2034	Sweet1953	unchecked			
2034	Thorhallsdottir1993	unchecked			
2034	Toon1992	unchecked			
2034	Versloot2017	unchecked			
2034	Versloot2021	unchecked			
2034	Versloot2025	unchecked			
2034	Vine2019	unchecked			
2034	Waxenberger2019	unchecked			
2034	WrightWuelcker1884	unchecked			
2034	vanHelten1905	unchecked			
2035	Adamczyk2001	unchecked			
2035	Bammesberger1990	unchecked			
2035	Bammesberger1992	unchecked			
2035	Bammesberger1997	unchecked			
2035	Beekes2010	unchecked			
2035	Bennett1950	unchecked			
2035	BosworthToller1898	unchecked			
2035	Bremmer2008	unchecked			
2035	Bremmer2009	unchecked			
2035	Bright1917	unchecked			
2035	Bulbring1902	unchecked			
2035	CaedmonsHymnVitt1452	unchecked			
2035	Campbell1939	unchecked			
2035	Campbell1959	unchecked			
2035	Cercignani1979	unchecked			
2035	Cercignani1980	unchecked			
2035	ClarkHall1960	unchecked			
2035	Crist2001	unchecked			
2035	Crist2002	unchecked			
2035	Erdmann1972	unchecked			
2035	Fulk2018	unchecked			
2035	GermanicSlavicBaltic2025	unchecked			
2035	Goblirsch1991	unchecked			
2035	Hamp1990	unchecked			
2035	Hirt1931	unchecked			
2035	Hogg1979	unchecked			
2035	HoggGrammar2011	unchecked			
2035	HoggIntroduction1992	unchecked			
2035	HoggPhonology1992	unchecked			
2035	HowellSalmons1988	unchecked			
2035	Kaluza1900	unchecked			
2035	Kastovsky1992	unchecked			
2035	Kilday2024	unchecked			
2035	KlugeSeebold2011	unchecked			
2035	Kortlandt2008	unchecked			
2035	Kroonen2006	unchecked			
2035	Kroonen2011	unchecked			
2035	Kroonen2013	unchecked			
2035	Kylstra1983	unchecked			
2035	Laker2007	unchecked			
2035	Lid1952	unchecked			
2035	Lloyd1966	unchecked			
2035	LloydSpringer1988	unchecked			
2035	Luehr1993	unchecked			
2035	Luick1914	unchecked			
2035	Mayrhofer1992	unchecked			
2035	Mees2020	unchecked			
2035	NeriRingeReview	unchecked			
2035	Nielsen2001	unchecked			
2035	Orel2003	unchecked			
2035	Pierce1999	unchecked			
2035	Pierce2003	unchecked			
2035	Pierce2006	unchecked			
2035	Pokorny1959	unchecked			
2035	Polome1967	unchecked			
2035	Polome1994	unchecked			
2035	Repansek2012	unchecked			
2035	Rice1994	unchecked			
2035	Ringe1984	unchecked			
2035	Ringe2017	unchecked			
2035	RingeTaylor2014	unchecked			
2035	Seebold1970	unchecked			
2035	SieversBrunner1965	unchecked			
2035	StauslandJohnsen2015	unchecked			
2035	Stiles1985	unchecked			
2035	Stiles1986a	unchecked			
2035	Stiles1986b	unchecked			
2035	Stiles2012	unchecked			
2035	Stiles2017	unchecked			
2035	Streitberg1896	unchecked			
2035	Sweet1953	unchecked			
2035	Thorhallsdottir1993	unchecked			
2035	Toon1992	unchecked			
2035	Versloot2017	unchecked			
2035	Versloot2021	unchecked			
2035	Versloot2025	unchecked			
2035	Vine2019	unchecked			
2035	Waxenberger2019	unchecked			
2035	WrightWuelcker1884	unchecked			
2035	vanHelten1905	unchecked			
2036	Adamczyk2001	unchecked			
2036	Bammesberger1990	unchecked			
2036	Bammesberger1992	unchecked			
2036	Bammesberger1997	unchecked			
2036	Beekes2010	unchecked			
2036	Bennett1950	unchecked			
2036	BosworthToller1898	unchecked			
2036	Bremmer2008	unchecked			
2036	Bremmer2009	unchecked			
2036	Bright1917	unchecked			
2036	Bulbring1902	unchecked			
2036	CaedmonsHymnVitt1452	unchecked			
2036	Campbell1939	unchecked			
2036	Campbell1959	unchecked			
2036	Cercignani1979	unchecked			
2036	Cercignani1980	unchecked			
2036	ClarkHall1960	unchecked			
2036	Crist2001	unchecked			
2036	Crist2002	unchecked			
2036	Erdmann1972	unchecked			
2036	Fulk2018	unchecked			
2036	GermanicSlavicBaltic2025	unchecked			
2036	Goblirsch1991	unchecked			
2036	Hamp1990	unchecked			
2036	Hirt1931	unchecked			
2036	Hogg1979	unchecked			
2036	HoggGrammar2011	unchecked			
2036	HoggIntroduction1992	unchecked			
2036	HoggPhonology1992	unchecked			
2036	HowellSalmons1988	unchecked			
2036	Kaluza1900	unchecked			
2036	Kastovsky1992	unchecked			
2036	Kilday2024	unchecked			
2036	KlugeSeebold2011	unchecked			
2036	Kortlandt2008	unchecked			
2036	Kroonen2006	unchecked			
2036	Kroonen2011	unchecked			
2036	Kroonen2013	unchecked			
2036	Kylstra1983	unchecked			
2036	Laker2007	unchecked			
2036	Lid1952	unchecked			
2036	Lloyd1966	unchecked			
2036	LloydSpringer1988	unchecked			
2036	Luehr1993	unchecked			
2036	Luick1914	unchecked			
2036	Mayrhofer1992	unchecked			
2036	Mees2020	unchecked			
2036	NeriRingeReview	unchecked			
2036	Nielsen2001	unchecked			
2036	Orel2003	unchecked			
2036	Pierce1999	unchecked			
2036	Pierce2003	unchecked			
2036	Pierce2006	unchecked			
2036	Pokorny1959	unchecked			
2036	Polome1967	unchecked			
2036	Polome1994	unchecked			
2036	Repansek2012	unchecked			
2036	Rice1994	unchecked			
2036	Ringe1984	unchecked			
2036	Ringe2017	unchecked			
2036	RingeTaylor2014	unchecked			
2036	Seebold1970	unchecked			
2036	SieversBrunner1965	unchecked			
2036	StauslandJohnsen2015	unchecked			
2036	Stiles1985	unchecked			
2036	Stiles1986a	unchecked			
2036	Stiles1986b	unchecked			
2036	Stiles2012	unchecked			
2036	Stiles2017	unchecked			
2036	Streitberg1896	unchecked			
2036	Sweet1953	unchecked			
2036	Thorhallsdottir1993	unchecked			
2036	Toon1992	unchecked			
2036	Versloot2017	unchecked			
2036	Versloot2021	unchecked			
2036	Versloot2025	unchecked			
2036	Vine2019	unchecked			
2036	Waxenberger2019	unchecked			
2036	WrightWuelcker1884	unchecked			
2036	vanHelten1905	unchecked			
2037	Adamczyk2001	unchecked			
2037	Bammesberger1990	unchecked			
2037	Bammesberger1992	unchecked			
2037	Bammesberger1997	unchecked			
2037	Beekes2010	unchecked			
2037	Bennett1950	unchecked			
2037	BosworthToller1898	unchecked			
2037	Bremmer2008	unchecked			
2037	Bremmer2009	unchecked			
2037	Bright1917	unchecked			
2037	Bulbring1902	unchecked			
2037	CaedmonsHymnVitt1452	unchecked			
2037	Campbell1939	unchecked			
2037	Campbell1959	unchecked			
2037	Cercignani1979	unchecked			
2037	Cercignani1980	unchecked			
2037	ClarkHall1960	unchecked			
2037	Crist2001	unchecked			
2037	Crist2002	unchecked			
2037	Erdmann1972	unchecked			
2037	Fulk2018	unchecked			
2037	GermanicSlavicBaltic2025	unchecked			
2037	Goblirsch1991	unchecked			
2037	Hamp1990	unchecked			
2037	Hirt1931	unchecked			
2037	Hogg1979	unchecked			
2037	HoggGrammar2011	unchecked			
2037	HoggIntroduction1992	unchecked			
2037	HoggPhonology1992	unchecked			
2037	HowellSalmons1988	unchecked			
2037	Kaluza1900	unchecked			
2037	Kastovsky1992	unchecked			
2037	Kilday2024	unchecked			
2037	KlugeSeebold2011	unchecked			
2037	Kortlandt2008	unchecked			
2037	Kroonen2006	unchecked			
2037	Kroonen2011	unchecked			
2037	Kroonen2013	unchecked			
2037	Kylstra1983	unchecked			
2037	Laker2007	unchecked			
2037	Lid1952	unchecked			
2037	Lloyd1966	unchecked			
2037	LloydSpringer1988	unchecked			
2037	Luehr1993	unchecked			
2037	Luick1914	unchecked			
2037	Mayrhofer1992	unchecked			
2037	Mees2020	unchecked			
2037	NeriRingeReview	unchecked			
2037	Nielsen2001	unchecked			
2037	Orel2003	unchecked			
2037	Pierce1999	unchecked			
2037	Pierce2003	unchecked			
2037	Pierce2006	unchecked			
2037	Pokorny1959	unchecked			
2037	Polome1967	unchecked			
2037	Polome1994	unchecked			
2037	Repansek2012	unchecked			
2037	Rice1994	unchecked			
2037	Ringe1984	unchecked			
2037	Ringe2017	unchecked			
2037	RingeTaylor2014	unchecked			
2037	Seebold1970	unchecked			
2037	SieversBrunner1965	unchecked			
2037	StauslandJohnsen2015	unchecked			
2037	Stiles1985	unchecked			
2037	Stiles1986a	unchecked			
2037	Stiles1986b	unchecked			
2037	Stiles2012	unchecked			
2037	Stiles2017	unchecked			
2037	Streitberg1896	unchecked			
2037	Sweet1953	unchecked			
2037	Thorhallsdottir1993	unchecked			
2037	Toon1992	unchecked			
2037	Versloot2017	unchecked			
2037	Versloot2021	unchecked			
2037	Versloot2025	unchecked			
2037	Vine2019	unchecked			
2037	Waxenberger2019	unchecked			
2037	WrightWuelcker1884	unchecked			
2037	vanHelten1905	unchecked			
2038	Adamczyk2001	unchecked			
2038	Bammesberger1990	unchecked			
2038	Bammesberger1992	unchecked			
2038	Bammesberger1997	unchecked			
2038	Beekes2010	unchecked			
2038	Bennett1950	unchecked			
2038	BosworthToller1898	unchecked			
2038	Bremmer2008	unchecked			
2038	Bremmer2009	unchecked			
2038	Bright1917	unchecked			
2038	Bulbring1902	unchecked			
2038	CaedmonsHymnVitt1452	unchecked			
2038	Campbell1939	unchecked			
2038	Campbell1959	unchecked			
2038	Cercignani1979	unchecked			
2038	Cercignani1980	unchecked			
2038	ClarkHall1960	unchecked			
2038	Crist2001	unchecked			
2038	Crist2002	unchecked			
2038	Erdmann1972	unchecked			
2038	Fulk2018	unchecked			
2038	GermanicSlavicBaltic2025	unchecked			
2038	Goblirsch1991	unchecked			
2038	Hamp1990	unchecked			
2038	Hirt1931	unchecked			
2038	Hogg1979	unchecked			
2038	HoggGrammar2011	unchecked			
2038	HoggIntroduction1992	unchecked			
2038	HoggPhonology1992	unchecked			
2038	HowellSalmons1988	unchecked			
2038	Kaluza1900	unchecked			
2038	Kastovsky1992	unchecked			
2038	Kilday2024	unchecked			
2038	KlugeSeebold2011	unchecked			
2038	Kortlandt2008	unchecked			
2038	Kroonen2006	unchecked			
2038	Kroonen2011	unchecked			
2038	Kroonen2013	unchecked			
2038	Kylstra1983	unchecked			
2038	Laker2007	unchecked			
2038	Lid1952	unchecked			
2038	Lloyd1966	unchecked			
2038	LloydSpringer1988	unchecked			
2038	Luehr1993	unchecked			
2038	Luick1914	unchecked			
2038	Mayrhofer1992	unchecked			
2038	Mees2020	unchecked			
2038	NeriRingeReview	unchecked			
2038	Nielsen2001	unchecked			
2038	Orel2003	unchecked			
2038	Pierce1999	unchecked			
2038	Pierce2003	unchecked			
2038	Pierce2006	unchecked			
2038	Pokorny1959	unchecked			
2038	Polome1967	unchecked			
2038	Polome1994	unchecked			
2038	Repansek2012	unchecked			
2038	Rice1994	unchecked			
2038	Ringe1984	unchecked			
2038	Ringe2017	unchecked			
2038	RingeTaylor2014	unchecked			
2038	Seebold1970	unchecked			
2038	SieversBrunner1965	unchecked			
2038	StauslandJohnsen2015	unchecked			
2038	Stiles1985	unchecked			
2038	Stiles1986a	unchecked			
2038	Stiles1986b	unchecked			
2038	Stiles2012	unchecked			
2038	Stiles2017	unchecked			
2038	Streitberg1896	unchecked			
2038	Sweet1953	unchecked			
2038	Thorhallsdottir1993	unchecked			
2038	Toon1992	unchecked			
2038	Versloot2017	unchecked			
2038	Versloot2021	unchecked			
2038	Versloot2025	unchecked			
2038	Vine2019	unchecked			
2038	Waxenberger2019	unchecked			
2038	WrightWuelcker1884	unchecked			
2038	vanHelten1905	unchecked			
2039	Adamczyk2001	unchecked			
2039	Bammesberger1990	unchecked			
2039	Bammesberger1992	unchecked			
2039	Bammesberger1997	unchecked			
2039	Beekes2010	unchecked			
2039	Bennett1950	unchecked			
2039	BosworthToller1898	unchecked			
2039	Bremmer2008	unchecked			
2039	Bremmer2009	unchecked			
2039	Bright1917	unchecked			
2039	Bulbring1902	unchecked			
2039	CaedmonsHymnVitt1452	unchecked			
2039	Campbell1939	unchecked			
2039	Campbell1959	unchecked			
2039	Cercignani1979	unchecked			
2039	Cercignani1980	unchecked			
2039	ClarkHall1960	unchecked			
2039	Crist2001	unchecked			
2039	Crist2002	unchecked			
2039	Erdmann1972	unchecked			
2039	Fulk2018	unchecked			
2039	GermanicSlavicBaltic2025	unchecked			
2039	Goblirsch1991	unchecked			
2039	Hamp1990	unchecked			
2039	Hirt1931	unchecked			
2039	Hogg1979	unchecked			
2039	HoggGrammar2011	unchecked			
2039	HoggIntroduction1992	unchecked			
2039	HoggPhonology1992	unchecked			
2039	HowellSalmons1988	unchecked			
2039	Kaluza1900	unchecked			
2039	Kastovsky1992	unchecked			
2039	Kilday2024	unchecked			
2039	KlugeSeebold2011	unchecked			
2039	Kortlandt2008	unchecked			
2039	Kroonen2006	unchecked			
2039	Kroonen2011	unchecked			
2039	Kroonen2013	unchecked			
2039	Kylstra1983	unchecked			
2039	Laker2007	unchecked			
2039	Lid1952	unchecked			
2039	Lloyd1966	unchecked			
2039	LloydSpringer1988	unchecked			
2039	Luehr1993	unchecked			
2039	Luick1914	unchecked			
2039	Mayrhofer1992	unchecked			
2039	Mees2020	unchecked			
2039	NeriRingeReview	unchecked			
2039	Nielsen2001	unchecked			
2039	Orel2003	unchecked			
2039	Pierce1999	unchecked			
2039	Pierce2003	unchecked			
2039	Pierce2006	unchecked			
2039	Pokorny1959	unchecked			
2039	Polome1967	unchecked			
2039	Polome1994	unchecked			
2039	Repansek2012	unchecked			
2039	Rice1994	unchecked			
2039	Ringe1984	unchecked			
2039	Ringe2017	unchecked			
2039	RingeTaylor2014	unchecked			
2039	Seebold1970	unchecked			
2039	SieversBrunner1965	unchecked			
2039	StauslandJohnsen2015	unchecked			
2039	Stiles1985	unchecked			
2039	Stiles1986a	unchecked			
2039	Stiles1986b	unchecked			
2039	Stiles2012	unchecked			
2039	Stiles2017	unchecked			
2039	Streitberg1896	unchecked			
2039	Sweet1953	unchecked			
2039	Thorhallsdottir1993	unchecked			
2039	Toon1992	unchecked			
2039	Versloot2017	unchecked			
2039	Versloot2021	unchecked			
2039	Versloot2025	unchecked			
2039	Vine2019	unchecked			
2039	Waxenberger2019	unchecked			
2039	WrightWuelcker1884	unchecked			
2039	vanHelten1905	unchecked			
2040	Adamczyk2001	unchecked			
2040	Bammesberger1990	unchecked			
2040	Bammesberger1992	unchecked			
2040	Bammesberger1997	unchecked			
2040	Beekes2010	unchecked			
2040	Bennett1950	unchecked			
2040	BosworthToller1898	unchecked			
2040	Bremmer2008	unchecked			
2040	Bremmer2009	unchecked			
2040	Bright1917	unchecked			
2040	Bulbring1902	unchecked			
2040	CaedmonsHymnVitt1452	unchecked			
2040	Campbell1939	unchecked			
2040	Campbell1959	unchecked			
2040	Cercignani1979	unchecked			
2040	Cercignani1980	discussion_only	raising-cercignani-dating	Abstract126 and complete section1,126-129, read; opening conditioning statement image checked.	Relevant objection to inherited-raising dating, not Cercignani's quoted whole-word gift reconstruction.
2040	ClarkHall1960	unchecked			
2040	Crist2001	unchecked			
2040	Crist2002	unchecked			
2040	Erdmann1972	unchecked			
2040	Fulk2018	unchecked			
2040	GermanicSlavicBaltic2025	unchecked			
2040	Goblirsch1991	unchecked			
2040	Hamp1990	unchecked			
2040	Hirt1931	unchecked			
2040	Hogg1979	unchecked			
2040	HoggGrammar2011	unchecked			
2040	HoggIntroduction1992	unchecked			
2040	HoggPhonology1992	unchecked			
2040	HowellSalmons1988	unchecked			
2040	Kaluza1900	unchecked			
2040	Kastovsky1992	unchecked			
2040	Kilday2024	unchecked			
2040	KlugeSeebold2011	unchecked			
2040	Kortlandt2008	unchecked			
2040	Kroonen2006	unchecked			
2040	Kroonen2011	unchecked			
2040	Kroonen2013	unchecked			
2040	Kylstra1983	unchecked			
2040	Laker2007	unchecked			
2040	Lid1952	unchecked			
2040	Lloyd1966	unchecked			
2040	LloydSpringer1988	unchecked			
2040	Luehr1993	unchecked			
2040	Luick1914	unchecked			
2040	Mayrhofer1992	unchecked			
2040	Mees2020	unchecked			
2040	NeriRingeReview	unchecked			
2040	Nielsen2001	unchecked			
2040	Orel2003	unchecked			
2040	Pierce1999	unchecked			
2040	Pierce2003	unchecked			
2040	Pierce2006	unchecked			
2040	Pokorny1959	unchecked			
2040	Polome1967	unchecked			
2040	Polome1994	unchecked			
2040	Repansek2012	unchecked			
2040	Rice1994	unchecked			
2040	Ringe1984	unchecked			
2040	Ringe2017	evidence_found	gift-ringe-pgmc	Released gift comparison with image-verified printed135; exact searchable *giftiz passage rechecked.	Preserve the explicit PGmc form and the plural status of the OE comparison.
2040	RingeTaylor2014	unchecked			
2040	Seebold1970	unchecked			
2040	SieversBrunner1965	unchecked			
2040	StauslandJohnsen2015	unchecked			
2040	Stiles1985	unchecked			
2040	Stiles1986a	unchecked			
2040	Stiles1986b	unchecked			
2040	Stiles2012	unchecked			
2040	Stiles2017	unchecked			
2040	Streitberg1896	unchecked			
2040	Sweet1953	unchecked			
2040	Thorhallsdottir1993	unchecked			
2040	Toon1992	unchecked			
2040	Versloot2017	unchecked			
2040	Versloot2021	unchecked			
2040	Versloot2025	unchecked			
2040	Vine2019	unchecked			
2040	Waxenberger2019	unchecked			
2040	WrightWuelcker1884	unchecked			
2040	vanHelten1905	unchecked			
2041	Adamczyk2001	unchecked			
2041	Bammesberger1990	unchecked			
2041	Bammesberger1992	unchecked			
2041	Bammesberger1997	unchecked			
2041	Beekes2010	unchecked			
2041	Bennett1950	unchecked			
2041	BosworthToller1898	unchecked			
2041	Bremmer2008	unchecked			
2041	Bremmer2009	unchecked			
2041	Bright1917	unchecked			
2041	Bulbring1902	unchecked			
2041	CaedmonsHymnVitt1452	unchecked			
2041	Campbell1939	unchecked			
2041	Campbell1959	unchecked			
2041	Cercignani1979	unchecked			
2041	Cercignani1980	unchecked			
2041	ClarkHall1960	unchecked			
2041	Crist2001	unchecked			
2041	Crist2002	unchecked			
2041	Erdmann1972	unchecked			
2041	Fulk2018	unchecked			
2041	GermanicSlavicBaltic2025	unchecked			
2041	Goblirsch1991	unchecked			
2041	Hamp1990	unchecked			
2041	Hirt1931	unchecked			
2041	Hogg1979	unchecked			
2041	HoggGrammar2011	unchecked			
2041	HoggIntroduction1992	unchecked			
2041	HoggPhonology1992	unchecked			
2041	HowellSalmons1988	unchecked			
2041	Kaluza1900	unchecked			
2041	Kastovsky1992	unchecked			
2041	Kilday2024	unchecked			
2041	KlugeSeebold2011	unchecked			
2041	Kortlandt2008	unchecked			
2041	Kroonen2006	unchecked			
2041	Kroonen2011	unchecked			
2041	Kroonen2013	unchecked			
2041	Kylstra1983	unchecked			
2041	Laker2007	unchecked			
2041	Lid1952	unchecked			
2041	Lloyd1966	unchecked			
2041	LloydSpringer1988	unchecked			
2041	Luehr1993	unchecked			
2041	Luick1914	unchecked			
2041	Mayrhofer1992	unchecked			
2041	Mees2020	unchecked			
2041	NeriRingeReview	unchecked			
2041	Nielsen2001	unchecked			
2041	Orel2003	unchecked			
2041	Pierce1999	unchecked			
2041	Pierce2003	unchecked			
2041	Pierce2006	unchecked			
2041	Pokorny1959	unchecked			
2041	Polome1967	unchecked			
2041	Polome1994	unchecked			
2041	Repansek2012	unchecked			
2041	Rice1994	unchecked			
2041	Ringe1984	unchecked			
2041	Ringe2017	unchecked			
2041	RingeTaylor2014	unchecked			
2041	Seebold1970	unchecked			
2041	SieversBrunner1965	unchecked			
2041	StauslandJohnsen2015	unchecked			
2041	Stiles1985	unchecked			
2041	Stiles1986a	unchecked			
2041	Stiles1986b	unchecked			
2041	Stiles2012	unchecked			
2041	Stiles2017	unchecked			
2041	Streitberg1896	unchecked			
2041	Sweet1953	unchecked			
2041	Thorhallsdottir1993	unchecked			
2041	Toon1992	unchecked			
2041	Versloot2017	unchecked			
2041	Versloot2021	unchecked			
2041	Versloot2025	unchecked			
2041	Vine2019	unchecked			
2041	Waxenberger2019	unchecked			
2041	WrightWuelcker1884	unchecked			
2041	vanHelten1905	unchecked			
2042	Adamczyk2001	unchecked			
2042	Bammesberger1990	unchecked			
2042	Bammesberger1992	unchecked			
2042	Bammesberger1997	unchecked			
2042	Beekes2010	unchecked			
2042	Bennett1950	unchecked			
2042	BosworthToller1898	unchecked			
2042	Bremmer2008	unchecked			
2042	Bremmer2009	unchecked			
2042	Bright1917	unchecked			
2042	Bulbring1902	unchecked			
2042	CaedmonsHymnVitt1452	unchecked			
2042	Campbell1939	unchecked			
2042	Campbell1959	unchecked			
2042	Cercignani1979	unchecked			
2042	Cercignani1980	unchecked			
2042	ClarkHall1960	unchecked			
2042	Crist2001	unchecked			
2042	Crist2002	unchecked			
2042	Erdmann1972	unchecked			
2042	Fulk2018	unchecked			
2042	GermanicSlavicBaltic2025	unchecked			
2042	Goblirsch1991	unchecked			
2042	Hamp1990	unchecked			
2042	Hirt1931	unchecked			
2042	Hogg1979	unchecked			
2042	HoggGrammar2011	unchecked			
2042	HoggIntroduction1992	unchecked			
2042	HoggPhonology1992	unchecked			
2042	HowellSalmons1988	unchecked			
2042	Kaluza1900	unchecked			
2042	Kastovsky1992	unchecked			
2042	Kilday2024	unchecked			
2042	KlugeSeebold2011	unchecked			
2042	Kortlandt2008	unchecked			
2042	Kroonen2006	unchecked			
2042	Kroonen2011	unchecked			
2042	Kroonen2013	unchecked			
2042	Kylstra1983	unchecked			
2042	Laker2007	unchecked			
2042	Lid1952	unchecked			
2042	Lloyd1966	unchecked			
2042	LloydSpringer1988	unchecked			
2042	Luehr1993	unchecked			
2042	Luick1914	unchecked			
2042	Mayrhofer1992	unchecked			
2042	Mees2020	unchecked			
2042	NeriRingeReview	unchecked			
2042	Nielsen2001	unchecked			
2042	Orel2003	unchecked			
2042	Pierce1999	unchecked			
2042	Pierce2003	unchecked			
2042	Pierce2006	unchecked			
2042	Pokorny1959	unchecked			
2042	Polome1967	unchecked			
2042	Polome1994	unchecked			
2042	Repansek2012	unchecked			
2042	Rice1994	unchecked			
2042	Ringe1984	unchecked			
2042	Ringe2017	unchecked			
2042	RingeTaylor2014	unchecked			
2042	Seebold1970	unchecked			
2042	SieversBrunner1965	unchecked			
2042	StauslandJohnsen2015	unchecked			
2042	Stiles1985	unchecked			
2042	Stiles1986a	unchecked			
2042	Stiles1986b	unchecked			
2042	Stiles2012	unchecked			
2042	Stiles2017	unchecked			
2042	Streitberg1896	unchecked			
2042	Sweet1953	unchecked			
2042	Thorhallsdottir1993	unchecked			
2042	Toon1992	unchecked			
2042	Versloot2017	unchecked			
2042	Versloot2021	unchecked			
2042	Versloot2025	unchecked			
2042	Vine2019	unchecked			
2042	Waxenberger2019	unchecked			
2042	WrightWuelcker1884	unchecked			
2042	vanHelten1905	unchecked			
2043	Adamczyk2001	unchecked			
2043	Bammesberger1990	unchecked			
2043	Bammesberger1992	unchecked			
2043	Bammesberger1997	unchecked			
2043	Beekes2010	unchecked			
2043	Bennett1950	unchecked			
2043	BosworthToller1898	unchecked			
2043	Bremmer2008	unchecked			
2043	Bremmer2009	unchecked			
2043	Bright1917	unchecked			
2043	Bulbring1902	unchecked			
2043	CaedmonsHymnVitt1452	unchecked			
2043	Campbell1939	unchecked			
2043	Campbell1959	unchecked			
2043	Cercignani1979	unchecked			
2043	Cercignani1980	unchecked			
2043	ClarkHall1960	unchecked			
2043	Crist2001	unchecked			
2043	Crist2002	unchecked			
2043	Erdmann1972	unchecked			
2043	Fulk2018	unchecked			
2043	GermanicSlavicBaltic2025	unchecked			
2043	Goblirsch1991	unchecked			
2043	Hamp1990	unchecked			
2043	Hirt1931	unchecked			
2043	Hogg1979	unchecked			
2043	HoggGrammar2011	unchecked			
2043	HoggIntroduction1992	unchecked			
2043	HoggPhonology1992	unchecked			
2043	HowellSalmons1988	unchecked			
2043	Kaluza1900	unchecked			
2043	Kastovsky1992	unchecked			
2043	Kilday2024	unchecked			
2043	KlugeSeebold2011	unchecked			
2043	Kortlandt2008	unchecked			
2043	Kroonen2006	unchecked			
2043	Kroonen2011	unchecked			
2043	Kroonen2013	unchecked			
2043	Kylstra1983	unchecked			
2043	Laker2007	unchecked			
2043	Lid1952	unchecked			
2043	Lloyd1966	unchecked			
2043	LloydSpringer1988	unchecked			
2043	Luehr1993	unchecked			
2043	Luick1914	unchecked			
2043	Mayrhofer1992	unchecked			
2043	Mees2020	unchecked			
2043	NeriRingeReview	unchecked			
2043	Nielsen2001	unchecked			
2043	Orel2003	unchecked			
2043	Pierce1999	unchecked			
2043	Pierce2003	unchecked			
2043	Pierce2006	unchecked			
2043	Pokorny1959	unchecked			
2043	Polome1967	unchecked			
2043	Polome1994	unchecked			
2043	Repansek2012	unchecked			
2043	Rice1994	unchecked			
2043	Ringe1984	unchecked			
2043	Ringe2017	unchecked			
2043	RingeTaylor2014	unchecked			
2043	Seebold1970	unchecked			
2043	SieversBrunner1965	unchecked			
2043	StauslandJohnsen2015	unchecked			
2043	Stiles1985	unchecked			
2043	Stiles1986a	unchecked			
2043	Stiles1986b	unchecked			
2043	Stiles2012	unchecked			
2043	Stiles2017	unchecked			
2043	Streitberg1896	unchecked			
2043	Sweet1953	unchecked			
2043	Thorhallsdottir1993	unchecked			
2043	Toon1992	unchecked			
2043	Versloot2017	unchecked			
2043	Versloot2021	unchecked			
2043	Versloot2025	unchecked			
2043	Vine2019	unchecked			
2043	Waxenberger2019	unchecked			
2043	WrightWuelcker1884	unchecked			
2043	vanHelten1905	unchecked			
2044	Adamczyk2001	unchecked			
2044	Bammesberger1990	unchecked			
2044	Bammesberger1992	unchecked			
2044	Bammesberger1997	unchecked			
2044	Beekes2010	unchecked			
2044	Bennett1950	unchecked			
2044	BosworthToller1898	unchecked			
2044	Bremmer2008	unchecked			
2044	Bremmer2009	unchecked			
2044	Bright1917	unchecked			
2044	Bulbring1902	unchecked			
2044	CaedmonsHymnVitt1452	unchecked			
2044	Campbell1939	unchecked			
2044	Campbell1959	unchecked			
2044	Cercignani1979	unchecked			
2044	Cercignani1980	unchecked			
2044	ClarkHall1960	unchecked			
2044	Crist2001	unchecked			
2044	Crist2002	unchecked			
2044	Erdmann1972	unchecked			
2044	Fulk2018	unchecked			
2044	GermanicSlavicBaltic2025	unchecked			
2044	Goblirsch1991	unchecked			
2044	Hamp1990	unchecked			
2044	Hirt1931	unchecked			
2044	Hogg1979	unchecked			
2044	HoggGrammar2011	unchecked			
2044	HoggIntroduction1992	unchecked			
2044	HoggPhonology1992	unchecked			
2044	HowellSalmons1988	unchecked			
2044	Kaluza1900	unchecked			
2044	Kastovsky1992	unchecked			
2044	Kilday2024	unchecked			
2044	KlugeSeebold2011	unchecked			
2044	Kortlandt2008	unchecked			
2044	Kroonen2006	unchecked			
2044	Kroonen2011	unchecked			
2044	Kroonen2013	unchecked			
2044	Kylstra1983	unchecked			
2044	Laker2007	unchecked			
2044	Lid1952	unchecked			
2044	Lloyd1966	unchecked			
2044	LloydSpringer1988	unchecked			
2044	Luehr1993	unchecked			
2044	Luick1914	unchecked			
2044	Mayrhofer1992	unchecked			
2044	Mees2020	unchecked			
2044	NeriRingeReview	unchecked			
2044	Nielsen2001	unchecked			
2044	Orel2003	unchecked			
2044	Pierce1999	unchecked			
2044	Pierce2003	unchecked			
2044	Pierce2006	unchecked			
2044	Pokorny1959	unchecked			
2044	Polome1967	unchecked			
2044	Polome1994	unchecked			
2044	Repansek2012	unchecked			
2044	Rice1994	unchecked			
2044	Ringe1984	unchecked			
2044	Ringe2017	unchecked			
2044	RingeTaylor2014	unchecked			
2044	Seebold1970	unchecked			
2044	SieversBrunner1965	unchecked			
2044	StauslandJohnsen2015	unchecked			
2044	Stiles1985	unchecked			
2044	Stiles1986a	unchecked			
2044	Stiles1986b	unchecked			
2044	Stiles2012	unchecked			
2044	Stiles2017	unchecked			
2044	Streitberg1896	unchecked			
2044	Sweet1953	unchecked			
2044	Thorhallsdottir1993	unchecked			
2044	Toon1992	unchecked			
2044	Versloot2017	unchecked			
2044	Versloot2021	unchecked			
2044	Versloot2025	unchecked			
2044	Vine2019	unchecked			
2044	Waxenberger2019	unchecked			
2044	WrightWuelcker1884	unchecked			
2044	vanHelten1905	unchecked			
2045	Adamczyk2001	unchecked			
2045	Bammesberger1990	unchecked			
2045	Bammesberger1992	unchecked			
2045	Bammesberger1997	unchecked			
2045	Beekes2010	unchecked			
2045	Bennett1950	unchecked			
2045	BosworthToller1898	unchecked			
2045	Bremmer2008	unchecked			
2045	Bremmer2009	unchecked			
2045	Bright1917	unchecked			
2045	Bulbring1902	unchecked			
2045	CaedmonsHymnVitt1452	unchecked			
2045	Campbell1939	unchecked			
2045	Campbell1959	unchecked			
2045	Cercignani1979	unchecked			
2045	Cercignani1980	unchecked			
2045	ClarkHall1960	unchecked			
2045	Crist2001	unchecked			
2045	Crist2002	unchecked			
2045	Erdmann1972	unchecked			
2045	Fulk2018	unchecked			
2045	GermanicSlavicBaltic2025	unchecked			
2045	Goblirsch1991	unchecked			
2045	Hamp1990	unchecked			
2045	Hirt1931	unchecked			
2045	Hogg1979	unchecked			
2045	HoggGrammar2011	unchecked			
2045	HoggIntroduction1992	unchecked			
2045	HoggPhonology1992	unchecked			
2045	HowellSalmons1988	unchecked			
2045	Kaluza1900	unchecked			
2045	Kastovsky1992	unchecked			
2045	Kilday2024	unchecked			
2045	KlugeSeebold2011	unchecked			
2045	Kortlandt2008	unchecked			
2045	Kroonen2006	unchecked			
2045	Kroonen2011	unchecked			
2045	Kroonen2013	unchecked			
2045	Kylstra1983	unchecked			
2045	Laker2007	unchecked			
2045	Lid1952	unchecked			
2045	Lloyd1966	unchecked			
2045	LloydSpringer1988	unchecked			
2045	Luehr1993	unchecked			
2045	Luick1914	unchecked			
2045	Mayrhofer1992	unchecked			
2045	Mees2020	unchecked			
2045	NeriRingeReview	unchecked			
2045	Nielsen2001	unchecked			
2045	Orel2003	unchecked			
2045	Pierce1999	unchecked			
2045	Pierce2003	unchecked			
2045	Pierce2006	unchecked			
2045	Pokorny1959	unchecked			
2045	Polome1967	unchecked			
2045	Polome1994	unchecked			
2045	Repansek2012	unchecked			
2045	Rice1994	unchecked			
2045	Ringe1984	unchecked			
2045	Ringe2017	unchecked			
2045	RingeTaylor2014	unchecked			
2045	Seebold1970	unchecked			
2045	SieversBrunner1965	unchecked			
2045	StauslandJohnsen2015	unchecked			
2045	Stiles1985	unchecked			
2045	Stiles1986a	unchecked			
2045	Stiles1986b	unchecked			
2045	Stiles2012	unchecked			
2045	Stiles2017	unchecked			
2045	Streitberg1896	unchecked			
2045	Sweet1953	unchecked			
2045	Thorhallsdottir1993	unchecked			
2045	Toon1992	unchecked			
2045	Versloot2017	unchecked			
2045	Versloot2021	unchecked			
2045	Versloot2025	unchecked			
2045	Vine2019	unchecked			
2045	Waxenberger2019	unchecked			
2045	WrightWuelcker1884	unchecked			
2045	vanHelten1905	unchecked			
2046	Adamczyk2001	unchecked			
2046	Bammesberger1990	unchecked			
2046	Bammesberger1992	unchecked			
2046	Bammesberger1997	unchecked			
2046	Beekes2010	unchecked			
2046	Bennett1950	unchecked			
2046	BosworthToller1898	unchecked			
2046	Bremmer2008	unchecked			
2046	Bremmer2009	unchecked			
2046	Bright1917	unchecked			
2046	Bulbring1902	unchecked			
2046	CaedmonsHymnVitt1452	unchecked			
2046	Campbell1939	unchecked			
2046	Campbell1959	unchecked			
2046	Cercignani1979	unchecked			
2046	Cercignani1980	unchecked			
2046	ClarkHall1960	unchecked			
2046	Crist2001	unchecked			
2046	Crist2002	unchecked			
2046	Erdmann1972	unchecked			
2046	Fulk2018	unchecked			
2046	GermanicSlavicBaltic2025	unchecked			
2046	Goblirsch1991	unchecked			
2046	Hamp1990	unchecked			
2046	Hirt1931	unchecked			
2046	Hogg1979	unchecked			
2046	HoggGrammar2011	unchecked			
2046	HoggIntroduction1992	unchecked			
2046	HoggPhonology1992	unchecked			
2046	HowellSalmons1988	unchecked			
2046	Kaluza1900	unchecked			
2046	Kastovsky1992	unchecked			
2046	Kilday2024	unchecked			
2046	KlugeSeebold2011	unchecked			
2046	Kortlandt2008	unchecked			
2046	Kroonen2006	unchecked			
2046	Kroonen2011	unchecked			
2046	Kroonen2013	unchecked			
2046	Kylstra1983	unchecked			
2046	Laker2007	unchecked			
2046	Lid1952	unchecked			
2046	Lloyd1966	unchecked			
2046	LloydSpringer1988	unchecked			
2046	Luehr1993	unchecked			
2046	Luick1914	unchecked			
2046	Mayrhofer1992	unchecked			
2046	Mees2020	unchecked			
2046	NeriRingeReview	unchecked			
2046	Nielsen2001	unchecked			
2046	Orel2003	unchecked			
2046	Pierce1999	unchecked			
2046	Pierce2003	unchecked			
2046	Pierce2006	unchecked			
2046	Pokorny1959	unchecked			
2046	Polome1967	unchecked			
2046	Polome1994	unchecked			
2046	Repansek2012	unchecked			
2046	Rice1994	unchecked			
2046	Ringe1984	unchecked			
2046	Ringe2017	unchecked			
2046	RingeTaylor2014	unchecked			
2046	Seebold1970	unchecked			
2046	SieversBrunner1965	unchecked			
2046	StauslandJohnsen2015	unchecked			
2046	Stiles1985	unchecked			
2046	Stiles1986a	unchecked			
2046	Stiles1986b	unchecked			
2046	Stiles2012	unchecked			
2046	Stiles2017	unchecked			
2046	Streitberg1896	unchecked			
2046	Sweet1953	unchecked			
2046	Thorhallsdottir1993	unchecked			
2046	Toon1992	unchecked			
2046	Versloot2017	unchecked			
2046	Versloot2021	unchecked			
2046	Versloot2025	unchecked			
2046	Vine2019	unchecked			
2046	Waxenberger2019	unchecked			
2046	WrightWuelcker1884	unchecked			
2046	vanHelten1905	unchecked			
2047	Adamczyk2001	unchecked			
2047	Bammesberger1990	unchecked			
2047	Bammesberger1992	unchecked			
2047	Bammesberger1997	unchecked			
2047	Beekes2010	unchecked			
2047	Bennett1950	unchecked			
2047	BosworthToller1898	unchecked			
2047	Bremmer2008	unchecked			
2047	Bremmer2009	unchecked			
2047	Bright1917	unchecked			
2047	Bulbring1902	unchecked			
2047	CaedmonsHymnVitt1452	unchecked			
2047	Campbell1939	unchecked			
2047	Campbell1959	unchecked			
2047	Cercignani1979	unchecked			
2047	Cercignani1980	unchecked			
2047	ClarkHall1960	unchecked			
2047	Crist2001	unchecked			
2047	Crist2002	unchecked			
2047	Erdmann1972	unchecked			
2047	Fulk2018	unchecked			
2047	GermanicSlavicBaltic2025	unchecked			
2047	Goblirsch1991	unchecked			
2047	Hamp1990	unchecked			
2047	Hirt1931	unchecked			
2047	Hogg1979	unchecked			
2047	HoggGrammar2011	unchecked			
2047	HoggIntroduction1992	unchecked			
2047	HoggPhonology1992	unchecked			
2047	HowellSalmons1988	unchecked			
2047	Kaluza1900	unchecked			
2047	Kastovsky1992	unchecked			
2047	Kilday2024	unchecked			
2047	KlugeSeebold2011	unchecked			
2047	Kortlandt2008	unchecked			
2047	Kroonen2006	unchecked			
2047	Kroonen2011	unchecked			
2047	Kroonen2013	unchecked			
2047	Kylstra1983	unchecked			
2047	Laker2007	unchecked			
2047	Lid1952	unchecked			
2047	Lloyd1966	unchecked			
2047	LloydSpringer1988	unchecked			
2047	Luehr1993	unchecked			
2047	Luick1914	unchecked			
2047	Mayrhofer1992	unchecked			
2047	Mees2020	unchecked			
2047	NeriRingeReview	unchecked			
2047	Nielsen2001	unchecked			
2047	Orel2003	unchecked			
2047	Pierce1999	unchecked			
2047	Pierce2003	unchecked			
2047	Pierce2006	unchecked			
2047	Pokorny1959	unchecked			
2047	Polome1967	unchecked			
2047	Polome1994	unchecked			
2047	Repansek2012	unchecked			
2047	Rice1994	unchecked			
2047	Ringe1984	unchecked			
2047	Ringe2017	unchecked			
2047	RingeTaylor2014	unchecked			
2047	Seebold1970	unchecked			
2047	SieversBrunner1965	unchecked			
2047	StauslandJohnsen2015	unchecked			
2047	Stiles1985	unchecked			
2047	Stiles1986a	unchecked			
2047	Stiles1986b	unchecked			
2047	Stiles2012	unchecked			
2047	Stiles2017	unchecked			
2047	Streitberg1896	unchecked			
2047	Sweet1953	unchecked			
2047	Thorhallsdottir1993	unchecked			
2047	Toon1992	unchecked			
2047	Versloot2017	unchecked			
2047	Versloot2021	unchecked			
2047	Versloot2025	unchecked			
2047	Vine2019	unchecked			
2047	Waxenberger2019	unchecked			
2047	WrightWuelcker1884	unchecked			
2047	vanHelten1905	unchecked			
2048	Adamczyk2001	unchecked			
2048	Bammesberger1990	unchecked			
2048	Bammesberger1992	unchecked			
2048	Bammesberger1997	unchecked			
2048	Beekes2010	unchecked			
2048	Bennett1950	unchecked			
2048	BosworthToller1898	unchecked			
2048	Bremmer2008	unchecked			
2048	Bremmer2009	unchecked			
2048	Bright1917	unchecked			
2048	Bulbring1902	unchecked			
2048	CaedmonsHymnVitt1452	unchecked			
2048	Campbell1939	unchecked			
2048	Campbell1959	unchecked			
2048	Cercignani1979	unchecked			
2048	Cercignani1980	unchecked			
2048	ClarkHall1960	unchecked			
2048	Crist2001	unchecked			
2048	Crist2002	unchecked			
2048	Erdmann1972	unchecked			
2048	Fulk2018	unchecked			
2048	GermanicSlavicBaltic2025	unchecked			
2048	Goblirsch1991	unchecked			
2048	Hamp1990	unchecked			
2048	Hirt1931	unchecked			
2048	Hogg1979	unchecked			
2048	HoggGrammar2011	unchecked			
2048	HoggIntroduction1992	unchecked			
2048	HoggPhonology1992	unchecked			
2048	HowellSalmons1988	unchecked			
2048	Kaluza1900	unchecked			
2048	Kastovsky1992	unchecked			
2048	Kilday2024	unchecked			
2048	KlugeSeebold2011	unchecked			
2048	Kortlandt2008	unchecked			
2048	Kroonen2006	unchecked			
2048	Kroonen2011	unchecked			
2048	Kroonen2013	unchecked			
2048	Kylstra1983	unchecked			
2048	Laker2007	unchecked			
2048	Lid1952	unchecked			
2048	Lloyd1966	unchecked			
2048	LloydSpringer1988	unchecked			
2048	Luehr1993	unchecked			
2048	Luick1914	unchecked			
2048	Mayrhofer1992	unchecked			
2048	Mees2020	unchecked			
2048	NeriRingeReview	unchecked			
2048	Nielsen2001	unchecked			
2048	Orel2003	unchecked			
2048	Pierce1999	unchecked			
2048	Pierce2003	unchecked			
2048	Pierce2006	unchecked			
2048	Pokorny1959	unchecked			
2048	Polome1967	unchecked			
2048	Polome1994	unchecked			
2048	Repansek2012	unchecked			
2048	Rice1994	unchecked			
2048	Ringe1984	unchecked			
2048	Ringe2017	unchecked			
2048	RingeTaylor2014	unchecked			
2048	Seebold1970	unchecked			
2048	SieversBrunner1965	unchecked			
2048	StauslandJohnsen2015	unchecked			
2048	Stiles1985	unchecked			
2048	Stiles1986a	unchecked			
2048	Stiles1986b	unchecked			
2048	Stiles2012	unchecked			
2048	Stiles2017	unchecked			
2048	Streitberg1896	unchecked			
2048	Sweet1953	unchecked			
2048	Thorhallsdottir1993	unchecked			
2048	Toon1992	unchecked			
2048	Versloot2017	unchecked			
2048	Versloot2021	unchecked			
2048	Versloot2025	unchecked			
2048	Vine2019	unchecked			
2048	Waxenberger2019	unchecked			
2048	WrightWuelcker1884	unchecked			
2048	vanHelten1905	unchecked			
2049	Adamczyk2001	unchecked			
2049	Bammesberger1990	unchecked			
2049	Bammesberger1992	unchecked			
2049	Bammesberger1997	unchecked			
2049	Beekes2010	unchecked			
2049	Bennett1950	unchecked			
2049	BosworthToller1898	unchecked			
2049	Bremmer2008	unchecked			
2049	Bremmer2009	unchecked			
2049	Bright1917	unchecked			
2049	Bulbring1902	unchecked			
2049	CaedmonsHymnVitt1452	unchecked			
2049	Campbell1939	unchecked			
2049	Campbell1959	unchecked			
2049	Cercignani1979	unchecked			
2049	Cercignani1980	unchecked			
2049	ClarkHall1960	unchecked			
2049	Crist2001	unchecked			
2049	Crist2002	unchecked			
2049	Erdmann1972	unchecked			
2049	Fulk2018	unchecked			
2049	GermanicSlavicBaltic2025	unchecked			
2049	Goblirsch1991	unchecked			
2049	Hamp1990	unchecked			
2049	Hirt1931	unchecked			
2049	Hogg1979	unchecked			
2049	HoggGrammar2011	unchecked			
2049	HoggIntroduction1992	unchecked			
2049	HoggPhonology1992	unchecked			
2049	HowellSalmons1988	unchecked			
2049	Kaluza1900	unchecked			
2049	Kastovsky1992	unchecked			
2049	Kilday2024	unchecked			
2049	KlugeSeebold2011	unchecked			
2049	Kortlandt2008	unchecked			
2049	Kroonen2006	unchecked			
2049	Kroonen2011	unchecked			
2049	Kroonen2013	unchecked			
2049	Kylstra1983	unchecked			
2049	Laker2007	unchecked			
2049	Lid1952	unchecked			
2049	Lloyd1966	unchecked			
2049	LloydSpringer1988	unchecked			
2049	Luehr1993	unchecked			
2049	Luick1914	unchecked			
2049	Mayrhofer1992	unchecked			
2049	Mees2020	unchecked			
2049	NeriRingeReview	unchecked			
2049	Nielsen2001	unchecked			
2049	Orel2003	unchecked			
2049	Pierce1999	unchecked			
2049	Pierce2003	unchecked			
2049	Pierce2006	unchecked			
2049	Pokorny1959	unchecked			
2049	Polome1967	unchecked			
2049	Polome1994	unchecked			
2049	Repansek2012	unchecked			
2049	Rice1994	unchecked			
2049	Ringe1984	unchecked			
2049	Ringe2017	unchecked			
2049	RingeTaylor2014	unchecked			
2049	Seebold1970	unchecked			
2049	SieversBrunner1965	unchecked			
2049	StauslandJohnsen2015	unchecked			
2049	Stiles1985	unchecked			
2049	Stiles1986a	unchecked			
2049	Stiles1986b	unchecked			
2049	Stiles2012	unchecked			
2049	Stiles2017	unchecked			
2049	Streitberg1896	unchecked			
2049	Sweet1953	unchecked			
2049	Thorhallsdottir1993	unchecked			
2049	Toon1992	unchecked			
2049	Versloot2017	unchecked			
2049	Versloot2021	unchecked			
2049	Versloot2025	unchecked			
2049	Vine2019	unchecked			
2049	Waxenberger2019	unchecked			
2049	WrightWuelcker1884	unchecked			
2049	vanHelten1905	unchecked			
2050	Adamczyk2001	unchecked			
2050	Bammesberger1990	unchecked			
2050	Bammesberger1992	unchecked			
2050	Bammesberger1997	unchecked			
2050	Beekes2010	unchecked			
2050	Bennett1950	unchecked			
2050	BosworthToller1898	unchecked			
2050	Bremmer2008	unchecked			
2050	Bremmer2009	unchecked			
2050	Bright1917	unchecked			
2050	Bulbring1902	unchecked			
2050	CaedmonsHymnVitt1452	unchecked			
2050	Campbell1939	unchecked			
2050	Campbell1959	unchecked			
2050	Cercignani1979	unchecked			
2050	Cercignani1980	unchecked			
2050	ClarkHall1960	unchecked			
2050	Crist2001	unchecked			
2050	Crist2002	unchecked			
2050	Erdmann1972	unchecked			
2050	Fulk2018	unchecked			
2050	GermanicSlavicBaltic2025	unchecked			
2050	Goblirsch1991	unchecked			
2050	Hamp1990	unchecked			
2050	Hirt1931	unchecked			
2050	Hogg1979	unchecked			
2050	HoggGrammar2011	unchecked			
2050	HoggIntroduction1992	unchecked			
2050	HoggPhonology1992	unchecked			
2050	HowellSalmons1988	unchecked			
2050	Kaluza1900	unchecked			
2050	Kastovsky1992	unchecked			
2050	Kilday2024	unchecked			
2050	KlugeSeebold2011	unchecked			
2050	Kortlandt2008	unchecked			
2050	Kroonen2006	unchecked			
2050	Kroonen2011	unchecked			
2050	Kroonen2013	unchecked			
2050	Kylstra1983	unchecked			
2050	Laker2007	unchecked			
2050	Lid1952	unchecked			
2050	Lloyd1966	unchecked			
2050	LloydSpringer1988	unchecked			
2050	Luehr1993	unchecked			
2050	Luick1914	unchecked			
2050	Mayrhofer1992	unchecked			
2050	Mees2020	unchecked			
2050	NeriRingeReview	unchecked			
2050	Nielsen2001	unchecked			
2050	Orel2003	unchecked			
2050	Pierce1999	unchecked			
2050	Pierce2003	unchecked			
2050	Pierce2006	unchecked			
2050	Pokorny1959	unchecked			
2050	Polome1967	unchecked			
2050	Polome1994	unchecked			
2050	Repansek2012	unchecked			
2050	Rice1994	unchecked			
2050	Ringe1984	unchecked			
2050	Ringe2017	unchecked			
2050	RingeTaylor2014	unchecked			
2050	Seebold1970	unchecked			
2050	SieversBrunner1965	unchecked			
2050	StauslandJohnsen2015	unchecked			
2050	Stiles1985	unchecked			
2050	Stiles1986a	unchecked			
2050	Stiles1986b	unchecked			
2050	Stiles2012	unchecked			
2050	Stiles2017	unchecked			
2050	Streitberg1896	unchecked			
2050	Sweet1953	unchecked			
2050	Thorhallsdottir1993	unchecked			
2050	Toon1992	unchecked			
2050	Versloot2017	unchecked			
2050	Versloot2021	unchecked			
2050	Versloot2025	unchecked			
2050	Vine2019	unchecked			
2050	Waxenberger2019	unchecked			
2050	WrightWuelcker1884	unchecked			
2050	vanHelten1905	unchecked			
2051	Adamczyk2001	unchecked			
2051	Bammesberger1990	unchecked			
2051	Bammesberger1992	unchecked			
2051	Bammesberger1997	unchecked			
2051	Beekes2010	unchecked			
2051	Bennett1950	unchecked			
2051	BosworthToller1898	unchecked			
2051	Bremmer2008	unchecked			
2051	Bremmer2009	unchecked			
2051	Bright1917	unchecked			
2051	Bulbring1902	unchecked			
2051	CaedmonsHymnVitt1452	unchecked			
2051	Campbell1939	unchecked			
2051	Campbell1959	unchecked			
2051	Cercignani1979	unchecked			
2051	Cercignani1980	unchecked			
2051	ClarkHall1960	unchecked			
2051	Crist2001	unchecked			
2051	Crist2002	unchecked			
2051	Erdmann1972	unchecked			
2051	Fulk2018	unchecked			
2051	GermanicSlavicBaltic2025	unchecked			
2051	Goblirsch1991	unchecked			
2051	Hamp1990	unchecked			
2051	Hirt1931	unchecked			
2051	Hogg1979	unchecked			
2051	HoggGrammar2011	unchecked			
2051	HoggIntroduction1992	unchecked			
2051	HoggPhonology1992	unchecked			
2051	HowellSalmons1988	unchecked			
2051	Kaluza1900	unchecked			
2051	Kastovsky1992	unchecked			
2051	Kilday2024	unchecked			
2051	KlugeSeebold2011	unchecked			
2051	Kortlandt2008	unchecked			
2051	Kroonen2006	unchecked			
2051	Kroonen2011	unchecked			
2051	Kroonen2013	unchecked			
2051	Kylstra1983	unchecked			
2051	Laker2007	unchecked			
2051	Lid1952	unchecked			
2051	Lloyd1966	unchecked			
2051	LloydSpringer1988	unchecked			
2051	Luehr1993	unchecked			
2051	Luick1914	unchecked			
2051	Mayrhofer1992	unchecked			
2051	Mees2020	unchecked			
2051	NeriRingeReview	unchecked			
2051	Nielsen2001	unchecked			
2051	Orel2003	unchecked			
2051	Pierce1999	unchecked			
2051	Pierce2003	unchecked			
2051	Pierce2006	unchecked			
2051	Pokorny1959	unchecked			
2051	Polome1967	unchecked			
2051	Polome1994	unchecked			
2051	Repansek2012	unchecked			
2051	Rice1994	unchecked			
2051	Ringe1984	unchecked			
2051	Ringe2017	unchecked			
2051	RingeTaylor2014	unchecked			
2051	Seebold1970	unchecked			
2051	SieversBrunner1965	unchecked			
2051	StauslandJohnsen2015	unchecked			
2051	Stiles1985	unchecked			
2051	Stiles1986a	unchecked			
2051	Stiles1986b	unchecked			
2051	Stiles2012	unchecked			
2051	Stiles2017	unchecked			
2051	Streitberg1896	unchecked			
2051	Sweet1953	unchecked			
2051	Thorhallsdottir1993	unchecked			
2051	Toon1992	unchecked			
2051	Versloot2017	unchecked			
2051	Versloot2021	unchecked			
2051	Versloot2025	unchecked			
2051	Vine2019	unchecked			
2051	Waxenberger2019	unchecked			
2051	WrightWuelcker1884	unchecked			
2051	vanHelten1905	unchecked			
2052	Adamczyk2001	unchecked			
2052	Bammesberger1990	unchecked			
2052	Bammesberger1992	unchecked			
2052	Bammesberger1997	unchecked			
2052	Beekes2010	unchecked			
2052	Bennett1950	unchecked			
2052	BosworthToller1898	unchecked			
2052	Bremmer2008	unchecked			
2052	Bremmer2009	unchecked			
2052	Bright1917	unchecked			
2052	Bulbring1902	unchecked			
2052	CaedmonsHymnVitt1452	unchecked			
2052	Campbell1939	unchecked			
2052	Campbell1959	unchecked			
2052	Cercignani1979	unchecked			
2052	Cercignani1980	unchecked			
2052	ClarkHall1960	unchecked			
2052	Crist2001	unchecked			
2052	Crist2002	unchecked			
2052	Erdmann1972	unchecked			
2052	Fulk2018	unchecked			
2052	GermanicSlavicBaltic2025	unchecked			
2052	Goblirsch1991	unchecked			
2052	Hamp1990	unchecked			
2052	Hirt1931	unchecked			
2052	Hogg1979	unchecked			
2052	HoggGrammar2011	unchecked			
2052	HoggIntroduction1992	unchecked			
2052	HoggPhonology1992	unchecked			
2052	HowellSalmons1988	unchecked			
2052	Kaluza1900	unchecked			
2052	Kastovsky1992	unchecked			
2052	Kilday2024	unchecked			
2052	KlugeSeebold2011	unchecked			
2052	Kortlandt2008	unchecked			
2052	Kroonen2006	unchecked			
2052	Kroonen2011	unchecked			
2052	Kroonen2013	unchecked			
2052	Kylstra1983	unchecked			
2052	Laker2007	unchecked			
2052	Lid1952	unchecked			
2052	Lloyd1966	unchecked			
2052	LloydSpringer1988	unchecked			
2052	Luehr1993	unchecked			
2052	Luick1914	unchecked			
2052	Mayrhofer1992	unchecked			
2052	Mees2020	unchecked			
2052	NeriRingeReview	unchecked			
2052	Nielsen2001	unchecked			
2052	Orel2003	unchecked			
2052	Pierce1999	unchecked			
2052	Pierce2003	unchecked			
2052	Pierce2006	unchecked			
2052	Pokorny1959	unchecked			
2052	Polome1967	unchecked			
2052	Polome1994	unchecked			
2052	Repansek2012	unchecked			
2052	Rice1994	unchecked			
2052	Ringe1984	unchecked			
2052	Ringe2017	unchecked			
2052	RingeTaylor2014	unchecked			
2052	Seebold1970	unchecked			
2052	SieversBrunner1965	unchecked			
2052	StauslandJohnsen2015	unchecked			
2052	Stiles1985	unchecked			
2052	Stiles1986a	unchecked			
2052	Stiles1986b	unchecked			
2052	Stiles2012	unchecked			
2052	Stiles2017	unchecked			
2052	Streitberg1896	unchecked			
2052	Sweet1953	unchecked			
2052	Thorhallsdottir1993	unchecked			
2052	Toon1992	unchecked			
2052	Versloot2017	unchecked			
2052	Versloot2021	unchecked			
2052	Versloot2025	unchecked			
2052	Vine2019	unchecked			
2052	Waxenberger2019	unchecked			
2052	WrightWuelcker1884	unchecked			
2052	vanHelten1905	unchecked			
2053	Adamczyk2001	unchecked			
2053	Bammesberger1990	unchecked			
2053	Bammesberger1992	unchecked			
2053	Bammesberger1997	unchecked			
2053	Beekes2010	unchecked			
2053	Bennett1950	unchecked			
2053	BosworthToller1898	unchecked			
2053	Bremmer2008	unchecked			
2053	Bremmer2009	unchecked			
2053	Bright1917	unchecked			
2053	Bulbring1902	unchecked			
2053	CaedmonsHymnVitt1452	unchecked			
2053	Campbell1939	unchecked			
2053	Campbell1959	unchecked			
2053	Cercignani1979	unchecked			
2053	Cercignani1980	unchecked			
2053	ClarkHall1960	unchecked			
2053	Crist2001	unchecked			
2053	Crist2002	unchecked			
2053	Erdmann1972	unchecked			
2053	Fulk2018	unchecked			
2053	GermanicSlavicBaltic2025	unchecked			
2053	Goblirsch1991	unchecked			
2053	Hamp1990	unchecked			
2053	Hirt1931	unchecked			
2053	Hogg1979	unchecked			
2053	HoggGrammar2011	unchecked			
2053	HoggIntroduction1992	unchecked			
2053	HoggPhonology1992	unchecked			
2053	HowellSalmons1988	unchecked			
2053	Kaluza1900	unchecked			
2053	Kastovsky1992	unchecked			
2053	Kilday2024	unchecked			
2053	KlugeSeebold2011	unchecked			
2053	Kortlandt2008	unchecked			
2053	Kroonen2006	unchecked			
2053	Kroonen2011	unchecked			
2053	Kroonen2013	unchecked			
2053	Kylstra1983	unchecked			
2053	Laker2007	unchecked			
2053	Lid1952	unchecked			
2053	Lloyd1966	unchecked			
2053	LloydSpringer1988	unchecked			
2053	Luehr1993	unchecked			
2053	Luick1914	unchecked			
2053	Mayrhofer1992	unchecked			
2053	Mees2020	unchecked			
2053	NeriRingeReview	unchecked			
2053	Nielsen2001	unchecked			
2053	Orel2003	unchecked			
2053	Pierce1999	unchecked			
2053	Pierce2003	unchecked			
2053	Pierce2006	unchecked			
2053	Pokorny1959	unchecked			
2053	Polome1967	unchecked			
2053	Polome1994	unchecked			
2053	Repansek2012	unchecked			
2053	Rice1994	unchecked			
2053	Ringe1984	unchecked			
2053	Ringe2017	unchecked			
2053	RingeTaylor2014	unchecked			
2053	Seebold1970	unchecked			
2053	SieversBrunner1965	unchecked			
2053	StauslandJohnsen2015	unchecked			
2053	Stiles1985	unchecked			
2053	Stiles1986a	unchecked			
2053	Stiles1986b	unchecked			
2053	Stiles2012	unchecked			
2053	Stiles2017	unchecked			
2053	Streitberg1896	unchecked			
2053	Sweet1953	unchecked			
2053	Thorhallsdottir1993	unchecked			
2053	Toon1992	unchecked			
2053	Versloot2017	unchecked			
2053	Versloot2021	unchecked			
2053	Versloot2025	unchecked			
2053	Vine2019	unchecked			
2053	Waxenberger2019	unchecked			
2053	WrightWuelcker1884	unchecked			
2053	vanHelten1905	unchecked			
2054	Adamczyk2001	unchecked			
2054	Bammesberger1990	unchecked			
2054	Bammesberger1992	unchecked			
2054	Bammesberger1997	unchecked			
2054	Beekes2010	unchecked			
2054	Bennett1950	unchecked			
2054	BosworthToller1898	unchecked			
2054	Bremmer2008	unchecked			
2054	Bremmer2009	unchecked			
2054	Bright1917	unchecked			
2054	Bulbring1902	unchecked			
2054	CaedmonsHymnVitt1452	unchecked			
2054	Campbell1939	unchecked			
2054	Campbell1959	unchecked			
2054	Cercignani1979	unchecked			
2054	Cercignani1980	unchecked			
2054	ClarkHall1960	unchecked			
2054	Crist2001	unchecked			
2054	Crist2002	unchecked			
2054	Erdmann1972	unchecked			
2054	Fulk2018	unchecked			
2054	GermanicSlavicBaltic2025	unchecked			
2054	Goblirsch1991	unchecked			
2054	Hamp1990	unchecked			
2054	Hirt1931	unchecked			
2054	Hogg1979	unchecked			
2054	HoggGrammar2011	unchecked			
2054	HoggIntroduction1992	unchecked			
2054	HoggPhonology1992	unchecked			
2054	HowellSalmons1988	unchecked			
2054	Kaluza1900	unchecked			
2054	Kastovsky1992	unchecked			
2054	Kilday2024	unchecked			
2054	KlugeSeebold2011	unchecked			
2054	Kortlandt2008	unchecked			
2054	Kroonen2006	unchecked			
2054	Kroonen2011	unchecked			
2054	Kroonen2013	unchecked			
2054	Kylstra1983	unchecked			
2054	Laker2007	unchecked			
2054	Lid1952	unchecked			
2054	Lloyd1966	unchecked			
2054	LloydSpringer1988	unchecked			
2054	Luehr1993	unchecked			
2054	Luick1914	unchecked			
2054	Mayrhofer1992	unchecked			
2054	Mees2020	unchecked			
2054	NeriRingeReview	unchecked			
2054	Nielsen2001	unchecked			
2054	Orel2003	unchecked			
2054	Pierce1999	unchecked			
2054	Pierce2003	unchecked			
2054	Pierce2006	unchecked			
2054	Pokorny1959	unchecked			
2054	Polome1967	unchecked			
2054	Polome1994	unchecked			
2054	Repansek2012	unchecked			
2054	Rice1994	unchecked			
2054	Ringe1984	unchecked			
2054	Ringe2017	unchecked			
2054	RingeTaylor2014	unchecked			
2054	Seebold1970	unchecked			
2054	SieversBrunner1965	unchecked			
2054	StauslandJohnsen2015	unchecked			
2054	Stiles1985	unchecked			
2054	Stiles1986a	unchecked			
2054	Stiles1986b	unchecked			
2054	Stiles2012	unchecked			
2054	Stiles2017	unchecked			
2054	Streitberg1896	unchecked			
2054	Sweet1953	unchecked			
2054	Thorhallsdottir1993	unchecked			
2054	Toon1992	unchecked			
2054	Versloot2017	unchecked			
2054	Versloot2021	unchecked			
2054	Versloot2025	unchecked			
2054	Vine2019	unchecked			
2054	Waxenberger2019	unchecked			
2054	WrightWuelcker1884	unchecked			
2054	vanHelten1905	unchecked			
2055	Adamczyk2001	unchecked			
2055	Bammesberger1990	unchecked			
2055	Bammesberger1992	unchecked			
2055	Bammesberger1997	unchecked			
2055	Beekes2010	unchecked			
2055	Bennett1950	unchecked			
2055	BosworthToller1898	unchecked			
2055	Bremmer2008	unchecked			
2055	Bremmer2009	unchecked			
2055	Bright1917	unchecked			
2055	Bulbring1902	unchecked			
2055	CaedmonsHymnVitt1452	unchecked			
2055	Campbell1939	unchecked			
2055	Campbell1959	unchecked			
2055	Cercignani1979	unchecked			
2055	Cercignani1980	unchecked			
2055	ClarkHall1960	unchecked			
2055	Crist2001	unchecked			
2055	Crist2002	unchecked			
2055	Erdmann1972	unchecked			
2055	Fulk2018	unchecked			
2055	GermanicSlavicBaltic2025	unchecked			
2055	Goblirsch1991	unchecked			
2055	Hamp1990	unchecked			
2055	Hirt1931	unchecked			
2055	Hogg1979	unchecked			
2055	HoggGrammar2011	unchecked			
2055	HoggIntroduction1992	unchecked			
2055	HoggPhonology1992	unchecked			
2055	HowellSalmons1988	unchecked			
2055	Kaluza1900	unchecked			
2055	Kastovsky1992	unchecked			
2055	Kilday2024	unchecked			
2055	KlugeSeebold2011	unchecked			
2055	Kortlandt2008	unchecked			
2055	Kroonen2006	unchecked			
2055	Kroonen2011	unchecked			
2055	Kroonen2013	unchecked			
2055	Kylstra1983	unchecked			
2055	Laker2007	unchecked			
2055	Lid1952	unchecked			
2055	Lloyd1966	unchecked			
2055	LloydSpringer1988	unchecked			
2055	Luehr1993	unchecked			
2055	Luick1914	unchecked			
2055	Mayrhofer1992	unchecked			
2055	Mees2020	unchecked			
2055	NeriRingeReview	unchecked			
2055	Nielsen2001	unchecked			
2055	Orel2003	unchecked			
2055	Pierce1999	unchecked			
2055	Pierce2003	unchecked			
2055	Pierce2006	unchecked			
2055	Pokorny1959	unchecked			
2055	Polome1967	unchecked			
2055	Polome1994	unchecked			
2055	Repansek2012	unchecked			
2055	Rice1994	unchecked			
2055	Ringe1984	unchecked			
2055	Ringe2017	unchecked			
2055	RingeTaylor2014	unchecked			
2055	Seebold1970	unchecked			
2055	SieversBrunner1965	unchecked			
2055	StauslandJohnsen2015	unchecked			
2055	Stiles1985	unchecked			
2055	Stiles1986a	unchecked			
2055	Stiles1986b	unchecked			
2055	Stiles2012	unchecked			
2055	Stiles2017	unchecked			
2055	Streitberg1896	unchecked			
2055	Sweet1953	unchecked			
2055	Thorhallsdottir1993	unchecked			
2055	Toon1992	unchecked			
2055	Versloot2017	unchecked			
2055	Versloot2021	unchecked			
2055	Versloot2025	unchecked			
2055	Vine2019	unchecked			
2055	Waxenberger2019	unchecked			
2055	WrightWuelcker1884	unchecked			
2055	vanHelten1905	unchecked			
2056	Adamczyk2001	unchecked			
2056	Bammesberger1990	unchecked			
2056	Bammesberger1992	unchecked			
2056	Bammesberger1997	unchecked			
2056	Beekes2010	unchecked			
2056	Bennett1950	unchecked			
2056	BosworthToller1898	unchecked			
2056	Bremmer2008	unchecked			
2056	Bremmer2009	unchecked			
2056	Bright1917	unchecked			
2056	Bulbring1902	unchecked			
2056	CaedmonsHymnVitt1452	unchecked			
2056	Campbell1939	unchecked			
2056	Campbell1959	unchecked			
2056	Cercignani1979	unchecked			
2056	Cercignani1980	unchecked			
2056	ClarkHall1960	unchecked			
2056	Crist2001	unchecked			
2056	Crist2002	unchecked			
2056	Erdmann1972	unchecked			
2056	Fulk2018	unchecked			
2056	GermanicSlavicBaltic2025	unchecked			
2056	Goblirsch1991	unchecked			
2056	Hamp1990	unchecked			
2056	Hirt1931	unchecked			
2056	Hogg1979	unchecked			
2056	HoggGrammar2011	unchecked			
2056	HoggIntroduction1992	unchecked			
2056	HoggPhonology1992	unchecked			
2056	HowellSalmons1988	unchecked			
2056	Kaluza1900	unchecked			
2056	Kastovsky1992	unchecked			
2056	Kilday2024	unchecked			
2056	KlugeSeebold2011	unchecked			
2056	Kortlandt2008	unchecked			
2056	Kroonen2006	unchecked			
2056	Kroonen2011	unchecked			
2056	Kroonen2013	unchecked			
2056	Kylstra1983	unchecked			
2056	Laker2007	unchecked			
2056	Lid1952	unchecked			
2056	Lloyd1966	unchecked			
2056	LloydSpringer1988	unchecked			
2056	Luehr1993	unchecked			
2056	Luick1914	unchecked			
2056	Mayrhofer1992	unchecked			
2056	Mees2020	unchecked			
2056	NeriRingeReview	unchecked			
2056	Nielsen2001	unchecked			
2056	Orel2003	unchecked			
2056	Pierce1999	unchecked			
2056	Pierce2003	unchecked			
2056	Pierce2006	unchecked			
2056	Pokorny1959	unchecked			
2056	Polome1967	unchecked			
2056	Polome1994	unchecked			
2056	Repansek2012	unchecked			
2056	Rice1994	unchecked			
2056	Ringe1984	unchecked			
2056	Ringe2017	unchecked			
2056	RingeTaylor2014	unchecked			
2056	Seebold1970	unchecked			
2056	SieversBrunner1965	unchecked			
2056	StauslandJohnsen2015	unchecked			
2056	Stiles1985	unchecked			
2056	Stiles1986a	unchecked			
2056	Stiles1986b	unchecked			
2056	Stiles2012	unchecked			
2056	Stiles2017	unchecked			
2056	Streitberg1896	unchecked			
2056	Sweet1953	unchecked			
2056	Thorhallsdottir1993	unchecked			
2056	Toon1992	unchecked			
2056	Versloot2017	unchecked			
2056	Versloot2021	unchecked			
2056	Versloot2025	unchecked			
2056	Vine2019	unchecked			
2056	Waxenberger2019	unchecked			
2056	WrightWuelcker1884	unchecked			
2056	vanHelten1905	unchecked			
2057	Adamczyk2001	unchecked			
2057	Bammesberger1990	unchecked			
2057	Bammesberger1992	unchecked			
2057	Bammesberger1997	unchecked			
2057	Beekes2010	unchecked			
2057	Bennett1950	unchecked			
2057	BosworthToller1898	unchecked			
2057	Bremmer2008	unchecked			
2057	Bremmer2009	unchecked			
2057	Bright1917	unchecked			
2057	Bulbring1902	unchecked			
2057	CaedmonsHymnVitt1452	unchecked			
2057	Campbell1939	unchecked			
2057	Campbell1959	unchecked			
2057	Cercignani1979	unchecked			
2057	Cercignani1980	unchecked			
2057	ClarkHall1960	unchecked			
2057	Crist2001	unchecked			
2057	Crist2002	unchecked			
2057	Erdmann1972	unchecked			
2057	Fulk2018	unchecked			
2057	GermanicSlavicBaltic2025	unchecked			
2057	Goblirsch1991	unchecked			
2057	Hamp1990	unchecked			
2057	Hirt1931	unchecked			
2057	Hogg1979	unchecked			
2057	HoggGrammar2011	unchecked			
2057	HoggIntroduction1992	unchecked			
2057	HoggPhonology1992	unchecked			
2057	HowellSalmons1988	unchecked			
2057	Kaluza1900	unchecked			
2057	Kastovsky1992	unchecked			
2057	Kilday2024	unchecked			
2057	KlugeSeebold2011	unchecked			
2057	Kortlandt2008	unchecked			
2057	Kroonen2006	unchecked			
2057	Kroonen2011	unchecked			
2057	Kroonen2013	unchecked			
2057	Kylstra1983	unchecked			
2057	Laker2007	unchecked			
2057	Lid1952	unchecked			
2057	Lloyd1966	unchecked			
2057	LloydSpringer1988	unchecked			
2057	Luehr1993	unchecked			
2057	Luick1914	unchecked			
2057	Mayrhofer1992	unchecked			
2057	Mees2020	unchecked			
2057	NeriRingeReview	unchecked			
2057	Nielsen2001	unchecked			
2057	Orel2003	unchecked			
2057	Pierce1999	unchecked			
2057	Pierce2003	unchecked			
2057	Pierce2006	unchecked			
2057	Pokorny1959	unchecked			
2057	Polome1967	unchecked			
2057	Polome1994	unchecked			
2057	Repansek2012	unchecked			
2057	Rice1994	unchecked			
2057	Ringe1984	unchecked			
2057	Ringe2017	unchecked			
2057	RingeTaylor2014	unchecked			
2057	Seebold1970	unchecked			
2057	SieversBrunner1965	unchecked			
2057	StauslandJohnsen2015	unchecked			
2057	Stiles1985	unchecked			
2057	Stiles1986a	unchecked			
2057	Stiles1986b	unchecked			
2057	Stiles2012	unchecked			
2057	Stiles2017	unchecked			
2057	Streitberg1896	unchecked			
2057	Sweet1953	unchecked			
2057	Thorhallsdottir1993	unchecked			
2057	Toon1992	unchecked			
2057	Versloot2017	unchecked			
2057	Versloot2021	unchecked			
2057	Versloot2025	unchecked			
2057	Vine2019	unchecked			
2057	Waxenberger2019	unchecked			
2057	WrightWuelcker1884	unchecked			
2057	vanHelten1905	unchecked			
2058	Adamczyk2001	unchecked			
2058	Bammesberger1990	unchecked			
2058	Bammesberger1992	unchecked			
2058	Bammesberger1997	unchecked			
2058	Beekes2010	unchecked			
2058	Bennett1950	unchecked			
2058	BosworthToller1898	unchecked			
2058	Bremmer2008	unchecked			
2058	Bremmer2009	unchecked			
2058	Bright1917	unchecked			
2058	Bulbring1902	unchecked			
2058	CaedmonsHymnVitt1452	unchecked			
2058	Campbell1939	unchecked			
2058	Campbell1959	unchecked			
2058	Cercignani1979	unchecked			
2058	Cercignani1980	unchecked			
2058	ClarkHall1960	unchecked			
2058	Crist2001	unchecked			
2058	Crist2002	unchecked			
2058	Erdmann1972	unchecked			
2058	Fulk2018	unchecked			
2058	GermanicSlavicBaltic2025	unchecked			
2058	Goblirsch1991	unchecked			
2058	Hamp1990	unchecked			
2058	Hirt1931	unchecked			
2058	Hogg1979	unchecked			
2058	HoggGrammar2011	unchecked			
2058	HoggIntroduction1992	unchecked			
2058	HoggPhonology1992	unchecked			
2058	HowellSalmons1988	unchecked			
2058	Kaluza1900	unchecked			
2058	Kastovsky1992	unchecked			
2058	Kilday2024	unchecked			
2058	KlugeSeebold2011	unchecked			
2058	Kortlandt2008	unchecked			
2058	Kroonen2006	unchecked			
2058	Kroonen2011	unchecked			
2058	Kroonen2013	unchecked			
2058	Kylstra1983	unchecked			
2058	Laker2007	unchecked			
2058	Lid1952	unchecked			
2058	Lloyd1966	unchecked			
2058	LloydSpringer1988	unchecked			
2058	Luehr1993	unchecked			
2058	Luick1914	unchecked			
2058	Mayrhofer1992	unchecked			
2058	Mees2020	unchecked			
2058	NeriRingeReview	unchecked			
2058	Nielsen2001	unchecked			
2058	Orel2003	unchecked			
2058	Pierce1999	unchecked			
2058	Pierce2003	unchecked			
2058	Pierce2006	unchecked			
2058	Pokorny1959	unchecked			
2058	Polome1967	unchecked			
2058	Polome1994	unchecked			
2058	Repansek2012	unchecked			
2058	Rice1994	unchecked			
2058	Ringe1984	unchecked			
2058	Ringe2017	unchecked			
2058	RingeTaylor2014	unchecked			
2058	Seebold1970	unchecked			
2058	SieversBrunner1965	unchecked			
2058	StauslandJohnsen2015	unchecked			
2058	Stiles1985	unchecked			
2058	Stiles1986a	unchecked			
2058	Stiles1986b	unchecked			
2058	Stiles2012	unchecked			
2058	Stiles2017	unchecked			
2058	Streitberg1896	unchecked			
2058	Sweet1953	unchecked			
2058	Thorhallsdottir1993	unchecked			
2058	Toon1992	unchecked			
2058	Versloot2017	unchecked			
2058	Versloot2021	unchecked			
2058	Versloot2025	unchecked			
2058	Vine2019	unchecked			
2058	Waxenberger2019	unchecked			
2058	WrightWuelcker1884	unchecked			
2058	vanHelten1905	unchecked			
2059	Adamczyk2001	unchecked			
2059	Bammesberger1990	unchecked			
2059	Bammesberger1992	unchecked			
2059	Bammesberger1997	unchecked			
2059	Beekes2010	unchecked			
2059	Bennett1950	unchecked			
2059	BosworthToller1898	unchecked			
2059	Bremmer2008	unchecked			
2059	Bremmer2009	unchecked			
2059	Bright1917	unchecked			
2059	Bulbring1902	unchecked			
2059	CaedmonsHymnVitt1452	unchecked			
2059	Campbell1939	unchecked			
2059	Campbell1959	unchecked			
2059	Cercignani1979	unchecked			
2059	Cercignani1980	unchecked			
2059	ClarkHall1960	unchecked			
2059	Crist2001	unchecked			
2059	Crist2002	unchecked			
2059	Erdmann1972	unchecked			
2059	Fulk2018	unchecked			
2059	GermanicSlavicBaltic2025	unchecked			
2059	Goblirsch1991	unchecked			
2059	Hamp1990	unchecked			
2059	Hirt1931	unchecked			
2059	Hogg1979	unchecked			
2059	HoggGrammar2011	unchecked			
2059	HoggIntroduction1992	unchecked			
2059	HoggPhonology1992	unchecked			
2059	HowellSalmons1988	unchecked			
2059	Kaluza1900	unchecked			
2059	Kastovsky1992	unchecked			
2059	Kilday2024	unchecked			
2059	KlugeSeebold2011	unchecked			
2059	Kortlandt2008	unchecked			
2059	Kroonen2006	unchecked			
2059	Kroonen2011	unchecked			
2059	Kroonen2013	unchecked			
2059	Kylstra1983	unchecked			
2059	Laker2007	unchecked			
2059	Lid1952	unchecked			
2059	Lloyd1966	unchecked			
2059	LloydSpringer1988	unchecked			
2059	Luehr1993	unchecked			
2059	Luick1914	unchecked			
2059	Mayrhofer1992	unchecked			
2059	Mees2020	unchecked			
2059	NeriRingeReview	unchecked			
2059	Nielsen2001	unchecked			
2059	Orel2003	unchecked			
2059	Pierce1999	unchecked			
2059	Pierce2003	unchecked			
2059	Pierce2006	unchecked			
2059	Pokorny1959	unchecked			
2059	Polome1967	unchecked			
2059	Polome1994	unchecked			
2059	Repansek2012	unchecked			
2059	Rice1994	unchecked			
2059	Ringe1984	unchecked			
2059	Ringe2017	unchecked			
2059	RingeTaylor2014	unchecked			
2059	Seebold1970	unchecked			
2059	SieversBrunner1965	unchecked			
2059	StauslandJohnsen2015	unchecked			
2059	Stiles1985	unchecked			
2059	Stiles1986a	unchecked			
2059	Stiles1986b	unchecked			
2059	Stiles2012	unchecked			
2059	Stiles2017	unchecked			
2059	Streitberg1896	unchecked			
2059	Sweet1953	unchecked			
2059	Thorhallsdottir1993	unchecked			
2059	Toon1992	unchecked			
2059	Versloot2017	unchecked			
2059	Versloot2021	unchecked			
2059	Versloot2025	unchecked			
2059	Vine2019	unchecked			
2059	Waxenberger2019	unchecked			
2059	WrightWuelcker1884	unchecked			
2059	vanHelten1905	unchecked			
2060	Adamczyk2001	unchecked			
2060	Bammesberger1990	unchecked			
2060	Bammesberger1992	unchecked			
2060	Bammesberger1997	unchecked			
2060	Beekes2010	unchecked			
2060	Bennett1950	unchecked			
2060	BosworthToller1898	unchecked			
2060	Bremmer2008	unchecked			
2060	Bremmer2009	unchecked			
2060	Bright1917	unchecked			
2060	Bulbring1902	unchecked			
2060	CaedmonsHymnVitt1452	unchecked			
2060	Campbell1939	unchecked			
2060	Campbell1959	unchecked			
2060	Cercignani1979	unchecked			
2060	Cercignani1980	unchecked			
2060	ClarkHall1960	unchecked			
2060	Crist2001	unchecked			
2060	Crist2002	unchecked			
2060	Erdmann1972	unchecked			
2060	Fulk2018	unchecked			
2060	GermanicSlavicBaltic2025	unchecked			
2060	Goblirsch1991	unchecked			
2060	Hamp1990	unchecked			
2060	Hirt1931	unchecked			
2060	Hogg1979	unchecked			
2060	HoggGrammar2011	unchecked			
2060	HoggIntroduction1992	unchecked			
2060	HoggPhonology1992	unchecked			
2060	HowellSalmons1988	unchecked			
2060	Kaluza1900	unchecked			
2060	Kastovsky1992	unchecked			
2060	Kilday2024	unchecked			
2060	KlugeSeebold2011	unchecked			
2060	Kortlandt2008	unchecked			
2060	Kroonen2006	unchecked			
2060	Kroonen2011	unchecked			
2060	Kroonen2013	unchecked			
2060	Kylstra1983	unchecked			
2060	Laker2007	unchecked			
2060	Lid1952	unchecked			
2060	Lloyd1966	unchecked			
2060	LloydSpringer1988	unchecked			
2060	Luehr1993	unchecked			
2060	Luick1914	unchecked			
2060	Mayrhofer1992	unchecked			
2060	Mees2020	unchecked			
2060	NeriRingeReview	unchecked			
2060	Nielsen2001	unchecked			
2060	Orel2003	unchecked			
2060	Pierce1999	unchecked			
2060	Pierce2003	unchecked			
2060	Pierce2006	unchecked			
2060	Pokorny1959	unchecked			
2060	Polome1967	unchecked			
2060	Polome1994	unchecked			
2060	Repansek2012	unchecked			
2060	Rice1994	unchecked			
2060	Ringe1984	unchecked			
2060	Ringe2017	unchecked			
2060	RingeTaylor2014	unchecked			
2060	Seebold1970	unchecked			
2060	SieversBrunner1965	unchecked			
2060	StauslandJohnsen2015	unchecked			
2060	Stiles1985	unchecked			
2060	Stiles1986a	unchecked			
2060	Stiles1986b	unchecked			
2060	Stiles2012	unchecked			
2060	Stiles2017	unchecked			
2060	Streitberg1896	unchecked			
2060	Sweet1953	unchecked			
2060	Thorhallsdottir1993	unchecked			
2060	Toon1992	unchecked			
2060	Versloot2017	unchecked			
2060	Versloot2021	unchecked			
2060	Versloot2025	unchecked			
2060	Vine2019	unchecked			
2060	Waxenberger2019	unchecked			
2060	WrightWuelcker1884	unchecked			
2060	vanHelten1905	unchecked			
2061	Adamczyk2001	unchecked			
2061	Bammesberger1990	unchecked			
2061	Bammesberger1992	unchecked			
2061	Bammesberger1997	unchecked			
2061	Beekes2010	unchecked			
2061	Bennett1950	unchecked			
2061	BosworthToller1898	unchecked			
2061	Bremmer2008	unchecked			
2061	Bremmer2009	unchecked			
2061	Bright1917	unchecked			
2061	Bulbring1902	unchecked			
2061	CaedmonsHymnVitt1452	unchecked			
2061	Campbell1939	unchecked			
2061	Campbell1959	unchecked			
2061	Cercignani1979	unchecked			
2061	Cercignani1980	unchecked			
2061	ClarkHall1960	unchecked			
2061	Crist2001	unchecked			
2061	Crist2002	unchecked			
2061	Erdmann1972	unchecked			
2061	Fulk2018	unchecked			
2061	GermanicSlavicBaltic2025	unchecked			
2061	Goblirsch1991	unchecked			
2061	Hamp1990	unchecked			
2061	Hirt1931	unchecked			
2061	Hogg1979	unchecked			
2061	HoggGrammar2011	unchecked			
2061	HoggIntroduction1992	unchecked			
2061	HoggPhonology1992	unchecked			
2061	HowellSalmons1988	unchecked			
2061	Kaluza1900	unchecked			
2061	Kastovsky1992	unchecked			
2061	Kilday2024	unchecked			
2061	KlugeSeebold2011	unchecked			
2061	Kortlandt2008	unchecked			
2061	Kroonen2006	unchecked			
2061	Kroonen2011	unchecked			
2061	Kroonen2013	unchecked			
2061	Kylstra1983	unchecked			
2061	Laker2007	unchecked			
2061	Lid1952	unchecked			
2061	Lloyd1966	unchecked			
2061	LloydSpringer1988	unchecked			
2061	Luehr1993	unchecked			
2061	Luick1914	unchecked			
2061	Mayrhofer1992	unchecked			
2061	Mees2020	unchecked			
2061	NeriRingeReview	unchecked			
2061	Nielsen2001	unchecked			
2061	Orel2003	unchecked			
2061	Pierce1999	unchecked			
2061	Pierce2003	unchecked			
2061	Pierce2006	unchecked			
2061	Pokorny1959	unchecked			
2061	Polome1967	unchecked			
2061	Polome1994	unchecked			
2061	Repansek2012	unchecked			
2061	Rice1994	unchecked			
2061	Ringe1984	unchecked			
2061	Ringe2017	unchecked			
2061	RingeTaylor2014	unchecked			
2061	Seebold1970	unchecked			
2061	SieversBrunner1965	unchecked			
2061	StauslandJohnsen2015	unchecked			
2061	Stiles1985	unchecked			
2061	Stiles1986a	unchecked			
2061	Stiles1986b	unchecked			
2061	Stiles2012	unchecked			
2061	Stiles2017	unchecked			
2061	Streitberg1896	unchecked			
2061	Sweet1953	unchecked			
2061	Thorhallsdottir1993	unchecked			
2061	Toon1992	unchecked			
2061	Versloot2017	unchecked			
2061	Versloot2021	unchecked			
2061	Versloot2025	unchecked			
2061	Vine2019	unchecked			
2061	Waxenberger2019	unchecked			
2061	WrightWuelcker1884	unchecked			
2061	vanHelten1905	unchecked			
2062	Adamczyk2001	unchecked			
2062	Bammesberger1990	unchecked			
2062	Bammesberger1992	unchecked			
2062	Bammesberger1997	unchecked			
2062	Beekes2010	unchecked			
2062	Bennett1950	unchecked			
2062	BosworthToller1898	unchecked			
2062	Bremmer2008	unchecked			
2062	Bremmer2009	unchecked			
2062	Bright1917	unchecked			
2062	Bulbring1902	unchecked			
2062	CaedmonsHymnVitt1452	unchecked			
2062	Campbell1939	unchecked			
2062	Campbell1959	unchecked			
2062	Cercignani1979	unchecked			
2062	Cercignani1980	unchecked			
2062	ClarkHall1960	unchecked			
2062	Crist2001	unchecked			
2062	Crist2002	unchecked			
2062	Erdmann1972	unchecked			
2062	Fulk2018	unchecked			
2062	GermanicSlavicBaltic2025	unchecked			
2062	Goblirsch1991	unchecked			
2062	Hamp1990	unchecked			
2062	Hirt1931	unchecked			
2062	Hogg1979	unchecked			
2062	HoggGrammar2011	unchecked			
2062	HoggIntroduction1992	unchecked			
2062	HoggPhonology1992	unchecked			
2062	HowellSalmons1988	unchecked			
2062	Kaluza1900	unchecked			
2062	Kastovsky1992	unchecked			
2062	Kilday2024	unchecked			
2062	KlugeSeebold2011	unchecked			
2062	Kortlandt2008	unchecked			
2062	Kroonen2006	unchecked			
2062	Kroonen2011	unchecked			
2062	Kroonen2013	unchecked			
2062	Kylstra1983	unchecked			
2062	Laker2007	unchecked			
2062	Lid1952	unchecked			
2062	Lloyd1966	unchecked			
2062	LloydSpringer1988	unchecked			
2062	Luehr1993	unchecked			
2062	Luick1914	unchecked			
2062	Mayrhofer1992	unchecked			
2062	Mees2020	unchecked			
2062	NeriRingeReview	unchecked			
2062	Nielsen2001	unchecked			
2062	Orel2003	unchecked			
2062	Pierce1999	unchecked			
2062	Pierce2003	unchecked			
2062	Pierce2006	unchecked			
2062	Pokorny1959	unchecked			
2062	Polome1967	unchecked			
2062	Polome1994	unchecked			
2062	Repansek2012	unchecked			
2062	Rice1994	unchecked			
2062	Ringe1984	unchecked			
2062	Ringe2017	unchecked			
2062	RingeTaylor2014	unchecked			
2062	Seebold1970	unchecked			
2062	SieversBrunner1965	unchecked			
2062	StauslandJohnsen2015	unchecked			
2062	Stiles1985	unchecked			
2062	Stiles1986a	unchecked			
2062	Stiles1986b	unchecked			
2062	Stiles2012	unchecked			
2062	Stiles2017	unchecked			
2062	Streitberg1896	unchecked			
2062	Sweet1953	unchecked			
2062	Thorhallsdottir1993	unchecked			
2062	Toon1992	unchecked			
2062	Versloot2017	unchecked			
2062	Versloot2021	unchecked			
2062	Versloot2025	unchecked			
2062	Vine2019	unchecked			
2062	Waxenberger2019	unchecked			
2062	WrightWuelcker1884	unchecked			
2062	vanHelten1905	unchecked			
2063	Adamczyk2001	unchecked			
2063	Bammesberger1990	unchecked			
2063	Bammesberger1992	unchecked			
2063	Bammesberger1997	unchecked			
2063	Beekes2010	unchecked			
2063	Bennett1950	unchecked			
2063	BosworthToller1898	unchecked			
2063	Bremmer2008	unchecked			
2063	Bremmer2009	unchecked			
2063	Bright1917	unchecked			
2063	Bulbring1902	unchecked			
2063	CaedmonsHymnVitt1452	unchecked			
2063	Campbell1939	unchecked			
2063	Campbell1959	unchecked			
2063	Cercignani1979	unchecked			
2063	Cercignani1980	unchecked			
2063	ClarkHall1960	unchecked			
2063	Crist2001	unchecked			
2063	Crist2002	unchecked			
2063	Erdmann1972	unchecked			
2063	Fulk2018	unchecked			
2063	GermanicSlavicBaltic2025	unchecked			
2063	Goblirsch1991	unchecked			
2063	Hamp1990	unchecked			
2063	Hirt1931	unchecked			
2063	Hogg1979	unchecked			
2063	HoggGrammar2011	unchecked			
2063	HoggIntroduction1992	unchecked			
2063	HoggPhonology1992	unchecked			
2063	HowellSalmons1988	unchecked			
2063	Kaluza1900	unchecked			
2063	Kastovsky1992	unchecked			
2063	Kilday2024	unchecked			
2063	KlugeSeebold2011	unchecked			
2063	Kortlandt2008	unchecked			
2063	Kroonen2006	unchecked			
2063	Kroonen2011	unchecked			
2063	Kroonen2013	unchecked			
2063	Kylstra1983	unchecked			
2063	Laker2007	unchecked			
2063	Lid1952	unchecked			
2063	Lloyd1966	unchecked			
2063	LloydSpringer1988	unchecked			
2063	Luehr1993	unchecked			
2063	Luick1914	unchecked			
2063	Mayrhofer1992	unchecked			
2063	Mees2020	unchecked			
2063	NeriRingeReview	unchecked			
2063	Nielsen2001	unchecked			
2063	Orel2003	unchecked			
2063	Pierce1999	unchecked			
2063	Pierce2003	unchecked			
2063	Pierce2006	unchecked			
2063	Pokorny1959	unchecked			
2063	Polome1967	unchecked			
2063	Polome1994	unchecked			
2063	Repansek2012	unchecked			
2063	Rice1994	unchecked			
2063	Ringe1984	unchecked			
2063	Ringe2017	unchecked			
2063	RingeTaylor2014	unchecked			
2063	Seebold1970	unchecked			
2063	SieversBrunner1965	unchecked			
2063	StauslandJohnsen2015	unchecked			
2063	Stiles1985	unchecked			
2063	Stiles1986a	unchecked			
2063	Stiles1986b	unchecked			
2063	Stiles2012	unchecked			
2063	Stiles2017	unchecked			
2063	Streitberg1896	unchecked			
2063	Sweet1953	unchecked			
2063	Thorhallsdottir1993	unchecked			
2063	Toon1992	unchecked			
2063	Versloot2017	unchecked			
2063	Versloot2021	unchecked			
2063	Versloot2025	unchecked			
2063	Vine2019	unchecked			
2063	Waxenberger2019	unchecked			
2063	WrightWuelcker1884	unchecked			
2063	vanHelten1905	unchecked			
2064	Adamczyk2001	unchecked			
2064	Bammesberger1990	unchecked			
2064	Bammesberger1992	unchecked			
2064	Bammesberger1997	unchecked			
2064	Beekes2010	unchecked			
2064	Bennett1950	unchecked			
2064	BosworthToller1898	unchecked			
2064	Bremmer2008	unchecked			
2064	Bremmer2009	unchecked			
2064	Bright1917	unchecked			
2064	Bulbring1902	unchecked			
2064	CaedmonsHymnVitt1452	unchecked			
2064	Campbell1939	unchecked			
2064	Campbell1959	unchecked			
2064	Cercignani1979	unchecked			
2064	Cercignani1980	unchecked			
2064	ClarkHall1960	unchecked			
2064	Crist2001	unchecked			
2064	Crist2002	unchecked			
2064	Erdmann1972	unchecked			
2064	Fulk2018	unchecked			
2064	GermanicSlavicBaltic2025	unchecked			
2064	Goblirsch1991	unchecked			
2064	Hamp1990	unchecked			
2064	Hirt1931	unchecked			
2064	Hogg1979	unchecked			
2064	HoggGrammar2011	unchecked			
2064	HoggIntroduction1992	unchecked			
2064	HoggPhonology1992	unchecked			
2064	HowellSalmons1988	unchecked			
2064	Kaluza1900	unchecked			
2064	Kastovsky1992	unchecked			
2064	Kilday2024	unchecked			
2064	KlugeSeebold2011	unchecked			
2064	Kortlandt2008	unchecked			
2064	Kroonen2006	unchecked			
2064	Kroonen2011	unchecked			
2064	Kroonen2013	unchecked			
2064	Kylstra1983	unchecked			
2064	Laker2007	unchecked			
2064	Lid1952	unchecked			
2064	Lloyd1966	unchecked			
2064	LloydSpringer1988	unchecked			
2064	Luehr1993	unchecked			
2064	Luick1914	unchecked			
2064	Mayrhofer1992	unchecked			
2064	Mees2020	unchecked			
2064	NeriRingeReview	unchecked			
2064	Nielsen2001	unchecked			
2064	Orel2003	unchecked			
2064	Pierce1999	unchecked			
2064	Pierce2003	unchecked			
2064	Pierce2006	unchecked			
2064	Pokorny1959	unchecked			
2064	Polome1967	unchecked			
2064	Polome1994	unchecked			
2064	Repansek2012	unchecked			
2064	Rice1994	unchecked			
2064	Ringe1984	unchecked			
2064	Ringe2017	unchecked			
2064	RingeTaylor2014	unchecked			
2064	Seebold1970	unchecked			
2064	SieversBrunner1965	unchecked			
2064	StauslandJohnsen2015	unchecked			
2064	Stiles1985	unchecked			
2064	Stiles1986a	unchecked			
2064	Stiles1986b	unchecked			
2064	Stiles2012	unchecked			
2064	Stiles2017	unchecked			
2064	Streitberg1896	unchecked			
2064	Sweet1953	unchecked			
2064	Thorhallsdottir1993	unchecked			
2064	Toon1992	unchecked			
2064	Versloot2017	unchecked			
2064	Versloot2021	unchecked			
2064	Versloot2025	unchecked			
2064	Vine2019	unchecked			
2064	Waxenberger2019	unchecked			
2064	WrightWuelcker1884	unchecked			
2064	vanHelten1905	unchecked			
2065	Adamczyk2001	unchecked			
2065	Bammesberger1990	unchecked			
2065	Bammesberger1992	unchecked			
2065	Bammesberger1997	unchecked			
2065	Beekes2010	unchecked			
2065	Bennett1950	unchecked			
2065	BosworthToller1898	unchecked			
2065	Bremmer2008	unchecked			
2065	Bremmer2009	unchecked			
2065	Bright1917	unchecked			
2065	Bulbring1902	unchecked			
2065	CaedmonsHymnVitt1452	unchecked			
2065	Campbell1939	unchecked			
2065	Campbell1959	unchecked			
2065	Cercignani1979	unchecked			
2065	Cercignani1980	unchecked			
2065	ClarkHall1960	unchecked			
2065	Crist2001	unchecked			
2065	Crist2002	unchecked			
2065	Erdmann1972	unchecked			
2065	Fulk2018	unchecked			
2065	GermanicSlavicBaltic2025	unchecked			
2065	Goblirsch1991	unchecked			
2065	Hamp1990	unchecked			
2065	Hirt1931	unchecked			
2065	Hogg1979	unchecked			
2065	HoggGrammar2011	unchecked			
2065	HoggIntroduction1992	unchecked			
2065	HoggPhonology1992	unchecked			
2065	HowellSalmons1988	unchecked			
2065	Kaluza1900	unchecked			
2065	Kastovsky1992	unchecked			
2065	Kilday2024	unchecked			
2065	KlugeSeebold2011	unchecked			
2065	Kortlandt2008	unchecked			
2065	Kroonen2006	unchecked			
2065	Kroonen2011	unchecked			
2065	Kroonen2013	unchecked			
2065	Kylstra1983	unchecked			
2065	Laker2007	unchecked			
2065	Lid1952	unchecked			
2065	Lloyd1966	unchecked			
2065	LloydSpringer1988	unchecked			
2065	Luehr1993	unchecked			
2065	Luick1914	unchecked			
2065	Mayrhofer1992	unchecked			
2065	Mees2020	unchecked			
2065	NeriRingeReview	unchecked			
2065	Nielsen2001	unchecked			
2065	Orel2003	unchecked			
2065	Pierce1999	unchecked			
2065	Pierce2003	unchecked			
2065	Pierce2006	unchecked			
2065	Pokorny1959	unchecked			
2065	Polome1967	unchecked			
2065	Polome1994	unchecked			
2065	Repansek2012	unchecked			
2065	Rice1994	unchecked			
2065	Ringe1984	unchecked			
2065	Ringe2017	unchecked			
2065	RingeTaylor2014	unchecked			
2065	Seebold1970	unchecked			
2065	SieversBrunner1965	unchecked			
2065	StauslandJohnsen2015	unchecked			
2065	Stiles1985	unchecked			
2065	Stiles1986a	unchecked			
2065	Stiles1986b	unchecked			
2065	Stiles2012	unchecked			
2065	Stiles2017	unchecked			
2065	Streitberg1896	unchecked			
2065	Sweet1953	unchecked			
2065	Thorhallsdottir1993	unchecked			
2065	Toon1992	unchecked			
2065	Versloot2017	unchecked			
2065	Versloot2021	unchecked			
2065	Versloot2025	unchecked			
2065	Vine2019	unchecked			
2065	Waxenberger2019	unchecked			
2065	WrightWuelcker1884	unchecked			
2065	vanHelten1905	unchecked			
2066	Adamczyk2001	unchecked			
2066	Bammesberger1990	unchecked			
2066	Bammesberger1992	unchecked			
2066	Bammesberger1997	unchecked			
2066	Beekes2010	unchecked			
2066	Bennett1950	unchecked			
2066	BosworthToller1898	unchecked			
2066	Bremmer2008	unchecked			
2066	Bremmer2009	unchecked			
2066	Bright1917	unchecked			
2066	Bulbring1902	unchecked			
2066	CaedmonsHymnVitt1452	unchecked			
2066	Campbell1939	unchecked			
2066	Campbell1959	unchecked			
2066	Cercignani1979	unchecked			
2066	Cercignani1980	unchecked			
2066	ClarkHall1960	unchecked			
2066	Crist2001	unchecked			
2066	Crist2002	unchecked			
2066	Erdmann1972	unchecked			
2066	Fulk2018	unchecked			
2066	GermanicSlavicBaltic2025	unchecked			
2066	Goblirsch1991	unchecked			
2066	Hamp1990	unchecked			
2066	Hirt1931	unchecked			
2066	Hogg1979	unchecked			
2066	HoggGrammar2011	unchecked			
2066	HoggIntroduction1992	unchecked			
2066	HoggPhonology1992	unchecked			
2066	HowellSalmons1988	unchecked			
2066	Kaluza1900	unchecked			
2066	Kastovsky1992	unchecked			
2066	Kilday2024	unchecked			
2066	KlugeSeebold2011	unchecked			
2066	Kortlandt2008	unchecked			
2066	Kroonen2006	unchecked			
2066	Kroonen2011	unchecked			
2066	Kroonen2013	unchecked			
2066	Kylstra1983	unchecked			
2066	Laker2007	unchecked			
2066	Lid1952	unchecked			
2066	Lloyd1966	unchecked			
2066	LloydSpringer1988	unchecked			
2066	Luehr1993	unchecked			
2066	Luick1914	unchecked			
2066	Mayrhofer1992	unchecked			
2066	Mees2020	unchecked			
2066	NeriRingeReview	unchecked			
2066	Nielsen2001	unchecked			
2066	Orel2003	unchecked			
2066	Pierce1999	unchecked			
2066	Pierce2003	unchecked			
2066	Pierce2006	unchecked			
2066	Pokorny1959	unchecked			
2066	Polome1967	unchecked			
2066	Polome1994	unchecked			
2066	Repansek2012	unchecked			
2066	Rice1994	unchecked			
2066	Ringe1984	unchecked			
2066	Ringe2017	unchecked			
2066	RingeTaylor2014	unchecked			
2066	Seebold1970	unchecked			
2066	SieversBrunner1965	unchecked			
2066	StauslandJohnsen2015	unchecked			
2066	Stiles1985	unchecked			
2066	Stiles1986a	unchecked			
2066	Stiles1986b	unchecked			
2066	Stiles2012	unchecked			
2066	Stiles2017	unchecked			
2066	Streitberg1896	unchecked			
2066	Sweet1953	unchecked			
2066	Thorhallsdottir1993	unchecked			
2066	Toon1992	unchecked			
2066	Versloot2017	unchecked			
2066	Versloot2021	unchecked			
2066	Versloot2025	unchecked			
2066	Vine2019	unchecked			
2066	Waxenberger2019	unchecked			
2066	WrightWuelcker1884	unchecked			
2066	vanHelten1905	unchecked			
2067	Adamczyk2001	unchecked			
2067	Bammesberger1990	unchecked			
2067	Bammesberger1992	unchecked			
2067	Bammesberger1997	unchecked			
2067	Beekes2010	unchecked			
2067	Bennett1950	unchecked			
2067	BosworthToller1898	unchecked			
2067	Bremmer2008	unchecked			
2067	Bremmer2009	unchecked			
2067	Bright1917	unchecked			
2067	Bulbring1902	unchecked			
2067	CaedmonsHymnVitt1452	unchecked			
2067	Campbell1939	unchecked			
2067	Campbell1959	unchecked			
2067	Cercignani1979	unchecked			
2067	Cercignani1980	unchecked			
2067	ClarkHall1960	unchecked			
2067	Crist2001	unchecked			
2067	Crist2002	unchecked			
2067	Erdmann1972	unchecked			
2067	Fulk2018	unchecked			
2067	GermanicSlavicBaltic2025	unchecked			
2067	Goblirsch1991	unchecked			
2067	Hamp1990	unchecked			
2067	Hirt1931	unchecked			
2067	Hogg1979	unchecked			
2067	HoggGrammar2011	unchecked			
2067	HoggIntroduction1992	unchecked			
2067	HoggPhonology1992	unchecked			
2067	HowellSalmons1988	unchecked			
2067	Kaluza1900	unchecked			
2067	Kastovsky1992	unchecked			
2067	Kilday2024	unchecked			
2067	KlugeSeebold2011	unchecked			
2067	Kortlandt2008	unchecked			
2067	Kroonen2006	unchecked			
2067	Kroonen2011	unchecked			
2067	Kroonen2013	unchecked			
2067	Kylstra1983	unchecked			
2067	Laker2007	unchecked			
2067	Lid1952	unchecked			
2067	Lloyd1966	unchecked			
2067	LloydSpringer1988	unchecked			
2067	Luehr1993	unchecked			
2067	Luick1914	unchecked			
2067	Mayrhofer1992	unchecked			
2067	Mees2020	unchecked			
2067	NeriRingeReview	unchecked			
2067	Nielsen2001	unchecked			
2067	Orel2003	unchecked			
2067	Pierce1999	unchecked			
2067	Pierce2003	unchecked			
2067	Pierce2006	unchecked			
2067	Pokorny1959	unchecked			
2067	Polome1967	unchecked			
2067	Polome1994	unchecked			
2067	Repansek2012	unchecked			
2067	Rice1994	unchecked			
2067	Ringe1984	unchecked			
2067	Ringe2017	unchecked			
2067	RingeTaylor2014	unchecked			
2067	Seebold1970	unchecked			
2067	SieversBrunner1965	unchecked			
2067	StauslandJohnsen2015	unchecked			
2067	Stiles1985	unchecked			
2067	Stiles1986a	unchecked			
2067	Stiles1986b	unchecked			
2067	Stiles2012	unchecked			
2067	Stiles2017	unchecked			
2067	Streitberg1896	unchecked			
2067	Sweet1953	unchecked			
2067	Thorhallsdottir1993	unchecked			
2067	Toon1992	unchecked			
2067	Versloot2017	unchecked			
2067	Versloot2021	unchecked			
2067	Versloot2025	unchecked			
2067	Vine2019	unchecked			
2067	Waxenberger2019	unchecked			
2067	WrightWuelcker1884	unchecked			
2067	vanHelten1905	unchecked			
2068	Adamczyk2001	unchecked			
2068	Bammesberger1990	unchecked			
2068	Bammesberger1992	unchecked			
2068	Bammesberger1997	unchecked			
2068	Beekes2010	unchecked			
2068	Bennett1950	unchecked			
2068	BosworthToller1898	unchecked			
2068	Bremmer2008	unchecked			
2068	Bremmer2009	unchecked			
2068	Bright1917	unchecked			
2068	Bulbring1902	unchecked			
2068	CaedmonsHymnVitt1452	unchecked			
2068	Campbell1939	unchecked			
2068	Campbell1959	unchecked			
2068	Cercignani1979	unchecked			
2068	Cercignani1980	unchecked			
2068	ClarkHall1960	unchecked			
2068	Crist2001	unchecked			
2068	Crist2002	unchecked			
2068	Erdmann1972	unchecked			
2068	Fulk2018	unchecked			
2068	GermanicSlavicBaltic2025	unchecked			
2068	Goblirsch1991	unchecked			
2068	Hamp1990	unchecked			
2068	Hirt1931	unchecked			
2068	Hogg1979	unchecked			
2068	HoggGrammar2011	unchecked			
2068	HoggIntroduction1992	unchecked			
2068	HoggPhonology1992	unchecked			
2068	HowellSalmons1988	unchecked			
2068	Kaluza1900	unchecked			
2068	Kastovsky1992	unchecked			
2068	Kilday2024	unchecked			
2068	KlugeSeebold2011	unchecked			
2068	Kortlandt2008	unchecked			
2068	Kroonen2006	unchecked			
2068	Kroonen2011	unchecked			
2068	Kroonen2013	unchecked			
2068	Kylstra1983	unchecked			
2068	Laker2007	unchecked			
2068	Lid1952	unchecked			
2068	Lloyd1966	unchecked			
2068	LloydSpringer1988	unchecked			
2068	Luehr1993	unchecked			
2068	Luick1914	unchecked			
2068	Mayrhofer1992	unchecked			
2068	Mees2020	unchecked			
2068	NeriRingeReview	unchecked			
2068	Nielsen2001	unchecked			
2068	Orel2003	unchecked			
2068	Pierce1999	unchecked			
2068	Pierce2003	unchecked			
2068	Pierce2006	unchecked			
2068	Pokorny1959	unchecked			
2068	Polome1967	unchecked			
2068	Polome1994	unchecked			
2068	Repansek2012	unchecked			
2068	Rice1994	unchecked			
2068	Ringe1984	unchecked			
2068	Ringe2017	unchecked			
2068	RingeTaylor2014	unchecked			
2068	Seebold1970	unchecked			
2068	SieversBrunner1965	unchecked			
2068	StauslandJohnsen2015	unchecked			
2068	Stiles1985	unchecked			
2068	Stiles1986a	unchecked			
2068	Stiles1986b	unchecked			
2068	Stiles2012	unchecked			
2068	Stiles2017	unchecked			
2068	Streitberg1896	unchecked			
2068	Sweet1953	unchecked			
2068	Thorhallsdottir1993	unchecked			
2068	Toon1992	unchecked			
2068	Versloot2017	unchecked			
2068	Versloot2021	unchecked			
2068	Versloot2025	unchecked			
2068	Vine2019	unchecked			
2068	Waxenberger2019	unchecked			
2068	WrightWuelcker1884	unchecked			
2068	vanHelten1905	unchecked			
2069	Adamczyk2001	unchecked			
2069	Bammesberger1990	unchecked			
2069	Bammesberger1992	unchecked			
2069	Bammesberger1997	unchecked			
2069	Beekes2010	unchecked			
2069	Bennett1950	unchecked			
2069	BosworthToller1898	unchecked			
2069	Bremmer2008	unchecked			
2069	Bremmer2009	unchecked			
2069	Bright1917	unchecked			
2069	Bulbring1902	unchecked			
2069	CaedmonsHymnVitt1452	unchecked			
2069	Campbell1939	unchecked			
2069	Campbell1959	unchecked			
2069	Cercignani1979	unchecked			
2069	Cercignani1980	unchecked			
2069	ClarkHall1960	unchecked			
2069	Crist2001	unchecked			
2069	Crist2002	unchecked			
2069	Erdmann1972	unchecked			
2069	Fulk2018	unchecked			
2069	GermanicSlavicBaltic2025	unchecked			
2069	Goblirsch1991	unchecked			
2069	Hamp1990	unchecked			
2069	Hirt1931	unchecked			
2069	Hogg1979	unchecked			
2069	HoggGrammar2011	unchecked			
2069	HoggIntroduction1992	unchecked			
2069	HoggPhonology1992	unchecked			
2069	HowellSalmons1988	unchecked			
2069	Kaluza1900	unchecked			
2069	Kastovsky1992	unchecked			
2069	Kilday2024	unchecked			
2069	KlugeSeebold2011	unchecked			
2069	Kortlandt2008	unchecked			
2069	Kroonen2006	unchecked			
2069	Kroonen2011	unchecked			
2069	Kroonen2013	unchecked			
2069	Kylstra1983	unchecked			
2069	Laker2007	unchecked			
2069	Lid1952	unchecked			
2069	Lloyd1966	unchecked			
2069	LloydSpringer1988	unchecked			
2069	Luehr1993	unchecked			
2069	Luick1914	unchecked			
2069	Mayrhofer1992	unchecked			
2069	Mees2020	unchecked			
2069	NeriRingeReview	unchecked			
2069	Nielsen2001	unchecked			
2069	Orel2003	unchecked			
2069	Pierce1999	unchecked			
2069	Pierce2003	unchecked			
2069	Pierce2006	unchecked			
2069	Pokorny1959	unchecked			
2069	Polome1967	unchecked			
2069	Polome1994	unchecked			
2069	Repansek2012	unchecked			
2069	Rice1994	unchecked			
2069	Ringe1984	unchecked			
2069	Ringe2017	unchecked			
2069	RingeTaylor2014	unchecked			
2069	Seebold1970	unchecked			
2069	SieversBrunner1965	unchecked			
2069	StauslandJohnsen2015	unchecked			
2069	Stiles1985	unchecked			
2069	Stiles1986a	unchecked			
2069	Stiles1986b	unchecked			
2069	Stiles2012	unchecked			
2069	Stiles2017	unchecked			
2069	Streitberg1896	unchecked			
2069	Sweet1953	unchecked			
2069	Thorhallsdottir1993	unchecked			
2069	Toon1992	unchecked			
2069	Versloot2017	unchecked			
2069	Versloot2021	unchecked			
2069	Versloot2025	unchecked			
2069	Vine2019	unchecked			
2069	Waxenberger2019	unchecked			
2069	WrightWuelcker1884	unchecked			
2069	vanHelten1905	unchecked			
2070	Adamczyk2001	unchecked			
2070	Bammesberger1990	unchecked			
2070	Bammesberger1992	unchecked			
2070	Bammesberger1997	unchecked			
2070	Beekes2010	unchecked			
2070	Bennett1950	unchecked			
2070	BosworthToller1898	unchecked			
2070	Bremmer2008	unchecked			
2070	Bremmer2009	unchecked			
2070	Bright1917	unchecked			
2070	Bulbring1902	unchecked			
2070	CaedmonsHymnVitt1452	unchecked			
2070	Campbell1939	unchecked			
2070	Campbell1959	unchecked			
2070	Cercignani1979	unchecked			
2070	Cercignani1980	unchecked			
2070	ClarkHall1960	unchecked			
2070	Crist2001	unchecked			
2070	Crist2002	unchecked			
2070	Erdmann1972	unchecked			
2070	Fulk2018	unchecked			
2070	GermanicSlavicBaltic2025	unchecked			
2070	Goblirsch1991	unchecked			
2070	Hamp1990	unchecked			
2070	Hirt1931	unchecked			
2070	Hogg1979	unchecked			
2070	HoggGrammar2011	unchecked			
2070	HoggIntroduction1992	unchecked			
2070	HoggPhonology1992	unchecked			
2070	HowellSalmons1988	unchecked			
2070	Kaluza1900	unchecked			
2070	Kastovsky1992	unchecked			
2070	Kilday2024	unchecked			
2070	KlugeSeebold2011	unchecked			
2070	Kortlandt2008	unchecked			
2070	Kroonen2006	unchecked			
2070	Kroonen2011	unchecked			
2070	Kroonen2013	unchecked			
2070	Kylstra1983	unchecked			
2070	Laker2007	unchecked			
2070	Lid1952	unchecked			
2070	Lloyd1966	unchecked			
2070	LloydSpringer1988	unchecked			
2070	Luehr1993	unchecked			
2070	Luick1914	unchecked			
2070	Mayrhofer1992	unchecked			
2070	Mees2020	unchecked			
2070	NeriRingeReview	unchecked			
2070	Nielsen2001	unchecked			
2070	Orel2003	unchecked			
2070	Pierce1999	unchecked			
2070	Pierce2003	unchecked			
2070	Pierce2006	unchecked			
2070	Pokorny1959	unchecked			
2070	Polome1967	unchecked			
2070	Polome1994	unchecked			
2070	Repansek2012	unchecked			
2070	Rice1994	unchecked			
2070	Ringe1984	unchecked			
2070	Ringe2017	unchecked			
2070	RingeTaylor2014	unchecked			
2070	Seebold1970	unchecked			
2070	SieversBrunner1965	unchecked			
2070	StauslandJohnsen2015	unchecked			
2070	Stiles1985	unchecked			
2070	Stiles1986a	unchecked			
2070	Stiles1986b	unchecked			
2070	Stiles2012	unchecked			
2070	Stiles2017	unchecked			
2070	Streitberg1896	unchecked			
2070	Sweet1953	unchecked			
2070	Thorhallsdottir1993	unchecked			
2070	Toon1992	unchecked			
2070	Versloot2017	unchecked			
2070	Versloot2021	unchecked			
2070	Versloot2025	unchecked			
2070	Vine2019	unchecked			
2070	Waxenberger2019	unchecked			
2070	WrightWuelcker1884	unchecked			
2070	vanHelten1905	unchecked			
2071	Adamczyk2001	unchecked			
2071	Bammesberger1990	unchecked			
2071	Bammesberger1992	unchecked			
2071	Bammesberger1997	unchecked			
2071	Beekes2010	unchecked			
2071	Bennett1950	unchecked			
2071	BosworthToller1898	unchecked			
2071	Bremmer2008	unchecked			
2071	Bremmer2009	unchecked			
2071	Bright1917	unchecked			
2071	Bulbring1902	unchecked			
2071	CaedmonsHymnVitt1452	unchecked			
2071	Campbell1939	unchecked			
2071	Campbell1959	unchecked			
2071	Cercignani1979	unchecked			
2071	Cercignani1980	unchecked			
2071	ClarkHall1960	unchecked			
2071	Crist2001	unchecked			
2071	Crist2002	unchecked			
2071	Erdmann1972	unchecked			
2071	Fulk2018	unchecked			
2071	GermanicSlavicBaltic2025	unchecked			
2071	Goblirsch1991	unchecked			
2071	Hamp1990	unchecked			
2071	Hirt1931	unchecked			
2071	Hogg1979	unchecked			
2071	HoggGrammar2011	unchecked			
2071	HoggIntroduction1992	unchecked			
2071	HoggPhonology1992	unchecked			
2071	HowellSalmons1988	unchecked			
2071	Kaluza1900	unchecked			
2071	Kastovsky1992	unchecked			
2071	Kilday2024	unchecked			
2071	KlugeSeebold2011	unchecked			
2071	Kortlandt2008	unchecked			
2071	Kroonen2006	unchecked			
2071	Kroonen2011	unchecked			
2071	Kroonen2013	unchecked			
2071	Kylstra1983	unchecked			
2071	Laker2007	unchecked			
2071	Lid1952	unchecked			
2071	Lloyd1966	unchecked			
2071	LloydSpringer1988	unchecked			
2071	Luehr1993	unchecked			
2071	Luick1914	unchecked			
2071	Mayrhofer1992	unchecked			
2071	Mees2020	unchecked			
2071	NeriRingeReview	unchecked			
2071	Nielsen2001	unchecked			
2071	Orel2003	unchecked			
2071	Pierce1999	unchecked			
2071	Pierce2003	unchecked			
2071	Pierce2006	unchecked			
2071	Pokorny1959	unchecked			
2071	Polome1967	unchecked			
2071	Polome1994	unchecked			
2071	Repansek2012	unchecked			
2071	Rice1994	unchecked			
2071	Ringe1984	unchecked			
2071	Ringe2017	unchecked			
2071	RingeTaylor2014	unchecked			
2071	Seebold1970	unchecked			
2071	SieversBrunner1965	unchecked			
2071	StauslandJohnsen2015	unchecked			
2071	Stiles1985	unchecked			
2071	Stiles1986a	unchecked			
2071	Stiles1986b	unchecked			
2071	Stiles2012	unchecked			
2071	Stiles2017	unchecked			
2071	Streitberg1896	unchecked			
2071	Sweet1953	unchecked			
2071	Thorhallsdottir1993	unchecked			
2071	Toon1992	unchecked			
2071	Versloot2017	unchecked			
2071	Versloot2021	unchecked			
2071	Versloot2025	unchecked			
2071	Vine2019	unchecked			
2071	Waxenberger2019	unchecked			
2071	WrightWuelcker1884	unchecked			
2071	vanHelten1905	unchecked			
2072	Adamczyk2001	unchecked			
2072	Bammesberger1990	unchecked			
2072	Bammesberger1992	unchecked			
2072	Bammesberger1997	unchecked			
2072	Beekes2010	unchecked			
2072	Bennett1950	unchecked			
2072	BosworthToller1898	unchecked			
2072	Bremmer2008	unchecked			
2072	Bremmer2009	unchecked			
2072	Bright1917	unchecked			
2072	Bulbring1902	unchecked			
2072	CaedmonsHymnVitt1452	unchecked			
2072	Campbell1939	unchecked			
2072	Campbell1959	unchecked			
2072	Cercignani1979	unchecked			
2072	Cercignani1980	unchecked			
2072	ClarkHall1960	unchecked			
2072	Crist2001	unchecked			
2072	Crist2002	unchecked			
2072	Erdmann1972	unchecked			
2072	Fulk2018	unchecked			
2072	GermanicSlavicBaltic2025	unchecked			
2072	Goblirsch1991	unchecked			
2072	Hamp1990	unchecked			
2072	Hirt1931	unchecked			
2072	Hogg1979	unchecked			
2072	HoggGrammar2011	unchecked			
2072	HoggIntroduction1992	unchecked			
2072	HoggPhonology1992	unchecked			
2072	HowellSalmons1988	unchecked			
2072	Kaluza1900	unchecked			
2072	Kastovsky1992	unchecked			
2072	Kilday2024	unchecked			
2072	KlugeSeebold2011	unchecked			
2072	Kortlandt2008	unchecked			
2072	Kroonen2006	unchecked			
2072	Kroonen2011	unchecked			
2072	Kroonen2013	unchecked			
2072	Kylstra1983	unchecked			
2072	Laker2007	unchecked			
2072	Lid1952	unchecked			
2072	Lloyd1966	unchecked			
2072	LloydSpringer1988	unchecked			
2072	Luehr1993	unchecked			
2072	Luick1914	unchecked			
2072	Mayrhofer1992	unchecked			
2072	Mees2020	unchecked			
2072	NeriRingeReview	unchecked			
2072	Nielsen2001	unchecked			
2072	Orel2003	unchecked			
2072	Pierce1999	unchecked			
2072	Pierce2003	unchecked			
2072	Pierce2006	unchecked			
2072	Pokorny1959	unchecked			
2072	Polome1967	unchecked			
2072	Polome1994	unchecked			
2072	Repansek2012	unchecked			
2072	Rice1994	unchecked			
2072	Ringe1984	unchecked			
2072	Ringe2017	unchecked			
2072	RingeTaylor2014	unchecked			
2072	Seebold1970	unchecked			
2072	SieversBrunner1965	unchecked			
2072	StauslandJohnsen2015	unchecked			
2072	Stiles1985	unchecked			
2072	Stiles1986a	unchecked			
2072	Stiles1986b	unchecked			
2072	Stiles2012	unchecked			
2072	Stiles2017	unchecked			
2072	Streitberg1896	unchecked			
2072	Sweet1953	unchecked			
2072	Thorhallsdottir1993	unchecked			
2072	Toon1992	unchecked			
2072	Versloot2017	unchecked			
2072	Versloot2021	unchecked			
2072	Versloot2025	unchecked			
2072	Vine2019	unchecked			
2072	Waxenberger2019	unchecked			
2072	WrightWuelcker1884	unchecked			
2072	vanHelten1905	unchecked			
2073	Adamczyk2001	unchecked			
2073	Bammesberger1990	unchecked			
2073	Bammesberger1992	unchecked			
2073	Bammesberger1997	unchecked			
2073	Beekes2010	unchecked			
2073	Bennett1950	unchecked			
2073	BosworthToller1898	unchecked			
2073	Bremmer2008	unchecked			
2073	Bremmer2009	unchecked			
2073	Bright1917	unchecked			
2073	Bulbring1902	unchecked			
2073	CaedmonsHymnVitt1452	unchecked			
2073	Campbell1939	unchecked			
2073	Campbell1959	unchecked			
2073	Cercignani1979	unchecked			
2073	Cercignani1980	unchecked			
2073	ClarkHall1960	unchecked			
2073	Crist2001	unchecked			
2073	Crist2002	unchecked			
2073	Erdmann1972	unchecked			
2073	Fulk2018	unchecked			
2073	GermanicSlavicBaltic2025	unchecked			
2073	Goblirsch1991	unchecked			
2073	Hamp1990	unchecked			
2073	Hirt1931	unchecked			
2073	Hogg1979	unchecked			
2073	HoggGrammar2011	unchecked			
2073	HoggIntroduction1992	unchecked			
2073	HoggPhonology1992	unchecked			
2073	HowellSalmons1988	unchecked			
2073	Kaluza1900	unchecked			
2073	Kastovsky1992	unchecked			
2073	Kilday2024	unchecked			
2073	KlugeSeebold2011	unchecked			
2073	Kortlandt2008	unchecked			
2073	Kroonen2006	unchecked			
2073	Kroonen2011	unchecked			
2073	Kroonen2013	unchecked			
2073	Kylstra1983	unchecked			
2073	Laker2007	unchecked			
2073	Lid1952	unchecked			
2073	Lloyd1966	unchecked			
2073	LloydSpringer1988	unchecked			
2073	Luehr1993	unchecked			
2073	Luick1914	unchecked			
2073	Mayrhofer1992	unchecked			
2073	Mees2020	unchecked			
2073	NeriRingeReview	unchecked			
2073	Nielsen2001	unchecked			
2073	Orel2003	unchecked			
2073	Pierce1999	unchecked			
2073	Pierce2003	unchecked			
2073	Pierce2006	unchecked			
2073	Pokorny1959	unchecked			
2073	Polome1967	unchecked			
2073	Polome1994	unchecked			
2073	Repansek2012	unchecked			
2073	Rice1994	unchecked			
2073	Ringe1984	unchecked			
2073	Ringe2017	unchecked			
2073	RingeTaylor2014	unchecked			
2073	Seebold1970	unchecked			
2073	SieversBrunner1965	unchecked			
2073	StauslandJohnsen2015	unchecked			
2073	Stiles1985	unchecked			
2073	Stiles1986a	unchecked			
2073	Stiles1986b	unchecked			
2073	Stiles2012	unchecked			
2073	Stiles2017	unchecked			
2073	Streitberg1896	unchecked			
2073	Sweet1953	unchecked			
2073	Thorhallsdottir1993	unchecked			
2073	Toon1992	unchecked			
2073	Versloot2017	unchecked			
2073	Versloot2021	unchecked			
2073	Versloot2025	unchecked			
2073	Vine2019	unchecked			
2073	Waxenberger2019	unchecked			
2073	WrightWuelcker1884	unchecked			
2073	vanHelten1905	unchecked			
2074	Adamczyk2001	unchecked			
2074	Bammesberger1990	unchecked			
2074	Bammesberger1992	unchecked			
2074	Bammesberger1997	unchecked			
2074	Beekes2010	unchecked			
2074	Bennett1950	unchecked			
2074	BosworthToller1898	unchecked			
2074	Bremmer2008	unchecked			
2074	Bremmer2009	unchecked			
2074	Bright1917	unchecked			
2074	Bulbring1902	unchecked			
2074	CaedmonsHymnVitt1452	unchecked			
2074	Campbell1939	unchecked			
2074	Campbell1959	unchecked			
2074	Cercignani1979	unchecked			
2074	Cercignani1980	unchecked			
2074	ClarkHall1960	unchecked			
2074	Crist2001	unchecked			
2074	Crist2002	unchecked			
2074	Erdmann1972	unchecked			
2074	Fulk2018	unchecked			
2074	GermanicSlavicBaltic2025	unchecked			
2074	Goblirsch1991	unchecked			
2074	Hamp1990	unchecked			
2074	Hirt1931	unchecked			
2074	Hogg1979	unchecked			
2074	HoggGrammar2011	unchecked			
2074	HoggIntroduction1992	unchecked			
2074	HoggPhonology1992	unchecked			
2074	HowellSalmons1988	unchecked			
2074	Kaluza1900	unchecked			
2074	Kastovsky1992	unchecked			
2074	Kilday2024	unchecked			
2074	KlugeSeebold2011	unchecked			
2074	Kortlandt2008	unchecked			
2074	Kroonen2006	unchecked			
2074	Kroonen2011	unchecked			
2074	Kroonen2013	unchecked			
2074	Kylstra1983	unchecked			
2074	Laker2007	unchecked			
2074	Lid1952	unchecked			
2074	Lloyd1966	unchecked			
2074	LloydSpringer1988	unchecked			
2074	Luehr1993	unchecked			
2074	Luick1914	unchecked			
2074	Mayrhofer1992	unchecked			
2074	Mees2020	unchecked			
2074	NeriRingeReview	unchecked			
2074	Nielsen2001	unchecked			
2074	Orel2003	unchecked			
2074	Pierce1999	unchecked			
2074	Pierce2003	unchecked			
2074	Pierce2006	unchecked			
2074	Pokorny1959	unchecked			
2074	Polome1967	unchecked			
2074	Polome1994	unchecked			
2074	Repansek2012	unchecked			
2074	Rice1994	unchecked			
2074	Ringe1984	unchecked			
2074	Ringe2017	unchecked			
2074	RingeTaylor2014	unchecked			
2074	Seebold1970	unchecked			
2074	SieversBrunner1965	unchecked			
2074	StauslandJohnsen2015	unchecked			
2074	Stiles1985	unchecked			
2074	Stiles1986a	unchecked			
2074	Stiles1986b	unchecked			
2074	Stiles2012	unchecked			
2074	Stiles2017	unchecked			
2074	Streitberg1896	unchecked			
2074	Sweet1953	unchecked			
2074	Thorhallsdottir1993	unchecked			
2074	Toon1992	unchecked			
2074	Versloot2017	unchecked			
2074	Versloot2021	unchecked			
2074	Versloot2025	unchecked			
2074	Vine2019	unchecked			
2074	Waxenberger2019	unchecked			
2074	WrightWuelcker1884	unchecked			
2074	vanHelten1905	unchecked			
2075	Adamczyk2001	unchecked			
2075	Bammesberger1990	unchecked			
2075	Bammesberger1992	unchecked			
2075	Bammesberger1997	unchecked			
2075	Beekes2010	unchecked			
2075	Bennett1950	unchecked			
2075	BosworthToller1898	unchecked			
2075	Bremmer2008	unchecked			
2075	Bremmer2009	unchecked			
2075	Bright1917	unchecked			
2075	Bulbring1902	unchecked			
2075	CaedmonsHymnVitt1452	unchecked			
2075	Campbell1939	unchecked			
2075	Campbell1959	unchecked			
2075	Cercignani1979	unchecked			
2075	Cercignani1980	unchecked			
2075	ClarkHall1960	unchecked			
2075	Crist2001	unchecked			
2075	Crist2002	unchecked			
2075	Erdmann1972	unchecked			
2075	Fulk2018	unchecked			
2075	GermanicSlavicBaltic2025	unchecked			
2075	Goblirsch1991	unchecked			
2075	Hamp1990	unchecked			
2075	Hirt1931	unchecked			
2075	Hogg1979	unchecked			
2075	HoggGrammar2011	unchecked			
2075	HoggIntroduction1992	unchecked			
2075	HoggPhonology1992	unchecked			
2075	HowellSalmons1988	unchecked			
2075	Kaluza1900	unchecked			
2075	Kastovsky1992	unchecked			
2075	Kilday2024	unchecked			
2075	KlugeSeebold2011	unchecked			
2075	Kortlandt2008	unchecked			
2075	Kroonen2006	unchecked			
2075	Kroonen2011	unchecked			
2075	Kroonen2013	unchecked			
2075	Kylstra1983	unchecked			
2075	Laker2007	unchecked			
2075	Lid1952	unchecked			
2075	Lloyd1966	unchecked			
2075	LloydSpringer1988	unchecked			
2075	Luehr1993	unchecked			
2075	Luick1914	unchecked			
2075	Mayrhofer1992	unchecked			
2075	Mees2020	unchecked			
2075	NeriRingeReview	unchecked			
2075	Nielsen2001	unchecked			
2075	Orel2003	unchecked			
2075	Pierce1999	unchecked			
2075	Pierce2003	unchecked			
2075	Pierce2006	unchecked			
2075	Pokorny1959	unchecked			
2075	Polome1967	unchecked			
2075	Polome1994	unchecked			
2075	Repansek2012	unchecked			
2075	Rice1994	unchecked			
2075	Ringe1984	unchecked			
2075	Ringe2017	unchecked			
2075	RingeTaylor2014	unchecked			
2075	Seebold1970	unchecked			
2075	SieversBrunner1965	unchecked			
2075	StauslandJohnsen2015	unchecked			
2075	Stiles1985	unchecked			
2075	Stiles1986a	unchecked			
2075	Stiles1986b	unchecked			
2075	Stiles2012	unchecked			
2075	Stiles2017	unchecked			
2075	Streitberg1896	unchecked			
2075	Sweet1953	unchecked			
2075	Thorhallsdottir1993	unchecked			
2075	Toon1992	unchecked			
2075	Versloot2017	unchecked			
2075	Versloot2021	unchecked			
2075	Versloot2025	unchecked			
2075	Vine2019	unchecked			
2075	Waxenberger2019	unchecked			
2075	WrightWuelcker1884	unchecked			
2075	vanHelten1905	unchecked			
2076	Adamczyk2001	unchecked			
2076	Bammesberger1990	unchecked			
2076	Bammesberger1992	unchecked			
2076	Bammesberger1997	unchecked			
2076	Beekes2010	unchecked			
2076	Bennett1950	unchecked			
2076	BosworthToller1898	unchecked			
2076	Bremmer2008	unchecked			
2076	Bremmer2009	unchecked			
2076	Bright1917	unchecked			
2076	Bulbring1902	unchecked			
2076	CaedmonsHymnVitt1452	unchecked			
2076	Campbell1939	unchecked			
2076	Campbell1959	unchecked			
2076	Cercignani1979	unchecked			
2076	Cercignani1980	unchecked			
2076	ClarkHall1960	unchecked			
2076	Crist2001	unchecked			
2076	Crist2002	unchecked			
2076	Erdmann1972	unchecked			
2076	Fulk2018	unchecked			
2076	GermanicSlavicBaltic2025	unchecked			
2076	Goblirsch1991	unchecked			
2076	Hamp1990	unchecked			
2076	Hirt1931	unchecked			
2076	Hogg1979	unchecked			
2076	HoggGrammar2011	unchecked			
2076	HoggIntroduction1992	unchecked			
2076	HoggPhonology1992	unchecked			
2076	HowellSalmons1988	unchecked			
2076	Kaluza1900	unchecked			
2076	Kastovsky1992	unchecked			
2076	Kilday2024	unchecked			
2076	KlugeSeebold2011	unchecked			
2076	Kortlandt2008	unchecked			
2076	Kroonen2006	unchecked			
2076	Kroonen2011	unchecked			
2076	Kroonen2013	unchecked			
2076	Kylstra1983	unchecked			
2076	Laker2007	unchecked			
2076	Lid1952	unchecked			
2076	Lloyd1966	unchecked			
2076	LloydSpringer1988	unchecked			
2076	Luehr1993	unchecked			
2076	Luick1914	unchecked			
2076	Mayrhofer1992	unchecked			
2076	Mees2020	unchecked			
2076	NeriRingeReview	unchecked			
2076	Nielsen2001	unchecked			
2076	Orel2003	unchecked			
2076	Pierce1999	unchecked			
2076	Pierce2003	unchecked			
2076	Pierce2006	unchecked			
2076	Pokorny1959	unchecked			
2076	Polome1967	unchecked			
2076	Polome1994	unchecked			
2076	Repansek2012	unchecked			
2076	Rice1994	unchecked			
2076	Ringe1984	unchecked			
2076	Ringe2017	unchecked			
2076	RingeTaylor2014	unchecked			
2076	Seebold1970	unchecked			
2076	SieversBrunner1965	unchecked			
2076	StauslandJohnsen2015	unchecked			
2076	Stiles1985	unchecked			
2076	Stiles1986a	unchecked			
2076	Stiles1986b	unchecked			
2076	Stiles2012	unchecked			
2076	Stiles2017	unchecked			
2076	Streitberg1896	unchecked			
2076	Sweet1953	unchecked			
2076	Thorhallsdottir1993	unchecked			
2076	Toon1992	unchecked			
2076	Versloot2017	unchecked			
2076	Versloot2021	unchecked			
2076	Versloot2025	unchecked			
2076	Vine2019	unchecked			
2076	Waxenberger2019	unchecked			
2076	WrightWuelcker1884	unchecked			
2076	vanHelten1905	unchecked			
2077	Adamczyk2001	unchecked			
2077	Bammesberger1990	unchecked			
2077	Bammesberger1992	unchecked			
2077	Bammesberger1997	unchecked			
2077	Beekes2010	unchecked			
2077	Bennett1950	unchecked			
2077	BosworthToller1898	unchecked			
2077	Bremmer2008	unchecked			
2077	Bremmer2009	unchecked			
2077	Bright1917	unchecked			
2077	Bulbring1902	unchecked			
2077	CaedmonsHymnVitt1452	unchecked			
2077	Campbell1939	unchecked			
2077	Campbell1959	unchecked			
2077	Cercignani1979	unchecked			
2077	Cercignani1980	unchecked			
2077	ClarkHall1960	unchecked			
2077	Crist2001	unchecked			
2077	Crist2002	unchecked			
2077	Erdmann1972	unchecked			
2077	Fulk2018	unchecked			
2077	GermanicSlavicBaltic2025	unchecked			
2077	Goblirsch1991	unchecked			
2077	Hamp1990	unchecked			
2077	Hirt1931	unchecked			
2077	Hogg1979	unchecked			
2077	HoggGrammar2011	unchecked			
2077	HoggIntroduction1992	unchecked			
2077	HoggPhonology1992	unchecked			
2077	HowellSalmons1988	unchecked			
2077	Kaluza1900	unchecked			
2077	Kastovsky1992	unchecked			
2077	Kilday2024	unchecked			
2077	KlugeSeebold2011	unchecked			
2077	Kortlandt2008	unchecked			
2077	Kroonen2006	unchecked			
2077	Kroonen2011	unchecked			
2077	Kroonen2013	unchecked			
2077	Kylstra1983	unchecked			
2077	Laker2007	unchecked			
2077	Lid1952	unchecked			
2077	Lloyd1966	unchecked			
2077	LloydSpringer1988	unchecked			
2077	Luehr1993	unchecked			
2077	Luick1914	unchecked			
2077	Mayrhofer1992	unchecked			
2077	Mees2020	unchecked			
2077	NeriRingeReview	unchecked			
2077	Nielsen2001	unchecked			
2077	Orel2003	unchecked			
2077	Pierce1999	unchecked			
2077	Pierce2003	unchecked			
2077	Pierce2006	unchecked			
2077	Pokorny1959	unchecked			
2077	Polome1967	unchecked			
2077	Polome1994	unchecked			
2077	Repansek2012	unchecked			
2077	Rice1994	unchecked			
2077	Ringe1984	unchecked			
2077	Ringe2017	unchecked			
2077	RingeTaylor2014	unchecked			
2077	Seebold1970	unchecked			
2077	SieversBrunner1965	unchecked			
2077	StauslandJohnsen2015	unchecked			
2077	Stiles1985	unchecked			
2077	Stiles1986a	unchecked			
2077	Stiles1986b	unchecked			
2077	Stiles2012	unchecked			
2077	Stiles2017	unchecked			
2077	Streitberg1896	unchecked			
2077	Sweet1953	unchecked			
2077	Thorhallsdottir1993	unchecked			
2077	Toon1992	unchecked			
2077	Versloot2017	unchecked			
2077	Versloot2021	unchecked			
2077	Versloot2025	unchecked			
2077	Vine2019	unchecked			
2077	Waxenberger2019	unchecked			
2077	WrightWuelcker1884	unchecked			
2077	vanHelten1905	unchecked			
2078	Adamczyk2001	unchecked			
2078	Bammesberger1990	unchecked			
2078	Bammesberger1992	unchecked			
2078	Bammesberger1997	unchecked			
2078	Beekes2010	unchecked			
2078	Bennett1950	unchecked			
2078	BosworthToller1898	unchecked			
2078	Bremmer2008	unchecked			
2078	Bremmer2009	unchecked			
2078	Bright1917	unchecked			
2078	Bulbring1902	unchecked			
2078	CaedmonsHymnVitt1452	unchecked			
2078	Campbell1939	unchecked			
2078	Campbell1959	unchecked			
2078	Cercignani1979	unchecked			
2078	Cercignani1980	unchecked			
2078	ClarkHall1960	unchecked			
2078	Crist2001	unchecked			
2078	Crist2002	unchecked			
2078	Erdmann1972	unchecked			
2078	Fulk2018	unchecked			
2078	GermanicSlavicBaltic2025	unchecked			
2078	Goblirsch1991	unchecked			
2078	Hamp1990	unchecked			
2078	Hirt1931	unchecked			
2078	Hogg1979	unchecked			
2078	HoggGrammar2011	unchecked			
2078	HoggIntroduction1992	unchecked			
2078	HoggPhonology1992	unchecked			
2078	HowellSalmons1988	unchecked			
2078	Kaluza1900	unchecked			
2078	Kastovsky1992	unchecked			
2078	Kilday2024	unchecked			
2078	KlugeSeebold2011	unchecked			
2078	Kortlandt2008	unchecked			
2078	Kroonen2006	unchecked			
2078	Kroonen2011	unchecked			
2078	Kroonen2013	unchecked			
2078	Kylstra1983	unchecked			
2078	Laker2007	unchecked			
2078	Lid1952	unchecked			
2078	Lloyd1966	unchecked			
2078	LloydSpringer1988	unchecked			
2078	Luehr1993	unchecked			
2078	Luick1914	unchecked			
2078	Mayrhofer1992	unchecked			
2078	Mees2020	unchecked			
2078	NeriRingeReview	unchecked			
2078	Nielsen2001	unchecked			
2078	Orel2003	unchecked			
2078	Pierce1999	unchecked			
2078	Pierce2003	unchecked			
2078	Pierce2006	unchecked			
2078	Pokorny1959	unchecked			
2078	Polome1967	unchecked			
2078	Polome1994	unchecked			
2078	Repansek2012	unchecked			
2078	Rice1994	unchecked			
2078	Ringe1984	unchecked			
2078	Ringe2017	unchecked			
2078	RingeTaylor2014	unchecked			
2078	Seebold1970	unchecked			
2078	SieversBrunner1965	unchecked			
2078	StauslandJohnsen2015	unchecked			
2078	Stiles1985	unchecked			
2078	Stiles1986a	unchecked			
2078	Stiles1986b	unchecked			
2078	Stiles2012	unchecked			
2078	Stiles2017	unchecked			
2078	Streitberg1896	unchecked			
2078	Sweet1953	unchecked			
2078	Thorhallsdottir1993	unchecked			
2078	Toon1992	unchecked			
2078	Versloot2017	unchecked			
2078	Versloot2021	unchecked			
2078	Versloot2025	unchecked			
2078	Vine2019	unchecked			
2078	Waxenberger2019	unchecked			
2078	WrightWuelcker1884	unchecked			
2078	vanHelten1905	unchecked			
2079	Adamczyk2001	unchecked			
2079	Bammesberger1990	unchecked			
2079	Bammesberger1992	unchecked			
2079	Bammesberger1997	unchecked			
2079	Beekes2010	unchecked			
2079	Bennett1950	unchecked			
2079	BosworthToller1898	unchecked			
2079	Bremmer2008	unchecked			
2079	Bremmer2009	unchecked			
2079	Bright1917	unchecked			
2079	Bulbring1902	unchecked			
2079	CaedmonsHymnVitt1452	unchecked			
2079	Campbell1939	unchecked			
2079	Campbell1959	unchecked			
2079	Cercignani1979	unchecked			
2079	Cercignani1980	unchecked			
2079	ClarkHall1960	unchecked			
2079	Crist2001	unchecked			
2079	Crist2002	unchecked			
2079	Erdmann1972	unchecked			
2079	Fulk2018	unchecked			
2079	GermanicSlavicBaltic2025	unchecked			
2079	Goblirsch1991	unchecked			
2079	Hamp1990	unchecked			
2079	Hirt1931	unchecked			
2079	Hogg1979	unchecked			
2079	HoggGrammar2011	unchecked			
2079	HoggIntroduction1992	unchecked			
2079	HoggPhonology1992	unchecked			
2079	HowellSalmons1988	unchecked			
2079	Kaluza1900	unchecked			
2079	Kastovsky1992	unchecked			
2079	Kilday2024	unchecked			
2079	KlugeSeebold2011	unchecked			
2079	Kortlandt2008	unchecked			
2079	Kroonen2006	unchecked			
2079	Kroonen2011	unchecked			
2079	Kroonen2013	unchecked			
2079	Kylstra1983	unchecked			
2079	Laker2007	unchecked			
2079	Lid1952	unchecked			
2079	Lloyd1966	unchecked			
2079	LloydSpringer1988	unchecked			
2079	Luehr1993	unchecked			
2079	Luick1914	unchecked			
2079	Mayrhofer1992	unchecked			
2079	Mees2020	unchecked			
2079	NeriRingeReview	unchecked			
2079	Nielsen2001	unchecked			
2079	Orel2003	unchecked			
2079	Pierce1999	unchecked			
2079	Pierce2003	unchecked			
2079	Pierce2006	unchecked			
2079	Pokorny1959	unchecked			
2079	Polome1967	unchecked			
2079	Polome1994	unchecked			
2079	Repansek2012	unchecked			
2079	Rice1994	unchecked			
2079	Ringe1984	unchecked			
2079	Ringe2017	unchecked			
2079	RingeTaylor2014	unchecked			
2079	Seebold1970	unchecked			
2079	SieversBrunner1965	unchecked			
2079	StauslandJohnsen2015	unchecked			
2079	Stiles1985	unchecked			
2079	Stiles1986a	unchecked			
2079	Stiles1986b	unchecked			
2079	Stiles2012	unchecked			
2079	Stiles2017	unchecked			
2079	Streitberg1896	unchecked			
2079	Sweet1953	unchecked			
2079	Thorhallsdottir1993	unchecked			
2079	Toon1992	unchecked			
2079	Versloot2017	unchecked			
2079	Versloot2021	unchecked			
2079	Versloot2025	unchecked			
2079	Vine2019	unchecked			
2079	Waxenberger2019	unchecked			
2079	WrightWuelcker1884	unchecked			
2079	vanHelten1905	unchecked			
2080	Adamczyk2001	unchecked			
2080	Bammesberger1990	unchecked			
2080	Bammesberger1992	unchecked			
2080	Bammesberger1997	unchecked			
2080	Beekes2010	unchecked			
2080	Bennett1950	unchecked			
2080	BosworthToller1898	unchecked			
2080	Bremmer2008	unchecked			
2080	Bremmer2009	unchecked			
2080	Bright1917	unchecked			
2080	Bulbring1902	unchecked			
2080	CaedmonsHymnVitt1452	unchecked			
2080	Campbell1939	unchecked			
2080	Campbell1959	unchecked			
2080	Cercignani1979	unchecked			
2080	Cercignani1980	unchecked			
2080	ClarkHall1960	unchecked			
2080	Crist2001	unchecked			
2080	Crist2002	unchecked			
2080	Erdmann1972	unchecked			
2080	Fulk2018	unchecked			
2080	GermanicSlavicBaltic2025	unchecked			
2080	Goblirsch1991	unchecked			
2080	Hamp1990	unchecked			
2080	Hirt1931	unchecked			
2080	Hogg1979	unchecked			
2080	HoggGrammar2011	unchecked			
2080	HoggIntroduction1992	unchecked			
2080	HoggPhonology1992	unchecked			
2080	HowellSalmons1988	unchecked			
2080	Kaluza1900	unchecked			
2080	Kastovsky1992	unchecked			
2080	Kilday2024	unchecked			
2080	KlugeSeebold2011	unchecked			
2080	Kortlandt2008	unchecked			
2080	Kroonen2006	unchecked			
2080	Kroonen2011	unchecked			
2080	Kroonen2013	unchecked			
2080	Kylstra1983	unchecked			
2080	Laker2007	unchecked			
2080	Lid1952	unchecked			
2080	Lloyd1966	unchecked			
2080	LloydSpringer1988	unchecked			
2080	Luehr1993	unchecked			
2080	Luick1914	unchecked			
2080	Mayrhofer1992	unchecked			
2080	Mees2020	unchecked			
2080	NeriRingeReview	unchecked			
2080	Nielsen2001	unchecked			
2080	Orel2003	unchecked			
2080	Pierce1999	unchecked			
2080	Pierce2003	unchecked			
2080	Pierce2006	unchecked			
2080	Pokorny1959	unchecked			
2080	Polome1967	unchecked			
2080	Polome1994	unchecked			
2080	Repansek2012	unchecked			
2080	Rice1994	unchecked			
2080	Ringe1984	unchecked			
2080	Ringe2017	unchecked			
2080	RingeTaylor2014	unchecked			
2080	Seebold1970	unchecked			
2080	SieversBrunner1965	unchecked			
2080	StauslandJohnsen2015	unchecked			
2080	Stiles1985	unchecked			
2080	Stiles1986a	unchecked			
2080	Stiles1986b	unchecked			
2080	Stiles2012	unchecked			
2080	Stiles2017	unchecked			
2080	Streitberg1896	unchecked			
2080	Sweet1953	unchecked			
2080	Thorhallsdottir1993	unchecked			
2080	Toon1992	unchecked			
2080	Versloot2017	unchecked			
2080	Versloot2021	unchecked			
2080	Versloot2025	unchecked			
2080	Vine2019	unchecked			
2080	Waxenberger2019	unchecked			
2080	WrightWuelcker1884	unchecked			
2080	vanHelten1905	unchecked			
2081	Adamczyk2001	unchecked			
2081	Bammesberger1990	unchecked			
2081	Bammesberger1992	unchecked			
2081	Bammesberger1997	unchecked			
2081	Beekes2010	unchecked			
2081	Bennett1950	unchecked			
2081	BosworthToller1898	unchecked			
2081	Bremmer2008	unchecked			
2081	Bremmer2009	unchecked			
2081	Bright1917	unchecked			
2081	Bulbring1902	unchecked			
2081	CaedmonsHymnVitt1452	unchecked			
2081	Campbell1939	unchecked			
2081	Campbell1959	unchecked			
2081	Cercignani1979	unchecked			
2081	Cercignani1980	unchecked			
2081	ClarkHall1960	unchecked			
2081	Crist2001	unchecked			
2081	Crist2002	unchecked			
2081	Erdmann1972	unchecked			
2081	Fulk2018	unchecked			
2081	GermanicSlavicBaltic2025	unchecked			
2081	Goblirsch1991	unchecked			
2081	Hamp1990	unchecked			
2081	Hirt1931	unchecked			
2081	Hogg1979	unchecked			
2081	HoggGrammar2011	unchecked			
2081	HoggIntroduction1992	unchecked			
2081	HoggPhonology1992	unchecked			
2081	HowellSalmons1988	unchecked			
2081	Kaluza1900	unchecked			
2081	Kastovsky1992	unchecked			
2081	Kilday2024	unchecked			
2081	KlugeSeebold2011	unchecked			
2081	Kortlandt2008	unchecked			
2081	Kroonen2006	unchecked			
2081	Kroonen2011	unchecked			
2081	Kroonen2013	unchecked			
2081	Kylstra1983	unchecked			
2081	Laker2007	unchecked			
2081	Lid1952	unchecked			
2081	Lloyd1966	unchecked			
2081	LloydSpringer1988	unchecked			
2081	Luehr1993	unchecked			
2081	Luick1914	unchecked			
2081	Mayrhofer1992	unchecked			
2081	Mees2020	unchecked			
2081	NeriRingeReview	unchecked			
2081	Nielsen2001	unchecked			
2081	Orel2003	unchecked			
2081	Pierce1999	unchecked			
2081	Pierce2003	unchecked			
2081	Pierce2006	unchecked			
2081	Pokorny1959	unchecked			
2081	Polome1967	unchecked			
2081	Polome1994	unchecked			
2081	Repansek2012	unchecked			
2081	Rice1994	unchecked			
2081	Ringe1984	unchecked			
2081	Ringe2017	unchecked			
2081	RingeTaylor2014	unchecked			
2081	Seebold1970	unchecked			
2081	SieversBrunner1965	unchecked			
2081	StauslandJohnsen2015	unchecked			
2081	Stiles1985	unchecked			
2081	Stiles1986a	unchecked			
2081	Stiles1986b	unchecked			
2081	Stiles2012	unchecked			
2081	Stiles2017	unchecked			
2081	Streitberg1896	unchecked			
2081	Sweet1953	unchecked			
2081	Thorhallsdottir1993	unchecked			
2081	Toon1992	unchecked			
2081	Versloot2017	unchecked			
2081	Versloot2021	unchecked			
2081	Versloot2025	unchecked			
2081	Vine2019	unchecked			
2081	Waxenberger2019	unchecked			
2081	WrightWuelcker1884	unchecked			
2081	vanHelten1905	unchecked			
2082	Adamczyk2001	unchecked			
2082	Bammesberger1990	unchecked			
2082	Bammesberger1992	unchecked			
2082	Bammesberger1997	unchecked			
2082	Beekes2010	unchecked			
2082	Bennett1950	unchecked			
2082	BosworthToller1898	unchecked			
2082	Bremmer2008	unchecked			
2082	Bremmer2009	unchecked			
2082	Bright1917	unchecked			
2082	Bulbring1902	unchecked			
2082	CaedmonsHymnVitt1452	unchecked			
2082	Campbell1939	unchecked			
2082	Campbell1959	unchecked			
2082	Cercignani1979	unchecked			
2082	Cercignani1980	evidence_found	horn-cercignani-citation	Complete substantive article126-134 read; horn and footnote8 on127 image checked.	PGmc u is explicit; author h and final an must not be silently converted into CAPR notation.
2082	ClarkHall1960	unchecked			
2082	Crist2001	unchecked			
2082	Crist2002	unchecked			
2082	Erdmann1972	unchecked			
2082	Fulk2018	unchecked			
2082	GermanicSlavicBaltic2025	unchecked			
2082	Goblirsch1991	unchecked			
2082	Hamp1990	unchecked			
2082	Hirt1931	unchecked			
2082	Hogg1979	unchecked			
2082	HoggGrammar2011	unchecked			
2082	HoggIntroduction1992	unchecked			
2082	HoggPhonology1992	unchecked			
2082	HowellSalmons1988	unchecked			
2082	Kaluza1900	unchecked			
2082	Kastovsky1992	unchecked			
2082	Kilday2024	unchecked			
2082	KlugeSeebold2011	unchecked			
2082	Kortlandt2008	unchecked			
2082	Kroonen2006	unchecked			
2082	Kroonen2011	unchecked			
2082	Kroonen2013	unchecked			
2082	Kylstra1983	unchecked			
2082	Laker2007	unchecked			
2082	Lid1952	unchecked			
2082	Lloyd1966	unchecked			
2082	LloydSpringer1988	unchecked			
2082	Luehr1993	unchecked			
2082	Luick1914	unchecked			
2082	Mayrhofer1992	unchecked			
2082	Mees2020	unchecked			
2082	NeriRingeReview	unchecked			
2082	Nielsen2001	unchecked			
2082	Orel2003	unchecked			
2082	Pierce1999	unchecked			
2082	Pierce2003	unchecked			
2082	Pierce2006	unchecked			
2082	Pokorny1959	unchecked			
2082	Polome1967	unchecked			
2082	Polome1994	unchecked			
2082	Repansek2012	unchecked			
2082	Rice1994	unchecked			
2082	Ringe1984	unchecked			
2082	Ringe2017	unchecked			
2082	RingeTaylor2014	unchecked			
2082	Seebold1970	unchecked			
2082	SieversBrunner1965	unchecked			
2082	StauslandJohnsen2015	unchecked			
2082	Stiles1985	unchecked			
2082	Stiles1986a	unchecked			
2082	Stiles1986b	unchecked			
2082	Stiles2012	unchecked			
2082	Stiles2017	unchecked			
2082	Streitberg1896	unchecked			
2082	Sweet1953	unchecked			
2082	Thorhallsdottir1993	unchecked			
2082	Toon1992	unchecked			
2082	Versloot2017	unchecked			
2082	Versloot2021	unchecked			
2082	Versloot2025	unchecked			
2082	Vine2019	unchecked			
2082	Waxenberger2019	unchecked			
2082	WrightWuelcker1884	unchecked			
2082	vanHelten1905	unchecked			
2083	Adamczyk2001	unchecked			
2083	Bammesberger1990	unchecked			
2083	Bammesberger1992	unchecked			
2083	Bammesberger1997	unchecked			
2083	Beekes2010	unchecked			
2083	Bennett1950	unchecked			
2083	BosworthToller1898	unchecked			
2083	Bremmer2008	unchecked			
2083	Bremmer2009	unchecked			
2083	Bright1917	unchecked			
2083	Bulbring1902	unchecked			
2083	CaedmonsHymnVitt1452	unchecked			
2083	Campbell1939	unchecked			
2083	Campbell1959	unchecked			
2083	Cercignani1979	unchecked			
2083	Cercignani1980	unchecked			
2083	ClarkHall1960	unchecked			
2083	Crist2001	unchecked			
2083	Crist2002	unchecked			
2083	Erdmann1972	unchecked			
2083	Fulk2018	unchecked			
2083	GermanicSlavicBaltic2025	unchecked			
2083	Goblirsch1991	unchecked			
2083	Hamp1990	unchecked			
2083	Hirt1931	unchecked			
2083	Hogg1979	unchecked			
2083	HoggGrammar2011	unchecked			
2083	HoggIntroduction1992	unchecked			
2083	HoggPhonology1992	unchecked			
2083	HowellSalmons1988	unchecked			
2083	Kaluza1900	unchecked			
2083	Kastovsky1992	unchecked			
2083	Kilday2024	unchecked			
2083	KlugeSeebold2011	unchecked			
2083	Kortlandt2008	unchecked			
2083	Kroonen2006	unchecked			
2083	Kroonen2011	unchecked			
2083	Kroonen2013	unchecked			
2083	Kylstra1983	unchecked			
2083	Laker2007	unchecked			
2083	Lid1952	unchecked			
2083	Lloyd1966	unchecked			
2083	LloydSpringer1988	unchecked			
2083	Luehr1993	unchecked			
2083	Luick1914	unchecked			
2083	Mayrhofer1992	unchecked			
2083	Mees2020	unchecked			
2083	NeriRingeReview	unchecked			
2083	Nielsen2001	unchecked			
2083	Orel2003	unchecked			
2083	Pierce1999	unchecked			
2083	Pierce2003	unchecked			
2083	Pierce2006	unchecked			
2083	Pokorny1959	unchecked			
2083	Polome1967	unchecked			
2083	Polome1994	unchecked			
2083	Repansek2012	unchecked			
2083	Rice1994	unchecked			
2083	Ringe1984	unchecked			
2083	Ringe2017	unchecked			
2083	RingeTaylor2014	unchecked			
2083	Seebold1970	unchecked			
2083	SieversBrunner1965	unchecked			
2083	StauslandJohnsen2015	unchecked			
2083	Stiles1985	unchecked			
2083	Stiles1986a	unchecked			
2083	Stiles1986b	unchecked			
2083	Stiles2012	unchecked			
2083	Stiles2017	unchecked			
2083	Streitberg1896	unchecked			
2083	Sweet1953	unchecked			
2083	Thorhallsdottir1993	unchecked			
2083	Toon1992	unchecked			
2083	Versloot2017	unchecked			
2083	Versloot2021	unchecked			
2083	Versloot2025	unchecked			
2083	Vine2019	unchecked			
2083	Waxenberger2019	unchecked			
2083	WrightWuelcker1884	unchecked			
2083	vanHelten1905	unchecked			
2084	Adamczyk2001	unchecked			
2084	Bammesberger1990	unchecked			
2084	Bammesberger1992	unchecked			
2084	Bammesberger1997	unchecked			
2084	Beekes2010	unchecked			
2084	Bennett1950	unchecked			
2084	BosworthToller1898	unchecked			
2084	Bremmer2008	unchecked			
2084	Bremmer2009	unchecked			
2084	Bright1917	unchecked			
2084	Bulbring1902	unchecked			
2084	CaedmonsHymnVitt1452	unchecked			
2084	Campbell1939	unchecked			
2084	Campbell1959	unchecked			
2084	Cercignani1979	unchecked			
2084	Cercignani1980	unchecked			
2084	ClarkHall1960	unchecked			
2084	Crist2001	unchecked			
2084	Crist2002	unchecked			
2084	Erdmann1972	unchecked			
2084	Fulk2018	unchecked			
2084	GermanicSlavicBaltic2025	unchecked			
2084	Goblirsch1991	unchecked			
2084	Hamp1990	unchecked			
2084	Hirt1931	unchecked			
2084	Hogg1979	unchecked			
2084	HoggGrammar2011	unchecked			
2084	HoggIntroduction1992	unchecked			
2084	HoggPhonology1992	unchecked			
2084	HowellSalmons1988	unchecked			
2084	Kaluza1900	unchecked			
2084	Kastovsky1992	unchecked			
2084	Kilday2024	unchecked			
2084	KlugeSeebold2011	unchecked			
2084	Kortlandt2008	unchecked			
2084	Kroonen2006	unchecked			
2084	Kroonen2011	unchecked			
2084	Kroonen2013	unchecked			
2084	Kylstra1983	unchecked			
2084	Laker2007	unchecked			
2084	Lid1952	unchecked			
2084	Lloyd1966	unchecked			
2084	LloydSpringer1988	unchecked			
2084	Luehr1993	unchecked			
2084	Luick1914	unchecked			
2084	Mayrhofer1992	unchecked			
2084	Mees2020	unchecked			
2084	NeriRingeReview	unchecked			
2084	Nielsen2001	unchecked			
2084	Orel2003	unchecked			
2084	Pierce1999	unchecked			
2084	Pierce2003	unchecked			
2084	Pierce2006	unchecked			
2084	Pokorny1959	unchecked			
2084	Polome1967	unchecked			
2084	Polome1994	unchecked			
2084	Repansek2012	unchecked			
2084	Rice1994	unchecked			
2084	Ringe1984	unchecked			
2084	Ringe2017	unchecked			
2084	RingeTaylor2014	unchecked			
2084	Seebold1970	unchecked			
2084	SieversBrunner1965	unchecked			
2084	StauslandJohnsen2015	unchecked			
2084	Stiles1985	unchecked			
2084	Stiles1986a	unchecked			
2084	Stiles1986b	unchecked			
2084	Stiles2012	unchecked			
2084	Stiles2017	unchecked			
2084	Streitberg1896	unchecked			
2084	Sweet1953	unchecked			
2084	Thorhallsdottir1993	unchecked			
2084	Toon1992	unchecked			
2084	Versloot2017	unchecked			
2084	Versloot2021	unchecked			
2084	Versloot2025	unchecked			
2084	Vine2019	unchecked			
2084	Waxenberger2019	unchecked			
2084	WrightWuelcker1884	unchecked			
2084	vanHelten1905	unchecked			
2085	Adamczyk2001	unchecked			
2085	Bammesberger1990	unchecked			
2085	Bammesberger1992	unchecked			
2085	Bammesberger1997	unchecked			
2085	Beekes2010	unchecked			
2085	Bennett1950	unchecked			
2085	BosworthToller1898	unchecked			
2085	Bremmer2008	unchecked			
2085	Bremmer2009	unchecked			
2085	Bright1917	unchecked			
2085	Bulbring1902	unchecked			
2085	CaedmonsHymnVitt1452	unchecked			
2085	Campbell1939	unchecked			
2085	Campbell1959	unchecked			
2085	Cercignani1979	unchecked			
2085	Cercignani1980	unchecked			
2085	ClarkHall1960	unchecked			
2085	Crist2001	unchecked			
2085	Crist2002	unchecked			
2085	Erdmann1972	unchecked			
2085	Fulk2018	unchecked			
2085	GermanicSlavicBaltic2025	unchecked			
2085	Goblirsch1991	unchecked			
2085	Hamp1990	unchecked			
2085	Hirt1931	unchecked			
2085	Hogg1979	unchecked			
2085	HoggGrammar2011	unchecked			
2085	HoggIntroduction1992	unchecked			
2085	HoggPhonology1992	unchecked			
2085	HowellSalmons1988	unchecked			
2085	Kaluza1900	unchecked			
2085	Kastovsky1992	unchecked			
2085	Kilday2024	unchecked			
2085	KlugeSeebold2011	unchecked			
2085	Kortlandt2008	unchecked			
2085	Kroonen2006	unchecked			
2085	Kroonen2011	unchecked			
2085	Kroonen2013	unchecked			
2085	Kylstra1983	unchecked			
2085	Laker2007	unchecked			
2085	Lid1952	unchecked			
2085	Lloyd1966	unchecked			
2085	LloydSpringer1988	unchecked			
2085	Luehr1993	unchecked			
2085	Luick1914	unchecked			
2085	Mayrhofer1992	unchecked			
2085	Mees2020	unchecked			
2085	NeriRingeReview	unchecked			
2085	Nielsen2001	unchecked			
2085	Orel2003	unchecked			
2085	Pierce1999	unchecked			
2085	Pierce2003	unchecked			
2085	Pierce2006	unchecked			
2085	Pokorny1959	unchecked			
2085	Polome1967	unchecked			
2085	Polome1994	unchecked			
2085	Repansek2012	unchecked			
2085	Rice1994	unchecked			
2085	Ringe1984	unchecked			
2085	Ringe2017	unchecked			
2085	RingeTaylor2014	unchecked			
2085	Seebold1970	unchecked			
2085	SieversBrunner1965	unchecked			
2085	StauslandJohnsen2015	unchecked			
2085	Stiles1985	unchecked			
2085	Stiles1986a	unchecked			
2085	Stiles1986b	unchecked			
2085	Stiles2012	unchecked			
2085	Stiles2017	unchecked			
2085	Streitberg1896	unchecked			
2085	Sweet1953	unchecked			
2085	Thorhallsdottir1993	unchecked			
2085	Toon1992	unchecked			
2085	Versloot2017	unchecked			
2085	Versloot2021	unchecked			
2085	Versloot2025	unchecked			
2085	Vine2019	unchecked			
2085	Waxenberger2019	unchecked			
2085	WrightWuelcker1884	unchecked			
2085	vanHelten1905	unchecked			
2086	Adamczyk2001	unchecked			
2086	Bammesberger1990	unchecked			
2086	Bammesberger1992	unchecked			
2086	Bammesberger1997	unchecked			
2086	Beekes2010	unchecked			
2086	Bennett1950	unchecked			
2086	BosworthToller1898	unchecked			
2086	Bremmer2008	unchecked			
2086	Bremmer2009	unchecked			
2086	Bright1917	unchecked			
2086	Bulbring1902	unchecked			
2086	CaedmonsHymnVitt1452	unchecked			
2086	Campbell1939	unchecked			
2086	Campbell1959	unchecked			
2086	Cercignani1979	unchecked			
2086	Cercignani1980	unchecked			
2086	ClarkHall1960	unchecked			
2086	Crist2001	unchecked			
2086	Crist2002	unchecked			
2086	Erdmann1972	unchecked			
2086	Fulk2018	unchecked			
2086	GermanicSlavicBaltic2025	unchecked			
2086	Goblirsch1991	unchecked			
2086	Hamp1990	unchecked			
2086	Hirt1931	unchecked			
2086	Hogg1979	unchecked			
2086	HoggGrammar2011	unchecked			
2086	HoggIntroduction1992	unchecked			
2086	HoggPhonology1992	unchecked			
2086	HowellSalmons1988	unchecked			
2086	Kaluza1900	unchecked			
2086	Kastovsky1992	unchecked			
2086	Kilday2024	unchecked			
2086	KlugeSeebold2011	unchecked			
2086	Kortlandt2008	unchecked			
2086	Kroonen2006	unchecked			
2086	Kroonen2011	unchecked			
2086	Kroonen2013	unchecked			
2086	Kylstra1983	unchecked			
2086	Laker2007	unchecked			
2086	Lid1952	unchecked			
2086	Lloyd1966	unchecked			
2086	LloydSpringer1988	unchecked			
2086	Luehr1993	unchecked			
2086	Luick1914	unchecked			
2086	Mayrhofer1992	unchecked			
2086	Mees2020	unchecked			
2086	NeriRingeReview	unchecked			
2086	Nielsen2001	unchecked			
2086	Orel2003	unchecked			
2086	Pierce1999	unchecked			
2086	Pierce2003	unchecked			
2086	Pierce2006	unchecked			
2086	Pokorny1959	unchecked			
2086	Polome1967	unchecked			
2086	Polome1994	unchecked			
2086	Repansek2012	unchecked			
2086	Rice1994	unchecked			
2086	Ringe1984	unchecked			
2086	Ringe2017	unchecked			
2086	RingeTaylor2014	unchecked			
2086	Seebold1970	unchecked			
2086	SieversBrunner1965	unchecked			
2086	StauslandJohnsen2015	unchecked			
2086	Stiles1985	unchecked			
2086	Stiles1986a	unchecked			
2086	Stiles1986b	unchecked			
2086	Stiles2012	unchecked			
2086	Stiles2017	unchecked			
2086	Streitberg1896	unchecked			
2086	Sweet1953	unchecked			
2086	Thorhallsdottir1993	unchecked			
2086	Toon1992	unchecked			
2086	Versloot2017	unchecked			
2086	Versloot2021	unchecked			
2086	Versloot2025	unchecked			
2086	Vine2019	unchecked			
2086	Waxenberger2019	unchecked			
2086	WrightWuelcker1884	unchecked			
2086	vanHelten1905	unchecked			
2087	Adamczyk2001	unchecked			
2087	Bammesberger1990	unchecked			
2087	Bammesberger1992	unchecked			
2087	Bammesberger1997	unchecked			
2087	Beekes2010	unchecked			
2087	Bennett1950	unchecked			
2087	BosworthToller1898	unchecked			
2087	Bremmer2008	unchecked			
2087	Bremmer2009	unchecked			
2087	Bright1917	unchecked			
2087	Bulbring1902	unchecked			
2087	CaedmonsHymnVitt1452	unchecked			
2087	Campbell1939	unchecked			
2087	Campbell1959	unchecked			
2087	Cercignani1979	unchecked			
2087	Cercignani1980	unchecked			
2087	ClarkHall1960	unchecked			
2087	Crist2001	unchecked			
2087	Crist2002	unchecked			
2087	Erdmann1972	unchecked			
2087	Fulk2018	unchecked			
2087	GermanicSlavicBaltic2025	unchecked			
2087	Goblirsch1991	unchecked			
2087	Hamp1990	unchecked			
2087	Hirt1931	unchecked			
2087	Hogg1979	unchecked			
2087	HoggGrammar2011	unchecked			
2087	HoggIntroduction1992	unchecked			
2087	HoggPhonology1992	unchecked			
2087	HowellSalmons1988	unchecked			
2087	Kaluza1900	unchecked			
2087	Kastovsky1992	unchecked			
2087	Kilday2024	unchecked			
2087	KlugeSeebold2011	unchecked			
2087	Kortlandt2008	unchecked			
2087	Kroonen2006	unchecked			
2087	Kroonen2011	unchecked			
2087	Kroonen2013	unchecked			
2087	Kylstra1983	unchecked			
2087	Laker2007	unchecked			
2087	Lid1952	unchecked			
2087	Lloyd1966	unchecked			
2087	LloydSpringer1988	unchecked			
2087	Luehr1993	unchecked			
2087	Luick1914	unchecked			
2087	Mayrhofer1992	unchecked			
2087	Mees2020	unchecked			
2087	NeriRingeReview	unchecked			
2087	Nielsen2001	unchecked			
2087	Orel2003	unchecked			
2087	Pierce1999	unchecked			
2087	Pierce2003	unchecked			
2087	Pierce2006	unchecked			
2087	Pokorny1959	unchecked			
2087	Polome1967	unchecked			
2087	Polome1994	unchecked			
2087	Repansek2012	unchecked			
2087	Rice1994	unchecked			
2087	Ringe1984	unchecked			
2087	Ringe2017	unchecked			
2087	RingeTaylor2014	unchecked			
2087	Seebold1970	unchecked			
2087	SieversBrunner1965	unchecked			
2087	StauslandJohnsen2015	unchecked			
2087	Stiles1985	unchecked			
2087	Stiles1986a	unchecked			
2087	Stiles1986b	unchecked			
2087	Stiles2012	unchecked			
2087	Stiles2017	unchecked			
2087	Streitberg1896	unchecked			
2087	Sweet1953	unchecked			
2087	Thorhallsdottir1993	unchecked			
2087	Toon1992	unchecked			
2087	Versloot2017	unchecked			
2087	Versloot2021	unchecked			
2087	Versloot2025	unchecked			
2087	Vine2019	unchecked			
2087	Waxenberger2019	unchecked			
2087	WrightWuelcker1884	unchecked			
2087	vanHelten1905	unchecked			
2088	Adamczyk2001	unchecked			
2088	Bammesberger1990	unchecked			
2088	Bammesberger1992	unchecked			
2088	Bammesberger1997	unchecked			
2088	Beekes2010	unchecked			
2088	Bennett1950	unchecked			
2088	BosworthToller1898	unchecked			
2088	Bremmer2008	unchecked			
2088	Bremmer2009	unchecked			
2088	Bright1917	unchecked			
2088	Bulbring1902	unchecked			
2088	CaedmonsHymnVitt1452	unchecked			
2088	Campbell1939	unchecked			
2088	Campbell1959	unchecked			
2088	Cercignani1979	unchecked			
2088	Cercignani1980	unchecked			
2088	ClarkHall1960	unchecked			
2088	Crist2001	unchecked			
2088	Crist2002	unchecked			
2088	Erdmann1972	unchecked			
2088	Fulk2018	unchecked			
2088	GermanicSlavicBaltic2025	unchecked			
2088	Goblirsch1991	unchecked			
2088	Hamp1990	unchecked			
2088	Hirt1931	unchecked			
2088	Hogg1979	unchecked			
2088	HoggGrammar2011	unchecked			
2088	HoggIntroduction1992	unchecked			
2088	HoggPhonology1992	unchecked			
2088	HowellSalmons1988	unchecked			
2088	Kaluza1900	unchecked			
2088	Kastovsky1992	unchecked			
2088	Kilday2024	unchecked			
2088	KlugeSeebold2011	unchecked			
2088	Kortlandt2008	unchecked			
2088	Kroonen2006	unchecked			
2088	Kroonen2011	unchecked			
2088	Kroonen2013	unchecked			
2088	Kylstra1983	unchecked			
2088	Laker2007	unchecked			
2088	Lid1952	unchecked			
2088	Lloyd1966	unchecked			
2088	LloydSpringer1988	unchecked			
2088	Luehr1993	unchecked			
2088	Luick1914	unchecked			
2088	Mayrhofer1992	unchecked			
2088	Mees2020	unchecked			
2088	NeriRingeReview	unchecked			
2088	Nielsen2001	unchecked			
2088	Orel2003	unchecked			
2088	Pierce1999	unchecked			
2088	Pierce2003	unchecked			
2088	Pierce2006	unchecked			
2088	Pokorny1959	unchecked			
2088	Polome1967	unchecked			
2088	Polome1994	unchecked			
2088	Repansek2012	unchecked			
2088	Rice1994	unchecked			
2088	Ringe1984	unchecked			
2088	Ringe2017	unchecked			
2088	RingeTaylor2014	unchecked			
2088	Seebold1970	unchecked			
2088	SieversBrunner1965	unchecked			
2088	StauslandJohnsen2015	unchecked			
2088	Stiles1985	unchecked			
2088	Stiles1986a	unchecked			
2088	Stiles1986b	unchecked			
2088	Stiles2012	unchecked			
2088	Stiles2017	unchecked			
2088	Streitberg1896	unchecked			
2088	Sweet1953	unchecked			
2088	Thorhallsdottir1993	unchecked			
2088	Toon1992	unchecked			
2088	Versloot2017	unchecked			
2088	Versloot2021	unchecked			
2088	Versloot2025	unchecked			
2088	Vine2019	unchecked			
2088	Waxenberger2019	unchecked			
2088	WrightWuelcker1884	unchecked			
2088	vanHelten1905	unchecked			
2089	Adamczyk2001	unchecked			
2089	Bammesberger1990	unchecked			
2089	Bammesberger1992	unchecked			
2089	Bammesberger1997	unchecked			
2089	Beekes2010	unchecked			
2089	Bennett1950	unchecked			
2089	BosworthToller1898	unchecked			
2089	Bremmer2008	unchecked			
2089	Bremmer2009	unchecked			
2089	Bright1917	unchecked			
2089	Bulbring1902	unchecked			
2089	CaedmonsHymnVitt1452	unchecked			
2089	Campbell1939	unchecked			
2089	Campbell1959	unchecked			
2089	Cercignani1979	unchecked			
2089	Cercignani1980	unchecked			
2089	ClarkHall1960	unchecked			
2089	Crist2001	unchecked			
2089	Crist2002	unchecked			
2089	Erdmann1972	unchecked			
2089	Fulk2018	unchecked			
2089	GermanicSlavicBaltic2025	unchecked			
2089	Goblirsch1991	unchecked			
2089	Hamp1990	unchecked			
2089	Hirt1931	unchecked			
2089	Hogg1979	unchecked			
2089	HoggGrammar2011	unchecked			
2089	HoggIntroduction1992	unchecked			
2089	HoggPhonology1992	unchecked			
2089	HowellSalmons1988	unchecked			
2089	Kaluza1900	unchecked			
2089	Kastovsky1992	unchecked			
2089	Kilday2024	unchecked			
2089	KlugeSeebold2011	unchecked			
2089	Kortlandt2008	unchecked			
2089	Kroonen2006	unchecked			
2089	Kroonen2011	unchecked			
2089	Kroonen2013	unchecked			
2089	Kylstra1983	unchecked			
2089	Laker2007	unchecked			
2089	Lid1952	unchecked			
2089	Lloyd1966	unchecked			
2089	LloydSpringer1988	unchecked			
2089	Luehr1993	unchecked			
2089	Luick1914	unchecked			
2089	Mayrhofer1992	unchecked			
2089	Mees2020	unchecked			
2089	NeriRingeReview	unchecked			
2089	Nielsen2001	unchecked			
2089	Orel2003	unchecked			
2089	Pierce1999	unchecked			
2089	Pierce2003	unchecked			
2089	Pierce2006	unchecked			
2089	Pokorny1959	unchecked			
2089	Polome1967	unchecked			
2089	Polome1994	unchecked			
2089	Repansek2012	unchecked			
2089	Rice1994	unchecked			
2089	Ringe1984	unchecked			
2089	Ringe2017	unchecked			
2089	RingeTaylor2014	unchecked			
2089	Seebold1970	unchecked			
2089	SieversBrunner1965	unchecked			
2089	StauslandJohnsen2015	unchecked			
2089	Stiles1985	unchecked			
2089	Stiles1986a	unchecked			
2089	Stiles1986b	unchecked			
2089	Stiles2012	unchecked			
2089	Stiles2017	unchecked			
2089	Streitberg1896	unchecked			
2089	Sweet1953	unchecked			
2089	Thorhallsdottir1993	unchecked			
2089	Toon1992	unchecked			
2089	Versloot2017	unchecked			
2089	Versloot2021	unchecked			
2089	Versloot2025	unchecked			
2089	Vine2019	unchecked			
2089	Waxenberger2019	unchecked			
2089	WrightWuelcker1884	unchecked			
2089	vanHelten1905	unchecked			
2090	Adamczyk2001	unchecked			
2090	Bammesberger1990	unchecked			
2090	Bammesberger1992	unchecked			
2090	Bammesberger1997	unchecked			
2090	Beekes2010	unchecked			
2090	Bennett1950	unchecked			
2090	BosworthToller1898	unchecked			
2090	Bremmer2008	unchecked			
2090	Bremmer2009	unchecked			
2090	Bright1917	unchecked			
2090	Bulbring1902	unchecked			
2090	CaedmonsHymnVitt1452	unchecked			
2090	Campbell1939	unchecked			
2090	Campbell1959	unchecked			
2090	Cercignani1979	unchecked			
2090	Cercignani1980	unchecked			
2090	ClarkHall1960	unchecked			
2090	Crist2001	unchecked			
2090	Crist2002	unchecked			
2090	Erdmann1972	unchecked			
2090	Fulk2018	unchecked			
2090	GermanicSlavicBaltic2025	unchecked			
2090	Goblirsch1991	unchecked			
2090	Hamp1990	unchecked			
2090	Hirt1931	unchecked			
2090	Hogg1979	unchecked			
2090	HoggGrammar2011	unchecked			
2090	HoggIntroduction1992	unchecked			
2090	HoggPhonology1992	unchecked			
2090	HowellSalmons1988	unchecked			
2090	Kaluza1900	unchecked			
2090	Kastovsky1992	unchecked			
2090	Kilday2024	unchecked			
2090	KlugeSeebold2011	unchecked			
2090	Kortlandt2008	unchecked			
2090	Kroonen2006	unchecked			
2090	Kroonen2011	unchecked			
2090	Kroonen2013	unchecked			
2090	Kylstra1983	unchecked			
2090	Laker2007	unchecked			
2090	Lid1952	unchecked			
2090	Lloyd1966	unchecked			
2090	LloydSpringer1988	unchecked			
2090	Luehr1993	unchecked			
2090	Luick1914	unchecked			
2090	Mayrhofer1992	unchecked			
2090	Mees2020	unchecked			
2090	NeriRingeReview	unchecked			
2090	Nielsen2001	unchecked			
2090	Orel2003	unchecked			
2090	Pierce1999	unchecked			
2090	Pierce2003	unchecked			
2090	Pierce2006	unchecked			
2090	Pokorny1959	unchecked			
2090	Polome1967	unchecked			
2090	Polome1994	unchecked			
2090	Repansek2012	unchecked			
2090	Rice1994	unchecked			
2090	Ringe1984	unchecked			
2090	Ringe2017	unchecked			
2090	RingeTaylor2014	unchecked			
2090	Seebold1970	unchecked			
2090	SieversBrunner1965	unchecked			
2090	StauslandJohnsen2015	unchecked			
2090	Stiles1985	unchecked			
2090	Stiles1986a	unchecked			
2090	Stiles1986b	unchecked			
2090	Stiles2012	unchecked			
2090	Stiles2017	unchecked			
2090	Streitberg1896	unchecked			
2090	Sweet1953	unchecked			
2090	Thorhallsdottir1993	unchecked			
2090	Toon1992	unchecked			
2090	Versloot2017	unchecked			
2090	Versloot2021	unchecked			
2090	Versloot2025	unchecked			
2090	Vine2019	unchecked			
2090	Waxenberger2019	unchecked			
2090	WrightWuelcker1884	unchecked			
2090	vanHelten1905	unchecked			
2091	Adamczyk2001	unchecked			
2091	Bammesberger1990	unchecked			
2091	Bammesberger1992	unchecked			
2091	Bammesberger1997	unchecked			
2091	Beekes2010	unchecked			
2091	Bennett1950	unchecked			
2091	BosworthToller1898	unchecked			
2091	Bremmer2008	unchecked			
2091	Bremmer2009	unchecked			
2091	Bright1917	unchecked			
2091	Bulbring1902	unchecked			
2091	CaedmonsHymnVitt1452	unchecked			
2091	Campbell1939	unchecked			
2091	Campbell1959	unchecked			
2091	Cercignani1979	unchecked			
2091	Cercignani1980	unchecked			
2091	ClarkHall1960	unchecked			
2091	Crist2001	unchecked			
2091	Crist2002	unchecked			
2091	Erdmann1972	unchecked			
2091	Fulk2018	unchecked			
2091	GermanicSlavicBaltic2025	unchecked			
2091	Goblirsch1991	unchecked			
2091	Hamp1990	unchecked			
2091	Hirt1931	unchecked			
2091	Hogg1979	unchecked			
2091	HoggGrammar2011	unchecked			
2091	HoggIntroduction1992	unchecked			
2091	HoggPhonology1992	unchecked			
2091	HowellSalmons1988	unchecked			
2091	Kaluza1900	unchecked			
2091	Kastovsky1992	unchecked			
2091	Kilday2024	unchecked			
2091	KlugeSeebold2011	unchecked			
2091	Kortlandt2008	unchecked			
2091	Kroonen2006	unchecked			
2091	Kroonen2011	unchecked			
2091	Kroonen2013	unchecked			
2091	Kylstra1983	unchecked			
2091	Laker2007	unchecked			
2091	Lid1952	unchecked			
2091	Lloyd1966	unchecked			
2091	LloydSpringer1988	unchecked			
2091	Luehr1993	unchecked			
2091	Luick1914	unchecked			
2091	Mayrhofer1992	unchecked			
2091	Mees2020	unchecked			
2091	NeriRingeReview	unchecked			
2091	Nielsen2001	unchecked			
2091	Orel2003	unchecked			
2091	Pierce1999	unchecked			
2091	Pierce2003	unchecked			
2091	Pierce2006	unchecked			
2091	Pokorny1959	unchecked			
2091	Polome1967	unchecked			
2091	Polome1994	unchecked			
2091	Repansek2012	unchecked			
2091	Rice1994	unchecked			
2091	Ringe1984	unchecked			
2091	Ringe2017	unchecked			
2091	RingeTaylor2014	unchecked			
2091	Seebold1970	unchecked			
2091	SieversBrunner1965	unchecked			
2091	StauslandJohnsen2015	unchecked			
2091	Stiles1985	unchecked			
2091	Stiles1986a	unchecked			
2091	Stiles1986b	unchecked			
2091	Stiles2012	unchecked			
2091	Stiles2017	unchecked			
2091	Streitberg1896	unchecked			
2091	Sweet1953	unchecked			
2091	Thorhallsdottir1993	unchecked			
2091	Toon1992	unchecked			
2091	Versloot2017	unchecked			
2091	Versloot2021	unchecked			
2091	Versloot2025	unchecked			
2091	Vine2019	unchecked			
2091	Waxenberger2019	unchecked			
2091	WrightWuelcker1884	unchecked			
2091	vanHelten1905	unchecked			
2092	Adamczyk2001	unchecked			
2092	Bammesberger1990	unchecked			
2092	Bammesberger1992	unchecked			
2092	Bammesberger1997	unchecked			
2092	Beekes2010	unchecked			
2092	Bennett1950	unchecked			
2092	BosworthToller1898	unchecked			
2092	Bremmer2008	unchecked			
2092	Bremmer2009	unchecked			
2092	Bright1917	unchecked			
2092	Bulbring1902	unchecked			
2092	CaedmonsHymnVitt1452	unchecked			
2092	Campbell1939	unchecked			
2092	Campbell1959	unchecked			
2092	Cercignani1979	unchecked			
2092	Cercignani1980	unchecked			
2092	ClarkHall1960	unchecked			
2092	Crist2001	unchecked			
2092	Crist2002	unchecked			
2092	Erdmann1972	unchecked			
2092	Fulk2018	unchecked			
2092	GermanicSlavicBaltic2025	unchecked			
2092	Goblirsch1991	unchecked			
2092	Hamp1990	unchecked			
2092	Hirt1931	unchecked			
2092	Hogg1979	unchecked			
2092	HoggGrammar2011	unchecked			
2092	HoggIntroduction1992	unchecked			
2092	HoggPhonology1992	unchecked			
2092	HowellSalmons1988	unchecked			
2092	Kaluza1900	unchecked			
2092	Kastovsky1992	unchecked			
2092	Kilday2024	unchecked			
2092	KlugeSeebold2011	unchecked			
2092	Kortlandt2008	unchecked			
2092	Kroonen2006	unchecked			
2092	Kroonen2011	unchecked			
2092	Kroonen2013	unchecked			
2092	Kylstra1983	unchecked			
2092	Laker2007	unchecked			
2092	Lid1952	unchecked			
2092	Lloyd1966	unchecked			
2092	LloydSpringer1988	unchecked			
2092	Luehr1993	unchecked			
2092	Luick1914	unchecked			
2092	Mayrhofer1992	unchecked			
2092	Mees2020	unchecked			
2092	NeriRingeReview	unchecked			
2092	Nielsen2001	unchecked			
2092	Orel2003	unchecked			
2092	Pierce1999	unchecked			
2092	Pierce2003	unchecked			
2092	Pierce2006	unchecked			
2092	Pokorny1959	unchecked			
2092	Polome1967	unchecked			
2092	Polome1994	unchecked			
2092	Repansek2012	unchecked			
2092	Rice1994	unchecked			
2092	Ringe1984	unchecked			
2092	Ringe2017	unchecked			
2092	RingeTaylor2014	unchecked			
2092	Seebold1970	unchecked			
2092	SieversBrunner1965	unchecked			
2092	StauslandJohnsen2015	unchecked			
2092	Stiles1985	unchecked			
2092	Stiles1986a	unchecked			
2092	Stiles1986b	unchecked			
2092	Stiles2012	unchecked			
2092	Stiles2017	unchecked			
2092	Streitberg1896	unchecked			
2092	Sweet1953	unchecked			
2092	Thorhallsdottir1993	unchecked			
2092	Toon1992	unchecked			
2092	Versloot2017	unchecked			
2092	Versloot2021	unchecked			
2092	Versloot2025	unchecked			
2092	Vine2019	unchecked			
2092	Waxenberger2019	unchecked			
2092	WrightWuelcker1884	unchecked			
2092	vanHelten1905	unchecked			
2093	Adamczyk2001	unchecked			
2093	Bammesberger1990	unchecked			
2093	Bammesberger1992	unchecked			
2093	Bammesberger1997	unchecked			
2093	Beekes2010	unchecked			
2093	Bennett1950	unchecked			
2093	BosworthToller1898	unchecked			
2093	Bremmer2008	unchecked			
2093	Bremmer2009	unchecked			
2093	Bright1917	unchecked			
2093	Bulbring1902	unchecked			
2093	CaedmonsHymnVitt1452	unchecked			
2093	Campbell1939	unchecked			
2093	Campbell1959	unchecked			
2093	Cercignani1979	unchecked			
2093	Cercignani1980	unchecked			
2093	ClarkHall1960	unchecked			
2093	Crist2001	unchecked			
2093	Crist2002	unchecked			
2093	Erdmann1972	unchecked			
2093	Fulk2018	unchecked			
2093	GermanicSlavicBaltic2025	unchecked			
2093	Goblirsch1991	unchecked			
2093	Hamp1990	unchecked			
2093	Hirt1931	unchecked			
2093	Hogg1979	unchecked			
2093	HoggGrammar2011	unchecked			
2093	HoggIntroduction1992	unchecked			
2093	HoggPhonology1992	unchecked			
2093	HowellSalmons1988	unchecked			
2093	Kaluza1900	unchecked			
2093	Kastovsky1992	unchecked			
2093	Kilday2024	unchecked			
2093	KlugeSeebold2011	unchecked			
2093	Kortlandt2008	unchecked			
2093	Kroonen2006	unchecked			
2093	Kroonen2011	unchecked			
2093	Kroonen2013	unchecked			
2093	Kylstra1983	unchecked			
2093	Laker2007	unchecked			
2093	Lid1952	unchecked			
2093	Lloyd1966	unchecked			
2093	LloydSpringer1988	unchecked			
2093	Luehr1993	unchecked			
2093	Luick1914	unchecked			
2093	Mayrhofer1992	unchecked			
2093	Mees2020	unchecked			
2093	NeriRingeReview	unchecked			
2093	Nielsen2001	unchecked			
2093	Orel2003	unchecked			
2093	Pierce1999	unchecked			
2093	Pierce2003	unchecked			
2093	Pierce2006	unchecked			
2093	Pokorny1959	unchecked			
2093	Polome1967	unchecked			
2093	Polome1994	unchecked			
2093	Repansek2012	unchecked			
2093	Rice1994	unchecked			
2093	Ringe1984	unchecked			
2093	Ringe2017	unchecked			
2093	RingeTaylor2014	unchecked			
2093	Seebold1970	unchecked			
2093	SieversBrunner1965	unchecked			
2093	StauslandJohnsen2015	unchecked			
2093	Stiles1985	unchecked			
2093	Stiles1986a	unchecked			
2093	Stiles1986b	unchecked			
2093	Stiles2012	unchecked			
2093	Stiles2017	unchecked			
2093	Streitberg1896	unchecked			
2093	Sweet1953	unchecked			
2093	Thorhallsdottir1993	unchecked			
2093	Toon1992	unchecked			
2093	Versloot2017	unchecked			
2093	Versloot2021	unchecked			
2093	Versloot2025	unchecked			
2093	Vine2019	unchecked			
2093	Waxenberger2019	unchecked			
2093	WrightWuelcker1884	unchecked			
2093	vanHelten1905	unchecked			
2094	Adamczyk2001	unchecked			
2094	Bammesberger1990	unchecked			
2094	Bammesberger1992	unchecked			
2094	Bammesberger1997	unchecked			
2094	Beekes2010	unchecked			
2094	Bennett1950	unchecked			
2094	BosworthToller1898	unchecked			
2094	Bremmer2008	unchecked			
2094	Bremmer2009	unchecked			
2094	Bright1917	unchecked			
2094	Bulbring1902	unchecked			
2094	CaedmonsHymnVitt1452	unchecked			
2094	Campbell1939	unchecked			
2094	Campbell1959	unchecked			
2094	Cercignani1979	unchecked			
2094	Cercignani1980	unchecked			
2094	ClarkHall1960	unchecked			
2094	Crist2001	unchecked			
2094	Crist2002	unchecked			
2094	Erdmann1972	unchecked			
2094	Fulk2018	unchecked			
2094	GermanicSlavicBaltic2025	unchecked			
2094	Goblirsch1991	unchecked			
2094	Hamp1990	unchecked			
2094	Hirt1931	unchecked			
2094	Hogg1979	unchecked			
2094	HoggGrammar2011	unchecked			
2094	HoggIntroduction1992	unchecked			
2094	HoggPhonology1992	unchecked			
2094	HowellSalmons1988	unchecked			
2094	Kaluza1900	unchecked			
2094	Kastovsky1992	unchecked			
2094	Kilday2024	unchecked			
2094	KlugeSeebold2011	unchecked			
2094	Kortlandt2008	unchecked			
2094	Kroonen2006	unchecked			
2094	Kroonen2011	unchecked			
2094	Kroonen2013	unchecked			
2094	Kylstra1983	unchecked			
2094	Laker2007	unchecked			
2094	Lid1952	unchecked			
2094	Lloyd1966	unchecked			
2094	LloydSpringer1988	unchecked			
2094	Luehr1993	unchecked			
2094	Luick1914	unchecked			
2094	Mayrhofer1992	unchecked			
2094	Mees2020	unchecked			
2094	NeriRingeReview	unchecked			
2094	Nielsen2001	unchecked			
2094	Orel2003	unchecked			
2094	Pierce1999	unchecked			
2094	Pierce2003	unchecked			
2094	Pierce2006	unchecked			
2094	Pokorny1959	unchecked			
2094	Polome1967	unchecked			
2094	Polome1994	unchecked			
2094	Repansek2012	unchecked			
2094	Rice1994	unchecked			
2094	Ringe1984	unchecked			
2094	Ringe2017	unchecked			
2094	RingeTaylor2014	unchecked			
2094	Seebold1970	unchecked			
2094	SieversBrunner1965	unchecked			
2094	StauslandJohnsen2015	unchecked			
2094	Stiles1985	unchecked			
2094	Stiles1986a	unchecked			
2094	Stiles1986b	unchecked			
2094	Stiles2012	unchecked			
2094	Stiles2017	unchecked			
2094	Streitberg1896	unchecked			
2094	Sweet1953	unchecked			
2094	Thorhallsdottir1993	unchecked			
2094	Toon1992	unchecked			
2094	Versloot2017	unchecked			
2094	Versloot2021	unchecked			
2094	Versloot2025	unchecked			
2094	Vine2019	unchecked			
2094	Waxenberger2019	unchecked			
2094	WrightWuelcker1884	unchecked			
2094	vanHelten1905	unchecked			
2095	Adamczyk2001	unchecked			
2095	Bammesberger1990	unchecked			
2095	Bammesberger1992	unchecked			
2095	Bammesberger1997	unchecked			
2095	Beekes2010	unchecked			
2095	Bennett1950	unchecked			
2095	BosworthToller1898	unchecked			
2095	Bremmer2008	unchecked			
2095	Bremmer2009	unchecked			
2095	Bright1917	unchecked			
2095	Bulbring1902	unchecked			
2095	CaedmonsHymnVitt1452	unchecked			
2095	Campbell1939	unchecked			
2095	Campbell1959	unchecked			
2095	Cercignani1979	unchecked			
2095	Cercignani1980	unchecked			
2095	ClarkHall1960	unchecked			
2095	Crist2001	unchecked			
2095	Crist2002	unchecked			
2095	Erdmann1972	unchecked			
2095	Fulk2018	unchecked			
2095	GermanicSlavicBaltic2025	unchecked			
2095	Goblirsch1991	unchecked			
2095	Hamp1990	unchecked			
2095	Hirt1931	unchecked			
2095	Hogg1979	unchecked			
2095	HoggGrammar2011	unchecked			
2095	HoggIntroduction1992	unchecked			
2095	HoggPhonology1992	unchecked			
2095	HowellSalmons1988	unchecked			
2095	Kaluza1900	unchecked			
2095	Kastovsky1992	unchecked			
2095	Kilday2024	unchecked			
2095	KlugeSeebold2011	unchecked			
2095	Kortlandt2008	unchecked			
2095	Kroonen2006	unchecked			
2095	Kroonen2011	unchecked			
2095	Kroonen2013	unchecked			
2095	Kylstra1983	unchecked			
2095	Laker2007	unchecked			
2095	Lid1952	unchecked			
2095	Lloyd1966	unchecked			
2095	LloydSpringer1988	unchecked			
2095	Luehr1993	unchecked			
2095	Luick1914	unchecked			
2095	Mayrhofer1992	unchecked			
2095	Mees2020	unchecked			
2095	NeriRingeReview	unchecked			
2095	Nielsen2001	unchecked			
2095	Orel2003	unchecked			
2095	Pierce1999	unchecked			
2095	Pierce2003	unchecked			
2095	Pierce2006	unchecked			
2095	Pokorny1959	unchecked			
2095	Polome1967	unchecked			
2095	Polome1994	unchecked			
2095	Repansek2012	unchecked			
2095	Rice1994	unchecked			
2095	Ringe1984	unchecked			
2095	Ringe2017	unchecked			
2095	RingeTaylor2014	unchecked			
2095	Seebold1970	unchecked			
2095	SieversBrunner1965	unchecked			
2095	StauslandJohnsen2015	unchecked			
2095	Stiles1985	unchecked			
2095	Stiles1986a	unchecked			
2095	Stiles1986b	unchecked			
2095	Stiles2012	unchecked			
2095	Stiles2017	unchecked			
2095	Streitberg1896	unchecked			
2095	Sweet1953	unchecked			
2095	Thorhallsdottir1993	unchecked			
2095	Toon1992	unchecked			
2095	Versloot2017	unchecked			
2095	Versloot2021	unchecked			
2095	Versloot2025	unchecked			
2095	Vine2019	unchecked			
2095	Waxenberger2019	unchecked			
2095	WrightWuelcker1884	unchecked			
2095	vanHelten1905	unchecked			
2096	Adamczyk2001	unchecked			
2096	Bammesberger1990	unchecked			
2096	Bammesberger1992	unchecked			
2096	Bammesberger1997	unchecked			
2096	Beekes2010	unchecked			
2096	Bennett1950	unchecked			
2096	BosworthToller1898	unchecked			
2096	Bremmer2008	unchecked			
2096	Bremmer2009	unchecked			
2096	Bright1917	unchecked			
2096	Bulbring1902	unchecked			
2096	CaedmonsHymnVitt1452	unchecked			
2096	Campbell1939	unchecked			
2096	Campbell1959	unchecked			
2096	Cercignani1979	unchecked			
2096	Cercignani1980	unchecked			
2096	ClarkHall1960	unchecked			
2096	Crist2001	unchecked			
2096	Crist2002	unchecked			
2096	Erdmann1972	unchecked			
2096	Fulk2018	unchecked			
2096	GermanicSlavicBaltic2025	unchecked			
2096	Goblirsch1991	unchecked			
2096	Hamp1990	unchecked			
2096	Hirt1931	unchecked			
2096	Hogg1979	unchecked			
2096	HoggGrammar2011	unchecked			
2096	HoggIntroduction1992	unchecked			
2096	HoggPhonology1992	unchecked			
2096	HowellSalmons1988	unchecked			
2096	Kaluza1900	unchecked			
2096	Kastovsky1992	unchecked			
2096	Kilday2024	unchecked			
2096	KlugeSeebold2011	unchecked			
2096	Kortlandt2008	unchecked			
2096	Kroonen2006	unchecked			
2096	Kroonen2011	unchecked			
2096	Kroonen2013	unchecked			
2096	Kylstra1983	unchecked			
2096	Laker2007	unchecked			
2096	Lid1952	unchecked			
2096	Lloyd1966	unchecked			
2096	LloydSpringer1988	unchecked			
2096	Luehr1993	unchecked			
2096	Luick1914	unchecked			
2096	Mayrhofer1992	unchecked			
2096	Mees2020	unchecked			
2096	NeriRingeReview	unchecked			
2096	Nielsen2001	unchecked			
2096	Orel2003	unchecked			
2096	Pierce1999	unchecked			
2096	Pierce2003	unchecked			
2096	Pierce2006	unchecked			
2096	Pokorny1959	unchecked			
2096	Polome1967	unchecked			
2096	Polome1994	unchecked			
2096	Repansek2012	unchecked			
2096	Rice1994	unchecked			
2096	Ringe1984	unchecked			
2096	Ringe2017	unchecked			
2096	RingeTaylor2014	unchecked			
2096	Seebold1970	unchecked			
2096	SieversBrunner1965	unchecked			
2096	StauslandJohnsen2015	unchecked			
2096	Stiles1985	unchecked			
2096	Stiles1986a	unchecked			
2096	Stiles1986b	unchecked			
2096	Stiles2012	unchecked			
2096	Stiles2017	unchecked			
2096	Streitberg1896	unchecked			
2096	Sweet1953	unchecked			
2096	Thorhallsdottir1993	unchecked			
2096	Toon1992	unchecked			
2096	Versloot2017	unchecked			
2096	Versloot2021	unchecked			
2096	Versloot2025	unchecked			
2096	Vine2019	unchecked			
2096	Waxenberger2019	unchecked			
2096	WrightWuelcker1884	unchecked			
2096	vanHelten1905	unchecked			
2097	Adamczyk2001	unchecked			
2097	Bammesberger1990	unchecked			
2097	Bammesberger1992	unchecked			
2097	Bammesberger1997	unchecked			
2097	Beekes2010	unchecked			
2097	Bennett1950	unchecked			
2097	BosworthToller1898	unchecked			
2097	Bremmer2008	unchecked			
2097	Bremmer2009	unchecked			
2097	Bright1917	unchecked			
2097	Bulbring1902	unchecked			
2097	CaedmonsHymnVitt1452	unchecked			
2097	Campbell1939	unchecked			
2097	Campbell1959	unchecked			
2097	Cercignani1979	unchecked			
2097	Cercignani1980	unchecked			
2097	ClarkHall1960	unchecked			
2097	Crist2001	unchecked			
2097	Crist2002	unchecked			
2097	Erdmann1972	unchecked			
2097	Fulk2018	unchecked			
2097	GermanicSlavicBaltic2025	unchecked			
2097	Goblirsch1991	unchecked			
2097	Hamp1990	unchecked			
2097	Hirt1931	unchecked			
2097	Hogg1979	unchecked			
2097	HoggGrammar2011	unchecked			
2097	HoggIntroduction1992	unchecked			
2097	HoggPhonology1992	unchecked			
2097	HowellSalmons1988	unchecked			
2097	Kaluza1900	unchecked			
2097	Kastovsky1992	unchecked			
2097	Kilday2024	unchecked			
2097	KlugeSeebold2011	unchecked			
2097	Kortlandt2008	unchecked			
2097	Kroonen2006	unchecked			
2097	Kroonen2011	unchecked			
2097	Kroonen2013	unchecked			
2097	Kylstra1983	unchecked			
2097	Laker2007	unchecked			
2097	Lid1952	unchecked			
2097	Lloyd1966	unchecked			
2097	LloydSpringer1988	unchecked			
2097	Luehr1993	unchecked			
2097	Luick1914	unchecked			
2097	Mayrhofer1992	unchecked			
2097	Mees2020	unchecked			
2097	NeriRingeReview	unchecked			
2097	Nielsen2001	unchecked			
2097	Orel2003	unchecked			
2097	Pierce1999	unchecked			
2097	Pierce2003	unchecked			
2097	Pierce2006	unchecked			
2097	Pokorny1959	unchecked			
2097	Polome1967	unchecked			
2097	Polome1994	unchecked			
2097	Repansek2012	unchecked			
2097	Rice1994	unchecked			
2097	Ringe1984	unchecked			
2097	Ringe2017	unchecked			
2097	RingeTaylor2014	unchecked			
2097	Seebold1970	unchecked			
2097	SieversBrunner1965	unchecked			
2097	StauslandJohnsen2015	unchecked			
2097	Stiles1985	unchecked			
2097	Stiles1986a	unchecked			
2097	Stiles1986b	unchecked			
2097	Stiles2012	unchecked			
2097	Stiles2017	unchecked			
2097	Streitberg1896	unchecked			
2097	Sweet1953	unchecked			
2097	Thorhallsdottir1993	unchecked			
2097	Toon1992	unchecked			
2097	Versloot2017	unchecked			
2097	Versloot2021	unchecked			
2097	Versloot2025	unchecked			
2097	Vine2019	unchecked			
2097	Waxenberger2019	unchecked			
2097	WrightWuelcker1884	unchecked			
2097	vanHelten1905	unchecked			
2098	Adamczyk2001	unchecked			
2098	Bammesberger1990	unchecked			
2098	Bammesberger1992	unchecked			
2098	Bammesberger1997	unchecked			
2098	Beekes2010	unchecked			
2098	Bennett1950	unchecked			
2098	BosworthToller1898	unchecked			
2098	Bremmer2008	unchecked			
2098	Bremmer2009	unchecked			
2098	Bright1917	unchecked			
2098	Bulbring1902	unchecked			
2098	CaedmonsHymnVitt1452	unchecked			
2098	Campbell1939	unchecked			
2098	Campbell1959	unchecked			
2098	Cercignani1979	unchecked			
2098	Cercignani1980	unchecked			
2098	ClarkHall1960	unchecked			
2098	Crist2001	unchecked			
2098	Crist2002	unchecked			
2098	Erdmann1972	unchecked			
2098	Fulk2018	unchecked			
2098	GermanicSlavicBaltic2025	unchecked			
2098	Goblirsch1991	unchecked			
2098	Hamp1990	unchecked			
2098	Hirt1931	unchecked			
2098	Hogg1979	unchecked			
2098	HoggGrammar2011	unchecked			
2098	HoggIntroduction1992	unchecked			
2098	HoggPhonology1992	unchecked			
2098	HowellSalmons1988	unchecked			
2098	Kaluza1900	unchecked			
2098	Kastovsky1992	unchecked			
2098	Kilday2024	unchecked			
2098	KlugeSeebold2011	unchecked			
2098	Kortlandt2008	unchecked			
2098	Kroonen2006	unchecked			
2098	Kroonen2011	unchecked			
2098	Kroonen2013	unchecked			
2098	Kylstra1983	unchecked			
2098	Laker2007	unchecked			
2098	Lid1952	unchecked			
2098	Lloyd1966	unchecked			
2098	LloydSpringer1988	unchecked			
2098	Luehr1993	unchecked			
2098	Luick1914	unchecked			
2098	Mayrhofer1992	unchecked			
2098	Mees2020	unchecked			
2098	NeriRingeReview	unchecked			
2098	Nielsen2001	unchecked			
2098	Orel2003	unchecked			
2098	Pierce1999	unchecked			
2098	Pierce2003	unchecked			
2098	Pierce2006	unchecked			
2098	Pokorny1959	unchecked			
2098	Polome1967	unchecked			
2098	Polome1994	unchecked			
2098	Repansek2012	unchecked			
2098	Rice1994	unchecked			
2098	Ringe1984	unchecked			
2098	Ringe2017	unchecked			
2098	RingeTaylor2014	unchecked			
2098	Seebold1970	unchecked			
2098	SieversBrunner1965	unchecked			
2098	StauslandJohnsen2015	unchecked			
2098	Stiles1985	unchecked			
2098	Stiles1986a	unchecked			
2098	Stiles1986b	unchecked			
2098	Stiles2012	unchecked			
2098	Stiles2017	unchecked			
2098	Streitberg1896	unchecked			
2098	Sweet1953	unchecked			
2098	Thorhallsdottir1993	unchecked			
2098	Toon1992	unchecked			
2098	Versloot2017	unchecked			
2098	Versloot2021	unchecked			
2098	Versloot2025	unchecked			
2098	Vine2019	unchecked			
2098	Waxenberger2019	unchecked			
2098	WrightWuelcker1884	unchecked			
2098	vanHelten1905	unchecked			
2099	Adamczyk2001	unchecked			
2099	Bammesberger1990	unchecked			
2099	Bammesberger1992	unchecked			
2099	Bammesberger1997	unchecked			
2099	Beekes2010	unchecked			
2099	Bennett1950	unchecked			
2099	BosworthToller1898	unchecked			
2099	Bremmer2008	unchecked			
2099	Bremmer2009	unchecked			
2099	Bright1917	unchecked			
2099	Bulbring1902	unchecked			
2099	CaedmonsHymnVitt1452	unchecked			
2099	Campbell1939	unchecked			
2099	Campbell1959	unchecked			
2099	Cercignani1979	unchecked			
2099	Cercignani1980	unchecked			
2099	ClarkHall1960	unchecked			
2099	Crist2001	unchecked			
2099	Crist2002	unchecked			
2099	Erdmann1972	unchecked			
2099	Fulk2018	unchecked			
2099	GermanicSlavicBaltic2025	unchecked			
2099	Goblirsch1991	unchecked			
2099	Hamp1990	unchecked			
2099	Hirt1931	unchecked			
2099	Hogg1979	unchecked			
2099	HoggGrammar2011	unchecked			
2099	HoggIntroduction1992	unchecked			
2099	HoggPhonology1992	unchecked			
2099	HowellSalmons1988	unchecked			
2099	Kaluza1900	unchecked			
2099	Kastovsky1992	unchecked			
2099	Kilday2024	unchecked			
2099	KlugeSeebold2011	unchecked			
2099	Kortlandt2008	unchecked			
2099	Kroonen2006	unchecked			
2099	Kroonen2011	unchecked			
2099	Kroonen2013	unchecked			
2099	Kylstra1983	unchecked			
2099	Laker2007	unchecked			
2099	Lid1952	unchecked			
2099	Lloyd1966	unchecked			
2099	LloydSpringer1988	unchecked			
2099	Luehr1993	unchecked			
2099	Luick1914	unchecked			
2099	Mayrhofer1992	unchecked			
2099	Mees2020	unchecked			
2099	NeriRingeReview	unchecked			
2099	Nielsen2001	unchecked			
2099	Orel2003	unchecked			
2099	Pierce1999	unchecked			
2099	Pierce2003	unchecked			
2099	Pierce2006	unchecked			
2099	Pokorny1959	unchecked			
2099	Polome1967	unchecked			
2099	Polome1994	unchecked			
2099	Repansek2012	unchecked			
2099	Rice1994	unchecked			
2099	Ringe1984	unchecked			
2099	Ringe2017	unchecked			
2099	RingeTaylor2014	unchecked			
2099	Seebold1970	unchecked			
2099	SieversBrunner1965	unchecked			
2099	StauslandJohnsen2015	unchecked			
2099	Stiles1985	unchecked			
2099	Stiles1986a	unchecked			
2099	Stiles1986b	unchecked			
2099	Stiles2012	unchecked			
2099	Stiles2017	unchecked			
2099	Streitberg1896	unchecked			
2099	Sweet1953	unchecked			
2099	Thorhallsdottir1993	unchecked			
2099	Toon1992	unchecked			
2099	Versloot2017	unchecked			
2099	Versloot2021	unchecked			
2099	Versloot2025	unchecked			
2099	Vine2019	unchecked			
2099	Waxenberger2019	unchecked			
2099	WrightWuelcker1884	unchecked			
2099	vanHelten1905	unchecked			
2100	Adamczyk2001	unchecked			
2100	Bammesberger1990	unchecked			
2100	Bammesberger1992	unchecked			
2100	Bammesberger1997	unchecked			
2100	Beekes2010	unchecked			
2100	Bennett1950	unchecked			
2100	BosworthToller1898	unchecked			
2100	Bremmer2008	unchecked			
2100	Bremmer2009	unchecked			
2100	Bright1917	unchecked			
2100	Bulbring1902	unchecked			
2100	CaedmonsHymnVitt1452	unchecked			
2100	Campbell1939	unchecked			
2100	Campbell1959	unchecked			
2100	Cercignani1979	unchecked			
2100	Cercignani1980	unchecked			
2100	ClarkHall1960	unchecked			
2100	Crist2001	unchecked			
2100	Crist2002	unchecked			
2100	Erdmann1972	unchecked			
2100	Fulk2018	unchecked			
2100	GermanicSlavicBaltic2025	unchecked			
2100	Goblirsch1991	unchecked			
2100	Hamp1990	unchecked			
2100	Hirt1931	unchecked			
2100	Hogg1979	unchecked			
2100	HoggGrammar2011	unchecked			
2100	HoggIntroduction1992	unchecked			
2100	HoggPhonology1992	unchecked			
2100	HowellSalmons1988	unchecked			
2100	Kaluza1900	unchecked			
2100	Kastovsky1992	unchecked			
2100	Kilday2024	unchecked			
2100	KlugeSeebold2011	unchecked			
2100	Kortlandt2008	unchecked			
2100	Kroonen2006	unchecked			
2100	Kroonen2011	unchecked			
2100	Kroonen2013	unchecked			
2100	Kylstra1983	unchecked			
2100	Laker2007	unchecked			
2100	Lid1952	unchecked			
2100	Lloyd1966	unchecked			
2100	LloydSpringer1988	unchecked			
2100	Luehr1993	unchecked			
2100	Luick1914	unchecked			
2100	Mayrhofer1992	unchecked			
2100	Mees2020	unchecked			
2100	NeriRingeReview	unchecked			
2100	Nielsen2001	unchecked			
2100	Orel2003	unchecked			
2100	Pierce1999	unchecked			
2100	Pierce2003	unchecked			
2100	Pierce2006	unchecked			
2100	Pokorny1959	unchecked			
2100	Polome1967	unchecked			
2100	Polome1994	unchecked			
2100	Repansek2012	unchecked			
2100	Rice1994	unchecked			
2100	Ringe1984	unchecked			
2100	Ringe2017	unchecked			
2100	RingeTaylor2014	unchecked			
2100	Seebold1970	unchecked			
2100	SieversBrunner1965	unchecked			
2100	StauslandJohnsen2015	unchecked			
2100	Stiles1985	unchecked			
2100	Stiles1986a	unchecked			
2100	Stiles1986b	unchecked			
2100	Stiles2012	unchecked			
2100	Stiles2017	unchecked			
2100	Streitberg1896	unchecked			
2100	Sweet1953	unchecked			
2100	Thorhallsdottir1993	unchecked			
2100	Toon1992	unchecked			
2100	Versloot2017	unchecked			
2100	Versloot2021	unchecked			
2100	Versloot2025	unchecked			
2100	Vine2019	unchecked			
2100	Waxenberger2019	unchecked			
2100	WrightWuelcker1884	unchecked			
2100	vanHelten1905	unchecked			
2101	Adamczyk2001	unchecked			
2101	Bammesberger1990	unchecked			
2101	Bammesberger1992	unchecked			
2101	Bammesberger1997	unchecked			
2101	Beekes2010	unchecked			
2101	Bennett1950	unchecked			
2101	BosworthToller1898	unchecked			
2101	Bremmer2008	unchecked			
2101	Bremmer2009	unchecked			
2101	Bright1917	unchecked			
2101	Bulbring1902	unchecked			
2101	CaedmonsHymnVitt1452	unchecked			
2101	Campbell1939	unchecked			
2101	Campbell1959	unchecked			
2101	Cercignani1979	unchecked			
2101	Cercignani1980	unchecked			
2101	ClarkHall1960	unchecked			
2101	Crist2001	unchecked			
2101	Crist2002	unchecked			
2101	Erdmann1972	unchecked			
2101	Fulk2018	unchecked			
2101	GermanicSlavicBaltic2025	unchecked			
2101	Goblirsch1991	unchecked			
2101	Hamp1990	unchecked			
2101	Hirt1931	unchecked			
2101	Hogg1979	unchecked			
2101	HoggGrammar2011	unchecked			
2101	HoggIntroduction1992	unchecked			
2101	HoggPhonology1992	unchecked			
2101	HowellSalmons1988	unchecked			
2101	Kaluza1900	unchecked			
2101	Kastovsky1992	unchecked			
2101	Kilday2024	unchecked			
2101	KlugeSeebold2011	unchecked			
2101	Kortlandt2008	unchecked			
2101	Kroonen2006	unchecked			
2101	Kroonen2011	unchecked			
2101	Kroonen2013	unchecked			
2101	Kylstra1983	unchecked			
2101	Laker2007	unchecked			
2101	Lid1952	unchecked			
2101	Lloyd1966	unchecked			
2101	LloydSpringer1988	unchecked			
2101	Luehr1993	unchecked			
2101	Luick1914	unchecked			
2101	Mayrhofer1992	unchecked			
2101	Mees2020	unchecked			
2101	NeriRingeReview	unchecked			
2101	Nielsen2001	unchecked			
2101	Orel2003	unchecked			
2101	Pierce1999	unchecked			
2101	Pierce2003	unchecked			
2101	Pierce2006	unchecked			
2101	Pokorny1959	unchecked			
2101	Polome1967	unchecked			
2101	Polome1994	unchecked			
2101	Repansek2012	unchecked			
2101	Rice1994	unchecked			
2101	Ringe1984	unchecked			
2101	Ringe2017	unchecked			
2101	RingeTaylor2014	unchecked			
2101	Seebold1970	unchecked			
2101	SieversBrunner1965	unchecked			
2101	StauslandJohnsen2015	unchecked			
2101	Stiles1985	unchecked			
2101	Stiles1986a	unchecked			
2101	Stiles1986b	unchecked			
2101	Stiles2012	unchecked			
2101	Stiles2017	unchecked			
2101	Streitberg1896	unchecked			
2101	Sweet1953	unchecked			
2101	Thorhallsdottir1993	unchecked			
2101	Toon1992	unchecked			
2101	Versloot2017	unchecked			
2101	Versloot2021	unchecked			
2101	Versloot2025	unchecked			
2101	Vine2019	unchecked			
2101	Waxenberger2019	unchecked			
2101	WrightWuelcker1884	unchecked			
2101	vanHelten1905	unchecked			
2102	Adamczyk2001	unchecked			
2102	Bammesberger1990	unchecked			
2102	Bammesberger1992	unchecked			
2102	Bammesberger1997	unchecked			
2102	Beekes2010	unchecked			
2102	Bennett1950	unchecked			
2102	BosworthToller1898	unchecked			
2102	Bremmer2008	unchecked			
2102	Bremmer2009	unchecked			
2102	Bright1917	unchecked			
2102	Bulbring1902	unchecked			
2102	CaedmonsHymnVitt1452	unchecked			
2102	Campbell1939	unchecked			
2102	Campbell1959	unchecked			
2102	Cercignani1979	unchecked			
2102	Cercignani1980	unchecked			
2102	ClarkHall1960	unchecked			
2102	Crist2001	unchecked			
2102	Crist2002	unchecked			
2102	Erdmann1972	unchecked			
2102	Fulk2018	unchecked			
2102	GermanicSlavicBaltic2025	unchecked			
2102	Goblirsch1991	unchecked			
2102	Hamp1990	unchecked			
2102	Hirt1931	unchecked			
2102	Hogg1979	unchecked			
2102	HoggGrammar2011	unchecked			
2102	HoggIntroduction1992	unchecked			
2102	HoggPhonology1992	unchecked			
2102	HowellSalmons1988	unchecked			
2102	Kaluza1900	unchecked			
2102	Kastovsky1992	unchecked			
2102	Kilday2024	unchecked			
2102	KlugeSeebold2011	unchecked			
2102	Kortlandt2008	unchecked			
2102	Kroonen2006	unchecked			
2102	Kroonen2011	unchecked			
2102	Kroonen2013	unchecked			
2102	Kylstra1983	unchecked			
2102	Laker2007	unchecked			
2102	Lid1952	unchecked			
2102	Lloyd1966	unchecked			
2102	LloydSpringer1988	unchecked			
2102	Luehr1993	unchecked			
2102	Luick1914	unchecked			
2102	Mayrhofer1992	unchecked			
2102	Mees2020	unchecked			
2102	NeriRingeReview	unchecked			
2102	Nielsen2001	unchecked			
2102	Orel2003	unchecked			
2102	Pierce1999	unchecked			
2102	Pierce2003	unchecked			
2102	Pierce2006	unchecked			
2102	Pokorny1959	unchecked			
2102	Polome1967	unchecked			
2102	Polome1994	unchecked			
2102	Repansek2012	unchecked			
2102	Rice1994	unchecked			
2102	Ringe1984	unchecked			
2102	Ringe2017	unchecked			
2102	RingeTaylor2014	unchecked			
2102	Seebold1970	unchecked			
2102	SieversBrunner1965	unchecked			
2102	StauslandJohnsen2015	unchecked			
2102	Stiles1985	unchecked			
2102	Stiles1986a	unchecked			
2102	Stiles1986b	unchecked			
2102	Stiles2012	unchecked			
2102	Stiles2017	unchecked			
2102	Streitberg1896	unchecked			
2102	Sweet1953	unchecked			
2102	Thorhallsdottir1993	unchecked			
2102	Toon1992	unchecked			
2102	Versloot2017	unchecked			
2102	Versloot2021	unchecked			
2102	Versloot2025	unchecked			
2102	Vine2019	unchecked			
2102	Waxenberger2019	unchecked			
2102	WrightWuelcker1884	unchecked			
2102	vanHelten1905	unchecked			
2103	Adamczyk2001	unchecked			
2103	Bammesberger1990	unchecked			
2103	Bammesberger1992	unchecked			
2103	Bammesberger1997	unchecked			
2103	Beekes2010	unchecked			
2103	Bennett1950	unchecked			
2103	BosworthToller1898	unchecked			
2103	Bremmer2008	unchecked			
2103	Bremmer2009	unchecked			
2103	Bright1917	unchecked			
2103	Bulbring1902	unchecked			
2103	CaedmonsHymnVitt1452	unchecked			
2103	Campbell1939	unchecked			
2103	Campbell1959	unchecked			
2103	Cercignani1979	unchecked			
2103	Cercignani1980	unchecked			
2103	ClarkHall1960	unchecked			
2103	Crist2001	unchecked			
2103	Crist2002	unchecked			
2103	Erdmann1972	unchecked			
2103	Fulk2018	unchecked			
2103	GermanicSlavicBaltic2025	unchecked			
2103	Goblirsch1991	unchecked			
2103	Hamp1990	unchecked			
2103	Hirt1931	unchecked			
2103	Hogg1979	unchecked			
2103	HoggGrammar2011	unchecked			
2103	HoggIntroduction1992	unchecked			
2103	HoggPhonology1992	unchecked			
2103	HowellSalmons1988	unchecked			
2103	Kaluza1900	unchecked			
2103	Kastovsky1992	unchecked			
2103	Kilday2024	unchecked			
2103	KlugeSeebold2011	unchecked			
2103	Kortlandt2008	unchecked			
2103	Kroonen2006	unchecked			
2103	Kroonen2011	unchecked			
2103	Kroonen2013	unchecked			
2103	Kylstra1983	unchecked			
2103	Laker2007	unchecked			
2103	Lid1952	unchecked			
2103	Lloyd1966	unchecked			
2103	LloydSpringer1988	unchecked			
2103	Luehr1993	unchecked			
2103	Luick1914	unchecked			
2103	Mayrhofer1992	unchecked			
2103	Mees2020	unchecked			
2103	NeriRingeReview	unchecked			
2103	Nielsen2001	unchecked			
2103	Orel2003	unchecked			
2103	Pierce1999	unchecked			
2103	Pierce2003	unchecked			
2103	Pierce2006	unchecked			
2103	Pokorny1959	unchecked			
2103	Polome1967	unchecked			
2103	Polome1994	unchecked			
2103	Repansek2012	unchecked			
2103	Rice1994	unchecked			
2103	Ringe1984	unchecked			
2103	Ringe2017	unchecked			
2103	RingeTaylor2014	unchecked			
2103	Seebold1970	unchecked			
2103	SieversBrunner1965	unchecked			
2103	StauslandJohnsen2015	unchecked			
2103	Stiles1985	unchecked			
2103	Stiles1986a	unchecked			
2103	Stiles1986b	unchecked			
2103	Stiles2012	unchecked			
2103	Stiles2017	unchecked			
2103	Streitberg1896	unchecked			
2103	Sweet1953	unchecked			
2103	Thorhallsdottir1993	unchecked			
2103	Toon1992	unchecked			
2103	Versloot2017	unchecked			
2103	Versloot2021	unchecked			
2103	Versloot2025	unchecked			
2103	Vine2019	unchecked			
2103	Waxenberger2019	unchecked			
2103	WrightWuelcker1884	unchecked			
2103	vanHelten1905	unchecked			
2104	Adamczyk2001	unchecked			
2104	Bammesberger1990	unchecked			
2104	Bammesberger1992	unchecked			
2104	Bammesberger1997	unchecked			
2104	Beekes2010	unchecked			
2104	Bennett1950	unchecked			
2104	BosworthToller1898	unchecked			
2104	Bremmer2008	unchecked			
2104	Bremmer2009	unchecked			
2104	Bright1917	unchecked			
2104	Bulbring1902	unchecked			
2104	CaedmonsHymnVitt1452	unchecked			
2104	Campbell1939	unchecked			
2104	Campbell1959	unchecked			
2104	Cercignani1979	unchecked			
2104	Cercignani1980	unchecked			
2104	ClarkHall1960	unchecked			
2104	Crist2001	unchecked			
2104	Crist2002	unchecked			
2104	Erdmann1972	unchecked			
2104	Fulk2018	unchecked			
2104	GermanicSlavicBaltic2025	unchecked			
2104	Goblirsch1991	unchecked			
2104	Hamp1990	unchecked			
2104	Hirt1931	unchecked			
2104	Hogg1979	unchecked			
2104	HoggGrammar2011	unchecked			
2104	HoggIntroduction1992	unchecked			
2104	HoggPhonology1992	unchecked			
2104	HowellSalmons1988	unchecked			
2104	Kaluza1900	unchecked			
2104	Kastovsky1992	unchecked			
2104	Kilday2024	unchecked			
2104	KlugeSeebold2011	unchecked			
2104	Kortlandt2008	unchecked			
2104	Kroonen2006	unchecked			
2104	Kroonen2011	unchecked			
2104	Kroonen2013	unchecked			
2104	Kylstra1983	unchecked			
2104	Laker2007	unchecked			
2104	Lid1952	unchecked			
2104	Lloyd1966	unchecked			
2104	LloydSpringer1988	unchecked			
2104	Luehr1993	unchecked			
2104	Luick1914	unchecked			
2104	Mayrhofer1992	unchecked			
2104	Mees2020	unchecked			
2104	NeriRingeReview	unchecked			
2104	Nielsen2001	unchecked			
2104	Orel2003	unchecked			
2104	Pierce1999	unchecked			
2104	Pierce2003	unchecked			
2104	Pierce2006	unchecked			
2104	Pokorny1959	unchecked			
2104	Polome1967	unchecked			
2104	Polome1994	unchecked			
2104	Repansek2012	unchecked			
2104	Rice1994	unchecked			
2104	Ringe1984	unchecked			
2104	Ringe2017	unchecked			
2104	RingeTaylor2014	unchecked			
2104	Seebold1970	unchecked			
2104	SieversBrunner1965	unchecked			
2104	StauslandJohnsen2015	unchecked			
2104	Stiles1985	unchecked			
2104	Stiles1986a	unchecked			
2104	Stiles1986b	unchecked			
2104	Stiles2012	unchecked			
2104	Stiles2017	unchecked			
2104	Streitberg1896	unchecked			
2104	Sweet1953	unchecked			
2104	Thorhallsdottir1993	unchecked			
2104	Toon1992	unchecked			
2104	Versloot2017	unchecked			
2104	Versloot2021	unchecked			
2104	Versloot2025	unchecked			
2104	Vine2019	unchecked			
2104	Waxenberger2019	unchecked			
2104	WrightWuelcker1884	unchecked			
2104	vanHelten1905	unchecked			
2105	Adamczyk2001	unchecked			
2105	Bammesberger1990	unchecked			
2105	Bammesberger1992	unchecked			
2105	Bammesberger1997	unchecked			
2105	Beekes2010	unchecked			
2105	Bennett1950	unchecked			
2105	BosworthToller1898	unchecked			
2105	Bremmer2008	unchecked			
2105	Bremmer2009	unchecked			
2105	Bright1917	unchecked			
2105	Bulbring1902	unchecked			
2105	CaedmonsHymnVitt1452	unchecked			
2105	Campbell1939	unchecked			
2105	Campbell1959	unchecked			
2105	Cercignani1979	unchecked			
2105	Cercignani1980	unchecked			
2105	ClarkHall1960	unchecked			
2105	Crist2001	unchecked			
2105	Crist2002	unchecked			
2105	Erdmann1972	unchecked			
2105	Fulk2018	unchecked			
2105	GermanicSlavicBaltic2025	unchecked			
2105	Goblirsch1991	unchecked			
2105	Hamp1990	unchecked			
2105	Hirt1931	unchecked			
2105	Hogg1979	unchecked			
2105	HoggGrammar2011	unchecked			
2105	HoggIntroduction1992	unchecked			
2105	HoggPhonology1992	unchecked			
2105	HowellSalmons1988	unchecked			
2105	Kaluza1900	unchecked			
2105	Kastovsky1992	unchecked			
2105	Kilday2024	unchecked			
2105	KlugeSeebold2011	unchecked			
2105	Kortlandt2008	unchecked			
2105	Kroonen2006	unchecked			
2105	Kroonen2011	unchecked			
2105	Kroonen2013	unchecked			
2105	Kylstra1983	unchecked			
2105	Laker2007	unchecked			
2105	Lid1952	unchecked			
2105	Lloyd1966	unchecked			
2105	LloydSpringer1988	unchecked			
2105	Luehr1993	unchecked			
2105	Luick1914	unchecked			
2105	Mayrhofer1992	unchecked			
2105	Mees2020	unchecked			
2105	NeriRingeReview	unchecked			
2105	Nielsen2001	unchecked			
2105	Orel2003	unchecked			
2105	Pierce1999	unchecked			
2105	Pierce2003	unchecked			
2105	Pierce2006	unchecked			
2105	Pokorny1959	unchecked			
2105	Polome1967	unchecked			
2105	Polome1994	unchecked			
2105	Repansek2012	unchecked			
2105	Rice1994	unchecked			
2105	Ringe1984	unchecked			
2105	Ringe2017	unchecked			
2105	RingeTaylor2014	unchecked			
2105	Seebold1970	unchecked			
2105	SieversBrunner1965	unchecked			
2105	StauslandJohnsen2015	unchecked			
2105	Stiles1985	unchecked			
2105	Stiles1986a	unchecked			
2105	Stiles1986b	unchecked			
2105	Stiles2012	unchecked			
2105	Stiles2017	unchecked			
2105	Streitberg1896	unchecked			
2105	Sweet1953	unchecked			
2105	Thorhallsdottir1993	unchecked			
2105	Toon1992	unchecked			
2105	Versloot2017	unchecked			
2105	Versloot2021	unchecked			
2105	Versloot2025	unchecked			
2105	Vine2019	unchecked			
2105	Waxenberger2019	unchecked			
2105	WrightWuelcker1884	unchecked			
2105	vanHelten1905	unchecked			
2106	Adamczyk2001	unchecked			
2106	Bammesberger1990	unchecked			
2106	Bammesberger1992	unchecked			
2106	Bammesberger1997	unchecked			
2106	Beekes2010	unchecked			
2106	Bennett1950	unchecked			
2106	BosworthToller1898	unchecked			
2106	Bremmer2008	unchecked			
2106	Bremmer2009	unchecked			
2106	Bright1917	unchecked			
2106	Bulbring1902	unchecked			
2106	CaedmonsHymnVitt1452	unchecked			
2106	Campbell1939	unchecked			
2106	Campbell1959	unchecked			
2106	Cercignani1979	unchecked			
2106	Cercignani1980	unchecked			
2106	ClarkHall1960	unchecked			
2106	Crist2001	unchecked			
2106	Crist2002	unchecked			
2106	Erdmann1972	unchecked			
2106	Fulk2018	unchecked			
2106	GermanicSlavicBaltic2025	unchecked			
2106	Goblirsch1991	unchecked			
2106	Hamp1990	unchecked			
2106	Hirt1931	unchecked			
2106	Hogg1979	unchecked			
2106	HoggGrammar2011	unchecked			
2106	HoggIntroduction1992	unchecked			
2106	HoggPhonology1992	unchecked			
2106	HowellSalmons1988	unchecked			
2106	Kaluza1900	unchecked			
2106	Kastovsky1992	unchecked			
2106	Kilday2024	unchecked			
2106	KlugeSeebold2011	unchecked			
2106	Kortlandt2008	unchecked			
2106	Kroonen2006	unchecked			
2106	Kroonen2011	unchecked			
2106	Kroonen2013	unchecked			
2106	Kylstra1983	unchecked			
2106	Laker2007	unchecked			
2106	Lid1952	unchecked			
2106	Lloyd1966	unchecked			
2106	LloydSpringer1988	unchecked			
2106	Luehr1993	unchecked			
2106	Luick1914	unchecked			
2106	Mayrhofer1992	unchecked			
2106	Mees2020	unchecked			
2106	NeriRingeReview	unchecked			
2106	Nielsen2001	unchecked			
2106	Orel2003	unchecked			
2106	Pierce1999	unchecked			
2106	Pierce2003	unchecked			
2106	Pierce2006	unchecked			
2106	Pokorny1959	unchecked			
2106	Polome1967	unchecked			
2106	Polome1994	unchecked			
2106	Repansek2012	unchecked			
2106	Rice1994	unchecked			
2106	Ringe1984	unchecked			
2106	Ringe2017	unchecked			
2106	RingeTaylor2014	unchecked			
2106	Seebold1970	unchecked			
2106	SieversBrunner1965	unchecked			
2106	StauslandJohnsen2015	unchecked			
2106	Stiles1985	unchecked			
2106	Stiles1986a	unchecked			
2106	Stiles1986b	unchecked			
2106	Stiles2012	unchecked			
2106	Stiles2017	unchecked			
2106	Streitberg1896	unchecked			
2106	Sweet1953	unchecked			
2106	Thorhallsdottir1993	unchecked			
2106	Toon1992	unchecked			
2106	Versloot2017	unchecked			
2106	Versloot2021	unchecked			
2106	Versloot2025	unchecked			
2106	Vine2019	unchecked			
2106	Waxenberger2019	unchecked			
2106	WrightWuelcker1884	unchecked			
2106	vanHelten1905	unchecked			
2107	Adamczyk2001	unchecked			
2107	Bammesberger1990	unchecked			
2107	Bammesberger1992	unchecked			
2107	Bammesberger1997	unchecked			
2107	Beekes2010	unchecked			
2107	Bennett1950	unchecked			
2107	BosworthToller1898	unchecked			
2107	Bremmer2008	unchecked			
2107	Bremmer2009	unchecked			
2107	Bright1917	unchecked			
2107	Bulbring1902	unchecked			
2107	CaedmonsHymnVitt1452	unchecked			
2107	Campbell1939	unchecked			
2107	Campbell1959	unchecked			
2107	Cercignani1979	unchecked			
2107	Cercignani1980	unchecked			
2107	ClarkHall1960	unchecked			
2107	Crist2001	unchecked			
2107	Crist2002	unchecked			
2107	Erdmann1972	unchecked			
2107	Fulk2018	unchecked			
2107	GermanicSlavicBaltic2025	unchecked			
2107	Goblirsch1991	unchecked			
2107	Hamp1990	unchecked			
2107	Hirt1931	unchecked			
2107	Hogg1979	unchecked			
2107	HoggGrammar2011	unchecked			
2107	HoggIntroduction1992	unchecked			
2107	HoggPhonology1992	unchecked			
2107	HowellSalmons1988	unchecked			
2107	Kaluza1900	unchecked			
2107	Kastovsky1992	unchecked			
2107	Kilday2024	unchecked			
2107	KlugeSeebold2011	unchecked			
2107	Kortlandt2008	unchecked			
2107	Kroonen2006	unchecked			
2107	Kroonen2011	unchecked			
2107	Kroonen2013	unchecked			
2107	Kylstra1983	unchecked			
2107	Laker2007	unchecked			
2107	Lid1952	unchecked			
2107	Lloyd1966	unchecked			
2107	LloydSpringer1988	unchecked			
2107	Luehr1993	unchecked			
2107	Luick1914	unchecked			
2107	Mayrhofer1992	unchecked			
2107	Mees2020	unchecked			
2107	NeriRingeReview	unchecked			
2107	Nielsen2001	unchecked			
2107	Orel2003	unchecked			
2107	Pierce1999	unchecked			
2107	Pierce2003	unchecked			
2107	Pierce2006	unchecked			
2107	Pokorny1959	unchecked			
2107	Polome1967	unchecked			
2107	Polome1994	unchecked			
2107	Repansek2012	unchecked			
2107	Rice1994	unchecked			
2107	Ringe1984	unchecked			
2107	Ringe2017	unchecked			
2107	RingeTaylor2014	unchecked			
2107	Seebold1970	unchecked			
2107	SieversBrunner1965	unchecked			
2107	StauslandJohnsen2015	unchecked			
2107	Stiles1985	unchecked			
2107	Stiles1986a	unchecked			
2107	Stiles1986b	unchecked			
2107	Stiles2012	unchecked			
2107	Stiles2017	unchecked			
2107	Streitberg1896	unchecked			
2107	Sweet1953	unchecked			
2107	Thorhallsdottir1993	unchecked			
2107	Toon1992	unchecked			
2107	Versloot2017	unchecked			
2107	Versloot2021	unchecked			
2107	Versloot2025	unchecked			
2107	Vine2019	unchecked			
2107	Waxenberger2019	unchecked			
2107	WrightWuelcker1884	unchecked			
2107	vanHelten1905	unchecked			
2108	Adamczyk2001	unchecked			
2108	Bammesberger1990	unchecked			
2108	Bammesberger1992	unchecked			
2108	Bammesberger1997	unchecked			
2108	Beekes2010	unchecked			
2108	Bennett1950	unchecked			
2108	BosworthToller1898	unchecked			
2108	Bremmer2008	unchecked			
2108	Bremmer2009	unchecked			
2108	Bright1917	unchecked			
2108	Bulbring1902	unchecked			
2108	CaedmonsHymnVitt1452	unchecked			
2108	Campbell1939	unchecked			
2108	Campbell1959	unchecked			
2108	Cercignani1979	unchecked			
2108	Cercignani1980	unchecked			
2108	ClarkHall1960	unchecked			
2108	Crist2001	unchecked			
2108	Crist2002	unchecked			
2108	Erdmann1972	unchecked			
2108	Fulk2018	unchecked			
2108	GermanicSlavicBaltic2025	unchecked			
2108	Goblirsch1991	unchecked			
2108	Hamp1990	unchecked			
2108	Hirt1931	unchecked			
2108	Hogg1979	unchecked			
2108	HoggGrammar2011	unchecked			
2108	HoggIntroduction1992	unchecked			
2108	HoggPhonology1992	unchecked			
2108	HowellSalmons1988	unchecked			
2108	Kaluza1900	unchecked			
2108	Kastovsky1992	unchecked			
2108	Kilday2024	unchecked			
2108	KlugeSeebold2011	unchecked			
2108	Kortlandt2008	unchecked			
2108	Kroonen2006	unchecked			
2108	Kroonen2011	unchecked			
2108	Kroonen2013	unchecked			
2108	Kylstra1983	unchecked			
2108	Laker2007	unchecked			
2108	Lid1952	unchecked			
2108	Lloyd1966	unchecked			
2108	LloydSpringer1988	unchecked			
2108	Luehr1993	unchecked			
2108	Luick1914	unchecked			
2108	Mayrhofer1992	unchecked			
2108	Mees2020	unchecked			
2108	NeriRingeReview	unchecked			
2108	Nielsen2001	unchecked			
2108	Orel2003	unchecked			
2108	Pierce1999	unchecked			
2108	Pierce2003	unchecked			
2108	Pierce2006	unchecked			
2108	Pokorny1959	unchecked			
2108	Polome1967	unchecked			
2108	Polome1994	unchecked			
2108	Repansek2012	unchecked			
2108	Rice1994	unchecked			
2108	Ringe1984	unchecked			
2108	Ringe2017	unchecked			
2108	RingeTaylor2014	unchecked			
2108	Seebold1970	unchecked			
2108	SieversBrunner1965	unchecked			
2108	StauslandJohnsen2015	unchecked			
2108	Stiles1985	unchecked			
2108	Stiles1986a	unchecked			
2108	Stiles1986b	unchecked			
2108	Stiles2012	unchecked			
2108	Stiles2017	unchecked			
2108	Streitberg1896	unchecked			
2108	Sweet1953	unchecked			
2108	Thorhallsdottir1993	unchecked			
2108	Toon1992	unchecked			
2108	Versloot2017	unchecked			
2108	Versloot2021	unchecked			
2108	Versloot2025	unchecked			
2108	Vine2019	unchecked			
2108	Waxenberger2019	unchecked			
2108	WrightWuelcker1884	unchecked			
2108	vanHelten1905	unchecked			
2109	Adamczyk2001	unchecked			
2109	Bammesberger1990	unchecked			
2109	Bammesberger1992	unchecked			
2109	Bammesberger1997	unchecked			
2109	Beekes2010	unchecked			
2109	Bennett1950	unchecked			
2109	BosworthToller1898	unchecked			
2109	Bremmer2008	unchecked			
2109	Bremmer2009	unchecked			
2109	Bright1917	unchecked			
2109	Bulbring1902	unchecked			
2109	CaedmonsHymnVitt1452	unchecked			
2109	Campbell1939	unchecked			
2109	Campbell1959	unchecked			
2109	Cercignani1979	unchecked			
2109	Cercignani1980	unchecked			
2109	ClarkHall1960	unchecked			
2109	Crist2001	unchecked			
2109	Crist2002	unchecked			
2109	Erdmann1972	unchecked			
2109	Fulk2018	unchecked			
2109	GermanicSlavicBaltic2025	unchecked			
2109	Goblirsch1991	unchecked			
2109	Hamp1990	unchecked			
2109	Hirt1931	unchecked			
2109	Hogg1979	unchecked			
2109	HoggGrammar2011	unchecked			
2109	HoggIntroduction1992	unchecked			
2109	HoggPhonology1992	unchecked			
2109	HowellSalmons1988	unchecked			
2109	Kaluza1900	unchecked			
2109	Kastovsky1992	unchecked			
2109	Kilday2024	unchecked			
2109	KlugeSeebold2011	unchecked			
2109	Kortlandt2008	unchecked			
2109	Kroonen2006	unchecked			
2109	Kroonen2011	unchecked			
2109	Kroonen2013	unchecked			
2109	Kylstra1983	unchecked			
2109	Laker2007	unchecked			
2109	Lid1952	unchecked			
2109	Lloyd1966	unchecked			
2109	LloydSpringer1988	unchecked			
2109	Luehr1993	unchecked			
2109	Luick1914	unchecked			
2109	Mayrhofer1992	unchecked			
2109	Mees2020	unchecked			
2109	NeriRingeReview	unchecked			
2109	Nielsen2001	unchecked			
2109	Orel2003	unchecked			
2109	Pierce1999	unchecked			
2109	Pierce2003	unchecked			
2109	Pierce2006	unchecked			
2109	Pokorny1959	unchecked			
2109	Polome1967	unchecked			
2109	Polome1994	unchecked			
2109	Repansek2012	unchecked			
2109	Rice1994	unchecked			
2109	Ringe1984	unchecked			
2109	Ringe2017	unchecked			
2109	RingeTaylor2014	unchecked			
2109	Seebold1970	unchecked			
2109	SieversBrunner1965	unchecked			
2109	StauslandJohnsen2015	unchecked			
2109	Stiles1985	unchecked			
2109	Stiles1986a	unchecked			
2109	Stiles1986b	unchecked			
2109	Stiles2012	unchecked			
2109	Stiles2017	unchecked			
2109	Streitberg1896	unchecked			
2109	Sweet1953	unchecked			
2109	Thorhallsdottir1993	unchecked			
2109	Toon1992	unchecked			
2109	Versloot2017	unchecked			
2109	Versloot2021	unchecked			
2109	Versloot2025	unchecked			
2109	Vine2019	unchecked			
2109	Waxenberger2019	unchecked			
2109	WrightWuelcker1884	unchecked			
2109	vanHelten1905	unchecked			
2110	Adamczyk2001	unchecked			
2110	Bammesberger1990	unchecked			
2110	Bammesberger1992	unchecked			
2110	Bammesberger1997	unchecked			
2110	Beekes2010	unchecked			
2110	Bennett1950	unchecked			
2110	BosworthToller1898	unchecked			
2110	Bremmer2008	unchecked			
2110	Bremmer2009	unchecked			
2110	Bright1917	unchecked			
2110	Bulbring1902	unchecked			
2110	CaedmonsHymnVitt1452	unchecked			
2110	Campbell1939	unchecked			
2110	Campbell1959	unchecked			
2110	Cercignani1979	unchecked			
2110	Cercignani1980	unchecked			
2110	ClarkHall1960	unchecked			
2110	Crist2001	unchecked			
2110	Crist2002	unchecked			
2110	Erdmann1972	unchecked			
2110	Fulk2018	unchecked			
2110	GermanicSlavicBaltic2025	unchecked			
2110	Goblirsch1991	unchecked			
2110	Hamp1990	unchecked			
2110	Hirt1931	unchecked			
2110	Hogg1979	unchecked			
2110	HoggGrammar2011	unchecked			
2110	HoggIntroduction1992	unchecked			
2110	HoggPhonology1992	unchecked			
2110	HowellSalmons1988	unchecked			
2110	Kaluza1900	unchecked			
2110	Kastovsky1992	unchecked			
2110	Kilday2024	unchecked			
2110	KlugeSeebold2011	unchecked			
2110	Kortlandt2008	unchecked			
2110	Kroonen2006	unchecked			
2110	Kroonen2011	unchecked			
2110	Kroonen2013	unchecked			
2110	Kylstra1983	unchecked			
2110	Laker2007	unchecked			
2110	Lid1952	unchecked			
2110	Lloyd1966	unchecked			
2110	LloydSpringer1988	unchecked			
2110	Luehr1993	unchecked			
2110	Luick1914	unchecked			
2110	Mayrhofer1992	unchecked			
2110	Mees2020	unchecked			
2110	NeriRingeReview	unchecked			
2110	Nielsen2001	unchecked			
2110	Orel2003	unchecked			
2110	Pierce1999	unchecked			
2110	Pierce2003	unchecked			
2110	Pierce2006	unchecked			
2110	Pokorny1959	unchecked			
2110	Polome1967	unchecked			
2110	Polome1994	unchecked			
2110	Repansek2012	unchecked			
2110	Rice1994	unchecked			
2110	Ringe1984	unchecked			
2110	Ringe2017	unchecked			
2110	RingeTaylor2014	unchecked			
2110	Seebold1970	unchecked			
2110	SieversBrunner1965	unchecked			
2110	StauslandJohnsen2015	unchecked			
2110	Stiles1985	unchecked			
2110	Stiles1986a	unchecked			
2110	Stiles1986b	unchecked			
2110	Stiles2012	unchecked			
2110	Stiles2017	unchecked			
2110	Streitberg1896	unchecked			
2110	Sweet1953	unchecked			
2110	Thorhallsdottir1993	unchecked			
2110	Toon1992	unchecked			
2110	Versloot2017	unchecked			
2110	Versloot2021	unchecked			
2110	Versloot2025	unchecked			
2110	Vine2019	unchecked			
2110	Waxenberger2019	unchecked			
2110	WrightWuelcker1884	unchecked			
2110	vanHelten1905	unchecked			
2111	Adamczyk2001	unchecked			
2111	Bammesberger1990	unchecked			
2111	Bammesberger1992	unchecked			
2111	Bammesberger1997	unchecked			
2111	Beekes2010	unchecked			
2111	Bennett1950	unchecked			
2111	BosworthToller1898	unchecked			
2111	Bremmer2008	unchecked			
2111	Bremmer2009	unchecked			
2111	Bright1917	unchecked			
2111	Bulbring1902	unchecked			
2111	CaedmonsHymnVitt1452	unchecked			
2111	Campbell1939	unchecked			
2111	Campbell1959	unchecked			
2111	Cercignani1979	unchecked			
2111	Cercignani1980	unchecked			
2111	ClarkHall1960	unchecked			
2111	Crist2001	unchecked			
2111	Crist2002	unchecked			
2111	Erdmann1972	unchecked			
2111	Fulk2018	unchecked			
2111	GermanicSlavicBaltic2025	unchecked			
2111	Goblirsch1991	unchecked			
2111	Hamp1990	unchecked			
2111	Hirt1931	unchecked			
2111	Hogg1979	unchecked			
2111	HoggGrammar2011	unchecked			
2111	HoggIntroduction1992	unchecked			
2111	HoggPhonology1992	unchecked			
2111	HowellSalmons1988	unchecked			
2111	Kaluza1900	unchecked			
2111	Kastovsky1992	unchecked			
2111	Kilday2024	unchecked			
2111	KlugeSeebold2011	unchecked			
2111	Kortlandt2008	unchecked			
2111	Kroonen2006	unchecked			
2111	Kroonen2011	unchecked			
2111	Kroonen2013	unchecked			
2111	Kylstra1983	unchecked			
2111	Laker2007	unchecked			
2111	Lid1952	unchecked			
2111	Lloyd1966	unchecked			
2111	LloydSpringer1988	unchecked			
2111	Luehr1993	unchecked			
2111	Luick1914	unchecked			
2111	Mayrhofer1992	unchecked			
2111	Mees2020	unchecked			
2111	NeriRingeReview	unchecked			
2111	Nielsen2001	unchecked			
2111	Orel2003	unchecked			
2111	Pierce1999	unchecked			
2111	Pierce2003	unchecked			
2111	Pierce2006	unchecked			
2111	Pokorny1959	unchecked			
2111	Polome1967	unchecked			
2111	Polome1994	unchecked			
2111	Repansek2012	unchecked			
2111	Rice1994	unchecked			
2111	Ringe1984	unchecked			
2111	Ringe2017	unchecked			
2111	RingeTaylor2014	unchecked			
2111	Seebold1970	unchecked			
2111	SieversBrunner1965	unchecked			
2111	StauslandJohnsen2015	unchecked			
2111	Stiles1985	unchecked			
2111	Stiles1986a	unchecked			
2111	Stiles1986b	unchecked			
2111	Stiles2012	unchecked			
2111	Stiles2017	unchecked			
2111	Streitberg1896	unchecked			
2111	Sweet1953	unchecked			
2111	Thorhallsdottir1993	unchecked			
2111	Toon1992	unchecked			
2111	Versloot2017	unchecked			
2111	Versloot2021	unchecked			
2111	Versloot2025	unchecked			
2111	Vine2019	unchecked			
2111	Waxenberger2019	unchecked			
2111	WrightWuelcker1884	unchecked			
2111	vanHelten1905	unchecked			
2112	Adamczyk2001	unchecked			
2112	Bammesberger1990	unchecked			
2112	Bammesberger1992	unchecked			
2112	Bammesberger1997	unchecked			
2112	Beekes2010	unchecked			
2112	Bennett1950	unchecked			
2112	BosworthToller1898	unchecked			
2112	Bremmer2008	unchecked			
2112	Bremmer2009	unchecked			
2112	Bright1917	unchecked			
2112	Bulbring1902	unchecked			
2112	CaedmonsHymnVitt1452	unchecked			
2112	Campbell1939	unchecked			
2112	Campbell1959	unchecked			
2112	Cercignani1979	unchecked			
2112	Cercignani1980	unchecked			
2112	ClarkHall1960	unchecked			
2112	Crist2001	unchecked			
2112	Crist2002	unchecked			
2112	Erdmann1972	unchecked			
2112	Fulk2018	unchecked			
2112	GermanicSlavicBaltic2025	unchecked			
2112	Goblirsch1991	unchecked			
2112	Hamp1990	unchecked			
2112	Hirt1931	unchecked			
2112	Hogg1979	unchecked			
2112	HoggGrammar2011	unchecked			
2112	HoggIntroduction1992	unchecked			
2112	HoggPhonology1992	unchecked			
2112	HowellSalmons1988	unchecked			
2112	Kaluza1900	unchecked			
2112	Kastovsky1992	unchecked			
2112	Kilday2024	unchecked			
2112	KlugeSeebold2011	unchecked			
2112	Kortlandt2008	unchecked			
2112	Kroonen2006	unchecked			
2112	Kroonen2011	unchecked			
2112	Kroonen2013	unchecked			
2112	Kylstra1983	unchecked			
2112	Laker2007	unchecked			
2112	Lid1952	unchecked			
2112	Lloyd1966	unchecked			
2112	LloydSpringer1988	unchecked			
2112	Luehr1993	unchecked			
2112	Luick1914	unchecked			
2112	Mayrhofer1992	unchecked			
2112	Mees2020	unchecked			
2112	NeriRingeReview	unchecked			
2112	Nielsen2001	unchecked			
2112	Orel2003	unchecked			
2112	Pierce1999	unchecked			
2112	Pierce2003	unchecked			
2112	Pierce2006	unchecked			
2112	Pokorny1959	unchecked			
2112	Polome1967	unchecked			
2112	Polome1994	unchecked			
2112	Repansek2012	unchecked			
2112	Rice1994	unchecked			
2112	Ringe1984	unchecked			
2112	Ringe2017	unchecked			
2112	RingeTaylor2014	unchecked			
2112	Seebold1970	unchecked			
2112	SieversBrunner1965	unchecked			
2112	StauslandJohnsen2015	unchecked			
2112	Stiles1985	unchecked			
2112	Stiles1986a	unchecked			
2112	Stiles1986b	unchecked			
2112	Stiles2012	unchecked			
2112	Stiles2017	unchecked			
2112	Streitberg1896	unchecked			
2112	Sweet1953	unchecked			
2112	Thorhallsdottir1993	unchecked			
2112	Toon1992	unchecked			
2112	Versloot2017	unchecked			
2112	Versloot2021	unchecked			
2112	Versloot2025	unchecked			
2112	Vine2019	unchecked			
2112	Waxenberger2019	unchecked			
2112	WrightWuelcker1884	unchecked			
2112	vanHelten1905	unchecked			
2113	Adamczyk2001	unchecked			
2113	Bammesberger1990	unchecked			
2113	Bammesberger1992	unchecked			
2113	Bammesberger1997	unchecked			
2113	Beekes2010	unchecked			
2113	Bennett1950	unchecked			
2113	BosworthToller1898	unchecked			
2113	Bremmer2008	unchecked			
2113	Bremmer2009	unchecked			
2113	Bright1917	unchecked			
2113	Bulbring1902	unchecked			
2113	CaedmonsHymnVitt1452	unchecked			
2113	Campbell1939	unchecked			
2113	Campbell1959	unchecked			
2113	Cercignani1979	unchecked			
2113	Cercignani1980	unchecked			
2113	ClarkHall1960	unchecked			
2113	Crist2001	unchecked			
2113	Crist2002	unchecked			
2113	Erdmann1972	unchecked			
2113	Fulk2018	unchecked			
2113	GermanicSlavicBaltic2025	unchecked			
2113	Goblirsch1991	unchecked			
2113	Hamp1990	unchecked			
2113	Hirt1931	unchecked			
2113	Hogg1979	unchecked			
2113	HoggGrammar2011	unchecked			
2113	HoggIntroduction1992	unchecked			
2113	HoggPhonology1992	unchecked			
2113	HowellSalmons1988	unchecked			
2113	Kaluza1900	unchecked			
2113	Kastovsky1992	unchecked			
2113	Kilday2024	unchecked			
2113	KlugeSeebold2011	unchecked			
2113	Kortlandt2008	unchecked			
2113	Kroonen2006	unchecked			
2113	Kroonen2011	unchecked			
2113	Kroonen2013	unchecked			
2113	Kylstra1983	unchecked			
2113	Laker2007	unchecked			
2113	Lid1952	unchecked			
2113	Lloyd1966	unchecked			
2113	LloydSpringer1988	unchecked			
2113	Luehr1993	unchecked			
2113	Luick1914	unchecked			
2113	Mayrhofer1992	unchecked			
2113	Mees2020	unchecked			
2113	NeriRingeReview	unchecked			
2113	Nielsen2001	unchecked			
2113	Orel2003	unchecked			
2113	Pierce1999	unchecked			
2113	Pierce2003	unchecked			
2113	Pierce2006	unchecked			
2113	Pokorny1959	unchecked			
2113	Polome1967	unchecked			
2113	Polome1994	unchecked			
2113	Repansek2012	unchecked			
2113	Rice1994	unchecked			
2113	Ringe1984	unchecked			
2113	Ringe2017	unchecked			
2113	RingeTaylor2014	unchecked			
2113	Seebold1970	unchecked			
2113	SieversBrunner1965	unchecked			
2113	StauslandJohnsen2015	unchecked			
2113	Stiles1985	unchecked			
2113	Stiles1986a	unchecked			
2113	Stiles1986b	unchecked			
2113	Stiles2012	unchecked			
2113	Stiles2017	unchecked			
2113	Streitberg1896	unchecked			
2113	Sweet1953	unchecked			
2113	Thorhallsdottir1993	unchecked			
2113	Toon1992	unchecked			
2113	Versloot2017	unchecked			
2113	Versloot2021	unchecked			
2113	Versloot2025	unchecked			
2113	Vine2019	unchecked			
2113	Waxenberger2019	unchecked			
2113	WrightWuelcker1884	unchecked			
2113	vanHelten1905	unchecked			
2114	Adamczyk2001	unchecked			
2114	Bammesberger1990	unchecked			
2114	Bammesberger1992	unchecked			
2114	Bammesberger1997	unchecked			
2114	Beekes2010	unchecked			
2114	Bennett1950	unchecked			
2114	BosworthToller1898	unchecked			
2114	Bremmer2008	unchecked			
2114	Bremmer2009	unchecked			
2114	Bright1917	unchecked			
2114	Bulbring1902	unchecked			
2114	CaedmonsHymnVitt1452	unchecked			
2114	Campbell1939	unchecked			
2114	Campbell1959	unchecked			
2114	Cercignani1979	unchecked			
2114	Cercignani1980	unchecked			
2114	ClarkHall1960	unchecked			
2114	Crist2001	unchecked			
2114	Crist2002	unchecked			
2114	Erdmann1972	unchecked			
2114	Fulk2018	unchecked			
2114	GermanicSlavicBaltic2025	unchecked			
2114	Goblirsch1991	unchecked			
2114	Hamp1990	unchecked			
2114	Hirt1931	unchecked			
2114	Hogg1979	unchecked			
2114	HoggGrammar2011	unchecked			
2114	HoggIntroduction1992	unchecked			
2114	HoggPhonology1992	unchecked			
2114	HowellSalmons1988	unchecked			
2114	Kaluza1900	unchecked			
2114	Kastovsky1992	unchecked			
2114	Kilday2024	unchecked			
2114	KlugeSeebold2011	unchecked			
2114	Kortlandt2008	unchecked			
2114	Kroonen2006	unchecked			
2114	Kroonen2011	unchecked			
2114	Kroonen2013	unchecked			
2114	Kylstra1983	unchecked			
2114	Laker2007	unchecked			
2114	Lid1952	unchecked			
2114	Lloyd1966	unchecked			
2114	LloydSpringer1988	unchecked			
2114	Luehr1993	unchecked			
2114	Luick1914	unchecked			
2114	Mayrhofer1992	unchecked			
2114	Mees2020	unchecked			
2114	NeriRingeReview	unchecked			
2114	Nielsen2001	unchecked			
2114	Orel2003	unchecked			
2114	Pierce1999	unchecked			
2114	Pierce2003	unchecked			
2114	Pierce2006	unchecked			
2114	Pokorny1959	unchecked			
2114	Polome1967	unchecked			
2114	Polome1994	unchecked			
2114	Repansek2012	unchecked			
2114	Rice1994	unchecked			
2114	Ringe1984	unchecked			
2114	Ringe2017	unchecked			
2114	RingeTaylor2014	unchecked			
2114	Seebold1970	unchecked			
2114	SieversBrunner1965	unchecked			
2114	StauslandJohnsen2015	unchecked			
2114	Stiles1985	unchecked			
2114	Stiles1986a	unchecked			
2114	Stiles1986b	unchecked			
2114	Stiles2012	unchecked			
2114	Stiles2017	unchecked			
2114	Streitberg1896	unchecked			
2114	Sweet1953	unchecked			
2114	Thorhallsdottir1993	unchecked			
2114	Toon1992	unchecked			
2114	Versloot2017	unchecked			
2114	Versloot2021	unchecked			
2114	Versloot2025	unchecked			
2114	Vine2019	unchecked			
2114	Waxenberger2019	unchecked			
2114	WrightWuelcker1884	unchecked			
2114	vanHelten1905	unchecked			
2115	Adamczyk2001	unchecked			
2115	Bammesberger1990	unchecked			
2115	Bammesberger1992	unchecked			
2115	Bammesberger1997	unchecked			
2115	Beekes2010	unchecked			
2115	Bennett1950	unchecked			
2115	BosworthToller1898	unchecked			
2115	Bremmer2008	unchecked			
2115	Bremmer2009	unchecked			
2115	Bright1917	unchecked			
2115	Bulbring1902	unchecked			
2115	CaedmonsHymnVitt1452	unchecked			
2115	Campbell1939	unchecked			
2115	Campbell1959	unchecked			
2115	Cercignani1979	unchecked			
2115	Cercignani1980	unchecked			
2115	ClarkHall1960	unchecked			
2115	Crist2001	unchecked			
2115	Crist2002	unchecked			
2115	Erdmann1972	unchecked			
2115	Fulk2018	unchecked			
2115	GermanicSlavicBaltic2025	unchecked			
2115	Goblirsch1991	unchecked			
2115	Hamp1990	unchecked			
2115	Hirt1931	unchecked			
2115	Hogg1979	unchecked			
2115	HoggGrammar2011	unchecked			
2115	HoggIntroduction1992	unchecked			
2115	HoggPhonology1992	unchecked			
2115	HowellSalmons1988	unchecked			
2115	Kaluza1900	unchecked			
2115	Kastovsky1992	unchecked			
2115	Kilday2024	unchecked			
2115	KlugeSeebold2011	unchecked			
2115	Kortlandt2008	unchecked			
2115	Kroonen2006	unchecked			
2115	Kroonen2011	unchecked			
2115	Kroonen2013	unchecked			
2115	Kylstra1983	unchecked			
2115	Laker2007	unchecked			
2115	Lid1952	unchecked			
2115	Lloyd1966	unchecked			
2115	LloydSpringer1988	unchecked			
2115	Luehr1993	unchecked			
2115	Luick1914	unchecked			
2115	Mayrhofer1992	unchecked			
2115	Mees2020	unchecked			
2115	NeriRingeReview	unchecked			
2115	Nielsen2001	unchecked			
2115	Orel2003	unchecked			
2115	Pierce1999	unchecked			
2115	Pierce2003	unchecked			
2115	Pierce2006	unchecked			
2115	Pokorny1959	unchecked			
2115	Polome1967	unchecked			
2115	Polome1994	unchecked			
2115	Repansek2012	unchecked			
2115	Rice1994	unchecked			
2115	Ringe1984	unchecked			
2115	Ringe2017	unchecked			
2115	RingeTaylor2014	unchecked			
2115	Seebold1970	unchecked			
2115	SieversBrunner1965	unchecked			
2115	StauslandJohnsen2015	unchecked			
2115	Stiles1985	unchecked			
2115	Stiles1986a	unchecked			
2115	Stiles1986b	unchecked			
2115	Stiles2012	unchecked			
2115	Stiles2017	unchecked			
2115	Streitberg1896	unchecked			
2115	Sweet1953	unchecked			
2115	Thorhallsdottir1993	unchecked			
2115	Toon1992	unchecked			
2115	Versloot2017	unchecked			
2115	Versloot2021	unchecked			
2115	Versloot2025	unchecked			
2115	Vine2019	unchecked			
2115	Waxenberger2019	unchecked			
2115	WrightWuelcker1884	unchecked			
2115	vanHelten1905	unchecked			
2116	Adamczyk2001	unchecked			
2116	Bammesberger1990	unchecked			
2116	Bammesberger1992	unchecked			
2116	Bammesberger1997	unchecked			
2116	Beekes2010	unchecked			
2116	Bennett1950	unchecked			
2116	BosworthToller1898	unchecked			
2116	Bremmer2008	unchecked			
2116	Bremmer2009	unchecked			
2116	Bright1917	unchecked			
2116	Bulbring1902	unchecked			
2116	CaedmonsHymnVitt1452	unchecked			
2116	Campbell1939	unchecked			
2116	Campbell1959	unchecked			
2116	Cercignani1979	unchecked			
2116	Cercignani1980	unchecked			
2116	ClarkHall1960	unchecked			
2116	Crist2001	unchecked			
2116	Crist2002	unchecked			
2116	Erdmann1972	unchecked			
2116	Fulk2018	unchecked			
2116	GermanicSlavicBaltic2025	unchecked			
2116	Goblirsch1991	unchecked			
2116	Hamp1990	unchecked			
2116	Hirt1931	unchecked			
2116	Hogg1979	unchecked			
2116	HoggGrammar2011	unchecked			
2116	HoggIntroduction1992	unchecked			
2116	HoggPhonology1992	unchecked			
2116	HowellSalmons1988	unchecked			
2116	Kaluza1900	unchecked			
2116	Kastovsky1992	unchecked			
2116	Kilday2024	unchecked			
2116	KlugeSeebold2011	unchecked			
2116	Kortlandt2008	unchecked			
2116	Kroonen2006	unchecked			
2116	Kroonen2011	unchecked			
2116	Kroonen2013	unchecked			
2116	Kylstra1983	unchecked			
2116	Laker2007	unchecked			
2116	Lid1952	unchecked			
2116	Lloyd1966	unchecked			
2116	LloydSpringer1988	unchecked			
2116	Luehr1993	unchecked			
2116	Luick1914	unchecked			
2116	Mayrhofer1992	unchecked			
2116	Mees2020	unchecked			
2116	NeriRingeReview	unchecked			
2116	Nielsen2001	unchecked			
2116	Orel2003	unchecked			
2116	Pierce1999	unchecked			
2116	Pierce2003	unchecked			
2116	Pierce2006	unchecked			
2116	Pokorny1959	unchecked			
2116	Polome1967	unchecked			
2116	Polome1994	unchecked			
2116	Repansek2012	unchecked			
2116	Rice1994	unchecked			
2116	Ringe1984	unchecked			
2116	Ringe2017	unchecked			
2116	RingeTaylor2014	unchecked			
2116	Seebold1970	unchecked			
2116	SieversBrunner1965	unchecked			
2116	StauslandJohnsen2015	unchecked			
2116	Stiles1985	unchecked			
2116	Stiles1986a	unchecked			
2116	Stiles1986b	unchecked			
2116	Stiles2012	unchecked			
2116	Stiles2017	unchecked			
2116	Streitberg1896	unchecked			
2116	Sweet1953	unchecked			
2116	Thorhallsdottir1993	unchecked			
2116	Toon1992	unchecked			
2116	Versloot2017	unchecked			
2116	Versloot2021	unchecked			
2116	Versloot2025	unchecked			
2116	Vine2019	unchecked			
2116	Waxenberger2019	unchecked			
2116	WrightWuelcker1884	unchecked			
2116	vanHelten1905	unchecked			
2117	Adamczyk2001	unchecked			
2117	Bammesberger1990	unchecked			
2117	Bammesberger1992	unchecked			
2117	Bammesberger1997	unchecked			
2117	Beekes2010	unchecked			
2117	Bennett1950	unchecked			
2117	BosworthToller1898	unchecked			
2117	Bremmer2008	unchecked			
2117	Bremmer2009	unchecked			
2117	Bright1917	unchecked			
2117	Bulbring1902	unchecked			
2117	CaedmonsHymnVitt1452	unchecked			
2117	Campbell1939	unchecked			
2117	Campbell1959	unchecked			
2117	Cercignani1979	unchecked			
2117	Cercignani1980	unchecked			
2117	ClarkHall1960	unchecked			
2117	Crist2001	unchecked			
2117	Crist2002	unchecked			
2117	Erdmann1972	unchecked			
2117	Fulk2018	unchecked			
2117	GermanicSlavicBaltic2025	unchecked			
2117	Goblirsch1991	unchecked			
2117	Hamp1990	unchecked			
2117	Hirt1931	unchecked			
2117	Hogg1979	unchecked			
2117	HoggGrammar2011	unchecked			
2117	HoggIntroduction1992	unchecked			
2117	HoggPhonology1992	unchecked			
2117	HowellSalmons1988	unchecked			
2117	Kaluza1900	unchecked			
2117	Kastovsky1992	unchecked			
2117	Kilday2024	unchecked			
2117	KlugeSeebold2011	unchecked			
2117	Kortlandt2008	unchecked			
2117	Kroonen2006	unchecked			
2117	Kroonen2011	unchecked			
2117	Kroonen2013	unchecked			
2117	Kylstra1983	unchecked			
2117	Laker2007	unchecked			
2117	Lid1952	unchecked			
2117	Lloyd1966	unchecked			
2117	LloydSpringer1988	unchecked			
2117	Luehr1993	unchecked			
2117	Luick1914	unchecked			
2117	Mayrhofer1992	unchecked			
2117	Mees2020	unchecked			
2117	NeriRingeReview	unchecked			
2117	Nielsen2001	unchecked			
2117	Orel2003	unchecked			
2117	Pierce1999	unchecked			
2117	Pierce2003	unchecked			
2117	Pierce2006	unchecked			
2117	Pokorny1959	unchecked			
2117	Polome1967	unchecked			
2117	Polome1994	unchecked			
2117	Repansek2012	unchecked			
2117	Rice1994	unchecked			
2117	Ringe1984	unchecked			
2117	Ringe2017	unchecked			
2117	RingeTaylor2014	unchecked			
2117	Seebold1970	unchecked			
2117	SieversBrunner1965	unchecked			
2117	StauslandJohnsen2015	unchecked			
2117	Stiles1985	unchecked			
2117	Stiles1986a	unchecked			
2117	Stiles1986b	unchecked			
2117	Stiles2012	unchecked			
2117	Stiles2017	unchecked			
2117	Streitberg1896	unchecked			
2117	Sweet1953	unchecked			
2117	Thorhallsdottir1993	unchecked			
2117	Toon1992	unchecked			
2117	Versloot2017	unchecked			
2117	Versloot2021	unchecked			
2117	Versloot2025	unchecked			
2117	Vine2019	unchecked			
2117	Waxenberger2019	unchecked			
2117	WrightWuelcker1884	unchecked			
2117	vanHelten1905	unchecked			
2118	Adamczyk2001	unchecked			
2118	Bammesberger1990	unchecked			
2118	Bammesberger1992	unchecked			
2118	Bammesberger1997	unchecked			
2118	Beekes2010	unchecked			
2118	Bennett1950	unchecked			
2118	BosworthToller1898	unchecked			
2118	Bremmer2008	unchecked			
2118	Bremmer2009	unchecked			
2118	Bright1917	unchecked			
2118	Bulbring1902	unchecked			
2118	CaedmonsHymnVitt1452	unchecked			
2118	Campbell1939	unchecked			
2118	Campbell1959	unchecked			
2118	Cercignani1979	unchecked			
2118	Cercignani1980	unchecked			
2118	ClarkHall1960	unchecked			
2118	Crist2001	unchecked			
2118	Crist2002	unchecked			
2118	Erdmann1972	unchecked			
2118	Fulk2018	unchecked			
2118	GermanicSlavicBaltic2025	unchecked			
2118	Goblirsch1991	unchecked			
2118	Hamp1990	unchecked			
2118	Hirt1931	unchecked			
2118	Hogg1979	unchecked			
2118	HoggGrammar2011	unchecked			
2118	HoggIntroduction1992	unchecked			
2118	HoggPhonology1992	unchecked			
2118	HowellSalmons1988	unchecked			
2118	Kaluza1900	unchecked			
2118	Kastovsky1992	unchecked			
2118	Kilday2024	unchecked			
2118	KlugeSeebold2011	unchecked			
2118	Kortlandt2008	unchecked			
2118	Kroonen2006	unchecked			
2118	Kroonen2011	unchecked			
2118	Kroonen2013	unchecked			
2118	Kylstra1983	unchecked			
2118	Laker2007	unchecked			
2118	Lid1952	unchecked			
2118	Lloyd1966	unchecked			
2118	LloydSpringer1988	unchecked			
2118	Luehr1993	unchecked			
2118	Luick1914	unchecked			
2118	Mayrhofer1992	unchecked			
2118	Mees2020	unchecked			
2118	NeriRingeReview	unchecked			
2118	Nielsen2001	unchecked			
2118	Orel2003	unchecked			
2118	Pierce1999	unchecked			
2118	Pierce2003	unchecked			
2118	Pierce2006	unchecked			
2118	Pokorny1959	unchecked			
2118	Polome1967	unchecked			
2118	Polome1994	unchecked			
2118	Repansek2012	unchecked			
2118	Rice1994	unchecked			
2118	Ringe1984	unchecked			
2118	Ringe2017	unchecked			
2118	RingeTaylor2014	unchecked			
2118	Seebold1970	unchecked			
2118	SieversBrunner1965	unchecked			
2118	StauslandJohnsen2015	unchecked			
2118	Stiles1985	unchecked			
2118	Stiles1986a	unchecked			
2118	Stiles1986b	unchecked			
2118	Stiles2012	unchecked			
2118	Stiles2017	unchecked			
2118	Streitberg1896	unchecked			
2118	Sweet1953	unchecked			
2118	Thorhallsdottir1993	unchecked			
2118	Toon1992	unchecked			
2118	Versloot2017	unchecked			
2118	Versloot2021	unchecked			
2118	Versloot2025	unchecked			
2118	Vine2019	unchecked			
2118	Waxenberger2019	unchecked			
2118	WrightWuelcker1884	unchecked			
2118	vanHelten1905	unchecked			
2119	Adamczyk2001	unchecked			
2119	Bammesberger1990	unchecked			
2119	Bammesberger1992	unchecked			
2119	Bammesberger1997	unchecked			
2119	Beekes2010	unchecked			
2119	Bennett1950	unchecked			
2119	BosworthToller1898	unchecked			
2119	Bremmer2008	unchecked			
2119	Bremmer2009	unchecked			
2119	Bright1917	unchecked			
2119	Bulbring1902	unchecked			
2119	CaedmonsHymnVitt1452	unchecked			
2119	Campbell1939	unchecked			
2119	Campbell1959	unchecked			
2119	Cercignani1979	unchecked			
2119	Cercignani1980	discussion_only	man-cercignani-nasalization	Complete body126-134 read; distinguish wer/*wiraz on127 from man[n]/mon[n] on134 and the corpus's selected mannes.	Nasalization discussion concerns the correct etymon, but neither the wer reconstruction nor an attested nominative is the selected genitive's whole-word source.
2119	ClarkHall1960	unchecked			
2119	Crist2001	unchecked			
2119	Crist2002	unchecked			
2119	Erdmann1972	unchecked			
2119	Fulk2018	unchecked			
2119	GermanicSlavicBaltic2025	unchecked			
2119	Goblirsch1991	unchecked			
2119	Hamp1990	unchecked			
2119	Hirt1931	unchecked			
2119	Hogg1979	unchecked			
2119	HoggGrammar2011	unchecked			
2119	HoggIntroduction1992	unchecked			
2119	HoggPhonology1992	unchecked			
2119	HowellSalmons1988	unchecked			
2119	Kaluza1900	unchecked			
2119	Kastovsky1992	unchecked			
2119	Kilday2024	unchecked			
2119	KlugeSeebold2011	unchecked			
2119	Kortlandt2008	unchecked			
2119	Kroonen2006	unchecked			
2119	Kroonen2011	unchecked			
2119	Kroonen2013	unchecked			
2119	Kylstra1983	unchecked			
2119	Laker2007	unchecked			
2119	Lid1952	unchecked			
2119	Lloyd1966	unchecked			
2119	LloydSpringer1988	unchecked			
2119	Luehr1993	unchecked			
2119	Luick1914	unchecked			
2119	Mayrhofer1992	unchecked			
2119	Mees2020	unchecked			
2119	NeriRingeReview	unchecked			
2119	Nielsen2001	unchecked			
2119	Orel2003	unchecked			
2119	Pierce1999	unchecked			
2119	Pierce2003	unchecked			
2119	Pierce2006	unchecked			
2119	Pokorny1959	unchecked			
2119	Polome1967	unchecked			
2119	Polome1994	unchecked			
2119	Repansek2012	unchecked			
2119	Rice1994	unchecked			
2119	Ringe1984	unchecked			
2119	Ringe2017	unchecked			
2119	RingeTaylor2014	unchecked			
2119	Seebold1970	unchecked			
2119	SieversBrunner1965	unchecked			
2119	StauslandJohnsen2015	unchecked			
2119	Stiles1985	unchecked			
2119	Stiles1986a	unchecked			
2119	Stiles1986b	unchecked			
2119	Stiles2012	unchecked			
2119	Stiles2017	unchecked			
2119	Streitberg1896	unchecked			
2119	Sweet1953	unchecked			
2119	Thorhallsdottir1993	unchecked			
2119	Toon1992	unchecked			
2119	Versloot2017	unchecked			
2119	Versloot2021	unchecked			
2119	Versloot2025	unchecked			
2119	Vine2019	unchecked			
2119	Waxenberger2019	unchecked			
2119	WrightWuelcker1884	unchecked			
2119	vanHelten1905	unchecked			
2120	Adamczyk2001	unchecked			
2120	Bammesberger1990	unchecked			
2120	Bammesberger1992	unchecked			
2120	Bammesberger1997	unchecked			
2120	Beekes2010	unchecked			
2120	Bennett1950	unchecked			
2120	BosworthToller1898	unchecked			
2120	Bremmer2008	unchecked			
2120	Bremmer2009	unchecked			
2120	Bright1917	unchecked			
2120	Bulbring1902	unchecked			
2120	CaedmonsHymnVitt1452	unchecked			
2120	Campbell1939	unchecked			
2120	Campbell1959	unchecked			
2120	Cercignani1979	unchecked			
2120	Cercignani1980	unchecked			
2120	ClarkHall1960	unchecked			
2120	Crist2001	unchecked			
2120	Crist2002	unchecked			
2120	Erdmann1972	unchecked			
2120	Fulk2018	unchecked			
2120	GermanicSlavicBaltic2025	unchecked			
2120	Goblirsch1991	unchecked			
2120	Hamp1990	unchecked			
2120	Hirt1931	unchecked			
2120	Hogg1979	unchecked			
2120	HoggGrammar2011	unchecked			
2120	HoggIntroduction1992	unchecked			
2120	HoggPhonology1992	unchecked			
2120	HowellSalmons1988	unchecked			
2120	Kaluza1900	unchecked			
2120	Kastovsky1992	unchecked			
2120	Kilday2024	unchecked			
2120	KlugeSeebold2011	unchecked			
2120	Kortlandt2008	unchecked			
2120	Kroonen2006	unchecked			
2120	Kroonen2011	unchecked			
2120	Kroonen2013	unchecked			
2120	Kylstra1983	unchecked			
2120	Laker2007	unchecked			
2120	Lid1952	unchecked			
2120	Lloyd1966	unchecked			
2120	LloydSpringer1988	unchecked			
2120	Luehr1993	unchecked			
2120	Luick1914	unchecked			
2120	Mayrhofer1992	unchecked			
2120	Mees2020	unchecked			
2120	NeriRingeReview	unchecked			
2120	Nielsen2001	unchecked			
2120	Orel2003	unchecked			
2120	Pierce1999	unchecked			
2120	Pierce2003	unchecked			
2120	Pierce2006	unchecked			
2120	Pokorny1959	unchecked			
2120	Polome1967	unchecked			
2120	Polome1994	unchecked			
2120	Repansek2012	unchecked			
2120	Rice1994	unchecked			
2120	Ringe1984	unchecked			
2120	Ringe2017	unchecked			
2120	RingeTaylor2014	unchecked			
2120	Seebold1970	unchecked			
2120	SieversBrunner1965	unchecked			
2120	StauslandJohnsen2015	unchecked			
2120	Stiles1985	unchecked			
2120	Stiles1986a	unchecked			
2120	Stiles1986b	unchecked			
2120	Stiles2012	unchecked			
2120	Stiles2017	unchecked			
2120	Streitberg1896	unchecked			
2120	Sweet1953	unchecked			
2120	Thorhallsdottir1993	unchecked			
2120	Toon1992	unchecked			
2120	Versloot2017	unchecked			
2120	Versloot2021	unchecked			
2120	Versloot2025	unchecked			
2120	Vine2019	unchecked			
2120	Waxenberger2019	unchecked			
2120	WrightWuelcker1884	unchecked			
2120	vanHelten1905	unchecked			
2121	Adamczyk2001	unchecked			
2121	Bammesberger1990	unchecked			
2121	Bammesberger1992	unchecked			
2121	Bammesberger1997	unchecked			
2121	Beekes2010	unchecked			
2121	Bennett1950	unchecked			
2121	BosworthToller1898	unchecked			
2121	Bremmer2008	unchecked			
2121	Bremmer2009	unchecked			
2121	Bright1917	unchecked			
2121	Bulbring1902	unchecked			
2121	CaedmonsHymnVitt1452	unchecked			
2121	Campbell1939	unchecked			
2121	Campbell1959	unchecked			
2121	Cercignani1979	unchecked			
2121	Cercignani1980	unchecked			
2121	ClarkHall1960	unchecked			
2121	Crist2001	unchecked			
2121	Crist2002	unchecked			
2121	Erdmann1972	unchecked			
2121	Fulk2018	unchecked			
2121	GermanicSlavicBaltic2025	unchecked			
2121	Goblirsch1991	unchecked			
2121	Hamp1990	unchecked			
2121	Hirt1931	unchecked			
2121	Hogg1979	unchecked			
2121	HoggGrammar2011	unchecked			
2121	HoggIntroduction1992	unchecked			
2121	HoggPhonology1992	unchecked			
2121	HowellSalmons1988	unchecked			
2121	Kaluza1900	unchecked			
2121	Kastovsky1992	unchecked			
2121	Kilday2024	unchecked			
2121	KlugeSeebold2011	unchecked			
2121	Kortlandt2008	unchecked			
2121	Kroonen2006	unchecked			
2121	Kroonen2011	unchecked			
2121	Kroonen2013	unchecked			
2121	Kylstra1983	unchecked			
2121	Laker2007	unchecked			
2121	Lid1952	unchecked			
2121	Lloyd1966	unchecked			
2121	LloydSpringer1988	unchecked			
2121	Luehr1993	unchecked			
2121	Luick1914	unchecked			
2121	Mayrhofer1992	unchecked			
2121	Mees2020	unchecked			
2121	NeriRingeReview	unchecked			
2121	Nielsen2001	unchecked			
2121	Orel2003	unchecked			
2121	Pierce1999	unchecked			
2121	Pierce2003	unchecked			
2121	Pierce2006	unchecked			
2121	Pokorny1959	unchecked			
2121	Polome1967	unchecked			
2121	Polome1994	unchecked			
2121	Repansek2012	unchecked			
2121	Rice1994	unchecked			
2121	Ringe1984	unchecked			
2121	Ringe2017	unchecked			
2121	RingeTaylor2014	unchecked			
2121	Seebold1970	unchecked			
2121	SieversBrunner1965	unchecked			
2121	StauslandJohnsen2015	unchecked			
2121	Stiles1985	unchecked			
2121	Stiles1986a	unchecked			
2121	Stiles1986b	unchecked			
2121	Stiles2012	unchecked			
2121	Stiles2017	unchecked			
2121	Streitberg1896	unchecked			
2121	Sweet1953	unchecked			
2121	Thorhallsdottir1993	unchecked			
2121	Toon1992	unchecked			
2121	Versloot2017	unchecked			
2121	Versloot2021	unchecked			
2121	Versloot2025	unchecked			
2121	Vine2019	unchecked			
2121	Waxenberger2019	unchecked			
2121	WrightWuelcker1884	unchecked			
2121	vanHelten1905	unchecked			
2122	Adamczyk2001	unchecked			
2122	Bammesberger1990	unchecked			
2122	Bammesberger1992	unchecked			
2122	Bammesberger1997	unchecked			
2122	Beekes2010	unchecked			
2122	Bennett1950	unchecked			
2122	BosworthToller1898	unchecked			
2122	Bremmer2008	unchecked			
2122	Bremmer2009	unchecked			
2122	Bright1917	unchecked			
2122	Bulbring1902	unchecked			
2122	CaedmonsHymnVitt1452	unchecked			
2122	Campbell1939	unchecked			
2122	Campbell1959	unchecked			
2122	Cercignani1979	unchecked			
2122	Cercignani1980	unchecked			
2122	ClarkHall1960	unchecked			
2122	Crist2001	unchecked			
2122	Crist2002	unchecked			
2122	Erdmann1972	unchecked			
2122	Fulk2018	unchecked			
2122	GermanicSlavicBaltic2025	unchecked			
2122	Goblirsch1991	unchecked			
2122	Hamp1990	unchecked			
2122	Hirt1931	unchecked			
2122	Hogg1979	unchecked			
2122	HoggGrammar2011	unchecked			
2122	HoggIntroduction1992	unchecked			
2122	HoggPhonology1992	unchecked			
2122	HowellSalmons1988	unchecked			
2122	Kaluza1900	unchecked			
2122	Kastovsky1992	unchecked			
2122	Kilday2024	unchecked			
2122	KlugeSeebold2011	unchecked			
2122	Kortlandt2008	unchecked			
2122	Kroonen2006	unchecked			
2122	Kroonen2011	unchecked			
2122	Kroonen2013	unchecked			
2122	Kylstra1983	unchecked			
2122	Laker2007	unchecked			
2122	Lid1952	unchecked			
2122	Lloyd1966	unchecked			
2122	LloydSpringer1988	unchecked			
2122	Luehr1993	unchecked			
2122	Luick1914	unchecked			
2122	Mayrhofer1992	unchecked			
2122	Mees2020	unchecked			
2122	NeriRingeReview	unchecked			
2122	Nielsen2001	unchecked			
2122	Orel2003	unchecked			
2122	Pierce1999	unchecked			
2122	Pierce2003	unchecked			
2122	Pierce2006	unchecked			
2122	Pokorny1959	unchecked			
2122	Polome1967	unchecked			
2122	Polome1994	unchecked			
2122	Repansek2012	unchecked			
2122	Rice1994	unchecked			
2122	Ringe1984	unchecked			
2122	Ringe2017	unchecked			
2122	RingeTaylor2014	unchecked			
2122	Seebold1970	unchecked			
2122	SieversBrunner1965	unchecked			
2122	StauslandJohnsen2015	unchecked			
2122	Stiles1985	unchecked			
2122	Stiles1986a	unchecked			
2122	Stiles1986b	unchecked			
2122	Stiles2012	unchecked			
2122	Stiles2017	unchecked			
2122	Streitberg1896	unchecked			
2122	Sweet1953	unchecked			
2122	Thorhallsdottir1993	unchecked			
2122	Toon1992	unchecked			
2122	Versloot2017	unchecked			
2122	Versloot2021	unchecked			
2122	Versloot2025	unchecked			
2122	Vine2019	unchecked			
2122	Waxenberger2019	unchecked			
2122	WrightWuelcker1884	unchecked			
2122	vanHelten1905	unchecked			
2123	Adamczyk2001	unchecked			
2123	Bammesberger1990	unchecked			
2123	Bammesberger1992	unchecked			
2123	Bammesberger1997	unchecked			
2123	Beekes2010	unchecked			
2123	Bennett1950	unchecked			
2123	BosworthToller1898	unchecked			
2123	Bremmer2008	unchecked			
2123	Bremmer2009	unchecked			
2123	Bright1917	unchecked			
2123	Bulbring1902	unchecked			
2123	CaedmonsHymnVitt1452	unchecked			
2123	Campbell1939	unchecked			
2123	Campbell1959	unchecked			
2123	Cercignani1979	unchecked			
2123	Cercignani1980	unchecked			
2123	ClarkHall1960	unchecked			
2123	Crist2001	unchecked			
2123	Crist2002	unchecked			
2123	Erdmann1972	unchecked			
2123	Fulk2018	unchecked			
2123	GermanicSlavicBaltic2025	unchecked			
2123	Goblirsch1991	unchecked			
2123	Hamp1990	unchecked			
2123	Hirt1931	unchecked			
2123	Hogg1979	unchecked			
2123	HoggGrammar2011	unchecked			
2123	HoggIntroduction1992	unchecked			
2123	HoggPhonology1992	unchecked			
2123	HowellSalmons1988	unchecked			
2123	Kaluza1900	unchecked			
2123	Kastovsky1992	unchecked			
2123	Kilday2024	unchecked			
2123	KlugeSeebold2011	unchecked			
2123	Kortlandt2008	unchecked			
2123	Kroonen2006	unchecked			
2123	Kroonen2011	unchecked			
2123	Kroonen2013	unchecked			
2123	Kylstra1983	unchecked			
2123	Laker2007	unchecked			
2123	Lid1952	unchecked			
2123	Lloyd1966	unchecked			
2123	LloydSpringer1988	unchecked			
2123	Luehr1993	unchecked			
2123	Luick1914	unchecked			
2123	Mayrhofer1992	unchecked			
2123	Mees2020	unchecked			
2123	NeriRingeReview	unchecked			
2123	Nielsen2001	unchecked			
2123	Orel2003	unchecked			
2123	Pierce1999	unchecked			
2123	Pierce2003	unchecked			
2123	Pierce2006	unchecked			
2123	Pokorny1959	unchecked			
2123	Polome1967	unchecked			
2123	Polome1994	unchecked			
2123	Repansek2012	unchecked			
2123	Rice1994	unchecked			
2123	Ringe1984	unchecked			
2123	Ringe2017	unchecked			
2123	RingeTaylor2014	unchecked			
2123	Seebold1970	unchecked			
2123	SieversBrunner1965	unchecked			
2123	StauslandJohnsen2015	unchecked			
2123	Stiles1985	unchecked			
2123	Stiles1986a	unchecked			
2123	Stiles1986b	unchecked			
2123	Stiles2012	unchecked			
2123	Stiles2017	unchecked			
2123	Streitberg1896	unchecked			
2123	Sweet1953	unchecked			
2123	Thorhallsdottir1993	unchecked			
2123	Toon1992	unchecked			
2123	Versloot2017	unchecked			
2123	Versloot2021	unchecked			
2123	Versloot2025	unchecked			
2123	Vine2019	unchecked			
2123	Waxenberger2019	unchecked			
2123	WrightWuelcker1884	unchecked			
2123	vanHelten1905	unchecked			
2124	Adamczyk2001	unchecked			
2124	Bammesberger1990	unchecked			
2124	Bammesberger1992	unchecked			
2124	Bammesberger1997	unchecked			
2124	Beekes2010	unchecked			
2124	Bennett1950	unchecked			
2124	BosworthToller1898	unchecked			
2124	Bremmer2008	unchecked			
2124	Bremmer2009	unchecked			
2124	Bright1917	unchecked			
2124	Bulbring1902	unchecked			
2124	CaedmonsHymnVitt1452	unchecked			
2124	Campbell1939	unchecked			
2124	Campbell1959	unchecked			
2124	Cercignani1979	unchecked			
2124	Cercignani1980	unchecked			
2124	ClarkHall1960	unchecked			
2124	Crist2001	unchecked			
2124	Crist2002	unchecked			
2124	Erdmann1972	unchecked			
2124	Fulk2018	unchecked			
2124	GermanicSlavicBaltic2025	unchecked			
2124	Goblirsch1991	unchecked			
2124	Hamp1990	unchecked			
2124	Hirt1931	unchecked			
2124	Hogg1979	unchecked			
2124	HoggGrammar2011	unchecked			
2124	HoggIntroduction1992	unchecked			
2124	HoggPhonology1992	unchecked			
2124	HowellSalmons1988	unchecked			
2124	Kaluza1900	unchecked			
2124	Kastovsky1992	unchecked			
2124	Kilday2024	unchecked			
2124	KlugeSeebold2011	unchecked			
2124	Kortlandt2008	unchecked			
2124	Kroonen2006	unchecked			
2124	Kroonen2011	unchecked			
2124	Kroonen2013	unchecked			
2124	Kylstra1983	unchecked			
2124	Laker2007	unchecked			
2124	Lid1952	unchecked			
2124	Lloyd1966	unchecked			
2124	LloydSpringer1988	unchecked			
2124	Luehr1993	unchecked			
2124	Luick1914	unchecked			
2124	Mayrhofer1992	unchecked			
2124	Mees2020	unchecked			
2124	NeriRingeReview	unchecked			
2124	Nielsen2001	unchecked			
2124	Orel2003	unchecked			
2124	Pierce1999	unchecked			
2124	Pierce2003	unchecked			
2124	Pierce2006	unchecked			
2124	Pokorny1959	unchecked			
2124	Polome1967	unchecked			
2124	Polome1994	unchecked			
2124	Repansek2012	unchecked			
2124	Rice1994	unchecked			
2124	Ringe1984	unchecked			
2124	Ringe2017	unchecked			
2124	RingeTaylor2014	unchecked			
2124	Seebold1970	unchecked			
2124	SieversBrunner1965	unchecked			
2124	StauslandJohnsen2015	unchecked			
2124	Stiles1985	unchecked			
2124	Stiles1986a	unchecked			
2124	Stiles1986b	unchecked			
2124	Stiles2012	unchecked			
2124	Stiles2017	unchecked			
2124	Streitberg1896	unchecked			
2124	Sweet1953	unchecked			
2124	Thorhallsdottir1993	unchecked			
2124	Toon1992	unchecked			
2124	Versloot2017	unchecked			
2124	Versloot2021	unchecked			
2124	Versloot2025	unchecked			
2124	Vine2019	unchecked			
2124	Waxenberger2019	unchecked			
2124	WrightWuelcker1884	unchecked			
2124	vanHelten1905	unchecked			
2125	Adamczyk2001	unchecked			
2125	Bammesberger1990	unchecked			
2125	Bammesberger1992	unchecked			
2125	Bammesberger1997	unchecked			
2125	Beekes2010	unchecked			
2125	Bennett1950	unchecked			
2125	BosworthToller1898	unchecked			
2125	Bremmer2008	unchecked			
2125	Bremmer2009	unchecked			
2125	Bright1917	unchecked			
2125	Bulbring1902	unchecked			
2125	CaedmonsHymnVitt1452	unchecked			
2125	Campbell1939	unchecked			
2125	Campbell1959	unchecked			
2125	Cercignani1979	unchecked			
2125	Cercignani1980	unchecked			
2125	ClarkHall1960	unchecked			
2125	Crist2001	unchecked			
2125	Crist2002	unchecked			
2125	Erdmann1972	unchecked			
2125	Fulk2018	unchecked			
2125	GermanicSlavicBaltic2025	unchecked			
2125	Goblirsch1991	unchecked			
2125	Hamp1990	unchecked			
2125	Hirt1931	unchecked			
2125	Hogg1979	unchecked			
2125	HoggGrammar2011	unchecked			
2125	HoggIntroduction1992	unchecked			
2125	HoggPhonology1992	unchecked			
2125	HowellSalmons1988	unchecked			
2125	Kaluza1900	unchecked			
2125	Kastovsky1992	unchecked			
2125	Kilday2024	unchecked			
2125	KlugeSeebold2011	unchecked			
2125	Kortlandt2008	unchecked			
2125	Kroonen2006	unchecked			
2125	Kroonen2011	unchecked			
2125	Kroonen2013	unchecked			
2125	Kylstra1983	unchecked			
2125	Laker2007	unchecked			
2125	Lid1952	unchecked			
2125	Lloyd1966	unchecked			
2125	LloydSpringer1988	unchecked			
2125	Luehr1993	unchecked			
2125	Luick1914	unchecked			
2125	Mayrhofer1992	unchecked			
2125	Mees2020	unchecked			
2125	NeriRingeReview	unchecked			
2125	Nielsen2001	unchecked			
2125	Orel2003	unchecked			
2125	Pierce1999	unchecked			
2125	Pierce2003	unchecked			
2125	Pierce2006	unchecked			
2125	Pokorny1959	unchecked			
2125	Polome1967	unchecked			
2125	Polome1994	unchecked			
2125	Repansek2012	unchecked			
2125	Rice1994	unchecked			
2125	Ringe1984	unchecked			
2125	Ringe2017	unchecked			
2125	RingeTaylor2014	unchecked			
2125	Seebold1970	unchecked			
2125	SieversBrunner1965	unchecked			
2125	StauslandJohnsen2015	unchecked			
2125	Stiles1985	unchecked			
2125	Stiles1986a	unchecked			
2125	Stiles1986b	unchecked			
2125	Stiles2012	unchecked			
2125	Stiles2017	unchecked			
2125	Streitberg1896	unchecked			
2125	Sweet1953	unchecked			
2125	Thorhallsdottir1993	unchecked			
2125	Toon1992	unchecked			
2125	Versloot2017	unchecked			
2125	Versloot2021	unchecked			
2125	Versloot2025	unchecked			
2125	Vine2019	unchecked			
2125	Waxenberger2019	unchecked			
2125	WrightWuelcker1884	unchecked			
2125	vanHelten1905	unchecked			
2126	Adamczyk2001	unchecked			
2126	Bammesberger1990	unchecked			
2126	Bammesberger1992	unchecked			
2126	Bammesberger1997	unchecked			
2126	Beekes2010	unchecked			
2126	Bennett1950	unchecked			
2126	BosworthToller1898	unchecked			
2126	Bremmer2008	unchecked			
2126	Bremmer2009	unchecked			
2126	Bright1917	unchecked			
2126	Bulbring1902	unchecked			
2126	CaedmonsHymnVitt1452	unchecked			
2126	Campbell1939	unchecked			
2126	Campbell1959	unchecked			
2126	Cercignani1979	evidence_found	milk-cercignani-citation;milk-cercignani-genitive-earlier;milk-cercignani-genitive-later	Complete article72-82 read; milk passage75 and its original image checked, including barred consonants and the genitive chain.	Three forms in different cells/states, not three independent reconstruction votes or an endorsed change to *mélukz.
2126	Cercignani1980	unchecked			
2126	ClarkHall1960	unchecked			
2126	Crist2001	unchecked			
2126	Crist2002	unchecked			
2126	Erdmann1972	unchecked			
2126	Fulk2018	unchecked			
2126	GermanicSlavicBaltic2025	unchecked			
2126	Goblirsch1991	unchecked			
2126	Hamp1990	unchecked			
2126	Hirt1931	unchecked			
2126	Hogg1979	unchecked			
2126	HoggGrammar2011	unchecked			
2126	HoggIntroduction1992	unchecked			
2126	HoggPhonology1992	unchecked			
2126	HowellSalmons1988	unchecked			
2126	Kaluza1900	unchecked			
2126	Kastovsky1992	unchecked			
2126	Kilday2024	unchecked			
2126	KlugeSeebold2011	unchecked			
2126	Kortlandt2008	unchecked			
2126	Kroonen2006	unchecked			
2126	Kroonen2011	unchecked			
2126	Kroonen2013	unchecked			
2126	Kylstra1983	unchecked			
2126	Laker2007	unchecked			
2126	Lid1952	unchecked			
2126	Lloyd1966	unchecked			
2126	LloydSpringer1988	unchecked			
2126	Luehr1993	unchecked			
2126	Luick1914	unchecked			
2126	Mayrhofer1992	unchecked			
2126	Mees2020	unchecked			
2126	NeriRingeReview	unchecked			
2126	Nielsen2001	unchecked			
2126	Orel2003	unchecked			
2126	Pierce1999	unchecked			
2126	Pierce2003	unchecked			
2126	Pierce2006	unchecked			
2126	Pokorny1959	unchecked			
2126	Polome1967	unchecked			
2126	Polome1994	unchecked			
2126	Repansek2012	unchecked			
2126	Rice1994	unchecked			
2126	Ringe1984	unchecked			
2126	Ringe2017	unchecked			
2126	RingeTaylor2014	unchecked			
2126	Seebold1970	unchecked			
2126	SieversBrunner1965	unchecked			
2126	StauslandJohnsen2015	unchecked			
2126	Stiles1985	unchecked			
2126	Stiles1986a	unchecked			
2126	Stiles1986b	unchecked			
2126	Stiles2012	unchecked			
2126	Stiles2017	unchecked			
2126	Streitberg1896	unchecked			
2126	Sweet1953	unchecked			
2126	Thorhallsdottir1993	unchecked			
2126	Toon1992	unchecked			
2126	Versloot2017	unchecked			
2126	Versloot2021	unchecked			
2126	Versloot2025	unchecked			
2126	Vine2019	unchecked			
2126	Waxenberger2019	unchecked			
2126	WrightWuelcker1884	unchecked			
2126	vanHelten1905	unchecked			
2127	Adamczyk2001	unchecked			
2127	Bammesberger1990	unchecked			
2127	Bammesberger1992	unchecked			
2127	Bammesberger1997	unchecked			
2127	Beekes2010	unchecked			
2127	Bennett1950	unchecked			
2127	BosworthToller1898	unchecked			
2127	Bremmer2008	unchecked			
2127	Bremmer2009	unchecked			
2127	Bright1917	unchecked			
2127	Bulbring1902	unchecked			
2127	CaedmonsHymnVitt1452	unchecked			
2127	Campbell1939	unchecked			
2127	Campbell1959	unchecked			
2127	Cercignani1979	unchecked			
2127	Cercignani1980	unchecked			
2127	ClarkHall1960	unchecked			
2127	Crist2001	unchecked			
2127	Crist2002	unchecked			
2127	Erdmann1972	unchecked			
2127	Fulk2018	unchecked			
2127	GermanicSlavicBaltic2025	unchecked			
2127	Goblirsch1991	unchecked			
2127	Hamp1990	unchecked			
2127	Hirt1931	unchecked			
2127	Hogg1979	unchecked			
2127	HoggGrammar2011	unchecked			
2127	HoggIntroduction1992	unchecked			
2127	HoggPhonology1992	unchecked			
2127	HowellSalmons1988	unchecked			
2127	Kaluza1900	unchecked			
2127	Kastovsky1992	unchecked			
2127	Kilday2024	unchecked			
2127	KlugeSeebold2011	unchecked			
2127	Kortlandt2008	unchecked			
2127	Kroonen2006	unchecked			
2127	Kroonen2011	unchecked			
2127	Kroonen2013	unchecked			
2127	Kylstra1983	unchecked			
2127	Laker2007	unchecked			
2127	Lid1952	unchecked			
2127	Lloyd1966	unchecked			
2127	LloydSpringer1988	unchecked			
2127	Luehr1993	unchecked			
2127	Luick1914	unchecked			
2127	Mayrhofer1992	unchecked			
2127	Mees2020	unchecked			
2127	NeriRingeReview	unchecked			
2127	Nielsen2001	unchecked			
2127	Orel2003	unchecked			
2127	Pierce1999	unchecked			
2127	Pierce2003	unchecked			
2127	Pierce2006	unchecked			
2127	Pokorny1959	unchecked			
2127	Polome1967	unchecked			
2127	Polome1994	unchecked			
2127	Repansek2012	unchecked			
2127	Rice1994	unchecked			
2127	Ringe1984	unchecked			
2127	Ringe2017	unchecked			
2127	RingeTaylor2014	unchecked			
2127	Seebold1970	unchecked			
2127	SieversBrunner1965	unchecked			
2127	StauslandJohnsen2015	unchecked			
2127	Stiles1985	unchecked			
2127	Stiles1986a	unchecked			
2127	Stiles1986b	unchecked			
2127	Stiles2012	unchecked			
2127	Stiles2017	unchecked			
2127	Streitberg1896	unchecked			
2127	Sweet1953	unchecked			
2127	Thorhallsdottir1993	unchecked			
2127	Toon1992	unchecked			
2127	Versloot2017	unchecked			
2127	Versloot2021	unchecked			
2127	Versloot2025	unchecked			
2127	Vine2019	unchecked			
2127	Waxenberger2019	unchecked			
2127	WrightWuelcker1884	unchecked			
2127	vanHelten1905	unchecked			
2128	Adamczyk2001	unchecked			
2128	Bammesberger1990	unchecked			
2128	Bammesberger1992	unchecked			
2128	Bammesberger1997	unchecked			
2128	Beekes2010	unchecked			
2128	Bennett1950	unchecked			
2128	BosworthToller1898	unchecked			
2128	Bremmer2008	unchecked			
2128	Bremmer2009	unchecked			
2128	Bright1917	unchecked			
2128	Bulbring1902	unchecked			
2128	CaedmonsHymnVitt1452	unchecked			
2128	Campbell1939	unchecked			
2128	Campbell1959	unchecked			
2128	Cercignani1979	unchecked			
2128	Cercignani1980	unchecked			
2128	ClarkHall1960	unchecked			
2128	Crist2001	unchecked			
2128	Crist2002	unchecked			
2128	Erdmann1972	unchecked			
2128	Fulk2018	unchecked			
2128	GermanicSlavicBaltic2025	unchecked			
2128	Goblirsch1991	unchecked			
2128	Hamp1990	unchecked			
2128	Hirt1931	unchecked			
2128	Hogg1979	unchecked			
2128	HoggGrammar2011	unchecked			
2128	HoggIntroduction1992	unchecked			
2128	HoggPhonology1992	unchecked			
2128	HowellSalmons1988	unchecked			
2128	Kaluza1900	unchecked			
2128	Kastovsky1992	unchecked			
2128	Kilday2024	unchecked			
2128	KlugeSeebold2011	unchecked			
2128	Kortlandt2008	unchecked			
2128	Kroonen2006	unchecked			
2128	Kroonen2011	unchecked			
2128	Kroonen2013	unchecked			
2128	Kylstra1983	unchecked			
2128	Laker2007	unchecked			
2128	Lid1952	unchecked			
2128	Lloyd1966	unchecked			
2128	LloydSpringer1988	unchecked			
2128	Luehr1993	unchecked			
2128	Luick1914	unchecked			
2128	Mayrhofer1992	unchecked			
2128	Mees2020	unchecked			
2128	NeriRingeReview	unchecked			
2128	Nielsen2001	unchecked			
2128	Orel2003	unchecked			
2128	Pierce1999	unchecked			
2128	Pierce2003	unchecked			
2128	Pierce2006	unchecked			
2128	Pokorny1959	unchecked			
2128	Polome1967	unchecked			
2128	Polome1994	unchecked			
2128	Repansek2012	unchecked			
2128	Rice1994	unchecked			
2128	Ringe1984	unchecked			
2128	Ringe2017	unchecked			
2128	RingeTaylor2014	unchecked			
2128	Seebold1970	unchecked			
2128	SieversBrunner1965	unchecked			
2128	StauslandJohnsen2015	unchecked			
2128	Stiles1985	unchecked			
2128	Stiles1986a	unchecked			
2128	Stiles1986b	unchecked			
2128	Stiles2012	unchecked			
2128	Stiles2017	unchecked			
2128	Streitberg1896	unchecked			
2128	Sweet1953	unchecked			
2128	Thorhallsdottir1993	unchecked			
2128	Toon1992	unchecked			
2128	Versloot2017	unchecked			
2128	Versloot2021	unchecked			
2128	Versloot2025	unchecked			
2128	Vine2019	unchecked			
2128	Waxenberger2019	unchecked			
2128	WrightWuelcker1884	unchecked			
2128	vanHelten1905	unchecked			
2129	Adamczyk2001	unchecked			
2129	Bammesberger1990	unchecked			
2129	Bammesberger1992	unchecked			
2129	Bammesberger1997	unchecked			
2129	Beekes2010	unchecked			
2129	Bennett1950	unchecked			
2129	BosworthToller1898	unchecked			
2129	Bremmer2008	unchecked			
2129	Bremmer2009	unchecked			
2129	Bright1917	unchecked			
2129	Bulbring1902	unchecked			
2129	CaedmonsHymnVitt1452	unchecked			
2129	Campbell1939	unchecked			
2129	Campbell1959	unchecked			
2129	Cercignani1979	unchecked			
2129	Cercignani1980	unchecked			
2129	ClarkHall1960	unchecked			
2129	Crist2001	unchecked			
2129	Crist2002	unchecked			
2129	Erdmann1972	unchecked			
2129	Fulk2018	unchecked			
2129	GermanicSlavicBaltic2025	unchecked			
2129	Goblirsch1991	unchecked			
2129	Hamp1990	unchecked			
2129	Hirt1931	unchecked			
2129	Hogg1979	unchecked			
2129	HoggGrammar2011	unchecked			
2129	HoggIntroduction1992	unchecked			
2129	HoggPhonology1992	unchecked			
2129	HowellSalmons1988	unchecked			
2129	Kaluza1900	unchecked			
2129	Kastovsky1992	unchecked			
2129	Kilday2024	unchecked			
2129	KlugeSeebold2011	unchecked			
2129	Kortlandt2008	unchecked			
2129	Kroonen2006	unchecked			
2129	Kroonen2011	unchecked			
2129	Kroonen2013	unchecked			
2129	Kylstra1983	unchecked			
2129	Laker2007	unchecked			
2129	Lid1952	unchecked			
2129	Lloyd1966	unchecked			
2129	LloydSpringer1988	unchecked			
2129	Luehr1993	unchecked			
2129	Luick1914	unchecked			
2129	Mayrhofer1992	unchecked			
2129	Mees2020	unchecked			
2129	NeriRingeReview	unchecked			
2129	Nielsen2001	unchecked			
2129	Orel2003	unchecked			
2129	Pierce1999	unchecked			
2129	Pierce2003	unchecked			
2129	Pierce2006	unchecked			
2129	Pokorny1959	unchecked			
2129	Polome1967	unchecked			
2129	Polome1994	unchecked			
2129	Repansek2012	unchecked			
2129	Rice1994	unchecked			
2129	Ringe1984	unchecked			
2129	Ringe2017	unchecked			
2129	RingeTaylor2014	unchecked			
2129	Seebold1970	unchecked			
2129	SieversBrunner1965	unchecked			
2129	StauslandJohnsen2015	unchecked			
2129	Stiles1985	unchecked			
2129	Stiles1986a	unchecked			
2129	Stiles1986b	unchecked			
2129	Stiles2012	unchecked			
2129	Stiles2017	unchecked			
2129	Streitberg1896	unchecked			
2129	Sweet1953	unchecked			
2129	Thorhallsdottir1993	unchecked			
2129	Toon1992	unchecked			
2129	Versloot2017	unchecked			
2129	Versloot2021	unchecked			
2129	Versloot2025	unchecked			
2129	Vine2019	unchecked			
2129	Waxenberger2019	unchecked			
2129	WrightWuelcker1884	unchecked			
2129	vanHelten1905	unchecked			
2130	Adamczyk2001	unchecked			
2130	Bammesberger1990	unchecked			
2130	Bammesberger1992	unchecked			
2130	Bammesberger1997	unchecked			
2130	Beekes2010	unchecked			
2130	Bennett1950	unchecked			
2130	BosworthToller1898	unchecked			
2130	Bremmer2008	unchecked			
2130	Bremmer2009	unchecked			
2130	Bright1917	unchecked			
2130	Bulbring1902	unchecked			
2130	CaedmonsHymnVitt1452	unchecked			
2130	Campbell1939	unchecked			
2130	Campbell1959	unchecked			
2130	Cercignani1979	unchecked			
2130	Cercignani1980	unchecked			
2130	ClarkHall1960	unchecked			
2130	Crist2001	unchecked			
2130	Crist2002	unchecked			
2130	Erdmann1972	unchecked			
2130	Fulk2018	unchecked			
2130	GermanicSlavicBaltic2025	unchecked			
2130	Goblirsch1991	unchecked			
2130	Hamp1990	unchecked			
2130	Hirt1931	unchecked			
2130	Hogg1979	unchecked			
2130	HoggGrammar2011	unchecked			
2130	HoggIntroduction1992	unchecked			
2130	HoggPhonology1992	unchecked			
2130	HowellSalmons1988	unchecked			
2130	Kaluza1900	unchecked			
2130	Kastovsky1992	unchecked			
2130	Kilday2024	unchecked			
2130	KlugeSeebold2011	unchecked			
2130	Kortlandt2008	unchecked			
2130	Kroonen2006	unchecked			
2130	Kroonen2011	unchecked			
2130	Kroonen2013	unchecked			
2130	Kylstra1983	unchecked			
2130	Laker2007	unchecked			
2130	Lid1952	unchecked			
2130	Lloyd1966	unchecked			
2130	LloydSpringer1988	unchecked			
2130	Luehr1993	unchecked			
2130	Luick1914	unchecked			
2130	Mayrhofer1992	unchecked			
2130	Mees2020	unchecked			
2130	NeriRingeReview	unchecked			
2130	Nielsen2001	unchecked			
2130	Orel2003	unchecked			
2130	Pierce1999	unchecked			
2130	Pierce2003	unchecked			
2130	Pierce2006	unchecked			
2130	Pokorny1959	unchecked			
2130	Polome1967	unchecked			
2130	Polome1994	unchecked			
2130	Repansek2012	unchecked			
2130	Rice1994	unchecked			
2130	Ringe1984	unchecked			
2130	Ringe2017	unchecked			
2130	RingeTaylor2014	unchecked			
2130	Seebold1970	unchecked			
2130	SieversBrunner1965	unchecked			
2130	StauslandJohnsen2015	unchecked			
2130	Stiles1985	unchecked			
2130	Stiles1986a	unchecked			
2130	Stiles1986b	unchecked			
2130	Stiles2012	unchecked			
2130	Stiles2017	unchecked			
2130	Streitberg1896	unchecked			
2130	Sweet1953	unchecked			
2130	Thorhallsdottir1993	unchecked			
2130	Toon1992	unchecked			
2130	Versloot2017	unchecked			
2130	Versloot2021	unchecked			
2130	Versloot2025	unchecked			
2130	Vine2019	unchecked			
2130	Waxenberger2019	unchecked			
2130	WrightWuelcker1884	unchecked			
2130	vanHelten1905	unchecked			
2131	Adamczyk2001	unchecked			
2131	Bammesberger1990	unchecked			
2131	Bammesberger1992	unchecked			
2131	Bammesberger1997	unchecked			
2131	Beekes2010	unchecked			
2131	Bennett1950	unchecked			
2131	BosworthToller1898	unchecked			
2131	Bremmer2008	unchecked			
2131	Bremmer2009	unchecked			
2131	Bright1917	unchecked			
2131	Bulbring1902	unchecked			
2131	CaedmonsHymnVitt1452	unchecked			
2131	Campbell1939	unchecked			
2131	Campbell1959	unchecked			
2131	Cercignani1979	unchecked			
2131	Cercignani1980	unchecked			
2131	ClarkHall1960	unchecked			
2131	Crist2001	unchecked			
2131	Crist2002	unchecked			
2131	Erdmann1972	unchecked			
2131	Fulk2018	unchecked			
2131	GermanicSlavicBaltic2025	unchecked			
2131	Goblirsch1991	unchecked			
2131	Hamp1990	unchecked			
2131	Hirt1931	unchecked			
2131	Hogg1979	unchecked			
2131	HoggGrammar2011	unchecked			
2131	HoggIntroduction1992	unchecked			
2131	HoggPhonology1992	unchecked			
2131	HowellSalmons1988	unchecked			
2131	Kaluza1900	unchecked			
2131	Kastovsky1992	unchecked			
2131	Kilday2024	unchecked			
2131	KlugeSeebold2011	unchecked			
2131	Kortlandt2008	unchecked			
2131	Kroonen2006	unchecked			
2131	Kroonen2011	unchecked			
2131	Kroonen2013	unchecked			
2131	Kylstra1983	unchecked			
2131	Laker2007	unchecked			
2131	Lid1952	unchecked			
2131	Lloyd1966	unchecked			
2131	LloydSpringer1988	unchecked			
2131	Luehr1993	unchecked			
2131	Luick1914	unchecked			
2131	Mayrhofer1992	unchecked			
2131	Mees2020	unchecked			
2131	NeriRingeReview	unchecked			
2131	Nielsen2001	unchecked			
2131	Orel2003	unchecked			
2131	Pierce1999	unchecked			
2131	Pierce2003	unchecked			
2131	Pierce2006	unchecked			
2131	Pokorny1959	unchecked			
2131	Polome1967	unchecked			
2131	Polome1994	unchecked			
2131	Repansek2012	unchecked			
2131	Rice1994	unchecked			
2131	Ringe1984	unchecked			
2131	Ringe2017	unchecked			
2131	RingeTaylor2014	unchecked			
2131	Seebold1970	unchecked			
2131	SieversBrunner1965	unchecked			
2131	StauslandJohnsen2015	unchecked			
2131	Stiles1985	unchecked			
2131	Stiles1986a	unchecked			
2131	Stiles1986b	unchecked			
2131	Stiles2012	unchecked			
2131	Stiles2017	unchecked			
2131	Streitberg1896	unchecked			
2131	Sweet1953	unchecked			
2131	Thorhallsdottir1993	unchecked			
2131	Toon1992	unchecked			
2131	Versloot2017	unchecked			
2131	Versloot2021	unchecked			
2131	Versloot2025	unchecked			
2131	Vine2019	unchecked			
2131	Waxenberger2019	unchecked			
2131	WrightWuelcker1884	unchecked			
2131	vanHelten1905	unchecked			
2132	Adamczyk2001	unchecked			
2132	Bammesberger1990	unchecked			
2132	Bammesberger1992	unchecked			
2132	Bammesberger1997	unchecked			
2132	Beekes2010	unchecked			
2132	Bennett1950	unchecked			
2132	BosworthToller1898	unchecked			
2132	Bremmer2008	unchecked			
2132	Bremmer2009	unchecked			
2132	Bright1917	unchecked			
2132	Bulbring1902	unchecked			
2132	CaedmonsHymnVitt1452	unchecked			
2132	Campbell1939	unchecked			
2132	Campbell1959	unchecked			
2132	Cercignani1979	unchecked			
2132	Cercignani1980	unchecked			
2132	ClarkHall1960	unchecked			
2132	Crist2001	unchecked			
2132	Crist2002	unchecked			
2132	Erdmann1972	unchecked			
2132	Fulk2018	unchecked			
2132	GermanicSlavicBaltic2025	unchecked			
2132	Goblirsch1991	unchecked			
2132	Hamp1990	unchecked			
2132	Hirt1931	unchecked			
2132	Hogg1979	unchecked			
2132	HoggGrammar2011	unchecked			
2132	HoggIntroduction1992	unchecked			
2132	HoggPhonology1992	unchecked			
2132	HowellSalmons1988	unchecked			
2132	Kaluza1900	unchecked			
2132	Kastovsky1992	unchecked			
2132	Kilday2024	unchecked			
2132	KlugeSeebold2011	unchecked			
2132	Kortlandt2008	unchecked			
2132	Kroonen2006	unchecked			
2132	Kroonen2011	unchecked			
2132	Kroonen2013	unchecked			
2132	Kylstra1983	unchecked			
2132	Laker2007	unchecked			
2132	Lid1952	unchecked			
2132	Lloyd1966	unchecked			
2132	LloydSpringer1988	unchecked			
2132	Luehr1993	unchecked			
2132	Luick1914	unchecked			
2132	Mayrhofer1992	unchecked			
2132	Mees2020	unchecked			
2132	NeriRingeReview	unchecked			
2132	Nielsen2001	unchecked			
2132	Orel2003	unchecked			
2132	Pierce1999	unchecked			
2132	Pierce2003	unchecked			
2132	Pierce2006	unchecked			
2132	Pokorny1959	unchecked			
2132	Polome1967	unchecked			
2132	Polome1994	unchecked			
2132	Repansek2012	unchecked			
2132	Rice1994	unchecked			
2132	Ringe1984	unchecked			
2132	Ringe2017	unchecked			
2132	RingeTaylor2014	unchecked			
2132	Seebold1970	unchecked			
2132	SieversBrunner1965	unchecked			
2132	StauslandJohnsen2015	unchecked			
2132	Stiles1985	unchecked			
2132	Stiles1986a	unchecked			
2132	Stiles1986b	unchecked			
2132	Stiles2012	unchecked			
2132	Stiles2017	unchecked			
2132	Streitberg1896	unchecked			
2132	Sweet1953	unchecked			
2132	Thorhallsdottir1993	unchecked			
2132	Toon1992	unchecked			
2132	Versloot2017	unchecked			
2132	Versloot2021	unchecked			
2132	Versloot2025	unchecked			
2132	Vine2019	unchecked			
2132	Waxenberger2019	unchecked			
2132	WrightWuelcker1884	unchecked			
2132	vanHelten1905	unchecked			
2133	Adamczyk2001	unchecked			
2133	Bammesberger1990	unchecked			
2133	Bammesberger1992	unchecked			
2133	Bammesberger1997	unchecked			
2133	Beekes2010	unchecked			
2133	Bennett1950	unchecked			
2133	BosworthToller1898	unchecked			
2133	Bremmer2008	unchecked			
2133	Bremmer2009	unchecked			
2133	Bright1917	unchecked			
2133	Bulbring1902	unchecked			
2133	CaedmonsHymnVitt1452	unchecked			
2133	Campbell1939	unchecked			
2133	Campbell1959	unchecked			
2133	Cercignani1979	unchecked			
2133	Cercignani1980	unchecked			
2133	ClarkHall1960	unchecked			
2133	Crist2001	unchecked			
2133	Crist2002	unchecked			
2133	Erdmann1972	unchecked			
2133	Fulk2018	unchecked			
2133	GermanicSlavicBaltic2025	unchecked			
2133	Goblirsch1991	unchecked			
2133	Hamp1990	unchecked			
2133	Hirt1931	unchecked			
2133	Hogg1979	unchecked			
2133	HoggGrammar2011	unchecked			
2133	HoggIntroduction1992	unchecked			
2133	HoggPhonology1992	unchecked			
2133	HowellSalmons1988	unchecked			
2133	Kaluza1900	unchecked			
2133	Kastovsky1992	unchecked			
2133	Kilday2024	unchecked			
2133	KlugeSeebold2011	unchecked			
2133	Kortlandt2008	unchecked			
2133	Kroonen2006	unchecked			
2133	Kroonen2011	unchecked			
2133	Kroonen2013	unchecked			
2133	Kylstra1983	unchecked			
2133	Laker2007	unchecked			
2133	Lid1952	unchecked			
2133	Lloyd1966	unchecked			
2133	LloydSpringer1988	unchecked			
2133	Luehr1993	unchecked			
2133	Luick1914	unchecked			
2133	Mayrhofer1992	unchecked			
2133	Mees2020	unchecked			
2133	NeriRingeReview	unchecked			
2133	Nielsen2001	unchecked			
2133	Orel2003	unchecked			
2133	Pierce1999	unchecked			
2133	Pierce2003	unchecked			
2133	Pierce2006	unchecked			
2133	Pokorny1959	unchecked			
2133	Polome1967	unchecked			
2133	Polome1994	unchecked			
2133	Repansek2012	unchecked			
2133	Rice1994	unchecked			
2133	Ringe1984	unchecked			
2133	Ringe2017	unchecked			
2133	RingeTaylor2014	unchecked			
2133	Seebold1970	unchecked			
2133	SieversBrunner1965	unchecked			
2133	StauslandJohnsen2015	unchecked			
2133	Stiles1985	unchecked			
2133	Stiles1986a	unchecked			
2133	Stiles1986b	unchecked			
2133	Stiles2012	unchecked			
2133	Stiles2017	unchecked			
2133	Streitberg1896	unchecked			
2133	Sweet1953	unchecked			
2133	Thorhallsdottir1993	unchecked			
2133	Toon1992	unchecked			
2133	Versloot2017	unchecked			
2133	Versloot2021	unchecked			
2133	Versloot2025	unchecked			
2133	Vine2019	unchecked			
2133	Waxenberger2019	unchecked			
2133	WrightWuelcker1884	unchecked			
2133	vanHelten1905	unchecked			
2134	Adamczyk2001	unchecked			
2134	Bammesberger1990	unchecked			
2134	Bammesberger1992	unchecked			
2134	Bammesberger1997	unchecked			
2134	Beekes2010	unchecked			
2134	Bennett1950	unchecked			
2134	BosworthToller1898	unchecked			
2134	Bremmer2008	unchecked			
2134	Bremmer2009	unchecked			
2134	Bright1917	unchecked			
2134	Bulbring1902	unchecked			
2134	CaedmonsHymnVitt1452	unchecked			
2134	Campbell1939	unchecked			
2134	Campbell1959	unchecked			
2134	Cercignani1979	unchecked			
2134	Cercignani1980	unchecked			
2134	ClarkHall1960	unchecked			
2134	Crist2001	unchecked			
2134	Crist2002	unchecked			
2134	Erdmann1972	unchecked			
2134	Fulk2018	unchecked			
2134	GermanicSlavicBaltic2025	unchecked			
2134	Goblirsch1991	unchecked			
2134	Hamp1990	unchecked			
2134	Hirt1931	unchecked			
2134	Hogg1979	unchecked			
2134	HoggGrammar2011	unchecked			
2134	HoggIntroduction1992	unchecked			
2134	HoggPhonology1992	unchecked			
2134	HowellSalmons1988	unchecked			
2134	Kaluza1900	unchecked			
2134	Kastovsky1992	unchecked			
2134	Kilday2024	unchecked			
2134	KlugeSeebold2011	unchecked			
2134	Kortlandt2008	unchecked			
2134	Kroonen2006	unchecked			
2134	Kroonen2011	unchecked			
2134	Kroonen2013	unchecked			
2134	Kylstra1983	unchecked			
2134	Laker2007	unchecked			
2134	Lid1952	unchecked			
2134	Lloyd1966	unchecked			
2134	LloydSpringer1988	unchecked			
2134	Luehr1993	unchecked			
2134	Luick1914	unchecked			
2134	Mayrhofer1992	unchecked			
2134	Mees2020	unchecked			
2134	NeriRingeReview	unchecked			
2134	Nielsen2001	unchecked			
2134	Orel2003	unchecked			
2134	Pierce1999	unchecked			
2134	Pierce2003	unchecked			
2134	Pierce2006	unchecked			
2134	Pokorny1959	unchecked			
2134	Polome1967	unchecked			
2134	Polome1994	unchecked			
2134	Repansek2012	unchecked			
2134	Rice1994	unchecked			
2134	Ringe1984	unchecked			
2134	Ringe2017	unchecked			
2134	RingeTaylor2014	unchecked			
2134	Seebold1970	unchecked			
2134	SieversBrunner1965	unchecked			
2134	StauslandJohnsen2015	unchecked			
2134	Stiles1985	unchecked			
2134	Stiles1986a	unchecked			
2134	Stiles1986b	unchecked			
2134	Stiles2012	unchecked			
2134	Stiles2017	unchecked			
2134	Streitberg1896	unchecked			
2134	Sweet1953	unchecked			
2134	Thorhallsdottir1993	unchecked			
2134	Toon1992	unchecked			
2134	Versloot2017	unchecked			
2134	Versloot2021	unchecked			
2134	Versloot2025	unchecked			
2134	Vine2019	unchecked			
2134	Waxenberger2019	unchecked			
2134	WrightWuelcker1884	unchecked			
2134	vanHelten1905	unchecked			
2135	Adamczyk2001	unchecked			
2135	Bammesberger1990	unchecked			
2135	Bammesberger1992	unchecked			
2135	Bammesberger1997	unchecked			
2135	Beekes2010	unchecked			
2135	Bennett1950	unchecked			
2135	BosworthToller1898	unchecked			
2135	Bremmer2008	unchecked			
2135	Bremmer2009	unchecked			
2135	Bright1917	unchecked			
2135	Bulbring1902	unchecked			
2135	CaedmonsHymnVitt1452	unchecked			
2135	Campbell1939	unchecked			
2135	Campbell1959	unchecked			
2135	Cercignani1979	unchecked			
2135	Cercignani1980	unchecked			
2135	ClarkHall1960	unchecked			
2135	Crist2001	unchecked			
2135	Crist2002	unchecked			
2135	Erdmann1972	unchecked			
2135	Fulk2018	unchecked			
2135	GermanicSlavicBaltic2025	unchecked			
2135	Goblirsch1991	unchecked			
2135	Hamp1990	unchecked			
2135	Hirt1931	unchecked			
2135	Hogg1979	unchecked			
2135	HoggGrammar2011	unchecked			
2135	HoggIntroduction1992	unchecked			
2135	HoggPhonology1992	unchecked			
2135	HowellSalmons1988	unchecked			
2135	Kaluza1900	unchecked			
2135	Kastovsky1992	unchecked			
2135	Kilday2024	unchecked			
2135	KlugeSeebold2011	unchecked			
2135	Kortlandt2008	unchecked			
2135	Kroonen2006	unchecked			
2135	Kroonen2011	unchecked			
2135	Kroonen2013	unchecked			
2135	Kylstra1983	unchecked			
2135	Laker2007	unchecked			
2135	Lid1952	unchecked			
2135	Lloyd1966	unchecked			
2135	LloydSpringer1988	unchecked			
2135	Luehr1993	unchecked			
2135	Luick1914	unchecked			
2135	Mayrhofer1992	unchecked			
2135	Mees2020	unchecked			
2135	NeriRingeReview	unchecked			
2135	Nielsen2001	unchecked			
2135	Orel2003	unchecked			
2135	Pierce1999	unchecked			
2135	Pierce2003	unchecked			
2135	Pierce2006	unchecked			
2135	Pokorny1959	unchecked			
2135	Polome1967	unchecked			
2135	Polome1994	unchecked			
2135	Repansek2012	unchecked			
2135	Rice1994	unchecked			
2135	Ringe1984	unchecked			
2135	Ringe2017	unchecked			
2135	RingeTaylor2014	unchecked			
2135	Seebold1970	unchecked			
2135	SieversBrunner1965	unchecked			
2135	StauslandJohnsen2015	unchecked			
2135	Stiles1985	unchecked			
2135	Stiles1986a	unchecked			
2135	Stiles1986b	unchecked			
2135	Stiles2012	unchecked			
2135	Stiles2017	unchecked			
2135	Streitberg1896	unchecked			
2135	Sweet1953	unchecked			
2135	Thorhallsdottir1993	unchecked			
2135	Toon1992	unchecked			
2135	Versloot2017	unchecked			
2135	Versloot2021	unchecked			
2135	Versloot2025	unchecked			
2135	Vine2019	unchecked			
2135	Waxenberger2019	unchecked			
2135	WrightWuelcker1884	unchecked			
2135	vanHelten1905	unchecked			
2136	Adamczyk2001	unchecked			
2136	Bammesberger1990	unchecked			
2136	Bammesberger1992	unchecked			
2136	Bammesberger1997	unchecked			
2136	Beekes2010	unchecked			
2136	Bennett1950	unchecked			
2136	BosworthToller1898	unchecked			
2136	Bremmer2008	unchecked			
2136	Bremmer2009	unchecked			
2136	Bright1917	unchecked			
2136	Bulbring1902	unchecked			
2136	CaedmonsHymnVitt1452	unchecked			
2136	Campbell1939	unchecked			
2136	Campbell1959	unchecked			
2136	Cercignani1979	unchecked			
2136	Cercignani1980	unchecked			
2136	ClarkHall1960	unchecked			
2136	Crist2001	unchecked			
2136	Crist2002	unchecked			
2136	Erdmann1972	unchecked			
2136	Fulk2018	unchecked			
2136	GermanicSlavicBaltic2025	unchecked			
2136	Goblirsch1991	unchecked			
2136	Hamp1990	unchecked			
2136	Hirt1931	unchecked			
2136	Hogg1979	unchecked			
2136	HoggGrammar2011	unchecked			
2136	HoggIntroduction1992	unchecked			
2136	HoggPhonology1992	unchecked			
2136	HowellSalmons1988	unchecked			
2136	Kaluza1900	unchecked			
2136	Kastovsky1992	unchecked			
2136	Kilday2024	unchecked			
2136	KlugeSeebold2011	unchecked			
2136	Kortlandt2008	unchecked			
2136	Kroonen2006	unchecked			
2136	Kroonen2011	unchecked			
2136	Kroonen2013	unchecked			
2136	Kylstra1983	unchecked			
2136	Laker2007	unchecked			
2136	Lid1952	unchecked			
2136	Lloyd1966	unchecked			
2136	LloydSpringer1988	unchecked			
2136	Luehr1993	unchecked			
2136	Luick1914	unchecked			
2136	Mayrhofer1992	unchecked			
2136	Mees2020	unchecked			
2136	NeriRingeReview	unchecked			
2136	Nielsen2001	unchecked			
2136	Orel2003	unchecked			
2136	Pierce1999	unchecked			
2136	Pierce2003	unchecked			
2136	Pierce2006	unchecked			
2136	Pokorny1959	unchecked			
2136	Polome1967	unchecked			
2136	Polome1994	unchecked			
2136	Repansek2012	unchecked			
2136	Rice1994	unchecked			
2136	Ringe1984	unchecked			
2136	Ringe2017	unchecked			
2136	RingeTaylor2014	unchecked			
2136	Seebold1970	unchecked			
2136	SieversBrunner1965	unchecked			
2136	StauslandJohnsen2015	unchecked			
2136	Stiles1985	unchecked			
2136	Stiles1986a	unchecked			
2136	Stiles1986b	unchecked			
2136	Stiles2012	unchecked			
2136	Stiles2017	unchecked			
2136	Streitberg1896	unchecked			
2136	Sweet1953	unchecked			
2136	Thorhallsdottir1993	unchecked			
2136	Toon1992	unchecked			
2136	Versloot2017	unchecked			
2136	Versloot2021	unchecked			
2136	Versloot2025	unchecked			
2136	Vine2019	unchecked			
2136	Waxenberger2019	unchecked			
2136	WrightWuelcker1884	unchecked			
2136	vanHelten1905	unchecked			
2137	Adamczyk2001	unchecked			
2137	Bammesberger1990	unchecked			
2137	Bammesberger1992	unchecked			
2137	Bammesberger1997	unchecked			
2137	Beekes2010	unchecked			
2137	Bennett1950	unchecked			
2137	BosworthToller1898	unchecked			
2137	Bremmer2008	unchecked			
2137	Bremmer2009	unchecked			
2137	Bright1917	unchecked			
2137	Bulbring1902	unchecked			
2137	CaedmonsHymnVitt1452	unchecked			
2137	Campbell1939	unchecked			
2137	Campbell1959	unchecked			
2137	Cercignani1979	unchecked			
2137	Cercignani1980	evidence_found	nest-cercignani-citation	Complete substantive article126-134 read; footnote7 on127 image checked.	Preserve the author's az ending and the disagreement about lowering date independently of root-vowel agreement.
2137	ClarkHall1960	unchecked			
2137	Crist2001	unchecked			
2137	Crist2002	unchecked			
2137	Erdmann1972	unchecked			
2137	Fulk2018	unchecked			
2137	GermanicSlavicBaltic2025	unchecked			
2137	Goblirsch1991	unchecked			
2137	Hamp1990	unchecked			
2137	Hirt1931	unchecked			
2137	Hogg1979	unchecked			
2137	HoggGrammar2011	unchecked			
2137	HoggIntroduction1992	unchecked			
2137	HoggPhonology1992	unchecked			
2137	HowellSalmons1988	unchecked			
2137	Kaluza1900	unchecked			
2137	Kastovsky1992	unchecked			
2137	Kilday2024	unchecked			
2137	KlugeSeebold2011	unchecked			
2137	Kortlandt2008	unchecked			
2137	Kroonen2006	unchecked			
2137	Kroonen2011	unchecked			
2137	Kroonen2013	unchecked			
2137	Kylstra1983	unchecked			
2137	Laker2007	unchecked			
2137	Lid1952	unchecked			
2137	Lloyd1966	unchecked			
2137	LloydSpringer1988	unchecked			
2137	Luehr1993	unchecked			
2137	Luick1914	unchecked			
2137	Mayrhofer1992	unchecked			
2137	Mees2020	unchecked			
2137	NeriRingeReview	unchecked			
2137	Nielsen2001	unchecked			
2137	Orel2003	unchecked			
2137	Pierce1999	unchecked			
2137	Pierce2003	unchecked			
2137	Pierce2006	unchecked			
2137	Pokorny1959	unchecked			
2137	Polome1967	unchecked			
2137	Polome1994	unchecked			
2137	Repansek2012	unchecked			
2137	Rice1994	unchecked			
2137	Ringe1984	unchecked			
2137	Ringe2017	unchecked			
2137	RingeTaylor2014	unchecked			
2137	Seebold1970	unchecked			
2137	SieversBrunner1965	unchecked			
2137	StauslandJohnsen2015	unchecked			
2137	Stiles1985	unchecked			
2137	Stiles1986a	unchecked			
2137	Stiles1986b	unchecked			
2137	Stiles2012	unchecked			
2137	Stiles2017	unchecked			
2137	Streitberg1896	unchecked			
2137	Sweet1953	unchecked			
2137	Thorhallsdottir1993	unchecked			
2137	Toon1992	unchecked			
2137	Versloot2017	unchecked			
2137	Versloot2021	unchecked			
2137	Versloot2025	unchecked			
2137	Vine2019	unchecked			
2137	Waxenberger2019	unchecked			
2137	WrightWuelcker1884	unchecked			
2137	vanHelten1905	unchecked			
2138	Adamczyk2001	unchecked			
2138	Bammesberger1990	unchecked			
2138	Bammesberger1992	unchecked			
2138	Bammesberger1997	unchecked			
2138	Beekes2010	unchecked			
2138	Bennett1950	unchecked			
2138	BosworthToller1898	unchecked			
2138	Bremmer2008	unchecked			
2138	Bremmer2009	unchecked			
2138	Bright1917	unchecked			
2138	Bulbring1902	unchecked			
2138	CaedmonsHymnVitt1452	unchecked			
2138	Campbell1939	unchecked			
2138	Campbell1959	unchecked			
2138	Cercignani1979	unchecked			
2138	Cercignani1980	unchecked			
2138	ClarkHall1960	unchecked			
2138	Crist2001	unchecked			
2138	Crist2002	unchecked			
2138	Erdmann1972	unchecked			
2138	Fulk2018	unchecked			
2138	GermanicSlavicBaltic2025	unchecked			
2138	Goblirsch1991	unchecked			
2138	Hamp1990	unchecked			
2138	Hirt1931	unchecked			
2138	Hogg1979	unchecked			
2138	HoggGrammar2011	unchecked			
2138	HoggIntroduction1992	unchecked			
2138	HoggPhonology1992	unchecked			
2138	HowellSalmons1988	unchecked			
2138	Kaluza1900	unchecked			
2138	Kastovsky1992	unchecked			
2138	Kilday2024	unchecked			
2138	KlugeSeebold2011	unchecked			
2138	Kortlandt2008	unchecked			
2138	Kroonen2006	unchecked			
2138	Kroonen2011	unchecked			
2138	Kroonen2013	unchecked			
2138	Kylstra1983	unchecked			
2138	Laker2007	unchecked			
2138	Lid1952	unchecked			
2138	Lloyd1966	unchecked			
2138	LloydSpringer1988	unchecked			
2138	Luehr1993	unchecked			
2138	Luick1914	unchecked			
2138	Mayrhofer1992	unchecked			
2138	Mees2020	unchecked			
2138	NeriRingeReview	unchecked			
2138	Nielsen2001	unchecked			
2138	Orel2003	unchecked			
2138	Pierce1999	unchecked			
2138	Pierce2003	unchecked			
2138	Pierce2006	unchecked			
2138	Pokorny1959	unchecked			
2138	Polome1967	unchecked			
2138	Polome1994	unchecked			
2138	Repansek2012	unchecked			
2138	Rice1994	unchecked			
2138	Ringe1984	unchecked			
2138	Ringe2017	unchecked			
2138	RingeTaylor2014	unchecked			
2138	Seebold1970	unchecked			
2138	SieversBrunner1965	unchecked			
2138	StauslandJohnsen2015	unchecked			
2138	Stiles1985	unchecked			
2138	Stiles1986a	unchecked			
2138	Stiles1986b	unchecked			
2138	Stiles2012	unchecked			
2138	Stiles2017	unchecked			
2138	Streitberg1896	unchecked			
2138	Sweet1953	unchecked			
2138	Thorhallsdottir1993	unchecked			
2138	Toon1992	unchecked			
2138	Versloot2017	unchecked			
2138	Versloot2021	unchecked			
2138	Versloot2025	unchecked			
2138	Vine2019	unchecked			
2138	Waxenberger2019	unchecked			
2138	WrightWuelcker1884	unchecked			
2138	vanHelten1905	unchecked			
2139	Adamczyk2001	unchecked			
2139	Bammesberger1990	unchecked			
2139	Bammesberger1992	unchecked			
2139	Bammesberger1997	unchecked			
2139	Beekes2010	unchecked			
2139	Bennett1950	unchecked			
2139	BosworthToller1898	unchecked			
2139	Bremmer2008	unchecked			
2139	Bremmer2009	unchecked			
2139	Bright1917	unchecked			
2139	Bulbring1902	unchecked			
2139	CaedmonsHymnVitt1452	unchecked			
2139	Campbell1939	unchecked			
2139	Campbell1959	unchecked			
2139	Cercignani1979	unchecked			
2139	Cercignani1980	unchecked			
2139	ClarkHall1960	unchecked			
2139	Crist2001	unchecked			
2139	Crist2002	unchecked			
2139	Erdmann1972	unchecked			
2139	Fulk2018	unchecked			
2139	GermanicSlavicBaltic2025	unchecked			
2139	Goblirsch1991	unchecked			
2139	Hamp1990	unchecked			
2139	Hirt1931	unchecked			
2139	Hogg1979	unchecked			
2139	HoggGrammar2011	unchecked			
2139	HoggIntroduction1992	unchecked			
2139	HoggPhonology1992	unchecked			
2139	HowellSalmons1988	unchecked			
2139	Kaluza1900	unchecked			
2139	Kastovsky1992	unchecked			
2139	Kilday2024	unchecked			
2139	KlugeSeebold2011	unchecked			
2139	Kortlandt2008	unchecked			
2139	Kroonen2006	unchecked			
2139	Kroonen2011	unchecked			
2139	Kroonen2013	unchecked			
2139	Kylstra1983	unchecked			
2139	Laker2007	unchecked			
2139	Lid1952	unchecked			
2139	Lloyd1966	unchecked			
2139	LloydSpringer1988	unchecked			
2139	Luehr1993	unchecked			
2139	Luick1914	unchecked			
2139	Mayrhofer1992	unchecked			
2139	Mees2020	unchecked			
2139	NeriRingeReview	unchecked			
2139	Nielsen2001	unchecked			
2139	Orel2003	unchecked			
2139	Pierce1999	unchecked			
2139	Pierce2003	unchecked			
2139	Pierce2006	unchecked			
2139	Pokorny1959	unchecked			
2139	Polome1967	unchecked			
2139	Polome1994	unchecked			
2139	Repansek2012	unchecked			
2139	Rice1994	unchecked			
2139	Ringe1984	unchecked			
2139	Ringe2017	unchecked			
2139	RingeTaylor2014	unchecked			
2139	Seebold1970	unchecked			
2139	SieversBrunner1965	unchecked			
2139	StauslandJohnsen2015	unchecked			
2139	Stiles1985	unchecked			
2139	Stiles1986a	unchecked			
2139	Stiles1986b	unchecked			
2139	Stiles2012	unchecked			
2139	Stiles2017	unchecked			
2139	Streitberg1896	unchecked			
2139	Sweet1953	unchecked			
2139	Thorhallsdottir1993	unchecked			
2139	Toon1992	unchecked			
2139	Versloot2017	unchecked			
2139	Versloot2021	unchecked			
2139	Versloot2025	unchecked			
2139	Vine2019	unchecked			
2139	Waxenberger2019	unchecked			
2139	WrightWuelcker1884	unchecked			
2139	vanHelten1905	unchecked			
2140	Adamczyk2001	unchecked			
2140	Bammesberger1990	unchecked			
2140	Bammesberger1992	unchecked			
2140	Bammesberger1997	unchecked			
2140	Beekes2010	unchecked			
2140	Bennett1950	unchecked			
2140	BosworthToller1898	unchecked			
2140	Bremmer2008	unchecked			
2140	Bremmer2009	unchecked			
2140	Bright1917	unchecked			
2140	Bulbring1902	unchecked			
2140	CaedmonsHymnVitt1452	unchecked			
2140	Campbell1939	unchecked			
2140	Campbell1959	unchecked			
2140	Cercignani1979	unchecked			
2140	Cercignani1980	unchecked			
2140	ClarkHall1960	unchecked			
2140	Crist2001	unchecked			
2140	Crist2002	unchecked			
2140	Erdmann1972	unchecked			
2140	Fulk2018	unchecked			
2140	GermanicSlavicBaltic2025	unchecked			
2140	Goblirsch1991	unchecked			
2140	Hamp1990	unchecked			
2140	Hirt1931	unchecked			
2140	Hogg1979	unchecked			
2140	HoggGrammar2011	unchecked			
2140	HoggIntroduction1992	unchecked			
2140	HoggPhonology1992	unchecked			
2140	HowellSalmons1988	unchecked			
2140	Kaluza1900	unchecked			
2140	Kastovsky1992	unchecked			
2140	Kilday2024	unchecked			
2140	KlugeSeebold2011	unchecked			
2140	Kortlandt2008	unchecked			
2140	Kroonen2006	unchecked			
2140	Kroonen2011	unchecked			
2140	Kroonen2013	unchecked			
2140	Kylstra1983	unchecked			
2140	Laker2007	unchecked			
2140	Lid1952	unchecked			
2140	Lloyd1966	unchecked			
2140	LloydSpringer1988	unchecked			
2140	Luehr1993	unchecked			
2140	Luick1914	unchecked			
2140	Mayrhofer1992	unchecked			
2140	Mees2020	unchecked			
2140	NeriRingeReview	unchecked			
2140	Nielsen2001	unchecked			
2140	Orel2003	unchecked			
2140	Pierce1999	unchecked			
2140	Pierce2003	unchecked			
2140	Pierce2006	unchecked			
2140	Pokorny1959	unchecked			
2140	Polome1967	unchecked			
2140	Polome1994	unchecked			
2140	Repansek2012	unchecked			
2140	Rice1994	unchecked			
2140	Ringe1984	unchecked			
2140	Ringe2017	unchecked			
2140	RingeTaylor2014	unchecked			
2140	Seebold1970	unchecked			
2140	SieversBrunner1965	unchecked			
2140	StauslandJohnsen2015	unchecked			
2140	Stiles1985	unchecked			
2140	Stiles1986a	unchecked			
2140	Stiles1986b	unchecked			
2140	Stiles2012	unchecked			
2140	Stiles2017	unchecked			
2140	Streitberg1896	unchecked			
2140	Sweet1953	unchecked			
2140	Thorhallsdottir1993	unchecked			
2140	Toon1992	unchecked			
2140	Versloot2017	unchecked			
2140	Versloot2021	unchecked			
2140	Versloot2025	unchecked			
2140	Vine2019	unchecked			
2140	Waxenberger2019	unchecked			
2140	WrightWuelcker1884	unchecked			
2140	vanHelten1905	unchecked			
2141	Adamczyk2001	unchecked			
2141	Bammesberger1990	unchecked			
2141	Bammesberger1992	unchecked			
2141	Bammesberger1997	unchecked			
2141	Beekes2010	unchecked			
2141	Bennett1950	unchecked			
2141	BosworthToller1898	unchecked			
2141	Bremmer2008	unchecked			
2141	Bremmer2009	unchecked			
2141	Bright1917	unchecked			
2141	Bulbring1902	unchecked			
2141	CaedmonsHymnVitt1452	unchecked			
2141	Campbell1939	unchecked			
2141	Campbell1959	unchecked			
2141	Cercignani1979	unchecked			
2141	Cercignani1980	unchecked			
2141	ClarkHall1960	unchecked			
2141	Crist2001	unchecked			
2141	Crist2002	unchecked			
2141	Erdmann1972	unchecked			
2141	Fulk2018	unchecked			
2141	GermanicSlavicBaltic2025	unchecked			
2141	Goblirsch1991	unchecked			
2141	Hamp1990	unchecked			
2141	Hirt1931	unchecked			
2141	Hogg1979	unchecked			
2141	HoggGrammar2011	unchecked			
2141	HoggIntroduction1992	unchecked			
2141	HoggPhonology1992	unchecked			
2141	HowellSalmons1988	unchecked			
2141	Kaluza1900	unchecked			
2141	Kastovsky1992	unchecked			
2141	Kilday2024	unchecked			
2141	KlugeSeebold2011	unchecked			
2141	Kortlandt2008	unchecked			
2141	Kroonen2006	unchecked			
2141	Kroonen2011	unchecked			
2141	Kroonen2013	unchecked			
2141	Kylstra1983	unchecked			
2141	Laker2007	unchecked			
2141	Lid1952	unchecked			
2141	Lloyd1966	unchecked			
2141	LloydSpringer1988	unchecked			
2141	Luehr1993	unchecked			
2141	Luick1914	unchecked			
2141	Mayrhofer1992	unchecked			
2141	Mees2020	unchecked			
2141	NeriRingeReview	unchecked			
2141	Nielsen2001	unchecked			
2141	Orel2003	unchecked			
2141	Pierce1999	unchecked			
2141	Pierce2003	unchecked			
2141	Pierce2006	unchecked			
2141	Pokorny1959	unchecked			
2141	Polome1967	unchecked			
2141	Polome1994	unchecked			
2141	Repansek2012	unchecked			
2141	Rice1994	unchecked			
2141	Ringe1984	unchecked			
2141	Ringe2017	unchecked			
2141	RingeTaylor2014	unchecked			
2141	Seebold1970	unchecked			
2141	SieversBrunner1965	unchecked			
2141	StauslandJohnsen2015	unchecked			
2141	Stiles1985	unchecked			
2141	Stiles1986a	unchecked			
2141	Stiles1986b	unchecked			
2141	Stiles2012	unchecked			
2141	Stiles2017	unchecked			
2141	Streitberg1896	unchecked			
2141	Sweet1953	unchecked			
2141	Thorhallsdottir1993	unchecked			
2141	Toon1992	unchecked			
2141	Versloot2017	unchecked			
2141	Versloot2021	unchecked			
2141	Versloot2025	unchecked			
2141	Vine2019	unchecked			
2141	Waxenberger2019	unchecked			
2141	WrightWuelcker1884	unchecked			
2141	vanHelten1905	unchecked			
2142	Adamczyk2001	unchecked			
2142	Bammesberger1990	unchecked			
2142	Bammesberger1992	unchecked			
2142	Bammesberger1997	unchecked			
2142	Beekes2010	unchecked			
2142	Bennett1950	unchecked			
2142	BosworthToller1898	unchecked			
2142	Bremmer2008	unchecked			
2142	Bremmer2009	unchecked			
2142	Bright1917	unchecked			
2142	Bulbring1902	unchecked			
2142	CaedmonsHymnVitt1452	unchecked			
2142	Campbell1939	unchecked			
2142	Campbell1959	unchecked			
2142	Cercignani1979	unchecked			
2142	Cercignani1980	unchecked			
2142	ClarkHall1960	unchecked			
2142	Crist2001	unchecked			
2142	Crist2002	unchecked			
2142	Erdmann1972	unchecked			
2142	Fulk2018	unchecked			
2142	GermanicSlavicBaltic2025	unchecked			
2142	Goblirsch1991	unchecked			
2142	Hamp1990	unchecked			
2142	Hirt1931	unchecked			
2142	Hogg1979	unchecked			
2142	HoggGrammar2011	unchecked			
2142	HoggIntroduction1992	unchecked			
2142	HoggPhonology1992	unchecked			
2142	HowellSalmons1988	unchecked			
2142	Kaluza1900	unchecked			
2142	Kastovsky1992	unchecked			
2142	Kilday2024	unchecked			
2142	KlugeSeebold2011	unchecked			
2142	Kortlandt2008	unchecked			
2142	Kroonen2006	unchecked			
2142	Kroonen2011	unchecked			
2142	Kroonen2013	unchecked			
2142	Kylstra1983	unchecked			
2142	Laker2007	unchecked			
2142	Lid1952	unchecked			
2142	Lloyd1966	unchecked			
2142	LloydSpringer1988	unchecked			
2142	Luehr1993	unchecked			
2142	Luick1914	unchecked			
2142	Mayrhofer1992	unchecked			
2142	Mees2020	unchecked			
2142	NeriRingeReview	unchecked			
2142	Nielsen2001	unchecked			
2142	Orel2003	unchecked			
2142	Pierce1999	unchecked			
2142	Pierce2003	unchecked			
2142	Pierce2006	unchecked			
2142	Pokorny1959	unchecked			
2142	Polome1967	unchecked			
2142	Polome1994	unchecked			
2142	Repansek2012	unchecked			
2142	Rice1994	unchecked			
2142	Ringe1984	unchecked			
2142	Ringe2017	unchecked			
2142	RingeTaylor2014	unchecked			
2142	Seebold1970	unchecked			
2142	SieversBrunner1965	unchecked			
2142	StauslandJohnsen2015	unchecked			
2142	Stiles1985	unchecked			
2142	Stiles1986a	unchecked			
2142	Stiles1986b	unchecked			
2142	Stiles2012	unchecked			
2142	Stiles2017	unchecked			
2142	Streitberg1896	unchecked			
2142	Sweet1953	unchecked			
2142	Thorhallsdottir1993	unchecked			
2142	Toon1992	unchecked			
2142	Versloot2017	unchecked			
2142	Versloot2021	unchecked			
2142	Versloot2025	unchecked			
2142	Vine2019	unchecked			
2142	Waxenberger2019	unchecked			
2142	WrightWuelcker1884	unchecked			
2142	vanHelten1905	unchecked			
2143	Adamczyk2001	unchecked			
2143	Bammesberger1990	unchecked			
2143	Bammesberger1992	unchecked			
2143	Bammesberger1997	unchecked			
2143	Beekes2010	unchecked			
2143	Bennett1950	unchecked			
2143	BosworthToller1898	unchecked			
2143	Bremmer2008	unchecked			
2143	Bremmer2009	unchecked			
2143	Bright1917	unchecked			
2143	Bulbring1902	unchecked			
2143	CaedmonsHymnVitt1452	unchecked			
2143	Campbell1939	unchecked			
2143	Campbell1959	unchecked			
2143	Cercignani1979	unchecked			
2143	Cercignani1980	unchecked			
2143	ClarkHall1960	unchecked			
2143	Crist2001	unchecked			
2143	Crist2002	unchecked			
2143	Erdmann1972	unchecked			
2143	Fulk2018	unchecked			
2143	GermanicSlavicBaltic2025	unchecked			
2143	Goblirsch1991	unchecked			
2143	Hamp1990	unchecked			
2143	Hirt1931	unchecked			
2143	Hogg1979	unchecked			
2143	HoggGrammar2011	unchecked			
2143	HoggIntroduction1992	unchecked			
2143	HoggPhonology1992	unchecked			
2143	HowellSalmons1988	unchecked			
2143	Kaluza1900	unchecked			
2143	Kastovsky1992	unchecked			
2143	Kilday2024	unchecked			
2143	KlugeSeebold2011	unchecked			
2143	Kortlandt2008	unchecked			
2143	Kroonen2006	unchecked			
2143	Kroonen2011	unchecked			
2143	Kroonen2013	unchecked			
2143	Kylstra1983	unchecked			
2143	Laker2007	unchecked			
2143	Lid1952	unchecked			
2143	Lloyd1966	unchecked			
2143	LloydSpringer1988	unchecked			
2143	Luehr1993	unchecked			
2143	Luick1914	unchecked			
2143	Mayrhofer1992	unchecked			
2143	Mees2020	unchecked			
2143	NeriRingeReview	unchecked			
2143	Nielsen2001	unchecked			
2143	Orel2003	unchecked			
2143	Pierce1999	unchecked			
2143	Pierce2003	unchecked			
2143	Pierce2006	unchecked			
2143	Pokorny1959	unchecked			
2143	Polome1967	unchecked			
2143	Polome1994	unchecked			
2143	Repansek2012	unchecked			
2143	Rice1994	unchecked			
2143	Ringe1984	unchecked			
2143	Ringe2017	unchecked			
2143	RingeTaylor2014	unchecked			
2143	Seebold1970	unchecked			
2143	SieversBrunner1965	unchecked			
2143	StauslandJohnsen2015	unchecked			
2143	Stiles1985	unchecked			
2143	Stiles1986a	unchecked			
2143	Stiles1986b	unchecked			
2143	Stiles2012	unchecked			
2143	Stiles2017	unchecked			
2143	Streitberg1896	unchecked			
2143	Sweet1953	unchecked			
2143	Thorhallsdottir1993	unchecked			
2143	Toon1992	unchecked			
2143	Versloot2017	unchecked			
2143	Versloot2021	unchecked			
2143	Versloot2025	unchecked			
2143	Vine2019	unchecked			
2143	Waxenberger2019	unchecked			
2143	WrightWuelcker1884	unchecked			
2143	vanHelten1905	unchecked			
2144	Adamczyk2001	unchecked			
2144	Bammesberger1990	unchecked			
2144	Bammesberger1992	unchecked			
2144	Bammesberger1997	unchecked			
2144	Beekes2010	unchecked			
2144	Bennett1950	unchecked			
2144	BosworthToller1898	unchecked			
2144	Bremmer2008	unchecked			
2144	Bremmer2009	unchecked			
2144	Bright1917	unchecked			
2144	Bulbring1902	unchecked			
2144	CaedmonsHymnVitt1452	unchecked			
2144	Campbell1939	unchecked			
2144	Campbell1959	unchecked			
2144	Cercignani1979	unchecked			
2144	Cercignani1980	unchecked			
2144	ClarkHall1960	unchecked			
2144	Crist2001	unchecked			
2144	Crist2002	unchecked			
2144	Erdmann1972	unchecked			
2144	Fulk2018	unchecked			
2144	GermanicSlavicBaltic2025	unchecked			
2144	Goblirsch1991	unchecked			
2144	Hamp1990	unchecked			
2144	Hirt1931	unchecked			
2144	Hogg1979	unchecked			
2144	HoggGrammar2011	unchecked			
2144	HoggIntroduction1992	unchecked			
2144	HoggPhonology1992	unchecked			
2144	HowellSalmons1988	unchecked			
2144	Kaluza1900	unchecked			
2144	Kastovsky1992	unchecked			
2144	Kilday2024	unchecked			
2144	KlugeSeebold2011	unchecked			
2144	Kortlandt2008	unchecked			
2144	Kroonen2006	unchecked			
2144	Kroonen2011	unchecked			
2144	Kroonen2013	unchecked			
2144	Kylstra1983	unchecked			
2144	Laker2007	unchecked			
2144	Lid1952	unchecked			
2144	Lloyd1966	unchecked			
2144	LloydSpringer1988	unchecked			
2144	Luehr1993	unchecked			
2144	Luick1914	unchecked			
2144	Mayrhofer1992	unchecked			
2144	Mees2020	unchecked			
2144	NeriRingeReview	unchecked			
2144	Nielsen2001	unchecked			
2144	Orel2003	unchecked			
2144	Pierce1999	unchecked			
2144	Pierce2003	unchecked			
2144	Pierce2006	unchecked			
2144	Pokorny1959	unchecked			
2144	Polome1967	unchecked			
2144	Polome1994	unchecked			
2144	Repansek2012	unchecked			
2144	Rice1994	unchecked			
2144	Ringe1984	unchecked			
2144	Ringe2017	unchecked			
2144	RingeTaylor2014	unchecked			
2144	Seebold1970	unchecked			
2144	SieversBrunner1965	unchecked			
2144	StauslandJohnsen2015	unchecked			
2144	Stiles1985	unchecked			
2144	Stiles1986a	unchecked			
2144	Stiles1986b	unchecked			
2144	Stiles2012	unchecked			
2144	Stiles2017	unchecked			
2144	Streitberg1896	unchecked			
2144	Sweet1953	unchecked			
2144	Thorhallsdottir1993	unchecked			
2144	Toon1992	unchecked			
2144	Versloot2017	unchecked			
2144	Versloot2021	unchecked			
2144	Versloot2025	unchecked			
2144	Vine2019	unchecked			
2144	Waxenberger2019	unchecked			
2144	WrightWuelcker1884	unchecked			
2144	vanHelten1905	unchecked			
2145	Adamczyk2001	unchecked			
2145	Bammesberger1990	unchecked			
2145	Bammesberger1992	unchecked			
2145	Bammesberger1997	unchecked			
2145	Beekes2010	unchecked			
2145	Bennett1950	unchecked			
2145	BosworthToller1898	unchecked			
2145	Bremmer2008	unchecked			
2145	Bremmer2009	unchecked			
2145	Bright1917	unchecked			
2145	Bulbring1902	unchecked			
2145	CaedmonsHymnVitt1452	unchecked			
2145	Campbell1939	unchecked			
2145	Campbell1959	unchecked			
2145	Cercignani1979	unchecked			
2145	Cercignani1980	unchecked			
2145	ClarkHall1960	unchecked			
2145	Crist2001	unchecked			
2145	Crist2002	unchecked			
2145	Erdmann1972	unchecked			
2145	Fulk2018	unchecked			
2145	GermanicSlavicBaltic2025	unchecked			
2145	Goblirsch1991	unchecked			
2145	Hamp1990	unchecked			
2145	Hirt1931	unchecked			
2145	Hogg1979	unchecked			
2145	HoggGrammar2011	unchecked			
2145	HoggIntroduction1992	unchecked			
2145	HoggPhonology1992	unchecked			
2145	HowellSalmons1988	unchecked			
2145	Kaluza1900	unchecked			
2145	Kastovsky1992	unchecked			
2145	Kilday2024	unchecked			
2145	KlugeSeebold2011	unchecked			
2145	Kortlandt2008	unchecked			
2145	Kroonen2006	unchecked			
2145	Kroonen2011	unchecked			
2145	Kroonen2013	unchecked			
2145	Kylstra1983	unchecked			
2145	Laker2007	unchecked			
2145	Lid1952	unchecked			
2145	Lloyd1966	unchecked			
2145	LloydSpringer1988	unchecked			
2145	Luehr1993	unchecked			
2145	Luick1914	unchecked			
2145	Mayrhofer1992	unchecked			
2145	Mees2020	unchecked			
2145	NeriRingeReview	unchecked			
2145	Nielsen2001	unchecked			
2145	Orel2003	unchecked			
2145	Pierce1999	unchecked			
2145	Pierce2003	unchecked			
2145	Pierce2006	unchecked			
2145	Pokorny1959	unchecked			
2145	Polome1967	unchecked			
2145	Polome1994	unchecked			
2145	Repansek2012	unchecked			
2145	Rice1994	unchecked			
2145	Ringe1984	unchecked			
2145	Ringe2017	unchecked			
2145	RingeTaylor2014	unchecked			
2145	Seebold1970	unchecked			
2145	SieversBrunner1965	unchecked			
2145	StauslandJohnsen2015	unchecked			
2145	Stiles1985	unchecked			
2145	Stiles1986a	unchecked			
2145	Stiles1986b	unchecked			
2145	Stiles2012	unchecked			
2145	Stiles2017	unchecked			
2145	Streitberg1896	unchecked			
2145	Sweet1953	unchecked			
2145	Thorhallsdottir1993	unchecked			
2145	Toon1992	unchecked			
2145	Versloot2017	unchecked			
2145	Versloot2021	unchecked			
2145	Versloot2025	unchecked			
2145	Vine2019	unchecked			
2145	Waxenberger2019	unchecked			
2145	WrightWuelcker1884	unchecked			
2145	vanHelten1905	unchecked			
2146	Adamczyk2001	unchecked			
2146	Bammesberger1990	unchecked			
2146	Bammesberger1992	unchecked			
2146	Bammesberger1997	unchecked			
2146	Beekes2010	unchecked			
2146	Bennett1950	unchecked			
2146	BosworthToller1898	unchecked			
2146	Bremmer2008	unchecked			
2146	Bremmer2009	unchecked			
2146	Bright1917	unchecked			
2146	Bulbring1902	unchecked			
2146	CaedmonsHymnVitt1452	unchecked			
2146	Campbell1939	unchecked			
2146	Campbell1959	unchecked			
2146	Cercignani1979	unchecked			
2146	Cercignani1980	unchecked			
2146	ClarkHall1960	unchecked			
2146	Crist2001	unchecked			
2146	Crist2002	unchecked			
2146	Erdmann1972	unchecked			
2146	Fulk2018	unchecked			
2146	GermanicSlavicBaltic2025	unchecked			
2146	Goblirsch1991	unchecked			
2146	Hamp1990	unchecked			
2146	Hirt1931	unchecked			
2146	Hogg1979	unchecked			
2146	HoggGrammar2011	unchecked			
2146	HoggIntroduction1992	unchecked			
2146	HoggPhonology1992	unchecked			
2146	HowellSalmons1988	unchecked			
2146	Kaluza1900	unchecked			
2146	Kastovsky1992	unchecked			
2146	Kilday2024	unchecked			
2146	KlugeSeebold2011	unchecked			
2146	Kortlandt2008	unchecked			
2146	Kroonen2006	unchecked			
2146	Kroonen2011	unchecked			
2146	Kroonen2013	unchecked			
2146	Kylstra1983	unchecked			
2146	Laker2007	unchecked			
2146	Lid1952	unchecked			
2146	Lloyd1966	unchecked			
2146	LloydSpringer1988	unchecked			
2146	Luehr1993	unchecked			
2146	Luick1914	unchecked			
2146	Mayrhofer1992	unchecked			
2146	Mees2020	unchecked			
2146	NeriRingeReview	unchecked			
2146	Nielsen2001	unchecked			
2146	Orel2003	unchecked			
2146	Pierce1999	unchecked			
2146	Pierce2003	unchecked			
2146	Pierce2006	unchecked			
2146	Pokorny1959	unchecked			
2146	Polome1967	unchecked			
2146	Polome1994	unchecked			
2146	Repansek2012	unchecked			
2146	Rice1994	unchecked			
2146	Ringe1984	unchecked			
2146	Ringe2017	unchecked			
2146	RingeTaylor2014	unchecked			
2146	Seebold1970	unchecked			
2146	SieversBrunner1965	unchecked			
2146	StauslandJohnsen2015	unchecked			
2146	Stiles1985	unchecked			
2146	Stiles1986a	unchecked			
2146	Stiles1986b	unchecked			
2146	Stiles2012	unchecked			
2146	Stiles2017	unchecked			
2146	Streitberg1896	unchecked			
2146	Sweet1953	unchecked			
2146	Thorhallsdottir1993	unchecked			
2146	Toon1992	unchecked			
2146	Versloot2017	unchecked			
2146	Versloot2021	unchecked			
2146	Versloot2025	unchecked			
2146	Vine2019	unchecked			
2146	Waxenberger2019	unchecked			
2146	WrightWuelcker1884	unchecked			
2146	vanHelten1905	unchecked			
2147	Adamczyk2001	unchecked			
2147	Bammesberger1990	unchecked			
2147	Bammesberger1992	unchecked			
2147	Bammesberger1997	unchecked			
2147	Beekes2010	unchecked			
2147	Bennett1950	unchecked			
2147	BosworthToller1898	unchecked			
2147	Bremmer2008	unchecked			
2147	Bremmer2009	unchecked			
2147	Bright1917	unchecked			
2147	Bulbring1902	unchecked			
2147	CaedmonsHymnVitt1452	unchecked			
2147	Campbell1939	unchecked			
2147	Campbell1959	unchecked			
2147	Cercignani1979	unchecked			
2147	Cercignani1980	unchecked			
2147	ClarkHall1960	unchecked			
2147	Crist2001	unchecked			
2147	Crist2002	unchecked			
2147	Erdmann1972	unchecked			
2147	Fulk2018	unchecked			
2147	GermanicSlavicBaltic2025	unchecked			
2147	Goblirsch1991	unchecked			
2147	Hamp1990	unchecked			
2147	Hirt1931	unchecked			
2147	Hogg1979	unchecked			
2147	HoggGrammar2011	unchecked			
2147	HoggIntroduction1992	unchecked			
2147	HoggPhonology1992	unchecked			
2147	HowellSalmons1988	unchecked			
2147	Kaluza1900	unchecked			
2147	Kastovsky1992	unchecked			
2147	Kilday2024	unchecked			
2147	KlugeSeebold2011	unchecked			
2147	Kortlandt2008	unchecked			
2147	Kroonen2006	unchecked			
2147	Kroonen2011	unchecked			
2147	Kroonen2013	unchecked			
2147	Kylstra1983	unchecked			
2147	Laker2007	unchecked			
2147	Lid1952	unchecked			
2147	Lloyd1966	unchecked			
2147	LloydSpringer1988	unchecked			
2147	Luehr1993	unchecked			
2147	Luick1914	unchecked			
2147	Mayrhofer1992	unchecked			
2147	Mees2020	unchecked			
2147	NeriRingeReview	unchecked			
2147	Nielsen2001	unchecked			
2147	Orel2003	unchecked			
2147	Pierce1999	unchecked			
2147	Pierce2003	unchecked			
2147	Pierce2006	unchecked			
2147	Pokorny1959	unchecked			
2147	Polome1967	unchecked			
2147	Polome1994	unchecked			
2147	Repansek2012	unchecked			
2147	Rice1994	unchecked			
2147	Ringe1984	unchecked			
2147	Ringe2017	unchecked			
2147	RingeTaylor2014	unchecked			
2147	Seebold1970	unchecked			
2147	SieversBrunner1965	unchecked			
2147	StauslandJohnsen2015	unchecked			
2147	Stiles1985	unchecked			
2147	Stiles1986a	unchecked			
2147	Stiles1986b	unchecked			
2147	Stiles2012	unchecked			
2147	Stiles2017	unchecked			
2147	Streitberg1896	unchecked			
2147	Sweet1953	unchecked			
2147	Thorhallsdottir1993	unchecked			
2147	Toon1992	unchecked			
2147	Versloot2017	unchecked			
2147	Versloot2021	unchecked			
2147	Versloot2025	unchecked			
2147	Vine2019	unchecked			
2147	Waxenberger2019	unchecked			
2147	WrightWuelcker1884	unchecked			
2147	vanHelten1905	unchecked			
2148	Adamczyk2001	unchecked			
2148	Bammesberger1990	unchecked			
2148	Bammesberger1992	unchecked			
2148	Bammesberger1997	unchecked			
2148	Beekes2010	unchecked			
2148	Bennett1950	unchecked			
2148	BosworthToller1898	unchecked			
2148	Bremmer2008	unchecked			
2148	Bremmer2009	unchecked			
2148	Bright1917	unchecked			
2148	Bulbring1902	unchecked			
2148	CaedmonsHymnVitt1452	unchecked			
2148	Campbell1939	unchecked			
2148	Campbell1959	unchecked			
2148	Cercignani1979	unchecked			
2148	Cercignani1980	unchecked			
2148	ClarkHall1960	unchecked			
2148	Crist2001	unchecked			
2148	Crist2002	unchecked			
2148	Erdmann1972	unchecked			
2148	Fulk2018	unchecked			
2148	GermanicSlavicBaltic2025	unchecked			
2148	Goblirsch1991	unchecked			
2148	Hamp1990	unchecked			
2148	Hirt1931	unchecked			
2148	Hogg1979	unchecked			
2148	HoggGrammar2011	unchecked			
2148	HoggIntroduction1992	unchecked			
2148	HoggPhonology1992	unchecked			
2148	HowellSalmons1988	unchecked			
2148	Kaluza1900	unchecked			
2148	Kastovsky1992	unchecked			
2148	Kilday2024	unchecked			
2148	KlugeSeebold2011	unchecked			
2148	Kortlandt2008	unchecked			
2148	Kroonen2006	unchecked			
2148	Kroonen2011	unchecked			
2148	Kroonen2013	unchecked			
2148	Kylstra1983	unchecked			
2148	Laker2007	unchecked			
2148	Lid1952	unchecked			
2148	Lloyd1966	unchecked			
2148	LloydSpringer1988	unchecked			
2148	Luehr1993	unchecked			
2148	Luick1914	unchecked			
2148	Mayrhofer1992	unchecked			
2148	Mees2020	unchecked			
2148	NeriRingeReview	unchecked			
2148	Nielsen2001	unchecked			
2148	Orel2003	unchecked			
2148	Pierce1999	unchecked			
2148	Pierce2003	unchecked			
2148	Pierce2006	unchecked			
2148	Pokorny1959	unchecked			
2148	Polome1967	unchecked			
2148	Polome1994	unchecked			
2148	Repansek2012	unchecked			
2148	Rice1994	unchecked			
2148	Ringe1984	unchecked			
2148	Ringe2017	unchecked			
2148	RingeTaylor2014	unchecked			
2148	Seebold1970	unchecked			
2148	SieversBrunner1965	unchecked			
2148	StauslandJohnsen2015	unchecked			
2148	Stiles1985	unchecked			
2148	Stiles1986a	unchecked			
2148	Stiles1986b	unchecked			
2148	Stiles2012	unchecked			
2148	Stiles2017	unchecked			
2148	Streitberg1896	unchecked			
2148	Sweet1953	unchecked			
2148	Thorhallsdottir1993	unchecked			
2148	Toon1992	unchecked			
2148	Versloot2017	unchecked			
2148	Versloot2021	unchecked			
2148	Versloot2025	unchecked			
2148	Vine2019	unchecked			
2148	Waxenberger2019	unchecked			
2148	WrightWuelcker1884	unchecked			
2148	vanHelten1905	unchecked			
2149	Adamczyk2001	unchecked			
2149	Bammesberger1990	unchecked			
2149	Bammesberger1992	unchecked			
2149	Bammesberger1997	unchecked			
2149	Beekes2010	unchecked			
2149	Bennett1950	unchecked			
2149	BosworthToller1898	unchecked			
2149	Bremmer2008	unchecked			
2149	Bremmer2009	unchecked			
2149	Bright1917	unchecked			
2149	Bulbring1902	unchecked			
2149	CaedmonsHymnVitt1452	unchecked			
2149	Campbell1939	unchecked			
2149	Campbell1959	unchecked			
2149	Cercignani1979	unchecked			
2149	Cercignani1980	unchecked			
2149	ClarkHall1960	unchecked			
2149	Crist2001	unchecked			
2149	Crist2002	unchecked			
2149	Erdmann1972	unchecked			
2149	Fulk2018	unchecked			
2149	GermanicSlavicBaltic2025	unchecked			
2149	Goblirsch1991	unchecked			
2149	Hamp1990	unchecked			
2149	Hirt1931	unchecked			
2149	Hogg1979	unchecked			
2149	HoggGrammar2011	unchecked			
2149	HoggIntroduction1992	unchecked			
2149	HoggPhonology1992	unchecked			
2149	HowellSalmons1988	unchecked			
2149	Kaluza1900	unchecked			
2149	Kastovsky1992	unchecked			
2149	Kilday2024	unchecked			
2149	KlugeSeebold2011	unchecked			
2149	Kortlandt2008	unchecked			
2149	Kroonen2006	unchecked			
2149	Kroonen2011	unchecked			
2149	Kroonen2013	unchecked			
2149	Kylstra1983	unchecked			
2149	Laker2007	unchecked			
2149	Lid1952	unchecked			
2149	Lloyd1966	unchecked			
2149	LloydSpringer1988	unchecked			
2149	Luehr1993	unchecked			
2149	Luick1914	unchecked			
2149	Mayrhofer1992	unchecked			
2149	Mees2020	unchecked			
2149	NeriRingeReview	unchecked			
2149	Nielsen2001	unchecked			
2149	Orel2003	unchecked			
2149	Pierce1999	unchecked			
2149	Pierce2003	unchecked			
2149	Pierce2006	unchecked			
2149	Pokorny1959	unchecked			
2149	Polome1967	unchecked			
2149	Polome1994	unchecked			
2149	Repansek2012	unchecked			
2149	Rice1994	unchecked			
2149	Ringe1984	unchecked			
2149	Ringe2017	unchecked			
2149	RingeTaylor2014	unchecked			
2149	Seebold1970	unchecked			
2149	SieversBrunner1965	unchecked			
2149	StauslandJohnsen2015	unchecked			
2149	Stiles1985	unchecked			
2149	Stiles1986a	unchecked			
2149	Stiles1986b	unchecked			
2149	Stiles2012	unchecked			
2149	Stiles2017	unchecked			
2149	Streitberg1896	unchecked			
2149	Sweet1953	unchecked			
2149	Thorhallsdottir1993	unchecked			
2149	Toon1992	unchecked			
2149	Versloot2017	unchecked			
2149	Versloot2021	unchecked			
2149	Versloot2025	unchecked			
2149	Vine2019	unchecked			
2149	Waxenberger2019	unchecked			
2149	WrightWuelcker1884	unchecked			
2149	vanHelten1905	unchecked			
2150	Adamczyk2001	unchecked			
2150	Bammesberger1990	unchecked			
2150	Bammesberger1992	unchecked			
2150	Bammesberger1997	unchecked			
2150	Beekes2010	unchecked			
2150	Bennett1950	unchecked			
2150	BosworthToller1898	unchecked			
2150	Bremmer2008	unchecked			
2150	Bremmer2009	unchecked			
2150	Bright1917	unchecked			
2150	Bulbring1902	unchecked			
2150	CaedmonsHymnVitt1452	unchecked			
2150	Campbell1939	unchecked			
2150	Campbell1959	unchecked			
2150	Cercignani1979	unchecked			
2150	Cercignani1980	unchecked			
2150	ClarkHall1960	unchecked			
2150	Crist2001	unchecked			
2150	Crist2002	unchecked			
2150	Erdmann1972	unchecked			
2150	Fulk2018	unchecked			
2150	GermanicSlavicBaltic2025	unchecked			
2150	Goblirsch1991	unchecked			
2150	Hamp1990	unchecked			
2150	Hirt1931	unchecked			
2150	Hogg1979	unchecked			
2150	HoggGrammar2011	unchecked			
2150	HoggIntroduction1992	unchecked			
2150	HoggPhonology1992	unchecked			
2150	HowellSalmons1988	unchecked			
2150	Kaluza1900	unchecked			
2150	Kastovsky1992	unchecked			
2150	Kilday2024	unchecked			
2150	KlugeSeebold2011	unchecked			
2150	Kortlandt2008	unchecked			
2150	Kroonen2006	unchecked			
2150	Kroonen2011	unchecked			
2150	Kroonen2013	unchecked			
2150	Kylstra1983	unchecked			
2150	Laker2007	unchecked			
2150	Lid1952	unchecked			
2150	Lloyd1966	unchecked			
2150	LloydSpringer1988	unchecked			
2150	Luehr1993	unchecked			
2150	Luick1914	unchecked			
2150	Mayrhofer1992	unchecked			
2150	Mees2020	unchecked			
2150	NeriRingeReview	unchecked			
2150	Nielsen2001	unchecked			
2150	Orel2003	unchecked			
2150	Pierce1999	unchecked			
2150	Pierce2003	unchecked			
2150	Pierce2006	unchecked			
2150	Pokorny1959	unchecked			
2150	Polome1967	unchecked			
2150	Polome1994	unchecked			
2150	Repansek2012	unchecked			
2150	Rice1994	unchecked			
2150	Ringe1984	unchecked			
2150	Ringe2017	unchecked			
2150	RingeTaylor2014	unchecked			
2150	Seebold1970	unchecked			
2150	SieversBrunner1965	unchecked			
2150	StauslandJohnsen2015	unchecked			
2150	Stiles1985	unchecked			
2150	Stiles1986a	unchecked			
2150	Stiles1986b	unchecked			
2150	Stiles2012	unchecked			
2150	Stiles2017	unchecked			
2150	Streitberg1896	unchecked			
2150	Sweet1953	unchecked			
2150	Thorhallsdottir1993	unchecked			
2150	Toon1992	unchecked			
2150	Versloot2017	unchecked			
2150	Versloot2021	unchecked			
2150	Versloot2025	unchecked			
2150	Vine2019	unchecked			
2150	Waxenberger2019	unchecked			
2150	WrightWuelcker1884	unchecked			
2150	vanHelten1905	unchecked			
2151	Adamczyk2001	unchecked			
2151	Bammesberger1990	unchecked			
2151	Bammesberger1992	unchecked			
2151	Bammesberger1997	unchecked			
2151	Beekes2010	unchecked			
2151	Bennett1950	unchecked			
2151	BosworthToller1898	unchecked			
2151	Bremmer2008	unchecked			
2151	Bremmer2009	unchecked			
2151	Bright1917	unchecked			
2151	Bulbring1902	unchecked			
2151	CaedmonsHymnVitt1452	unchecked			
2151	Campbell1939	unchecked			
2151	Campbell1959	unchecked			
2151	Cercignani1979	unchecked			
2151	Cercignani1980	unchecked			
2151	ClarkHall1960	unchecked			
2151	Crist2001	unchecked			
2151	Crist2002	unchecked			
2151	Erdmann1972	unchecked			
2151	Fulk2018	unchecked			
2151	GermanicSlavicBaltic2025	unchecked			
2151	Goblirsch1991	unchecked			
2151	Hamp1990	unchecked			
2151	Hirt1931	unchecked			
2151	Hogg1979	unchecked			
2151	HoggGrammar2011	unchecked			
2151	HoggIntroduction1992	unchecked			
2151	HoggPhonology1992	unchecked			
2151	HowellSalmons1988	unchecked			
2151	Kaluza1900	unchecked			
2151	Kastovsky1992	unchecked			
2151	Kilday2024	unchecked			
2151	KlugeSeebold2011	unchecked			
2151	Kortlandt2008	unchecked			
2151	Kroonen2006	unchecked			
2151	Kroonen2011	unchecked			
2151	Kroonen2013	unchecked			
2151	Kylstra1983	unchecked			
2151	Laker2007	unchecked			
2151	Lid1952	unchecked			
2151	Lloyd1966	unchecked			
2151	LloydSpringer1988	unchecked			
2151	Luehr1993	unchecked			
2151	Luick1914	unchecked			
2151	Mayrhofer1992	unchecked			
2151	Mees2020	unchecked			
2151	NeriRingeReview	unchecked			
2151	Nielsen2001	unchecked			
2151	Orel2003	unchecked			
2151	Pierce1999	unchecked			
2151	Pierce2003	unchecked			
2151	Pierce2006	unchecked			
2151	Pokorny1959	unchecked			
2151	Polome1967	unchecked			
2151	Polome1994	unchecked			
2151	Repansek2012	unchecked			
2151	Rice1994	unchecked			
2151	Ringe1984	unchecked			
2151	Ringe2017	unchecked			
2151	RingeTaylor2014	unchecked			
2151	Seebold1970	unchecked			
2151	SieversBrunner1965	unchecked			
2151	StauslandJohnsen2015	unchecked			
2151	Stiles1985	unchecked			
2151	Stiles1986a	unchecked			
2151	Stiles1986b	unchecked			
2151	Stiles2012	unchecked			
2151	Stiles2017	unchecked			
2151	Streitberg1896	unchecked			
2151	Sweet1953	unchecked			
2151	Thorhallsdottir1993	unchecked			
2151	Toon1992	unchecked			
2151	Versloot2017	unchecked			
2151	Versloot2021	unchecked			
2151	Versloot2025	unchecked			
2151	Vine2019	unchecked			
2151	Waxenberger2019	unchecked			
2151	WrightWuelcker1884	unchecked			
2151	vanHelten1905	unchecked			
2152	Adamczyk2001	unchecked			
2152	Bammesberger1990	unchecked			
2152	Bammesberger1992	unchecked			
2152	Bammesberger1997	unchecked			
2152	Beekes2010	unchecked			
2152	Bennett1950	unchecked			
2152	BosworthToller1898	unchecked			
2152	Bremmer2008	unchecked			
2152	Bremmer2009	unchecked			
2152	Bright1917	unchecked			
2152	Bulbring1902	unchecked			
2152	CaedmonsHymnVitt1452	unchecked			
2152	Campbell1939	unchecked			
2152	Campbell1959	unchecked			
2152	Cercignani1979	unchecked			
2152	Cercignani1980	unchecked			
2152	ClarkHall1960	unchecked			
2152	Crist2001	unchecked			
2152	Crist2002	unchecked			
2152	Erdmann1972	unchecked			
2152	Fulk2018	unchecked			
2152	GermanicSlavicBaltic2025	unchecked			
2152	Goblirsch1991	unchecked			
2152	Hamp1990	unchecked			
2152	Hirt1931	unchecked			
2152	Hogg1979	unchecked			
2152	HoggGrammar2011	unchecked			
2152	HoggIntroduction1992	unchecked			
2152	HoggPhonology1992	unchecked			
2152	HowellSalmons1988	unchecked			
2152	Kaluza1900	unchecked			
2152	Kastovsky1992	unchecked			
2152	Kilday2024	unchecked			
2152	KlugeSeebold2011	unchecked			
2152	Kortlandt2008	unchecked			
2152	Kroonen2006	unchecked			
2152	Kroonen2011	unchecked			
2152	Kroonen2013	unchecked			
2152	Kylstra1983	unchecked			
2152	Laker2007	unchecked			
2152	Lid1952	unchecked			
2152	Lloyd1966	unchecked			
2152	LloydSpringer1988	unchecked			
2152	Luehr1993	unchecked			
2152	Luick1914	unchecked			
2152	Mayrhofer1992	unchecked			
2152	Mees2020	unchecked			
2152	NeriRingeReview	unchecked			
2152	Nielsen2001	unchecked			
2152	Orel2003	unchecked			
2152	Pierce1999	unchecked			
2152	Pierce2003	unchecked			
2152	Pierce2006	unchecked			
2152	Pokorny1959	unchecked			
2152	Polome1967	unchecked			
2152	Polome1994	unchecked			
2152	Repansek2012	unchecked			
2152	Rice1994	unchecked			
2152	Ringe1984	unchecked			
2152	Ringe2017	unchecked			
2152	RingeTaylor2014	unchecked			
2152	Seebold1970	unchecked			
2152	SieversBrunner1965	unchecked			
2152	StauslandJohnsen2015	unchecked			
2152	Stiles1985	unchecked			
2152	Stiles1986a	unchecked			
2152	Stiles1986b	unchecked			
2152	Stiles2012	unchecked			
2152	Stiles2017	unchecked			
2152	Streitberg1896	unchecked			
2152	Sweet1953	unchecked			
2152	Thorhallsdottir1993	unchecked			
2152	Toon1992	unchecked			
2152	Versloot2017	unchecked			
2152	Versloot2021	unchecked			
2152	Versloot2025	unchecked			
2152	Vine2019	unchecked			
2152	Waxenberger2019	unchecked			
2152	WrightWuelcker1884	unchecked			
2152	vanHelten1905	unchecked			
2153	Adamczyk2001	unchecked			
2153	Bammesberger1990	unchecked			
2153	Bammesberger1992	unchecked			
2153	Bammesberger1997	unchecked			
2153	Beekes2010	unchecked			
2153	Bennett1950	unchecked			
2153	BosworthToller1898	unchecked			
2153	Bremmer2008	unchecked			
2153	Bremmer2009	unchecked			
2153	Bright1917	unchecked			
2153	Bulbring1902	unchecked			
2153	CaedmonsHymnVitt1452	unchecked			
2153	Campbell1939	unchecked			
2153	Campbell1959	unchecked			
2153	Cercignani1979	unchecked			
2153	Cercignani1980	unchecked			
2153	ClarkHall1960	unchecked			
2153	Crist2001	unchecked			
2153	Crist2002	unchecked			
2153	Erdmann1972	unchecked			
2153	Fulk2018	unchecked			
2153	GermanicSlavicBaltic2025	unchecked			
2153	Goblirsch1991	unchecked			
2153	Hamp1990	unchecked			
2153	Hirt1931	unchecked			
2153	Hogg1979	unchecked			
2153	HoggGrammar2011	unchecked			
2153	HoggIntroduction1992	unchecked			
2153	HoggPhonology1992	unchecked			
2153	HowellSalmons1988	unchecked			
2153	Kaluza1900	unchecked			
2153	Kastovsky1992	unchecked			
2153	Kilday2024	unchecked			
2153	KlugeSeebold2011	unchecked			
2153	Kortlandt2008	unchecked			
2153	Kroonen2006	unchecked			
2153	Kroonen2011	unchecked			
2153	Kroonen2013	unchecked			
2153	Kylstra1983	unchecked			
2153	Laker2007	unchecked			
2153	Lid1952	unchecked			
2153	Lloyd1966	unchecked			
2153	LloydSpringer1988	unchecked			
2153	Luehr1993	unchecked			
2153	Luick1914	unchecked			
2153	Mayrhofer1992	unchecked			
2153	Mees2020	unchecked			
2153	NeriRingeReview	unchecked			
2153	Nielsen2001	unchecked			
2153	Orel2003	unchecked			
2153	Pierce1999	unchecked			
2153	Pierce2003	unchecked			
2153	Pierce2006	unchecked			
2153	Pokorny1959	unchecked			
2153	Polome1967	unchecked			
2153	Polome1994	unchecked			
2153	Repansek2012	unchecked			
2153	Rice1994	unchecked			
2153	Ringe1984	unchecked			
2153	Ringe2017	unchecked			
2153	RingeTaylor2014	unchecked			
2153	Seebold1970	unchecked			
2153	SieversBrunner1965	unchecked			
2153	StauslandJohnsen2015	unchecked			
2153	Stiles1985	unchecked			
2153	Stiles1986a	unchecked			
2153	Stiles1986b	unchecked			
2153	Stiles2012	unchecked			
2153	Stiles2017	unchecked			
2153	Streitberg1896	unchecked			
2153	Sweet1953	unchecked			
2153	Thorhallsdottir1993	unchecked			
2153	Toon1992	unchecked			
2153	Versloot2017	unchecked			
2153	Versloot2021	unchecked			
2153	Versloot2025	unchecked			
2153	Vine2019	unchecked			
2153	Waxenberger2019	unchecked			
2153	WrightWuelcker1884	unchecked			
2153	vanHelten1905	unchecked			
2154	Adamczyk2001	unchecked			
2154	Bammesberger1990	unchecked			
2154	Bammesberger1992	unchecked			
2154	Bammesberger1997	unchecked			
2154	Beekes2010	unchecked			
2154	Bennett1950	unchecked			
2154	BosworthToller1898	unchecked			
2154	Bremmer2008	unchecked			
2154	Bremmer2009	unchecked			
2154	Bright1917	unchecked			
2154	Bulbring1902	unchecked			
2154	CaedmonsHymnVitt1452	unchecked			
2154	Campbell1939	unchecked			
2154	Campbell1959	unchecked			
2154	Cercignani1979	unchecked			
2154	Cercignani1980	unchecked			
2154	ClarkHall1960	unchecked			
2154	Crist2001	unchecked			
2154	Crist2002	unchecked			
2154	Erdmann1972	unchecked			
2154	Fulk2018	unchecked			
2154	GermanicSlavicBaltic2025	unchecked			
2154	Goblirsch1991	unchecked			
2154	Hamp1990	unchecked			
2154	Hirt1931	unchecked			
2154	Hogg1979	unchecked			
2154	HoggGrammar2011	unchecked			
2154	HoggIntroduction1992	unchecked			
2154	HoggPhonology1992	unchecked			
2154	HowellSalmons1988	unchecked			
2154	Kaluza1900	unchecked			
2154	Kastovsky1992	unchecked			
2154	Kilday2024	unchecked			
2154	KlugeSeebold2011	unchecked			
2154	Kortlandt2008	unchecked			
2154	Kroonen2006	unchecked			
2154	Kroonen2011	unchecked			
2154	Kroonen2013	unchecked			
2154	Kylstra1983	unchecked			
2154	Laker2007	unchecked			
2154	Lid1952	unchecked			
2154	Lloyd1966	unchecked			
2154	LloydSpringer1988	unchecked			
2154	Luehr1993	unchecked			
2154	Luick1914	unchecked			
2154	Mayrhofer1992	unchecked			
2154	Mees2020	unchecked			
2154	NeriRingeReview	unchecked			
2154	Nielsen2001	unchecked			
2154	Orel2003	unchecked			
2154	Pierce1999	unchecked			
2154	Pierce2003	unchecked			
2154	Pierce2006	unchecked			
2154	Pokorny1959	unchecked			
2154	Polome1967	unchecked			
2154	Polome1994	unchecked			
2154	Repansek2012	unchecked			
2154	Rice1994	unchecked			
2154	Ringe1984	unchecked			
2154	Ringe2017	unchecked			
2154	RingeTaylor2014	unchecked			
2154	Seebold1970	unchecked			
2154	SieversBrunner1965	unchecked			
2154	StauslandJohnsen2015	unchecked			
2154	Stiles1985	unchecked			
2154	Stiles1986a	unchecked			
2154	Stiles1986b	unchecked			
2154	Stiles2012	unchecked			
2154	Stiles2017	unchecked			
2154	Streitberg1896	unchecked			
2154	Sweet1953	unchecked			
2154	Thorhallsdottir1993	unchecked			
2154	Toon1992	unchecked			
2154	Versloot2017	unchecked			
2154	Versloot2021	unchecked			
2154	Versloot2025	unchecked			
2154	Vine2019	unchecked			
2154	Waxenberger2019	unchecked			
2154	WrightWuelcker1884	unchecked			
2154	vanHelten1905	unchecked			
2155	Adamczyk2001	unchecked			
2155	Bammesberger1990	unchecked			
2155	Bammesberger1992	unchecked			
2155	Bammesberger1997	unchecked			
2155	Beekes2010	unchecked			
2155	Bennett1950	unchecked			
2155	BosworthToller1898	unchecked			
2155	Bremmer2008	unchecked			
2155	Bremmer2009	unchecked			
2155	Bright1917	unchecked			
2155	Bulbring1902	unchecked			
2155	CaedmonsHymnVitt1452	unchecked			
2155	Campbell1939	unchecked			
2155	Campbell1959	unchecked			
2155	Cercignani1979	unchecked			
2155	Cercignani1980	unchecked			
2155	ClarkHall1960	unchecked			
2155	Crist2001	unchecked			
2155	Crist2002	unchecked			
2155	Erdmann1972	unchecked			
2155	Fulk2018	unchecked			
2155	GermanicSlavicBaltic2025	unchecked			
2155	Goblirsch1991	unchecked			
2155	Hamp1990	unchecked			
2155	Hirt1931	unchecked			
2155	Hogg1979	unchecked			
2155	HoggGrammar2011	unchecked			
2155	HoggIntroduction1992	unchecked			
2155	HoggPhonology1992	unchecked			
2155	HowellSalmons1988	unchecked			
2155	Kaluza1900	unchecked			
2155	Kastovsky1992	unchecked			
2155	Kilday2024	unchecked			
2155	KlugeSeebold2011	unchecked			
2155	Kortlandt2008	unchecked			
2155	Kroonen2006	unchecked			
2155	Kroonen2011	unchecked			
2155	Kroonen2013	unchecked			
2155	Kylstra1983	unchecked			
2155	Laker2007	unchecked			
2155	Lid1952	unchecked			
2155	Lloyd1966	unchecked			
2155	LloydSpringer1988	unchecked			
2155	Luehr1993	unchecked			
2155	Luick1914	unchecked			
2155	Mayrhofer1992	unchecked			
2155	Mees2020	unchecked			
2155	NeriRingeReview	unchecked			
2155	Nielsen2001	unchecked			
2155	Orel2003	unchecked			
2155	Pierce1999	unchecked			
2155	Pierce2003	unchecked			
2155	Pierce2006	unchecked			
2155	Pokorny1959	unchecked			
2155	Polome1967	unchecked			
2155	Polome1994	unchecked			
2155	Repansek2012	unchecked			
2155	Rice1994	unchecked			
2155	Ringe1984	unchecked			
2155	Ringe2017	unchecked			
2155	RingeTaylor2014	unchecked			
2155	Seebold1970	unchecked			
2155	SieversBrunner1965	unchecked			
2155	StauslandJohnsen2015	unchecked			
2155	Stiles1985	unchecked			
2155	Stiles1986a	unchecked			
2155	Stiles1986b	unchecked			
2155	Stiles2012	unchecked			
2155	Stiles2017	unchecked			
2155	Streitberg1896	unchecked			
2155	Sweet1953	unchecked			
2155	Thorhallsdottir1993	unchecked			
2155	Toon1992	unchecked			
2155	Versloot2017	unchecked			
2155	Versloot2021	unchecked			
2155	Versloot2025	unchecked			
2155	Vine2019	unchecked			
2155	Waxenberger2019	unchecked			
2155	WrightWuelcker1884	unchecked			
2155	vanHelten1905	unchecked			
2156	Adamczyk2001	unchecked			
2156	Bammesberger1990	unchecked			
2156	Bammesberger1992	unchecked			
2156	Bammesberger1997	unchecked			
2156	Beekes2010	unchecked			
2156	Bennett1950	unchecked			
2156	BosworthToller1898	unchecked			
2156	Bremmer2008	unchecked			
2156	Bremmer2009	unchecked			
2156	Bright1917	unchecked			
2156	Bulbring1902	unchecked			
2156	CaedmonsHymnVitt1452	unchecked			
2156	Campbell1939	unchecked			
2156	Campbell1959	unchecked			
2156	Cercignani1979	unchecked			
2156	Cercignani1980	unchecked			
2156	ClarkHall1960	unchecked			
2156	Crist2001	unchecked			
2156	Crist2002	unchecked			
2156	Erdmann1972	unchecked			
2156	Fulk2018	unchecked			
2156	GermanicSlavicBaltic2025	unchecked			
2156	Goblirsch1991	unchecked			
2156	Hamp1990	unchecked			
2156	Hirt1931	unchecked			
2156	Hogg1979	unchecked			
2156	HoggGrammar2011	unchecked			
2156	HoggIntroduction1992	unchecked			
2156	HoggPhonology1992	unchecked			
2156	HowellSalmons1988	unchecked			
2156	Kaluza1900	unchecked			
2156	Kastovsky1992	unchecked			
2156	Kilday2024	unchecked			
2156	KlugeSeebold2011	unchecked			
2156	Kortlandt2008	unchecked			
2156	Kroonen2006	unchecked			
2156	Kroonen2011	unchecked			
2156	Kroonen2013	unchecked			
2156	Kylstra1983	unchecked			
2156	Laker2007	unchecked			
2156	Lid1952	unchecked			
2156	Lloyd1966	unchecked			
2156	LloydSpringer1988	unchecked			
2156	Luehr1993	unchecked			
2156	Luick1914	unchecked			
2156	Mayrhofer1992	unchecked			
2156	Mees2020	unchecked			
2156	NeriRingeReview	unchecked			
2156	Nielsen2001	unchecked			
2156	Orel2003	unchecked			
2156	Pierce1999	unchecked			
2156	Pierce2003	unchecked			
2156	Pierce2006	unchecked			
2156	Pokorny1959	unchecked			
2156	Polome1967	unchecked			
2156	Polome1994	unchecked			
2156	Repansek2012	unchecked			
2156	Rice1994	unchecked			
2156	Ringe1984	unchecked			
2156	Ringe2017	unchecked			
2156	RingeTaylor2014	unchecked			
2156	Seebold1970	unchecked			
2156	SieversBrunner1965	unchecked			
2156	StauslandJohnsen2015	unchecked			
2156	Stiles1985	unchecked			
2156	Stiles1986a	unchecked			
2156	Stiles1986b	unchecked			
2156	Stiles2012	unchecked			
2156	Stiles2017	unchecked			
2156	Streitberg1896	unchecked			
2156	Sweet1953	unchecked			
2156	Thorhallsdottir1993	unchecked			
2156	Toon1992	unchecked			
2156	Versloot2017	unchecked			
2156	Versloot2021	unchecked			
2156	Versloot2025	unchecked			
2156	Vine2019	unchecked			
2156	Waxenberger2019	unchecked			
2156	WrightWuelcker1884	unchecked			
2156	vanHelten1905	unchecked			
2157	Adamczyk2001	unchecked			
2157	Bammesberger1990	unchecked			
2157	Bammesberger1992	unchecked			
2157	Bammesberger1997	unchecked			
2157	Beekes2010	unchecked			
2157	Bennett1950	unchecked			
2157	BosworthToller1898	unchecked			
2157	Bremmer2008	unchecked			
2157	Bremmer2009	unchecked			
2157	Bright1917	unchecked			
2157	Bulbring1902	unchecked			
2157	CaedmonsHymnVitt1452	unchecked			
2157	Campbell1939	unchecked			
2157	Campbell1959	unchecked			
2157	Cercignani1979	unchecked			
2157	Cercignani1980	unchecked			
2157	ClarkHall1960	unchecked			
2157	Crist2001	unchecked			
2157	Crist2002	unchecked			
2157	Erdmann1972	unchecked			
2157	Fulk2018	unchecked			
2157	GermanicSlavicBaltic2025	unchecked			
2157	Goblirsch1991	unchecked			
2157	Hamp1990	unchecked			
2157	Hirt1931	unchecked			
2157	Hogg1979	unchecked			
2157	HoggGrammar2011	unchecked			
2157	HoggIntroduction1992	unchecked			
2157	HoggPhonology1992	unchecked			
2157	HowellSalmons1988	unchecked			
2157	Kaluza1900	unchecked			
2157	Kastovsky1992	unchecked			
2157	Kilday2024	unchecked			
2157	KlugeSeebold2011	unchecked			
2157	Kortlandt2008	unchecked			
2157	Kroonen2006	unchecked			
2157	Kroonen2011	unchecked			
2157	Kroonen2013	unchecked			
2157	Kylstra1983	unchecked			
2157	Laker2007	unchecked			
2157	Lid1952	unchecked			
2157	Lloyd1966	unchecked			
2157	LloydSpringer1988	unchecked			
2157	Luehr1993	unchecked			
2157	Luick1914	unchecked			
2157	Mayrhofer1992	unchecked			
2157	Mees2020	unchecked			
2157	NeriRingeReview	unchecked			
2157	Nielsen2001	unchecked			
2157	Orel2003	unchecked			
2157	Pierce1999	unchecked			
2157	Pierce2003	unchecked			
2157	Pierce2006	unchecked			
2157	Pokorny1959	unchecked			
2157	Polome1967	unchecked			
2157	Polome1994	unchecked			
2157	Repansek2012	unchecked			
2157	Rice1994	unchecked			
2157	Ringe1984	unchecked			
2157	Ringe2017	unchecked			
2157	RingeTaylor2014	unchecked			
2157	Seebold1970	unchecked			
2157	SieversBrunner1965	unchecked			
2157	StauslandJohnsen2015	unchecked			
2157	Stiles1985	unchecked			
2157	Stiles1986a	unchecked			
2157	Stiles1986b	unchecked			
2157	Stiles2012	unchecked			
2157	Stiles2017	unchecked			
2157	Streitberg1896	unchecked			
2157	Sweet1953	unchecked			
2157	Thorhallsdottir1993	unchecked			
2157	Toon1992	unchecked			
2157	Versloot2017	unchecked			
2157	Versloot2021	unchecked			
2157	Versloot2025	unchecked			
2157	Vine2019	unchecked			
2157	Waxenberger2019	unchecked			
2157	WrightWuelcker1884	unchecked			
2157	vanHelten1905	unchecked			
2158	Adamczyk2001	unchecked			
2158	Bammesberger1990	unchecked			
2158	Bammesberger1992	unchecked			
2158	Bammesberger1997	unchecked			
2158	Beekes2010	unchecked			
2158	Bennett1950	unchecked			
2158	BosworthToller1898	unchecked			
2158	Bremmer2008	unchecked			
2158	Bremmer2009	unchecked			
2158	Bright1917	unchecked			
2158	Bulbring1902	unchecked			
2158	CaedmonsHymnVitt1452	unchecked			
2158	Campbell1939	unchecked			
2158	Campbell1959	unchecked			
2158	Cercignani1979	unchecked			
2158	Cercignani1980	unchecked			
2158	ClarkHall1960	unchecked			
2158	Crist2001	unchecked			
2158	Crist2002	unchecked			
2158	Erdmann1972	unchecked			
2158	Fulk2018	unchecked			
2158	GermanicSlavicBaltic2025	unchecked			
2158	Goblirsch1991	unchecked			
2158	Hamp1990	unchecked			
2158	Hirt1931	unchecked			
2158	Hogg1979	unchecked			
2158	HoggGrammar2011	unchecked			
2158	HoggIntroduction1992	unchecked			
2158	HoggPhonology1992	unchecked			
2158	HowellSalmons1988	unchecked			
2158	Kaluza1900	unchecked			
2158	Kastovsky1992	unchecked			
2158	Kilday2024	unchecked			
2158	KlugeSeebold2011	unchecked			
2158	Kortlandt2008	unchecked			
2158	Kroonen2006	unchecked			
2158	Kroonen2011	unchecked			
2158	Kroonen2013	unchecked			
2158	Kylstra1983	unchecked			
2158	Laker2007	unchecked			
2158	Lid1952	unchecked			
2158	Lloyd1966	unchecked			
2158	LloydSpringer1988	unchecked			
2158	Luehr1993	unchecked			
2158	Luick1914	unchecked			
2158	Mayrhofer1992	unchecked			
2158	Mees2020	unchecked			
2158	NeriRingeReview	unchecked			
2158	Nielsen2001	unchecked			
2158	Orel2003	unchecked			
2158	Pierce1999	unchecked			
2158	Pierce2003	unchecked			
2158	Pierce2006	unchecked			
2158	Pokorny1959	unchecked			
2158	Polome1967	unchecked			
2158	Polome1994	unchecked			
2158	Repansek2012	unchecked			
2158	Rice1994	unchecked			
2158	Ringe1984	unchecked			
2158	Ringe2017	unchecked			
2158	RingeTaylor2014	unchecked			
2158	Seebold1970	unchecked			
2158	SieversBrunner1965	unchecked			
2158	StauslandJohnsen2015	unchecked			
2158	Stiles1985	unchecked			
2158	Stiles1986a	unchecked			
2158	Stiles1986b	unchecked			
2158	Stiles2012	unchecked			
2158	Stiles2017	unchecked			
2158	Streitberg1896	unchecked			
2158	Sweet1953	unchecked			
2158	Thorhallsdottir1993	unchecked			
2158	Toon1992	unchecked			
2158	Versloot2017	unchecked			
2158	Versloot2021	unchecked			
2158	Versloot2025	unchecked			
2158	Vine2019	unchecked			
2158	Waxenberger2019	unchecked			
2158	WrightWuelcker1884	unchecked			
2158	vanHelten1905	unchecked			
2159	Adamczyk2001	unchecked			
2159	Bammesberger1990	unchecked			
2159	Bammesberger1992	unchecked			
2159	Bammesberger1997	unchecked			
2159	Beekes2010	unchecked			
2159	Bennett1950	unchecked			
2159	BosworthToller1898	unchecked			
2159	Bremmer2008	unchecked			
2159	Bremmer2009	unchecked			
2159	Bright1917	unchecked			
2159	Bulbring1902	unchecked			
2159	CaedmonsHymnVitt1452	unchecked			
2159	Campbell1939	unchecked			
2159	Campbell1959	unchecked			
2159	Cercignani1979	unchecked			
2159	Cercignani1980	unchecked			
2159	ClarkHall1960	unchecked			
2159	Crist2001	unchecked			
2159	Crist2002	unchecked			
2159	Erdmann1972	unchecked			
2159	Fulk2018	unchecked			
2159	GermanicSlavicBaltic2025	unchecked			
2159	Goblirsch1991	unchecked			
2159	Hamp1990	unchecked			
2159	Hirt1931	unchecked			
2159	Hogg1979	unchecked			
2159	HoggGrammar2011	unchecked			
2159	HoggIntroduction1992	unchecked			
2159	HoggPhonology1992	unchecked			
2159	HowellSalmons1988	unchecked			
2159	Kaluza1900	unchecked			
2159	Kastovsky1992	unchecked			
2159	Kilday2024	unchecked			
2159	KlugeSeebold2011	unchecked			
2159	Kortlandt2008	unchecked			
2159	Kroonen2006	unchecked			
2159	Kroonen2011	unchecked			
2159	Kroonen2013	unchecked			
2159	Kylstra1983	unchecked			
2159	Laker2007	unchecked			
2159	Lid1952	unchecked			
2159	Lloyd1966	unchecked			
2159	LloydSpringer1988	unchecked			
2159	Luehr1993	unchecked			
2159	Luick1914	unchecked			
2159	Mayrhofer1992	unchecked			
2159	Mees2020	unchecked			
2159	NeriRingeReview	unchecked			
2159	Nielsen2001	unchecked			
2159	Orel2003	unchecked			
2159	Pierce1999	unchecked			
2159	Pierce2003	unchecked			
2159	Pierce2006	unchecked			
2159	Pokorny1959	unchecked			
2159	Polome1967	unchecked			
2159	Polome1994	unchecked			
2159	Repansek2012	unchecked			
2159	Rice1994	unchecked			
2159	Ringe1984	unchecked			
2159	Ringe2017	unchecked			
2159	RingeTaylor2014	unchecked			
2159	Seebold1970	unchecked			
2159	SieversBrunner1965	unchecked			
2159	StauslandJohnsen2015	unchecked			
2159	Stiles1985	unchecked			
2159	Stiles1986a	unchecked			
2159	Stiles1986b	unchecked			
2159	Stiles2012	unchecked			
2159	Stiles2017	unchecked			
2159	Streitberg1896	unchecked			
2159	Sweet1953	unchecked			
2159	Thorhallsdottir1993	unchecked			
2159	Toon1992	unchecked			
2159	Versloot2017	unchecked			
2159	Versloot2021	unchecked			
2159	Versloot2025	unchecked			
2159	Vine2019	unchecked			
2159	Waxenberger2019	unchecked			
2159	WrightWuelcker1884	unchecked			
2159	vanHelten1905	unchecked			
2160	Adamczyk2001	unchecked			
2160	Bammesberger1990	unchecked			
2160	Bammesberger1992	unchecked			
2160	Bammesberger1997	unchecked			
2160	Beekes2010	unchecked			
2160	Bennett1950	unchecked			
2160	BosworthToller1898	unchecked			
2160	Bremmer2008	unchecked			
2160	Bremmer2009	unchecked			
2160	Bright1917	unchecked			
2160	Bulbring1902	unchecked			
2160	CaedmonsHymnVitt1452	unchecked			
2160	Campbell1939	unchecked			
2160	Campbell1959	unchecked			
2160	Cercignani1979	unchecked			
2160	Cercignani1980	unchecked			
2160	ClarkHall1960	unchecked			
2160	Crist2001	unchecked			
2160	Crist2002	unchecked			
2160	Erdmann1972	unchecked			
2160	Fulk2018	unchecked			
2160	GermanicSlavicBaltic2025	unchecked			
2160	Goblirsch1991	unchecked			
2160	Hamp1990	unchecked			
2160	Hirt1931	unchecked			
2160	Hogg1979	unchecked			
2160	HoggGrammar2011	unchecked			
2160	HoggIntroduction1992	unchecked			
2160	HoggPhonology1992	unchecked			
2160	HowellSalmons1988	unchecked			
2160	Kaluza1900	unchecked			
2160	Kastovsky1992	unchecked			
2160	Kilday2024	unchecked			
2160	KlugeSeebold2011	unchecked			
2160	Kortlandt2008	unchecked			
2160	Kroonen2006	unchecked			
2160	Kroonen2011	unchecked			
2160	Kroonen2013	unchecked			
2160	Kylstra1983	unchecked			
2160	Laker2007	unchecked			
2160	Lid1952	unchecked			
2160	Lloyd1966	unchecked			
2160	LloydSpringer1988	unchecked			
2160	Luehr1993	unchecked			
2160	Luick1914	unchecked			
2160	Mayrhofer1992	unchecked			
2160	Mees2020	unchecked			
2160	NeriRingeReview	unchecked			
2160	Nielsen2001	unchecked			
2160	Orel2003	unchecked			
2160	Pierce1999	unchecked			
2160	Pierce2003	unchecked			
2160	Pierce2006	unchecked			
2160	Pokorny1959	unchecked			
2160	Polome1967	unchecked			
2160	Polome1994	unchecked			
2160	Repansek2012	unchecked			
2160	Rice1994	unchecked			
2160	Ringe1984	unchecked			
2160	Ringe2017	unchecked			
2160	RingeTaylor2014	unchecked			
2160	Seebold1970	unchecked			
2160	SieversBrunner1965	unchecked			
2160	StauslandJohnsen2015	unchecked			
2160	Stiles1985	unchecked			
2160	Stiles1986a	unchecked			
2160	Stiles1986b	unchecked			
2160	Stiles2012	unchecked			
2160	Stiles2017	unchecked			
2160	Streitberg1896	unchecked			
2160	Sweet1953	unchecked			
2160	Thorhallsdottir1993	unchecked			
2160	Toon1992	unchecked			
2160	Versloot2017	unchecked			
2160	Versloot2021	unchecked			
2160	Versloot2025	unchecked			
2160	Vine2019	unchecked			
2160	Waxenberger2019	unchecked			
2160	WrightWuelcker1884	unchecked			
2160	vanHelten1905	unchecked			
2161	Adamczyk2001	unchecked			
2161	Bammesberger1990	unchecked			
2161	Bammesberger1992	unchecked			
2161	Bammesberger1997	unchecked			
2161	Beekes2010	unchecked			
2161	Bennett1950	unchecked			
2161	BosworthToller1898	unchecked			
2161	Bremmer2008	unchecked			
2161	Bremmer2009	unchecked			
2161	Bright1917	unchecked			
2161	Bulbring1902	unchecked			
2161	CaedmonsHymnVitt1452	unchecked			
2161	Campbell1939	unchecked			
2161	Campbell1959	unchecked			
2161	Cercignani1979	unchecked			
2161	Cercignani1980	unchecked			
2161	ClarkHall1960	unchecked			
2161	Crist2001	unchecked			
2161	Crist2002	unchecked			
2161	Erdmann1972	unchecked			
2161	Fulk2018	unchecked			
2161	GermanicSlavicBaltic2025	unchecked			
2161	Goblirsch1991	unchecked			
2161	Hamp1990	unchecked			
2161	Hirt1931	unchecked			
2161	Hogg1979	unchecked			
2161	HoggGrammar2011	unchecked			
2161	HoggIntroduction1992	unchecked			
2161	HoggPhonology1992	unchecked			
2161	HowellSalmons1988	unchecked			
2161	Kaluza1900	unchecked			
2161	Kastovsky1992	unchecked			
2161	Kilday2024	unchecked			
2161	KlugeSeebold2011	unchecked			
2161	Kortlandt2008	unchecked			
2161	Kroonen2006	unchecked			
2161	Kroonen2011	unchecked			
2161	Kroonen2013	unchecked			
2161	Kylstra1983	unchecked			
2161	Laker2007	unchecked			
2161	Lid1952	unchecked			
2161	Lloyd1966	unchecked			
2161	LloydSpringer1988	unchecked			
2161	Luehr1993	unchecked			
2161	Luick1914	unchecked			
2161	Mayrhofer1992	unchecked			
2161	Mees2020	unchecked			
2161	NeriRingeReview	unchecked			
2161	Nielsen2001	unchecked			
2161	Orel2003	unchecked			
2161	Pierce1999	unchecked			
2161	Pierce2003	unchecked			
2161	Pierce2006	unchecked			
2161	Pokorny1959	unchecked			
2161	Polome1967	unchecked			
2161	Polome1994	unchecked			
2161	Repansek2012	unchecked			
2161	Rice1994	unchecked			
2161	Ringe1984	unchecked			
2161	Ringe2017	unchecked			
2161	RingeTaylor2014	unchecked			
2161	Seebold1970	unchecked			
2161	SieversBrunner1965	unchecked			
2161	StauslandJohnsen2015	unchecked			
2161	Stiles1985	unchecked			
2161	Stiles1986a	unchecked			
2161	Stiles1986b	unchecked			
2161	Stiles2012	unchecked			
2161	Stiles2017	unchecked			
2161	Streitberg1896	unchecked			
2161	Sweet1953	unchecked			
2161	Thorhallsdottir1993	unchecked			
2161	Toon1992	unchecked			
2161	Versloot2017	unchecked			
2161	Versloot2021	unchecked			
2161	Versloot2025	unchecked			
2161	Vine2019	unchecked			
2161	Waxenberger2019	unchecked			
2161	WrightWuelcker1884	unchecked			
2161	vanHelten1905	unchecked			
2162	Adamczyk2001	unchecked			
2162	Bammesberger1990	unchecked			
2162	Bammesberger1992	unchecked			
2162	Bammesberger1997	unchecked			
2162	Beekes2010	unchecked			
2162	Bennett1950	unchecked			
2162	BosworthToller1898	unchecked			
2162	Bremmer2008	unchecked			
2162	Bremmer2009	unchecked			
2162	Bright1917	unchecked			
2162	Bulbring1902	unchecked			
2162	CaedmonsHymnVitt1452	unchecked			
2162	Campbell1939	unchecked			
2162	Campbell1959	unchecked			
2162	Cercignani1979	unchecked			
2162	Cercignani1980	unchecked			
2162	ClarkHall1960	unchecked			
2162	Crist2001	unchecked			
2162	Crist2002	unchecked			
2162	Erdmann1972	unchecked			
2162	Fulk2018	unchecked			
2162	GermanicSlavicBaltic2025	unchecked			
2162	Goblirsch1991	unchecked			
2162	Hamp1990	unchecked			
2162	Hirt1931	unchecked			
2162	Hogg1979	unchecked			
2162	HoggGrammar2011	unchecked			
2162	HoggIntroduction1992	unchecked			
2162	HoggPhonology1992	unchecked			
2162	HowellSalmons1988	unchecked			
2162	Kaluza1900	unchecked			
2162	Kastovsky1992	unchecked			
2162	Kilday2024	unchecked			
2162	KlugeSeebold2011	unchecked			
2162	Kortlandt2008	unchecked			
2162	Kroonen2006	unchecked			
2162	Kroonen2011	unchecked			
2162	Kroonen2013	unchecked			
2162	Kylstra1983	unchecked			
2162	Laker2007	unchecked			
2162	Lid1952	unchecked			
2162	Lloyd1966	unchecked			
2162	LloydSpringer1988	unchecked			
2162	Luehr1993	unchecked			
2162	Luick1914	unchecked			
2162	Mayrhofer1992	unchecked			
2162	Mees2020	unchecked			
2162	NeriRingeReview	unchecked			
2162	Nielsen2001	unchecked			
2162	Orel2003	unchecked			
2162	Pierce1999	unchecked			
2162	Pierce2003	unchecked			
2162	Pierce2006	unchecked			
2162	Pokorny1959	unchecked			
2162	Polome1967	unchecked			
2162	Polome1994	unchecked			
2162	Repansek2012	unchecked			
2162	Rice1994	unchecked			
2162	Ringe1984	unchecked			
2162	Ringe2017	unchecked			
2162	RingeTaylor2014	unchecked			
2162	Seebold1970	unchecked			
2162	SieversBrunner1965	unchecked			
2162	StauslandJohnsen2015	unchecked			
2162	Stiles1985	unchecked			
2162	Stiles1986a	unchecked			
2162	Stiles1986b	unchecked			
2162	Stiles2012	unchecked			
2162	Stiles2017	unchecked			
2162	Streitberg1896	unchecked			
2162	Sweet1953	unchecked			
2162	Thorhallsdottir1993	unchecked			
2162	Toon1992	unchecked			
2162	Versloot2017	unchecked			
2162	Versloot2021	unchecked			
2162	Versloot2025	unchecked			
2162	Vine2019	unchecked			
2162	Waxenberger2019	unchecked			
2162	WrightWuelcker1884	unchecked			
2162	vanHelten1905	unchecked			
2163	Adamczyk2001	unchecked			
2163	Bammesberger1990	unchecked			
2163	Bammesberger1992	unchecked			
2163	Bammesberger1997	unchecked			
2163	Beekes2010	unchecked			
2163	Bennett1950	unchecked			
2163	BosworthToller1898	unchecked			
2163	Bremmer2008	unchecked			
2163	Bremmer2009	unchecked			
2163	Bright1917	unchecked			
2163	Bulbring1902	unchecked			
2163	CaedmonsHymnVitt1452	unchecked			
2163	Campbell1939	unchecked			
2163	Campbell1959	unchecked			
2163	Cercignani1979	unchecked			
2163	Cercignani1980	unchecked			
2163	ClarkHall1960	unchecked			
2163	Crist2001	unchecked			
2163	Crist2002	unchecked			
2163	Erdmann1972	unchecked			
2163	Fulk2018	unchecked			
2163	GermanicSlavicBaltic2025	unchecked			
2163	Goblirsch1991	unchecked			
2163	Hamp1990	unchecked			
2163	Hirt1931	unchecked			
2163	Hogg1979	unchecked			
2163	HoggGrammar2011	unchecked			
2163	HoggIntroduction1992	unchecked			
2163	HoggPhonology1992	unchecked			
2163	HowellSalmons1988	unchecked			
2163	Kaluza1900	unchecked			
2163	Kastovsky1992	unchecked			
2163	Kilday2024	unchecked			
2163	KlugeSeebold2011	unchecked			
2163	Kortlandt2008	unchecked			
2163	Kroonen2006	unchecked			
2163	Kroonen2011	unchecked			
2163	Kroonen2013	unchecked			
2163	Kylstra1983	unchecked			
2163	Laker2007	unchecked			
2163	Lid1952	unchecked			
2163	Lloyd1966	unchecked			
2163	LloydSpringer1988	unchecked			
2163	Luehr1993	unchecked			
2163	Luick1914	unchecked			
2163	Mayrhofer1992	unchecked			
2163	Mees2020	unchecked			
2163	NeriRingeReview	unchecked			
2163	Nielsen2001	unchecked			
2163	Orel2003	unchecked			
2163	Pierce1999	unchecked			
2163	Pierce2003	unchecked			
2163	Pierce2006	unchecked			
2163	Pokorny1959	unchecked			
2163	Polome1967	unchecked			
2163	Polome1994	unchecked			
2163	Repansek2012	unchecked			
2163	Rice1994	unchecked			
2163	Ringe1984	unchecked			
2163	Ringe2017	unchecked			
2163	RingeTaylor2014	unchecked			
2163	Seebold1970	unchecked			
2163	SieversBrunner1965	unchecked			
2163	StauslandJohnsen2015	unchecked			
2163	Stiles1985	unchecked			
2163	Stiles1986a	unchecked			
2163	Stiles1986b	unchecked			
2163	Stiles2012	unchecked			
2163	Stiles2017	unchecked			
2163	Streitberg1896	unchecked			
2163	Sweet1953	unchecked			
2163	Thorhallsdottir1993	unchecked			
2163	Toon1992	unchecked			
2163	Versloot2017	unchecked			
2163	Versloot2021	unchecked			
2163	Versloot2025	unchecked			
2163	Vine2019	unchecked			
2163	Waxenberger2019	unchecked			
2163	WrightWuelcker1884	unchecked			
2163	vanHelten1905	unchecked			
2164	Adamczyk2001	unchecked			
2164	Bammesberger1990	unchecked			
2164	Bammesberger1992	unchecked			
2164	Bammesberger1997	unchecked			
2164	Beekes2010	unchecked			
2164	Bennett1950	unchecked			
2164	BosworthToller1898	unchecked			
2164	Bremmer2008	unchecked			
2164	Bremmer2009	unchecked			
2164	Bright1917	unchecked			
2164	Bulbring1902	unchecked			
2164	CaedmonsHymnVitt1452	unchecked			
2164	Campbell1939	unchecked			
2164	Campbell1959	unchecked			
2164	Cercignani1979	unchecked			
2164	Cercignani1980	unchecked			
2164	ClarkHall1960	unchecked			
2164	Crist2001	unchecked			
2164	Crist2002	unchecked			
2164	Erdmann1972	unchecked			
2164	Fulk2018	unchecked			
2164	GermanicSlavicBaltic2025	unchecked			
2164	Goblirsch1991	unchecked			
2164	Hamp1990	unchecked			
2164	Hirt1931	unchecked			
2164	Hogg1979	unchecked			
2164	HoggGrammar2011	unchecked			
2164	HoggIntroduction1992	unchecked			
2164	HoggPhonology1992	unchecked			
2164	HowellSalmons1988	unchecked			
2164	Kaluza1900	unchecked			
2164	Kastovsky1992	unchecked			
2164	Kilday2024	unchecked			
2164	KlugeSeebold2011	unchecked			
2164	Kortlandt2008	unchecked			
2164	Kroonen2006	unchecked			
2164	Kroonen2011	unchecked			
2164	Kroonen2013	unchecked			
2164	Kylstra1983	unchecked			
2164	Laker2007	unchecked			
2164	Lid1952	unchecked			
2164	Lloyd1966	unchecked			
2164	LloydSpringer1988	unchecked			
2164	Luehr1993	unchecked			
2164	Luick1914	unchecked			
2164	Mayrhofer1992	unchecked			
2164	Mees2020	unchecked			
2164	NeriRingeReview	unchecked			
2164	Nielsen2001	unchecked			
2164	Orel2003	unchecked			
2164	Pierce1999	unchecked			
2164	Pierce2003	unchecked			
2164	Pierce2006	unchecked			
2164	Pokorny1959	unchecked			
2164	Polome1967	unchecked			
2164	Polome1994	unchecked			
2164	Repansek2012	unchecked			
2164	Rice1994	unchecked			
2164	Ringe1984	unchecked			
2164	Ringe2017	unchecked			
2164	RingeTaylor2014	unchecked			
2164	Seebold1970	unchecked			
2164	SieversBrunner1965	unchecked			
2164	StauslandJohnsen2015	unchecked			
2164	Stiles1985	unchecked			
2164	Stiles1986a	unchecked			
2164	Stiles1986b	unchecked			
2164	Stiles2012	unchecked			
2164	Stiles2017	unchecked			
2164	Streitberg1896	unchecked			
2164	Sweet1953	unchecked			
2164	Thorhallsdottir1993	unchecked			
2164	Toon1992	unchecked			
2164	Versloot2017	unchecked			
2164	Versloot2021	unchecked			
2164	Versloot2025	unchecked			
2164	Vine2019	unchecked			
2164	Waxenberger2019	unchecked			
2164	WrightWuelcker1884	unchecked			
2164	vanHelten1905	unchecked			
2165	Adamczyk2001	unchecked			
2165	Bammesberger1990	unchecked			
2165	Bammesberger1992	unchecked			
2165	Bammesberger1997	unchecked			
2165	Beekes2010	unchecked			
2165	Bennett1950	unchecked			
2165	BosworthToller1898	unchecked			
2165	Bremmer2008	unchecked			
2165	Bremmer2009	unchecked			
2165	Bright1917	unchecked			
2165	Bulbring1902	unchecked			
2165	CaedmonsHymnVitt1452	unchecked			
2165	Campbell1939	unchecked			
2165	Campbell1959	unchecked			
2165	Cercignani1979	unchecked			
2165	Cercignani1980	unchecked			
2165	ClarkHall1960	unchecked			
2165	Crist2001	unchecked			
2165	Crist2002	unchecked			
2165	Erdmann1972	unchecked			
2165	Fulk2018	unchecked			
2165	GermanicSlavicBaltic2025	unchecked			
2165	Goblirsch1991	unchecked			
2165	Hamp1990	unchecked			
2165	Hirt1931	unchecked			
2165	Hogg1979	unchecked			
2165	HoggGrammar2011	unchecked			
2165	HoggIntroduction1992	unchecked			
2165	HoggPhonology1992	unchecked			
2165	HowellSalmons1988	unchecked			
2165	Kaluza1900	unchecked			
2165	Kastovsky1992	unchecked			
2165	Kilday2024	unchecked			
2165	KlugeSeebold2011	unchecked			
2165	Kortlandt2008	unchecked			
2165	Kroonen2006	unchecked			
2165	Kroonen2011	unchecked			
2165	Kroonen2013	unchecked			
2165	Kylstra1983	unchecked			
2165	Laker2007	unchecked			
2165	Lid1952	unchecked			
2165	Lloyd1966	unchecked			
2165	LloydSpringer1988	unchecked			
2165	Luehr1993	unchecked			
2165	Luick1914	unchecked			
2165	Mayrhofer1992	unchecked			
2165	Mees2020	unchecked			
2165	NeriRingeReview	unchecked			
2165	Nielsen2001	unchecked			
2165	Orel2003	unchecked			
2165	Pierce1999	unchecked			
2165	Pierce2003	unchecked			
2165	Pierce2006	unchecked			
2165	Pokorny1959	unchecked			
2165	Polome1967	unchecked			
2165	Polome1994	unchecked			
2165	Repansek2012	unchecked			
2165	Rice1994	unchecked			
2165	Ringe1984	unchecked			
2165	Ringe2017	unchecked			
2165	RingeTaylor2014	unchecked			
2165	Seebold1970	unchecked			
2165	SieversBrunner1965	unchecked			
2165	StauslandJohnsen2015	unchecked			
2165	Stiles1985	unchecked			
2165	Stiles1986a	unchecked			
2165	Stiles1986b	unchecked			
2165	Stiles2012	unchecked			
2165	Stiles2017	unchecked			
2165	Streitberg1896	unchecked			
2165	Sweet1953	unchecked			
2165	Thorhallsdottir1993	unchecked			
2165	Toon1992	unchecked			
2165	Versloot2017	unchecked			
2165	Versloot2021	unchecked			
2165	Versloot2025	unchecked			
2165	Vine2019	unchecked			
2165	Waxenberger2019	unchecked			
2165	WrightWuelcker1884	unchecked			
2165	vanHelten1905	unchecked			
2166	Adamczyk2001	unchecked			
2166	Bammesberger1990	unchecked			
2166	Bammesberger1992	unchecked			
2166	Bammesberger1997	unchecked			
2166	Beekes2010	unchecked			
2166	Bennett1950	unchecked			
2166	BosworthToller1898	unchecked			
2166	Bremmer2008	unchecked			
2166	Bremmer2009	unchecked			
2166	Bright1917	unchecked			
2166	Bulbring1902	unchecked			
2166	CaedmonsHymnVitt1452	unchecked			
2166	Campbell1939	unchecked			
2166	Campbell1959	unchecked			
2166	Cercignani1979	unchecked			
2166	Cercignani1980	unchecked			
2166	ClarkHall1960	unchecked			
2166	Crist2001	unchecked			
2166	Crist2002	unchecked			
2166	Erdmann1972	unchecked			
2166	Fulk2018	unchecked			
2166	GermanicSlavicBaltic2025	unchecked			
2166	Goblirsch1991	unchecked			
2166	Hamp1990	unchecked			
2166	Hirt1931	unchecked			
2166	Hogg1979	unchecked			
2166	HoggGrammar2011	unchecked			
2166	HoggIntroduction1992	unchecked			
2166	HoggPhonology1992	unchecked			
2166	HowellSalmons1988	unchecked			
2166	Kaluza1900	unchecked			
2166	Kastovsky1992	unchecked			
2166	Kilday2024	unchecked			
2166	KlugeSeebold2011	unchecked			
2166	Kortlandt2008	unchecked			
2166	Kroonen2006	unchecked			
2166	Kroonen2011	unchecked			
2166	Kroonen2013	unchecked			
2166	Kylstra1983	unchecked			
2166	Laker2007	unchecked			
2166	Lid1952	unchecked			
2166	Lloyd1966	unchecked			
2166	LloydSpringer1988	unchecked			
2166	Luehr1993	unchecked			
2166	Luick1914	unchecked			
2166	Mayrhofer1992	unchecked			
2166	Mees2020	unchecked			
2166	NeriRingeReview	unchecked			
2166	Nielsen2001	unchecked			
2166	Orel2003	unchecked			
2166	Pierce1999	unchecked			
2166	Pierce2003	unchecked			
2166	Pierce2006	unchecked			
2166	Pokorny1959	unchecked			
2166	Polome1967	unchecked			
2166	Polome1994	unchecked			
2166	Repansek2012	unchecked			
2166	Rice1994	unchecked			
2166	Ringe1984	unchecked			
2166	Ringe2017	unchecked			
2166	RingeTaylor2014	unchecked			
2166	Seebold1970	unchecked			
2166	SieversBrunner1965	unchecked			
2166	StauslandJohnsen2015	unchecked			
2166	Stiles1985	unchecked			
2166	Stiles1986a	unchecked			
2166	Stiles1986b	unchecked			
2166	Stiles2012	unchecked			
2166	Stiles2017	unchecked			
2166	Streitberg1896	unchecked			
2166	Sweet1953	unchecked			
2166	Thorhallsdottir1993	unchecked			
2166	Toon1992	unchecked			
2166	Versloot2017	unchecked			
2166	Versloot2021	unchecked			
2166	Versloot2025	unchecked			
2166	Vine2019	unchecked			
2166	Waxenberger2019	unchecked			
2166	WrightWuelcker1884	unchecked			
2166	vanHelten1905	unchecked			
2167	Adamczyk2001	unchecked			
2167	Bammesberger1990	unchecked			
2167	Bammesberger1992	unchecked			
2167	Bammesberger1997	unchecked			
2167	Beekes2010	unchecked			
2167	Bennett1950	unchecked			
2167	BosworthToller1898	unchecked			
2167	Bremmer2008	unchecked			
2167	Bremmer2009	unchecked			
2167	Bright1917	unchecked			
2167	Bulbring1902	unchecked			
2167	CaedmonsHymnVitt1452	unchecked			
2167	Campbell1939	unchecked			
2167	Campbell1959	unchecked			
2167	Cercignani1979	unchecked			
2167	Cercignani1980	unchecked			
2167	ClarkHall1960	unchecked			
2167	Crist2001	unchecked			
2167	Crist2002	unchecked			
2167	Erdmann1972	unchecked			
2167	Fulk2018	unchecked			
2167	GermanicSlavicBaltic2025	unchecked			
2167	Goblirsch1991	unchecked			
2167	Hamp1990	unchecked			
2167	Hirt1931	unchecked			
2167	Hogg1979	unchecked			
2167	HoggGrammar2011	unchecked			
2167	HoggIntroduction1992	unchecked			
2167	HoggPhonology1992	unchecked			
2167	HowellSalmons1988	unchecked			
2167	Kaluza1900	unchecked			
2167	Kastovsky1992	unchecked			
2167	Kilday2024	unchecked			
2167	KlugeSeebold2011	unchecked			
2167	Kortlandt2008	unchecked			
2167	Kroonen2006	unchecked			
2167	Kroonen2011	unchecked			
2167	Kroonen2013	unchecked			
2167	Kylstra1983	unchecked			
2167	Laker2007	unchecked			
2167	Lid1952	unchecked			
2167	Lloyd1966	unchecked			
2167	LloydSpringer1988	unchecked			
2167	Luehr1993	unchecked			
2167	Luick1914	unchecked			
2167	Mayrhofer1992	unchecked			
2167	Mees2020	unchecked			
2167	NeriRingeReview	unchecked			
2167	Nielsen2001	unchecked			
2167	Orel2003	unchecked			
2167	Pierce1999	unchecked			
2167	Pierce2003	unchecked			
2167	Pierce2006	unchecked			
2167	Pokorny1959	unchecked			
2167	Polome1967	unchecked			
2167	Polome1994	unchecked			
2167	Repansek2012	unchecked			
2167	Rice1994	unchecked			
2167	Ringe1984	unchecked			
2167	Ringe2017	unchecked			
2167	RingeTaylor2014	unchecked			
2167	Seebold1970	unchecked			
2167	SieversBrunner1965	unchecked			
2167	StauslandJohnsen2015	unchecked			
2167	Stiles1985	unchecked			
2167	Stiles1986a	unchecked			
2167	Stiles1986b	unchecked			
2167	Stiles2012	unchecked			
2167	Stiles2017	unchecked			
2167	Streitberg1896	unchecked			
2167	Sweet1953	unchecked			
2167	Thorhallsdottir1993	unchecked			
2167	Toon1992	unchecked			
2167	Versloot2017	unchecked			
2167	Versloot2021	unchecked			
2167	Versloot2025	unchecked			
2167	Vine2019	unchecked			
2167	Waxenberger2019	unchecked			
2167	WrightWuelcker1884	unchecked			
2167	vanHelten1905	unchecked			
2168	Adamczyk2001	unchecked			
2168	Bammesberger1990	unchecked			
2168	Bammesberger1992	unchecked			
2168	Bammesberger1997	unchecked			
2168	Beekes2010	unchecked			
2168	Bennett1950	unchecked			
2168	BosworthToller1898	unchecked			
2168	Bremmer2008	unchecked			
2168	Bremmer2009	unchecked			
2168	Bright1917	unchecked			
2168	Bulbring1902	unchecked			
2168	CaedmonsHymnVitt1452	unchecked			
2168	Campbell1939	unchecked			
2168	Campbell1959	unchecked			
2168	Cercignani1979	unchecked			
2168	Cercignani1980	unchecked			
2168	ClarkHall1960	unchecked			
2168	Crist2001	unchecked			
2168	Crist2002	unchecked			
2168	Erdmann1972	unchecked			
2168	Fulk2018	unchecked			
2168	GermanicSlavicBaltic2025	unchecked			
2168	Goblirsch1991	unchecked			
2168	Hamp1990	unchecked			
2168	Hirt1931	unchecked			
2168	Hogg1979	unchecked			
2168	HoggGrammar2011	unchecked			
2168	HoggIntroduction1992	unchecked			
2168	HoggPhonology1992	unchecked			
2168	HowellSalmons1988	unchecked			
2168	Kaluza1900	unchecked			
2168	Kastovsky1992	unchecked			
2168	Kilday2024	unchecked			
2168	KlugeSeebold2011	unchecked			
2168	Kortlandt2008	unchecked			
2168	Kroonen2006	unchecked			
2168	Kroonen2011	unchecked			
2168	Kroonen2013	unchecked			
2168	Kylstra1983	unchecked			
2168	Laker2007	unchecked			
2168	Lid1952	unchecked			
2168	Lloyd1966	unchecked			
2168	LloydSpringer1988	unchecked			
2168	Luehr1993	unchecked			
2168	Luick1914	unchecked			
2168	Mayrhofer1992	unchecked			
2168	Mees2020	unchecked			
2168	NeriRingeReview	unchecked			
2168	Nielsen2001	unchecked			
2168	Orel2003	unchecked			
2168	Pierce1999	unchecked			
2168	Pierce2003	unchecked			
2168	Pierce2006	unchecked			
2168	Pokorny1959	unchecked			
2168	Polome1967	unchecked			
2168	Polome1994	unchecked			
2168	Repansek2012	unchecked			
2168	Rice1994	unchecked			
2168	Ringe1984	unchecked			
2168	Ringe2017	unchecked			
2168	RingeTaylor2014	unchecked			
2168	Seebold1970	unchecked			
2168	SieversBrunner1965	unchecked			
2168	StauslandJohnsen2015	unchecked			
2168	Stiles1985	unchecked			
2168	Stiles1986a	unchecked			
2168	Stiles1986b	unchecked			
2168	Stiles2012	unchecked			
2168	Stiles2017	unchecked			
2168	Streitberg1896	unchecked			
2168	Sweet1953	unchecked			
2168	Thorhallsdottir1993	unchecked			
2168	Toon1992	unchecked			
2168	Versloot2017	unchecked			
2168	Versloot2021	unchecked			
2168	Versloot2025	unchecked			
2168	Vine2019	unchecked			
2168	Waxenberger2019	unchecked			
2168	WrightWuelcker1884	unchecked			
2168	vanHelten1905	unchecked			
2169	Adamczyk2001	unchecked			
2169	Bammesberger1990	unchecked			
2169	Bammesberger1992	unchecked			
2169	Bammesberger1997	unchecked			
2169	Beekes2010	unchecked			
2169	Bennett1950	unchecked			
2169	BosworthToller1898	unchecked			
2169	Bremmer2008	unchecked			
2169	Bremmer2009	unchecked			
2169	Bright1917	unchecked			
2169	Bulbring1902	unchecked			
2169	CaedmonsHymnVitt1452	unchecked			
2169	Campbell1939	unchecked			
2169	Campbell1959	unchecked			
2169	Cercignani1979	unchecked			
2169	Cercignani1980	unchecked			
2169	ClarkHall1960	unchecked			
2169	Crist2001	unchecked			
2169	Crist2002	unchecked			
2169	Erdmann1972	unchecked			
2169	Fulk2018	unchecked			
2169	GermanicSlavicBaltic2025	unchecked			
2169	Goblirsch1991	unchecked			
2169	Hamp1990	unchecked			
2169	Hirt1931	unchecked			
2169	Hogg1979	unchecked			
2169	HoggGrammar2011	unchecked			
2169	HoggIntroduction1992	unchecked			
2169	HoggPhonology1992	unchecked			
2169	HowellSalmons1988	unchecked			
2169	Kaluza1900	unchecked			
2169	Kastovsky1992	unchecked			
2169	Kilday2024	unchecked			
2169	KlugeSeebold2011	unchecked			
2169	Kortlandt2008	unchecked			
2169	Kroonen2006	unchecked			
2169	Kroonen2011	unchecked			
2169	Kroonen2013	unchecked			
2169	Kylstra1983	unchecked			
2169	Laker2007	unchecked			
2169	Lid1952	unchecked			
2169	Lloyd1966	unchecked			
2169	LloydSpringer1988	unchecked			
2169	Luehr1993	unchecked			
2169	Luick1914	unchecked			
2169	Mayrhofer1992	unchecked			
2169	Mees2020	unchecked			
2169	NeriRingeReview	unchecked			
2169	Nielsen2001	unchecked			
2169	Orel2003	unchecked			
2169	Pierce1999	unchecked			
2169	Pierce2003	unchecked			
2169	Pierce2006	unchecked			
2169	Pokorny1959	unchecked			
2169	Polome1967	unchecked			
2169	Polome1994	unchecked			
2169	Repansek2012	unchecked			
2169	Rice1994	unchecked			
2169	Ringe1984	unchecked			
2169	Ringe2017	unchecked			
2169	RingeTaylor2014	unchecked			
2169	Seebold1970	unchecked			
2169	SieversBrunner1965	unchecked			
2169	StauslandJohnsen2015	unchecked			
2169	Stiles1985	unchecked			
2169	Stiles1986a	unchecked			
2169	Stiles1986b	unchecked			
2169	Stiles2012	unchecked			
2169	Stiles2017	unchecked			
2169	Streitberg1896	unchecked			
2169	Sweet1953	unchecked			
2169	Thorhallsdottir1993	unchecked			
2169	Toon1992	unchecked			
2169	Versloot2017	unchecked			
2169	Versloot2021	unchecked			
2169	Versloot2025	unchecked			
2169	Vine2019	unchecked			
2169	Waxenberger2019	unchecked			
2169	WrightWuelcker1884	unchecked			
2169	vanHelten1905	unchecked			
2170	Adamczyk2001	unchecked			
2170	Bammesberger1990	unchecked			
2170	Bammesberger1992	unchecked			
2170	Bammesberger1997	unchecked			
2170	Beekes2010	unchecked			
2170	Bennett1950	unchecked			
2170	BosworthToller1898	unchecked			
2170	Bremmer2008	unchecked			
2170	Bremmer2009	unchecked			
2170	Bright1917	unchecked			
2170	Bulbring1902	unchecked			
2170	CaedmonsHymnVitt1452	unchecked			
2170	Campbell1939	unchecked			
2170	Campbell1959	unchecked			
2170	Cercignani1979	unchecked			
2170	Cercignani1980	unchecked			
2170	ClarkHall1960	unchecked			
2170	Crist2001	unchecked			
2170	Crist2002	unchecked			
2170	Erdmann1972	unchecked			
2170	Fulk2018	unchecked			
2170	GermanicSlavicBaltic2025	unchecked			
2170	Goblirsch1991	unchecked			
2170	Hamp1990	unchecked			
2170	Hirt1931	unchecked			
2170	Hogg1979	unchecked			
2170	HoggGrammar2011	unchecked			
2170	HoggIntroduction1992	unchecked			
2170	HoggPhonology1992	unchecked			
2170	HowellSalmons1988	unchecked			
2170	Kaluza1900	unchecked			
2170	Kastovsky1992	unchecked			
2170	Kilday2024	unchecked			
2170	KlugeSeebold2011	unchecked			
2170	Kortlandt2008	unchecked			
2170	Kroonen2006	unchecked			
2170	Kroonen2011	unchecked			
2170	Kroonen2013	unchecked			
2170	Kylstra1983	unchecked			
2170	Laker2007	unchecked			
2170	Lid1952	unchecked			
2170	Lloyd1966	unchecked			
2170	LloydSpringer1988	unchecked			
2170	Luehr1993	unchecked			
2170	Luick1914	unchecked			
2170	Mayrhofer1992	unchecked			
2170	Mees2020	unchecked			
2170	NeriRingeReview	unchecked			
2170	Nielsen2001	unchecked			
2170	Orel2003	unchecked			
2170	Pierce1999	unchecked			
2170	Pierce2003	unchecked			
2170	Pierce2006	unchecked			
2170	Pokorny1959	unchecked			
2170	Polome1967	unchecked			
2170	Polome1994	unchecked			
2170	Repansek2012	unchecked			
2170	Rice1994	unchecked			
2170	Ringe1984	unchecked			
2170	Ringe2017	unchecked			
2170	RingeTaylor2014	unchecked			
2170	Seebold1970	unchecked			
2170	SieversBrunner1965	unchecked			
2170	StauslandJohnsen2015	unchecked			
2170	Stiles1985	unchecked			
2170	Stiles1986a	unchecked			
2170	Stiles1986b	unchecked			
2170	Stiles2012	unchecked			
2170	Stiles2017	unchecked			
2170	Streitberg1896	unchecked			
2170	Sweet1953	unchecked			
2170	Thorhallsdottir1993	unchecked			
2170	Toon1992	unchecked			
2170	Versloot2017	unchecked			
2170	Versloot2021	unchecked			
2170	Versloot2025	unchecked			
2170	Vine2019	unchecked			
2170	Waxenberger2019	unchecked			
2170	WrightWuelcker1884	unchecked			
2170	vanHelten1905	unchecked			
2171	Adamczyk2001	unchecked			
2171	Bammesberger1990	unchecked			
2171	Bammesberger1992	unchecked			
2171	Bammesberger1997	unchecked			
2171	Beekes2010	unchecked			
2171	Bennett1950	unchecked			
2171	BosworthToller1898	unchecked			
2171	Bremmer2008	unchecked			
2171	Bremmer2009	unchecked			
2171	Bright1917	unchecked			
2171	Bulbring1902	unchecked			
2171	CaedmonsHymnVitt1452	unchecked			
2171	Campbell1939	unchecked			
2171	Campbell1959	unchecked			
2171	Cercignani1979	unchecked			
2171	Cercignani1980	unchecked			
2171	ClarkHall1960	unchecked			
2171	Crist2001	unchecked			
2171	Crist2002	unchecked			
2171	Erdmann1972	unchecked			
2171	Fulk2018	unchecked			
2171	GermanicSlavicBaltic2025	unchecked			
2171	Goblirsch1991	unchecked			
2171	Hamp1990	unchecked			
2171	Hirt1931	unchecked			
2171	Hogg1979	unchecked			
2171	HoggGrammar2011	unchecked			
2171	HoggIntroduction1992	unchecked			
2171	HoggPhonology1992	unchecked			
2171	HowellSalmons1988	unchecked			
2171	Kaluza1900	unchecked			
2171	Kastovsky1992	unchecked			
2171	Kilday2024	unchecked			
2171	KlugeSeebold2011	unchecked			
2171	Kortlandt2008	unchecked			
2171	Kroonen2006	unchecked			
2171	Kroonen2011	unchecked			
2171	Kroonen2013	unchecked			
2171	Kylstra1983	unchecked			
2171	Laker2007	unchecked			
2171	Lid1952	unchecked			
2171	Lloyd1966	unchecked			
2171	LloydSpringer1988	unchecked			
2171	Luehr1993	unchecked			
2171	Luick1914	unchecked			
2171	Mayrhofer1992	unchecked			
2171	Mees2020	unchecked			
2171	NeriRingeReview	unchecked			
2171	Nielsen2001	unchecked			
2171	Orel2003	unchecked			
2171	Pierce1999	unchecked			
2171	Pierce2003	unchecked			
2171	Pierce2006	unchecked			
2171	Pokorny1959	unchecked			
2171	Polome1967	unchecked			
2171	Polome1994	unchecked			
2171	Repansek2012	unchecked			
2171	Rice1994	unchecked			
2171	Ringe1984	unchecked			
2171	Ringe2017	unchecked			
2171	RingeTaylor2014	unchecked			
2171	Seebold1970	unchecked			
2171	SieversBrunner1965	unchecked			
2171	StauslandJohnsen2015	unchecked			
2171	Stiles1985	unchecked			
2171	Stiles1986a	unchecked			
2171	Stiles1986b	unchecked			
2171	Stiles2012	unchecked			
2171	Stiles2017	unchecked			
2171	Streitberg1896	unchecked			
2171	Sweet1953	unchecked			
2171	Thorhallsdottir1993	unchecked			
2171	Toon1992	unchecked			
2171	Versloot2017	unchecked			
2171	Versloot2021	unchecked			
2171	Versloot2025	unchecked			
2171	Vine2019	unchecked			
2171	Waxenberger2019	unchecked			
2171	WrightWuelcker1884	unchecked			
2171	vanHelten1905	unchecked			
2172	Adamczyk2001	unchecked			
2172	Bammesberger1990	unchecked			
2172	Bammesberger1992	unchecked			
2172	Bammesberger1997	unchecked			
2172	Beekes2010	unchecked			
2172	Bennett1950	unchecked			
2172	BosworthToller1898	unchecked			
2172	Bremmer2008	unchecked			
2172	Bremmer2009	unchecked			
2172	Bright1917	unchecked			
2172	Bulbring1902	unchecked			
2172	CaedmonsHymnVitt1452	unchecked			
2172	Campbell1939	unchecked			
2172	Campbell1959	unchecked			
2172	Cercignani1979	unchecked			
2172	Cercignani1980	unchecked			
2172	ClarkHall1960	unchecked			
2172	Crist2001	unchecked			
2172	Crist2002	unchecked			
2172	Erdmann1972	unchecked			
2172	Fulk2018	unchecked			
2172	GermanicSlavicBaltic2025	unchecked			
2172	Goblirsch1991	unchecked			
2172	Hamp1990	unchecked			
2172	Hirt1931	unchecked			
2172	Hogg1979	unchecked			
2172	HoggGrammar2011	unchecked			
2172	HoggIntroduction1992	unchecked			
2172	HoggPhonology1992	unchecked			
2172	HowellSalmons1988	unchecked			
2172	Kaluza1900	unchecked			
2172	Kastovsky1992	unchecked			
2172	Kilday2024	unchecked			
2172	KlugeSeebold2011	unchecked			
2172	Kortlandt2008	unchecked			
2172	Kroonen2006	unchecked			
2172	Kroonen2011	unchecked			
2172	Kroonen2013	unchecked			
2172	Kylstra1983	unchecked			
2172	Laker2007	unchecked			
2172	Lid1952	unchecked			
2172	Lloyd1966	unchecked			
2172	LloydSpringer1988	unchecked			
2172	Luehr1993	unchecked			
2172	Luick1914	unchecked			
2172	Mayrhofer1992	unchecked			
2172	Mees2020	unchecked			
2172	NeriRingeReview	unchecked			
2172	Nielsen2001	unchecked			
2172	Orel2003	unchecked			
2172	Pierce1999	unchecked			
2172	Pierce2003	unchecked			
2172	Pierce2006	unchecked			
2172	Pokorny1959	unchecked			
2172	Polome1967	unchecked			
2172	Polome1994	unchecked			
2172	Repansek2012	unchecked			
2172	Rice1994	unchecked			
2172	Ringe1984	unchecked			
2172	Ringe2017	unchecked			
2172	RingeTaylor2014	unchecked			
2172	Seebold1970	unchecked			
2172	SieversBrunner1965	unchecked			
2172	StauslandJohnsen2015	unchecked			
2172	Stiles1985	unchecked			
2172	Stiles1986a	unchecked			
2172	Stiles1986b	unchecked			
2172	Stiles2012	unchecked			
2172	Stiles2017	unchecked			
2172	Streitberg1896	unchecked			
2172	Sweet1953	unchecked			
2172	Thorhallsdottir1993	unchecked			
2172	Toon1992	unchecked			
2172	Versloot2017	unchecked			
2172	Versloot2021	unchecked			
2172	Versloot2025	unchecked			
2172	Vine2019	unchecked			
2172	Waxenberger2019	unchecked			
2172	WrightWuelcker1884	unchecked			
2172	vanHelten1905	unchecked			
2173	Adamczyk2001	unchecked			
2173	Bammesberger1990	unchecked			
2173	Bammesberger1992	unchecked			
2173	Bammesberger1997	unchecked			
2173	Beekes2010	unchecked			
2173	Bennett1950	unchecked			
2173	BosworthToller1898	unchecked			
2173	Bremmer2008	unchecked			
2173	Bremmer2009	unchecked			
2173	Bright1917	unchecked			
2173	Bulbring1902	unchecked			
2173	CaedmonsHymnVitt1452	unchecked			
2173	Campbell1939	unchecked			
2173	Campbell1959	unchecked			
2173	Cercignani1979	unchecked			
2173	Cercignani1980	unchecked			
2173	ClarkHall1960	unchecked			
2173	Crist2001	unchecked			
2173	Crist2002	unchecked			
2173	Erdmann1972	unchecked			
2173	Fulk2018	unchecked			
2173	GermanicSlavicBaltic2025	unchecked			
2173	Goblirsch1991	unchecked			
2173	Hamp1990	unchecked			
2173	Hirt1931	unchecked			
2173	Hogg1979	unchecked			
2173	HoggGrammar2011	unchecked			
2173	HoggIntroduction1992	unchecked			
2173	HoggPhonology1992	unchecked			
2173	HowellSalmons1988	unchecked			
2173	Kaluza1900	unchecked			
2173	Kastovsky1992	unchecked			
2173	Kilday2024	unchecked			
2173	KlugeSeebold2011	unchecked			
2173	Kortlandt2008	unchecked			
2173	Kroonen2006	unchecked			
2173	Kroonen2011	unchecked			
2173	Kroonen2013	unchecked			
2173	Kylstra1983	unchecked			
2173	Laker2007	unchecked			
2173	Lid1952	unchecked			
2173	Lloyd1966	unchecked			
2173	LloydSpringer1988	unchecked			
2173	Luehr1993	unchecked			
2173	Luick1914	unchecked			
2173	Mayrhofer1992	unchecked			
2173	Mees2020	unchecked			
2173	NeriRingeReview	unchecked			
2173	Nielsen2001	unchecked			
2173	Orel2003	unchecked			
2173	Pierce1999	unchecked			
2173	Pierce2003	unchecked			
2173	Pierce2006	unchecked			
2173	Pokorny1959	unchecked			
2173	Polome1967	unchecked			
2173	Polome1994	unchecked			
2173	Repansek2012	unchecked			
2173	Rice1994	unchecked			
2173	Ringe1984	unchecked			
2173	Ringe2017	unchecked			
2173	RingeTaylor2014	unchecked			
2173	Seebold1970	unchecked			
2173	SieversBrunner1965	unchecked			
2173	StauslandJohnsen2015	unchecked			
2173	Stiles1985	unchecked			
2173	Stiles1986a	unchecked			
2173	Stiles1986b	unchecked			
2173	Stiles2012	unchecked			
2173	Stiles2017	unchecked			
2173	Streitberg1896	unchecked			
2173	Sweet1953	unchecked			
2173	Thorhallsdottir1993	unchecked			
2173	Toon1992	unchecked			
2173	Versloot2017	unchecked			
2173	Versloot2021	unchecked			
2173	Versloot2025	unchecked			
2173	Vine2019	unchecked			
2173	Waxenberger2019	unchecked			
2173	WrightWuelcker1884	unchecked			
2173	vanHelten1905	unchecked			
2174	Adamczyk2001	unchecked			
2174	Bammesberger1990	unchecked			
2174	Bammesberger1992	unchecked			
2174	Bammesberger1997	unchecked			
2174	Beekes2010	unchecked			
2174	Bennett1950	unchecked			
2174	BosworthToller1898	unchecked			
2174	Bremmer2008	unchecked			
2174	Bremmer2009	unchecked			
2174	Bright1917	unchecked			
2174	Bulbring1902	unchecked			
2174	CaedmonsHymnVitt1452	unchecked			
2174	Campbell1939	unchecked			
2174	Campbell1959	unchecked			
2174	Cercignani1979	evidence_found	seven-cercignani-citation	Complete article72-82 read; seven passage75 and original page image checked.	Capture the e-bearing citation and distinguish the proposed inflected source of i from universal raising before u.
2174	Cercignani1980	unchecked			
2174	ClarkHall1960	unchecked			
2174	Crist2001	unchecked			
2174	Crist2002	unchecked			
2174	Erdmann1972	unchecked			
2174	Fulk2018	unchecked			
2174	GermanicSlavicBaltic2025	unchecked			
2174	Goblirsch1991	unchecked			
2174	Hamp1990	unchecked			
2174	Hirt1931	unchecked			
2174	Hogg1979	unchecked			
2174	HoggGrammar2011	unchecked			
2174	HoggIntroduction1992	unchecked			
2174	HoggPhonology1992	unchecked			
2174	HowellSalmons1988	unchecked			
2174	Kaluza1900	unchecked			
2174	Kastovsky1992	unchecked			
2174	Kilday2024	unchecked			
2174	KlugeSeebold2011	unchecked			
2174	Kortlandt2008	unchecked			
2174	Kroonen2006	unchecked			
2174	Kroonen2011	unchecked			
2174	Kroonen2013	unchecked			
2174	Kylstra1983	unchecked			
2174	Laker2007	unchecked			
2174	Lid1952	unchecked			
2174	Lloyd1966	unchecked			
2174	LloydSpringer1988	unchecked			
2174	Luehr1993	unchecked			
2174	Luick1914	unchecked			
2174	Mayrhofer1992	unchecked			
2174	Mees2020	unchecked			
2174	NeriRingeReview	unchecked			
2174	Nielsen2001	unchecked			
2174	Orel2003	unchecked			
2174	Pierce1999	unchecked			
2174	Pierce2003	unchecked			
2174	Pierce2006	unchecked			
2174	Pokorny1959	unchecked			
2174	Polome1967	unchecked			
2174	Polome1994	unchecked			
2174	Repansek2012	unchecked			
2174	Rice1994	unchecked			
2174	Ringe1984	unchecked			
2174	Ringe2017	unchecked			
2174	RingeTaylor2014	unchecked			
2174	Seebold1970	unchecked			
2174	SieversBrunner1965	unchecked			
2174	StauslandJohnsen2015	unchecked			
2174	Stiles1985	unchecked			
2174	Stiles1986a	unchecked			
2174	Stiles1986b	unchecked			
2174	Stiles2012	unchecked			
2174	Stiles2017	unchecked			
2174	Streitberg1896	unchecked			
2174	Sweet1953	unchecked			
2174	Thorhallsdottir1993	unchecked			
2174	Toon1992	unchecked			
2174	Versloot2017	unchecked			
2174	Versloot2021	unchecked			
2174	Versloot2025	unchecked			
2174	Vine2019	unchecked			
2174	Waxenberger2019	unchecked			
2174	WrightWuelcker1884	unchecked			
2174	vanHelten1905	unchecked			
2175	Adamczyk2001	unchecked			
2175	Bammesberger1990	unchecked			
2175	Bammesberger1992	unchecked			
2175	Bammesberger1997	unchecked			
2175	Beekes2010	unchecked			
2175	Bennett1950	unchecked			
2175	BosworthToller1898	unchecked			
2175	Bremmer2008	unchecked			
2175	Bremmer2009	unchecked			
2175	Bright1917	unchecked			
2175	Bulbring1902	unchecked			
2175	CaedmonsHymnVitt1452	unchecked			
2175	Campbell1939	unchecked			
2175	Campbell1959	unchecked			
2175	Cercignani1979	unchecked			
2175	Cercignani1980	unchecked			
2175	ClarkHall1960	unchecked			
2175	Crist2001	unchecked			
2175	Crist2002	unchecked			
2175	Erdmann1972	unchecked			
2175	Fulk2018	unchecked			
2175	GermanicSlavicBaltic2025	unchecked			
2175	Goblirsch1991	unchecked			
2175	Hamp1990	unchecked			
2175	Hirt1931	unchecked			
2175	Hogg1979	unchecked			
2175	HoggGrammar2011	unchecked			
2175	HoggIntroduction1992	unchecked			
2175	HoggPhonology1992	unchecked			
2175	HowellSalmons1988	unchecked			
2175	Kaluza1900	unchecked			
2175	Kastovsky1992	unchecked			
2175	Kilday2024	unchecked			
2175	KlugeSeebold2011	unchecked			
2175	Kortlandt2008	unchecked			
2175	Kroonen2006	unchecked			
2175	Kroonen2011	unchecked			
2175	Kroonen2013	unchecked			
2175	Kylstra1983	unchecked			
2175	Laker2007	unchecked			
2175	Lid1952	unchecked			
2175	Lloyd1966	unchecked			
2175	LloydSpringer1988	unchecked			
2175	Luehr1993	unchecked			
2175	Luick1914	unchecked			
2175	Mayrhofer1992	unchecked			
2175	Mees2020	unchecked			
2175	NeriRingeReview	unchecked			
2175	Nielsen2001	unchecked			
2175	Orel2003	unchecked			
2175	Pierce1999	unchecked			
2175	Pierce2003	unchecked			
2175	Pierce2006	unchecked			
2175	Pokorny1959	unchecked			
2175	Polome1967	unchecked			
2175	Polome1994	unchecked			
2175	Repansek2012	unchecked			
2175	Rice1994	unchecked			
2175	Ringe1984	unchecked			
2175	Ringe2017	unchecked			
2175	RingeTaylor2014	unchecked			
2175	Seebold1970	unchecked			
2175	SieversBrunner1965	unchecked			
2175	StauslandJohnsen2015	unchecked			
2175	Stiles1985	unchecked			
2175	Stiles1986a	unchecked			
2175	Stiles1986b	unchecked			
2175	Stiles2012	unchecked			
2175	Stiles2017	unchecked			
2175	Streitberg1896	unchecked			
2175	Sweet1953	unchecked			
2175	Thorhallsdottir1993	unchecked			
2175	Toon1992	unchecked			
2175	Versloot2017	unchecked			
2175	Versloot2021	unchecked			
2175	Versloot2025	unchecked			
2175	Vine2019	unchecked			
2175	Waxenberger2019	unchecked			
2175	WrightWuelcker1884	unchecked			
2175	vanHelten1905	unchecked			
2176	Adamczyk2001	unchecked			
2176	Bammesberger1990	unchecked			
2176	Bammesberger1992	unchecked			
2176	Bammesberger1997	unchecked			
2176	Beekes2010	unchecked			
2176	Bennett1950	unchecked			
2176	BosworthToller1898	unchecked			
2176	Bremmer2008	unchecked			
2176	Bremmer2009	unchecked			
2176	Bright1917	unchecked			
2176	Bulbring1902	unchecked			
2176	CaedmonsHymnVitt1452	unchecked			
2176	Campbell1939	unchecked			
2176	Campbell1959	unchecked			
2176	Cercignani1979	unchecked			
2176	Cercignani1980	unchecked			
2176	ClarkHall1960	unchecked			
2176	Crist2001	unchecked			
2176	Crist2002	unchecked			
2176	Erdmann1972	unchecked			
2176	Fulk2018	unchecked			
2176	GermanicSlavicBaltic2025	unchecked			
2176	Goblirsch1991	unchecked			
2176	Hamp1990	unchecked			
2176	Hirt1931	unchecked			
2176	Hogg1979	unchecked			
2176	HoggGrammar2011	unchecked			
2176	HoggIntroduction1992	unchecked			
2176	HoggPhonology1992	unchecked			
2176	HowellSalmons1988	unchecked			
2176	Kaluza1900	unchecked			
2176	Kastovsky1992	unchecked			
2176	Kilday2024	unchecked			
2176	KlugeSeebold2011	unchecked			
2176	Kortlandt2008	unchecked			
2176	Kroonen2006	unchecked			
2176	Kroonen2011	unchecked			
2176	Kroonen2013	unchecked			
2176	Kylstra1983	unchecked			
2176	Laker2007	unchecked			
2176	Lid1952	unchecked			
2176	Lloyd1966	unchecked			
2176	LloydSpringer1988	unchecked			
2176	Luehr1993	unchecked			
2176	Luick1914	unchecked			
2176	Mayrhofer1992	unchecked			
2176	Mees2020	unchecked			
2176	NeriRingeReview	unchecked			
2176	Nielsen2001	unchecked			
2176	Orel2003	unchecked			
2176	Pierce1999	unchecked			
2176	Pierce2003	unchecked			
2176	Pierce2006	unchecked			
2176	Pokorny1959	unchecked			
2176	Polome1967	unchecked			
2176	Polome1994	unchecked			
2176	Repansek2012	unchecked			
2176	Rice1994	unchecked			
2176	Ringe1984	unchecked			
2176	Ringe2017	unchecked			
2176	RingeTaylor2014	unchecked			
2176	Seebold1970	unchecked			
2176	SieversBrunner1965	unchecked			
2176	StauslandJohnsen2015	unchecked			
2176	Stiles1985	unchecked			
2176	Stiles1986a	unchecked			
2176	Stiles1986b	unchecked			
2176	Stiles2012	unchecked			
2176	Stiles2017	unchecked			
2176	Streitberg1896	unchecked			
2176	Sweet1953	unchecked			
2176	Thorhallsdottir1993	unchecked			
2176	Toon1992	unchecked			
2176	Versloot2017	unchecked			
2176	Versloot2021	unchecked			
2176	Versloot2025	unchecked			
2176	Vine2019	unchecked			
2176	Waxenberger2019	unchecked			
2176	WrightWuelcker1884	unchecked			
2176	vanHelten1905	unchecked			
2177	Adamczyk2001	unchecked			
2177	Bammesberger1990	unchecked			
2177	Bammesberger1992	unchecked			
2177	Bammesberger1997	unchecked			
2177	Beekes2010	unchecked			
2177	Bennett1950	unchecked			
2177	BosworthToller1898	unchecked			
2177	Bremmer2008	unchecked			
2177	Bremmer2009	unchecked			
2177	Bright1917	unchecked			
2177	Bulbring1902	unchecked			
2177	CaedmonsHymnVitt1452	unchecked			
2177	Campbell1939	unchecked			
2177	Campbell1959	unchecked			
2177	Cercignani1979	unchecked			
2177	Cercignani1980	unchecked			
2177	ClarkHall1960	unchecked			
2177	Crist2001	unchecked			
2177	Crist2002	unchecked			
2177	Erdmann1972	unchecked			
2177	Fulk2018	unchecked			
2177	GermanicSlavicBaltic2025	unchecked			
2177	Goblirsch1991	unchecked			
2177	Hamp1990	unchecked			
2177	Hirt1931	unchecked			
2177	Hogg1979	unchecked			
2177	HoggGrammar2011	unchecked			
2177	HoggIntroduction1992	unchecked			
2177	HoggPhonology1992	unchecked			
2177	HowellSalmons1988	unchecked			
2177	Kaluza1900	unchecked			
2177	Kastovsky1992	unchecked			
2177	Kilday2024	unchecked			
2177	KlugeSeebold2011	unchecked			
2177	Kortlandt2008	unchecked			
2177	Kroonen2006	unchecked			
2177	Kroonen2011	unchecked			
2177	Kroonen2013	unchecked			
2177	Kylstra1983	unchecked			
2177	Laker2007	unchecked			
2177	Lid1952	unchecked			
2177	Lloyd1966	unchecked			
2177	LloydSpringer1988	unchecked			
2177	Luehr1993	unchecked			
2177	Luick1914	unchecked			
2177	Mayrhofer1992	unchecked			
2177	Mees2020	unchecked			
2177	NeriRingeReview	unchecked			
2177	Nielsen2001	unchecked			
2177	Orel2003	unchecked			
2177	Pierce1999	unchecked			
2177	Pierce2003	unchecked			
2177	Pierce2006	unchecked			
2177	Pokorny1959	unchecked			
2177	Polome1967	unchecked			
2177	Polome1994	unchecked			
2177	Repansek2012	unchecked			
2177	Rice1994	unchecked			
2177	Ringe1984	unchecked			
2177	Ringe2017	unchecked			
2177	RingeTaylor2014	unchecked			
2177	Seebold1970	unchecked			
2177	SieversBrunner1965	unchecked			
2177	StauslandJohnsen2015	unchecked			
2177	Stiles1985	unchecked			
2177	Stiles1986a	unchecked			
2177	Stiles1986b	unchecked			
2177	Stiles2012	unchecked			
2177	Stiles2017	unchecked			
2177	Streitberg1896	unchecked			
2177	Sweet1953	unchecked			
2177	Thorhallsdottir1993	unchecked			
2177	Toon1992	unchecked			
2177	Versloot2017	unchecked			
2177	Versloot2021	unchecked			
2177	Versloot2025	unchecked			
2177	Vine2019	unchecked			
2177	Waxenberger2019	unchecked			
2177	WrightWuelcker1884	unchecked			
2177	vanHelten1905	unchecked			
2178	Adamczyk2001	unchecked			
2178	Bammesberger1990	unchecked			
2178	Bammesberger1992	unchecked			
2178	Bammesberger1997	unchecked			
2178	Beekes2010	unchecked			
2178	Bennett1950	unchecked			
2178	BosworthToller1898	unchecked			
2178	Bremmer2008	unchecked			
2178	Bremmer2009	unchecked			
2178	Bright1917	unchecked			
2178	Bulbring1902	unchecked			
2178	CaedmonsHymnVitt1452	unchecked			
2178	Campbell1939	unchecked			
2178	Campbell1959	unchecked			
2178	Cercignani1979	unchecked			
2178	Cercignani1980	unchecked			
2178	ClarkHall1960	unchecked			
2178	Crist2001	unchecked			
2178	Crist2002	unchecked			
2178	Erdmann1972	unchecked			
2178	Fulk2018	unchecked			
2178	GermanicSlavicBaltic2025	unchecked			
2178	Goblirsch1991	unchecked			
2178	Hamp1990	unchecked			
2178	Hirt1931	unchecked			
2178	Hogg1979	unchecked			
2178	HoggGrammar2011	unchecked			
2178	HoggIntroduction1992	unchecked			
2178	HoggPhonology1992	unchecked			
2178	HowellSalmons1988	unchecked			
2178	Kaluza1900	unchecked			
2178	Kastovsky1992	unchecked			
2178	Kilday2024	unchecked			
2178	KlugeSeebold2011	unchecked			
2178	Kortlandt2008	unchecked			
2178	Kroonen2006	unchecked			
2178	Kroonen2011	unchecked			
2178	Kroonen2013	unchecked			
2178	Kylstra1983	unchecked			
2178	Laker2007	unchecked			
2178	Lid1952	unchecked			
2178	Lloyd1966	unchecked			
2178	LloydSpringer1988	unchecked			
2178	Luehr1993	unchecked			
2178	Luick1914	unchecked			
2178	Mayrhofer1992	unchecked			
2178	Mees2020	unchecked			
2178	NeriRingeReview	unchecked			
2178	Nielsen2001	unchecked			
2178	Orel2003	unchecked			
2178	Pierce1999	unchecked			
2178	Pierce2003	unchecked			
2178	Pierce2006	unchecked			
2178	Pokorny1959	unchecked			
2178	Polome1967	unchecked			
2178	Polome1994	unchecked			
2178	Repansek2012	unchecked			
2178	Rice1994	unchecked			
2178	Ringe1984	unchecked			
2178	Ringe2017	unchecked			
2178	RingeTaylor2014	unchecked			
2178	Seebold1970	unchecked			
2178	SieversBrunner1965	unchecked			
2178	StauslandJohnsen2015	unchecked			
2178	Stiles1985	unchecked			
2178	Stiles1986a	unchecked			
2178	Stiles1986b	unchecked			
2178	Stiles2012	unchecked			
2178	Stiles2017	unchecked			
2178	Streitberg1896	unchecked			
2178	Sweet1953	unchecked			
2178	Thorhallsdottir1993	unchecked			
2178	Toon1992	unchecked			
2178	Versloot2017	unchecked			
2178	Versloot2021	unchecked			
2178	Versloot2025	unchecked			
2178	Vine2019	unchecked			
2178	Waxenberger2019	unchecked			
2178	WrightWuelcker1884	unchecked			
2178	vanHelten1905	unchecked			
2179	Adamczyk2001	unchecked			
2179	Bammesberger1990	unchecked			
2179	Bammesberger1992	unchecked			
2179	Bammesberger1997	unchecked			
2179	Beekes2010	unchecked			
2179	Bennett1950	unchecked			
2179	BosworthToller1898	unchecked			
2179	Bremmer2008	unchecked			
2179	Bremmer2009	unchecked			
2179	Bright1917	unchecked			
2179	Bulbring1902	unchecked			
2179	CaedmonsHymnVitt1452	unchecked			
2179	Campbell1939	unchecked			
2179	Campbell1959	unchecked			
2179	Cercignani1979	unchecked			
2179	Cercignani1980	unchecked			
2179	ClarkHall1960	unchecked			
2179	Crist2001	unchecked			
2179	Crist2002	unchecked			
2179	Erdmann1972	unchecked			
2179	Fulk2018	unchecked			
2179	GermanicSlavicBaltic2025	unchecked			
2179	Goblirsch1991	unchecked			
2179	Hamp1990	unchecked			
2179	Hirt1931	unchecked			
2179	Hogg1979	unchecked			
2179	HoggGrammar2011	unchecked			
2179	HoggIntroduction1992	unchecked			
2179	HoggPhonology1992	unchecked			
2179	HowellSalmons1988	unchecked			
2179	Kaluza1900	unchecked			
2179	Kastovsky1992	unchecked			
2179	Kilday2024	unchecked			
2179	KlugeSeebold2011	unchecked			
2179	Kortlandt2008	unchecked			
2179	Kroonen2006	unchecked			
2179	Kroonen2011	unchecked			
2179	Kroonen2013	unchecked			
2179	Kylstra1983	unchecked			
2179	Laker2007	unchecked			
2179	Lid1952	unchecked			
2179	Lloyd1966	unchecked			
2179	LloydSpringer1988	unchecked			
2179	Luehr1993	unchecked			
2179	Luick1914	unchecked			
2179	Mayrhofer1992	unchecked			
2179	Mees2020	unchecked			
2179	NeriRingeReview	unchecked			
2179	Nielsen2001	unchecked			
2179	Orel2003	unchecked			
2179	Pierce1999	unchecked			
2179	Pierce2003	unchecked			
2179	Pierce2006	unchecked			
2179	Pokorny1959	unchecked			
2179	Polome1967	unchecked			
2179	Polome1994	unchecked			
2179	Repansek2012	unchecked			
2179	Rice1994	unchecked			
2179	Ringe1984	unchecked			
2179	Ringe2017	unchecked			
2179	RingeTaylor2014	unchecked			
2179	Seebold1970	unchecked			
2179	SieversBrunner1965	unchecked			
2179	StauslandJohnsen2015	unchecked			
2179	Stiles1985	unchecked			
2179	Stiles1986a	unchecked			
2179	Stiles1986b	unchecked			
2179	Stiles2012	unchecked			
2179	Stiles2017	unchecked			
2179	Streitberg1896	unchecked			
2179	Sweet1953	unchecked			
2179	Thorhallsdottir1993	unchecked			
2179	Toon1992	unchecked			
2179	Versloot2017	unchecked			
2179	Versloot2021	unchecked			
2179	Versloot2025	unchecked			
2179	Vine2019	unchecked			
2179	Waxenberger2019	unchecked			
2179	WrightWuelcker1884	unchecked			
2179	vanHelten1905	unchecked			
2180	Adamczyk2001	unchecked			
2180	Bammesberger1990	unchecked			
2180	Bammesberger1992	unchecked			
2180	Bammesberger1997	unchecked			
2180	Beekes2010	unchecked			
2180	Bennett1950	unchecked			
2180	BosworthToller1898	unchecked			
2180	Bremmer2008	unchecked			
2180	Bremmer2009	unchecked			
2180	Bright1917	unchecked			
2180	Bulbring1902	unchecked			
2180	CaedmonsHymnVitt1452	unchecked			
2180	Campbell1939	unchecked			
2180	Campbell1959	unchecked			
2180	Cercignani1979	unchecked			
2180	Cercignani1980	unchecked			
2180	ClarkHall1960	unchecked			
2180	Crist2001	unchecked			
2180	Crist2002	unchecked			
2180	Erdmann1972	unchecked			
2180	Fulk2018	unchecked			
2180	GermanicSlavicBaltic2025	unchecked			
2180	Goblirsch1991	unchecked			
2180	Hamp1990	unchecked			
2180	Hirt1931	unchecked			
2180	Hogg1979	unchecked			
2180	HoggGrammar2011	unchecked			
2180	HoggIntroduction1992	unchecked			
2180	HoggPhonology1992	unchecked			
2180	HowellSalmons1988	unchecked			
2180	Kaluza1900	unchecked			
2180	Kastovsky1992	unchecked			
2180	Kilday2024	unchecked			
2180	KlugeSeebold2011	unchecked			
2180	Kortlandt2008	unchecked			
2180	Kroonen2006	unchecked			
2180	Kroonen2011	unchecked			
2180	Kroonen2013	unchecked			
2180	Kylstra1983	unchecked			
2180	Laker2007	unchecked			
2180	Lid1952	unchecked			
2180	Lloyd1966	unchecked			
2180	LloydSpringer1988	unchecked			
2180	Luehr1993	unchecked			
2180	Luick1914	unchecked			
2180	Mayrhofer1992	unchecked			
2180	Mees2020	unchecked			
2180	NeriRingeReview	unchecked			
2180	Nielsen2001	unchecked			
2180	Orel2003	unchecked			
2180	Pierce1999	unchecked			
2180	Pierce2003	unchecked			
2180	Pierce2006	unchecked			
2180	Pokorny1959	unchecked			
2180	Polome1967	unchecked			
2180	Polome1994	unchecked			
2180	Repansek2012	unchecked			
2180	Rice1994	unchecked			
2180	Ringe1984	unchecked			
2180	Ringe2017	unchecked			
2180	RingeTaylor2014	unchecked			
2180	Seebold1970	unchecked			
2180	SieversBrunner1965	unchecked			
2180	StauslandJohnsen2015	unchecked			
2180	Stiles1985	unchecked			
2180	Stiles1986a	unchecked			
2180	Stiles1986b	unchecked			
2180	Stiles2012	unchecked			
2180	Stiles2017	unchecked			
2180	Streitberg1896	unchecked			
2180	Sweet1953	unchecked			
2180	Thorhallsdottir1993	unchecked			
2180	Toon1992	unchecked			
2180	Versloot2017	unchecked			
2180	Versloot2021	unchecked			
2180	Versloot2025	unchecked			
2180	Vine2019	unchecked			
2180	Waxenberger2019	unchecked			
2180	WrightWuelcker1884	unchecked			
2180	vanHelten1905	unchecked			
2181	Adamczyk2001	unchecked			
2181	Bammesberger1990	unchecked			
2181	Bammesberger1992	unchecked			
2181	Bammesberger1997	unchecked			
2181	Beekes2010	unchecked			
2181	Bennett1950	unchecked			
2181	BosworthToller1898	unchecked			
2181	Bremmer2008	unchecked			
2181	Bremmer2009	unchecked			
2181	Bright1917	unchecked			
2181	Bulbring1902	unchecked			
2181	CaedmonsHymnVitt1452	unchecked			
2181	Campbell1939	unchecked			
2181	Campbell1959	unchecked			
2181	Cercignani1979	unchecked			
2181	Cercignani1980	unchecked			
2181	ClarkHall1960	unchecked			
2181	Crist2001	unchecked			
2181	Crist2002	unchecked			
2181	Erdmann1972	unchecked			
2181	Fulk2018	unchecked			
2181	GermanicSlavicBaltic2025	unchecked			
2181	Goblirsch1991	unchecked			
2181	Hamp1990	unchecked			
2181	Hirt1931	unchecked			
2181	Hogg1979	unchecked			
2181	HoggGrammar2011	unchecked			
2181	HoggIntroduction1992	unchecked			
2181	HoggPhonology1992	unchecked			
2181	HowellSalmons1988	unchecked			
2181	Kaluza1900	unchecked			
2181	Kastovsky1992	unchecked			
2181	Kilday2024	unchecked			
2181	KlugeSeebold2011	unchecked			
2181	Kortlandt2008	unchecked			
2181	Kroonen2006	unchecked			
2181	Kroonen2011	unchecked			
2181	Kroonen2013	unchecked			
2181	Kylstra1983	unchecked			
2181	Laker2007	unchecked			
2181	Lid1952	unchecked			
2181	Lloyd1966	unchecked			
2181	LloydSpringer1988	unchecked			
2181	Luehr1993	unchecked			
2181	Luick1914	unchecked			
2181	Mayrhofer1992	unchecked			
2181	Mees2020	unchecked			
2181	NeriRingeReview	unchecked			
2181	Nielsen2001	unchecked			
2181	Orel2003	unchecked			
2181	Pierce1999	unchecked			
2181	Pierce2003	unchecked			
2181	Pierce2006	unchecked			
2181	Pokorny1959	unchecked			
2181	Polome1967	unchecked			
2181	Polome1994	unchecked			
2181	Repansek2012	unchecked			
2181	Rice1994	unchecked			
2181	Ringe1984	unchecked			
2181	Ringe2017	unchecked			
2181	RingeTaylor2014	unchecked			
2181	Seebold1970	unchecked			
2181	SieversBrunner1965	unchecked			
2181	StauslandJohnsen2015	unchecked			
2181	Stiles1985	unchecked			
2181	Stiles1986a	unchecked			
2181	Stiles1986b	unchecked			
2181	Stiles2012	unchecked			
2181	Stiles2017	unchecked			
2181	Streitberg1896	unchecked			
2181	Sweet1953	unchecked			
2181	Thorhallsdottir1993	unchecked			
2181	Toon1992	unchecked			
2181	Versloot2017	unchecked			
2181	Versloot2021	unchecked			
2181	Versloot2025	unchecked			
2181	Vine2019	unchecked			
2181	Waxenberger2019	unchecked			
2181	WrightWuelcker1884	unchecked			
2181	vanHelten1905	unchecked			
2182	Adamczyk2001	unchecked			
2182	Bammesberger1990	unchecked			
2182	Bammesberger1992	unchecked			
2182	Bammesberger1997	unchecked			
2182	Beekes2010	unchecked			
2182	Bennett1950	unchecked			
2182	BosworthToller1898	unchecked			
2182	Bremmer2008	unchecked			
2182	Bremmer2009	unchecked			
2182	Bright1917	unchecked			
2182	Bulbring1902	unchecked			
2182	CaedmonsHymnVitt1452	unchecked			
2182	Campbell1939	unchecked			
2182	Campbell1959	unchecked			
2182	Cercignani1979	unchecked			
2182	Cercignani1980	unchecked			
2182	ClarkHall1960	unchecked			
2182	Crist2001	unchecked			
2182	Crist2002	unchecked			
2182	Erdmann1972	unchecked			
2182	Fulk2018	unchecked			
2182	GermanicSlavicBaltic2025	unchecked			
2182	Goblirsch1991	unchecked			
2182	Hamp1990	unchecked			
2182	Hirt1931	unchecked			
2182	Hogg1979	unchecked			
2182	HoggGrammar2011	unchecked			
2182	HoggIntroduction1992	unchecked			
2182	HoggPhonology1992	unchecked			
2182	HowellSalmons1988	unchecked			
2182	Kaluza1900	unchecked			
2182	Kastovsky1992	unchecked			
2182	Kilday2024	unchecked			
2182	KlugeSeebold2011	unchecked			
2182	Kortlandt2008	unchecked			
2182	Kroonen2006	unchecked			
2182	Kroonen2011	unchecked			
2182	Kroonen2013	unchecked			
2182	Kylstra1983	unchecked			
2182	Laker2007	unchecked			
2182	Lid1952	unchecked			
2182	Lloyd1966	unchecked			
2182	LloydSpringer1988	unchecked			
2182	Luehr1993	unchecked			
2182	Luick1914	unchecked			
2182	Mayrhofer1992	unchecked			
2182	Mees2020	unchecked			
2182	NeriRingeReview	unchecked			
2182	Nielsen2001	unchecked			
2182	Orel2003	unchecked			
2182	Pierce1999	unchecked			
2182	Pierce2003	unchecked			
2182	Pierce2006	unchecked			
2182	Pokorny1959	unchecked			
2182	Polome1967	unchecked			
2182	Polome1994	unchecked			
2182	Repansek2012	unchecked			
2182	Rice1994	unchecked			
2182	Ringe1984	unchecked			
2182	Ringe2017	unchecked			
2182	RingeTaylor2014	unchecked			
2182	Seebold1970	unchecked			
2182	SieversBrunner1965	unchecked			
2182	StauslandJohnsen2015	unchecked			
2182	Stiles1985	unchecked			
2182	Stiles1986a	unchecked			
2182	Stiles1986b	unchecked			
2182	Stiles2012	unchecked			
2182	Stiles2017	unchecked			
2182	Streitberg1896	unchecked			
2182	Sweet1953	unchecked			
2182	Thorhallsdottir1993	unchecked			
2182	Toon1992	unchecked			
2182	Versloot2017	unchecked			
2182	Versloot2021	unchecked			
2182	Versloot2025	unchecked			
2182	Vine2019	unchecked			
2182	Waxenberger2019	unchecked			
2182	WrightWuelcker1884	unchecked			
2182	vanHelten1905	unchecked			
2183	Adamczyk2001	unchecked			
2183	Bammesberger1990	unchecked			
2183	Bammesberger1992	unchecked			
2183	Bammesberger1997	unchecked			
2183	Beekes2010	unchecked			
2183	Bennett1950	unchecked			
2183	BosworthToller1898	unchecked			
2183	Bremmer2008	unchecked			
2183	Bremmer2009	unchecked			
2183	Bright1917	unchecked			
2183	Bulbring1902	unchecked			
2183	CaedmonsHymnVitt1452	unchecked			
2183	Campbell1939	unchecked			
2183	Campbell1959	unchecked			
2183	Cercignani1979	unchecked			
2183	Cercignani1980	unchecked			
2183	ClarkHall1960	unchecked			
2183	Crist2001	unchecked			
2183	Crist2002	unchecked			
2183	Erdmann1972	unchecked			
2183	Fulk2018	unchecked			
2183	GermanicSlavicBaltic2025	unchecked			
2183	Goblirsch1991	unchecked			
2183	Hamp1990	unchecked			
2183	Hirt1931	unchecked			
2183	Hogg1979	unchecked			
2183	HoggGrammar2011	unchecked			
2183	HoggIntroduction1992	unchecked			
2183	HoggPhonology1992	unchecked			
2183	HowellSalmons1988	unchecked			
2183	Kaluza1900	unchecked			
2183	Kastovsky1992	unchecked			
2183	Kilday2024	unchecked			
2183	KlugeSeebold2011	unchecked			
2183	Kortlandt2008	unchecked			
2183	Kroonen2006	unchecked			
2183	Kroonen2011	unchecked			
2183	Kroonen2013	unchecked			
2183	Kylstra1983	unchecked			
2183	Laker2007	unchecked			
2183	Lid1952	unchecked			
2183	Lloyd1966	unchecked			
2183	LloydSpringer1988	unchecked			
2183	Luehr1993	unchecked			
2183	Luick1914	unchecked			
2183	Mayrhofer1992	unchecked			
2183	Mees2020	unchecked			
2183	NeriRingeReview	unchecked			
2183	Nielsen2001	unchecked			
2183	Orel2003	unchecked			
2183	Pierce1999	unchecked			
2183	Pierce2003	unchecked			
2183	Pierce2006	unchecked			
2183	Pokorny1959	unchecked			
2183	Polome1967	unchecked			
2183	Polome1994	unchecked			
2183	Repansek2012	unchecked			
2183	Rice1994	unchecked			
2183	Ringe1984	unchecked			
2183	Ringe2017	unchecked			
2183	RingeTaylor2014	unchecked			
2183	Seebold1970	unchecked			
2183	SieversBrunner1965	unchecked			
2183	StauslandJohnsen2015	unchecked			
2183	Stiles1985	unchecked			
2183	Stiles1986a	unchecked			
2183	Stiles1986b	unchecked			
2183	Stiles2012	unchecked			
2183	Stiles2017	unchecked			
2183	Streitberg1896	unchecked			
2183	Sweet1953	unchecked			
2183	Thorhallsdottir1993	unchecked			
2183	Toon1992	unchecked			
2183	Versloot2017	unchecked			
2183	Versloot2021	unchecked			
2183	Versloot2025	unchecked			
2183	Vine2019	unchecked			
2183	Waxenberger2019	unchecked			
2183	WrightWuelcker1884	unchecked			
2183	vanHelten1905	unchecked			
2184	Adamczyk2001	unchecked			
2184	Bammesberger1990	unchecked			
2184	Bammesberger1992	unchecked			
2184	Bammesberger1997	unchecked			
2184	Beekes2010	unchecked			
2184	Bennett1950	unchecked			
2184	BosworthToller1898	unchecked			
2184	Bremmer2008	unchecked			
2184	Bremmer2009	unchecked			
2184	Bright1917	unchecked			
2184	Bulbring1902	unchecked			
2184	CaedmonsHymnVitt1452	unchecked			
2184	Campbell1939	unchecked			
2184	Campbell1959	unchecked			
2184	Cercignani1979	unchecked			
2184	Cercignani1980	unchecked			
2184	ClarkHall1960	unchecked			
2184	Crist2001	unchecked			
2184	Crist2002	unchecked			
2184	Erdmann1972	unchecked			
2184	Fulk2018	unchecked			
2184	GermanicSlavicBaltic2025	unchecked			
2184	Goblirsch1991	unchecked			
2184	Hamp1990	unchecked			
2184	Hirt1931	unchecked			
2184	Hogg1979	unchecked			
2184	HoggGrammar2011	unchecked			
2184	HoggIntroduction1992	unchecked			
2184	HoggPhonology1992	unchecked			
2184	HowellSalmons1988	unchecked			
2184	Kaluza1900	unchecked			
2184	Kastovsky1992	unchecked			
2184	Kilday2024	unchecked			
2184	KlugeSeebold2011	unchecked			
2184	Kortlandt2008	unchecked			
2184	Kroonen2006	unchecked			
2184	Kroonen2011	unchecked			
2184	Kroonen2013	unchecked			
2184	Kylstra1983	unchecked			
2184	Laker2007	unchecked			
2184	Lid1952	unchecked			
2184	Lloyd1966	unchecked			
2184	LloydSpringer1988	unchecked			
2184	Luehr1993	unchecked			
2184	Luick1914	unchecked			
2184	Mayrhofer1992	unchecked			
2184	Mees2020	unchecked			
2184	NeriRingeReview	unchecked			
2184	Nielsen2001	unchecked			
2184	Orel2003	unchecked			
2184	Pierce1999	unchecked			
2184	Pierce2003	unchecked			
2184	Pierce2006	unchecked			
2184	Pokorny1959	unchecked			
2184	Polome1967	unchecked			
2184	Polome1994	unchecked			
2184	Repansek2012	unchecked			
2184	Rice1994	unchecked			
2184	Ringe1984	unchecked			
2184	Ringe2017	unchecked			
2184	RingeTaylor2014	unchecked			
2184	Seebold1970	unchecked			
2184	SieversBrunner1965	unchecked			
2184	StauslandJohnsen2015	unchecked			
2184	Stiles1985	unchecked			
2184	Stiles1986a	unchecked			
2184	Stiles1986b	unchecked			
2184	Stiles2012	unchecked			
2184	Stiles2017	unchecked			
2184	Streitberg1896	unchecked			
2184	Sweet1953	unchecked			
2184	Thorhallsdottir1993	unchecked			
2184	Toon1992	unchecked			
2184	Versloot2017	unchecked			
2184	Versloot2021	unchecked			
2184	Versloot2025	unchecked			
2184	Vine2019	unchecked			
2184	Waxenberger2019	unchecked			
2184	WrightWuelcker1884	unchecked			
2184	vanHelten1905	unchecked			
2185	Adamczyk2001	unchecked			
2185	Bammesberger1990	unchecked			
2185	Bammesberger1992	unchecked			
2185	Bammesberger1997	unchecked			
2185	Beekes2010	unchecked			
2185	Bennett1950	unchecked			
2185	BosworthToller1898	unchecked			
2185	Bremmer2008	unchecked			
2185	Bremmer2009	unchecked			
2185	Bright1917	unchecked			
2185	Bulbring1902	unchecked			
2185	CaedmonsHymnVitt1452	unchecked			
2185	Campbell1939	unchecked			
2185	Campbell1959	unchecked			
2185	Cercignani1979	unchecked			
2185	Cercignani1980	unchecked			
2185	ClarkHall1960	unchecked			
2185	Crist2001	unchecked			
2185	Crist2002	unchecked			
2185	Erdmann1972	unchecked			
2185	Fulk2018	unchecked			
2185	GermanicSlavicBaltic2025	unchecked			
2185	Goblirsch1991	unchecked			
2185	Hamp1990	unchecked			
2185	Hirt1931	unchecked			
2185	Hogg1979	unchecked			
2185	HoggGrammar2011	unchecked			
2185	HoggIntroduction1992	unchecked			
2185	HoggPhonology1992	unchecked			
2185	HowellSalmons1988	unchecked			
2185	Kaluza1900	unchecked			
2185	Kastovsky1992	unchecked			
2185	Kilday2024	unchecked			
2185	KlugeSeebold2011	unchecked			
2185	Kortlandt2008	unchecked			
2185	Kroonen2006	unchecked			
2185	Kroonen2011	unchecked			
2185	Kroonen2013	unchecked			
2185	Kylstra1983	unchecked			
2185	Laker2007	unchecked			
2185	Lid1952	unchecked			
2185	Lloyd1966	unchecked			
2185	LloydSpringer1988	unchecked			
2185	Luehr1993	unchecked			
2185	Luick1914	unchecked			
2185	Mayrhofer1992	unchecked			
2185	Mees2020	unchecked			
2185	NeriRingeReview	unchecked			
2185	Nielsen2001	unchecked			
2185	Orel2003	unchecked			
2185	Pierce1999	unchecked			
2185	Pierce2003	unchecked			
2185	Pierce2006	unchecked			
2185	Pokorny1959	unchecked			
2185	Polome1967	unchecked			
2185	Polome1994	unchecked			
2185	Repansek2012	unchecked			
2185	Rice1994	unchecked			
2185	Ringe1984	unchecked			
2185	Ringe2017	unchecked			
2185	RingeTaylor2014	unchecked			
2185	Seebold1970	unchecked			
2185	SieversBrunner1965	unchecked			
2185	StauslandJohnsen2015	unchecked			
2185	Stiles1985	unchecked			
2185	Stiles1986a	unchecked			
2185	Stiles1986b	unchecked			
2185	Stiles2012	unchecked			
2185	Stiles2017	unchecked			
2185	Streitberg1896	unchecked			
2185	Sweet1953	unchecked			
2185	Thorhallsdottir1993	unchecked			
2185	Toon1992	unchecked			
2185	Versloot2017	unchecked			
2185	Versloot2021	unchecked			
2185	Versloot2025	unchecked			
2185	Vine2019	unchecked			
2185	Waxenberger2019	unchecked			
2185	WrightWuelcker1884	unchecked			
2185	vanHelten1905	unchecked			
2186	Adamczyk2001	unchecked			
2186	Bammesberger1990	unchecked			
2186	Bammesberger1992	unchecked			
2186	Bammesberger1997	unchecked			
2186	Beekes2010	unchecked			
2186	Bennett1950	unchecked			
2186	BosworthToller1898	unchecked			
2186	Bremmer2008	unchecked			
2186	Bremmer2009	unchecked			
2186	Bright1917	unchecked			
2186	Bulbring1902	unchecked			
2186	CaedmonsHymnVitt1452	unchecked			
2186	Campbell1939	unchecked			
2186	Campbell1959	unchecked			
2186	Cercignani1979	unchecked			
2186	Cercignani1980	unchecked			
2186	ClarkHall1960	unchecked			
2186	Crist2001	unchecked			
2186	Crist2002	unchecked			
2186	Erdmann1972	unchecked			
2186	Fulk2018	unchecked			
2186	GermanicSlavicBaltic2025	unchecked			
2186	Goblirsch1991	unchecked			
2186	Hamp1990	unchecked			
2186	Hirt1931	unchecked			
2186	Hogg1979	unchecked			
2186	HoggGrammar2011	unchecked			
2186	HoggIntroduction1992	unchecked			
2186	HoggPhonology1992	unchecked			
2186	HowellSalmons1988	unchecked			
2186	Kaluza1900	unchecked			
2186	Kastovsky1992	unchecked			
2186	Kilday2024	unchecked			
2186	KlugeSeebold2011	unchecked			
2186	Kortlandt2008	unchecked			
2186	Kroonen2006	unchecked			
2186	Kroonen2011	unchecked			
2186	Kroonen2013	unchecked			
2186	Kylstra1983	unchecked			
2186	Laker2007	unchecked			
2186	Lid1952	unchecked			
2186	Lloyd1966	unchecked			
2186	LloydSpringer1988	unchecked			
2186	Luehr1993	unchecked			
2186	Luick1914	unchecked			
2186	Mayrhofer1992	unchecked			
2186	Mees2020	unchecked			
2186	NeriRingeReview	unchecked			
2186	Nielsen2001	unchecked			
2186	Orel2003	unchecked			
2186	Pierce1999	unchecked			
2186	Pierce2003	unchecked			
2186	Pierce2006	unchecked			
2186	Pokorny1959	unchecked			
2186	Polome1967	unchecked			
2186	Polome1994	unchecked			
2186	Repansek2012	unchecked			
2186	Rice1994	unchecked			
2186	Ringe1984	unchecked			
2186	Ringe2017	unchecked			
2186	RingeTaylor2014	unchecked			
2186	Seebold1970	unchecked			
2186	SieversBrunner1965	unchecked			
2186	StauslandJohnsen2015	unchecked			
2186	Stiles1985	unchecked			
2186	Stiles1986a	unchecked			
2186	Stiles1986b	unchecked			
2186	Stiles2012	unchecked			
2186	Stiles2017	unchecked			
2186	Streitberg1896	unchecked			
2186	Sweet1953	unchecked			
2186	Thorhallsdottir1993	unchecked			
2186	Toon1992	unchecked			
2186	Versloot2017	unchecked			
2186	Versloot2021	unchecked			
2186	Versloot2025	unchecked			
2186	Vine2019	unchecked			
2186	Waxenberger2019	unchecked			
2186	WrightWuelcker1884	unchecked			
2186	vanHelten1905	unchecked			
2187	Adamczyk2001	unchecked			
2187	Bammesberger1990	unchecked			
2187	Bammesberger1992	unchecked			
2187	Bammesberger1997	unchecked			
2187	Beekes2010	unchecked			
2187	Bennett1950	unchecked			
2187	BosworthToller1898	unchecked			
2187	Bremmer2008	unchecked			
2187	Bremmer2009	unchecked			
2187	Bright1917	unchecked			
2187	Bulbring1902	unchecked			
2187	CaedmonsHymnVitt1452	unchecked			
2187	Campbell1939	unchecked			
2187	Campbell1959	unchecked			
2187	Cercignani1979	unchecked			
2187	Cercignani1980	unchecked			
2187	ClarkHall1960	unchecked			
2187	Crist2001	unchecked			
2187	Crist2002	unchecked			
2187	Erdmann1972	unchecked			
2187	Fulk2018	unchecked			
2187	GermanicSlavicBaltic2025	unchecked			
2187	Goblirsch1991	unchecked			
2187	Hamp1990	unchecked			
2187	Hirt1931	unchecked			
2187	Hogg1979	unchecked			
2187	HoggGrammar2011	unchecked			
2187	HoggIntroduction1992	unchecked			
2187	HoggPhonology1992	unchecked			
2187	HowellSalmons1988	unchecked			
2187	Kaluza1900	unchecked			
2187	Kastovsky1992	unchecked			
2187	Kilday2024	unchecked			
2187	KlugeSeebold2011	unchecked			
2187	Kortlandt2008	unchecked			
2187	Kroonen2006	unchecked			
2187	Kroonen2011	unchecked			
2187	Kroonen2013	unchecked			
2187	Kylstra1983	unchecked			
2187	Laker2007	unchecked			
2187	Lid1952	unchecked			
2187	Lloyd1966	unchecked			
2187	LloydSpringer1988	unchecked			
2187	Luehr1993	unchecked			
2187	Luick1914	unchecked			
2187	Mayrhofer1992	unchecked			
2187	Mees2020	unchecked			
2187	NeriRingeReview	unchecked			
2187	Nielsen2001	unchecked			
2187	Orel2003	unchecked			
2187	Pierce1999	unchecked			
2187	Pierce2003	unchecked			
2187	Pierce2006	unchecked			
2187	Pokorny1959	unchecked			
2187	Polome1967	unchecked			
2187	Polome1994	unchecked			
2187	Repansek2012	unchecked			
2187	Rice1994	unchecked			
2187	Ringe1984	unchecked			
2187	Ringe2017	unchecked			
2187	RingeTaylor2014	unchecked			
2187	Seebold1970	unchecked			
2187	SieversBrunner1965	unchecked			
2187	StauslandJohnsen2015	unchecked			
2187	Stiles1985	unchecked			
2187	Stiles1986a	unchecked			
2187	Stiles1986b	unchecked			
2187	Stiles2012	unchecked			
2187	Stiles2017	unchecked			
2187	Streitberg1896	unchecked			
2187	Sweet1953	unchecked			
2187	Thorhallsdottir1993	unchecked			
2187	Toon1992	unchecked			
2187	Versloot2017	unchecked			
2187	Versloot2021	unchecked			
2187	Versloot2025	unchecked			
2187	Vine2019	unchecked			
2187	Waxenberger2019	unchecked			
2187	WrightWuelcker1884	unchecked			
2187	vanHelten1905	unchecked			
2188	Adamczyk2001	unchecked			
2188	Bammesberger1990	unchecked			
2188	Bammesberger1992	unchecked			
2188	Bammesberger1997	unchecked			
2188	Beekes2010	unchecked			
2188	Bennett1950	unchecked			
2188	BosworthToller1898	unchecked			
2188	Bremmer2008	unchecked			
2188	Bremmer2009	unchecked			
2188	Bright1917	unchecked			
2188	Bulbring1902	unchecked			
2188	CaedmonsHymnVitt1452	unchecked			
2188	Campbell1939	unchecked			
2188	Campbell1959	unchecked			
2188	Cercignani1979	unchecked			
2188	Cercignani1980	unchecked			
2188	ClarkHall1960	unchecked			
2188	Crist2001	unchecked			
2188	Crist2002	unchecked			
2188	Erdmann1972	unchecked			
2188	Fulk2018	unchecked			
2188	GermanicSlavicBaltic2025	unchecked			
2188	Goblirsch1991	unchecked			
2188	Hamp1990	unchecked			
2188	Hirt1931	unchecked			
2188	Hogg1979	unchecked			
2188	HoggGrammar2011	unchecked			
2188	HoggIntroduction1992	unchecked			
2188	HoggPhonology1992	unchecked			
2188	HowellSalmons1988	unchecked			
2188	Kaluza1900	unchecked			
2188	Kastovsky1992	unchecked			
2188	Kilday2024	unchecked			
2188	KlugeSeebold2011	unchecked			
2188	Kortlandt2008	unchecked			
2188	Kroonen2006	unchecked			
2188	Kroonen2011	unchecked			
2188	Kroonen2013	unchecked			
2188	Kylstra1983	unchecked			
2188	Laker2007	unchecked			
2188	Lid1952	unchecked			
2188	Lloyd1966	unchecked			
2188	LloydSpringer1988	unchecked			
2188	Luehr1993	unchecked			
2188	Luick1914	unchecked			
2188	Mayrhofer1992	unchecked			
2188	Mees2020	unchecked			
2188	NeriRingeReview	unchecked			
2188	Nielsen2001	unchecked			
2188	Orel2003	unchecked			
2188	Pierce1999	unchecked			
2188	Pierce2003	unchecked			
2188	Pierce2006	unchecked			
2188	Pokorny1959	unchecked			
2188	Polome1967	unchecked			
2188	Polome1994	unchecked			
2188	Repansek2012	unchecked			
2188	Rice1994	unchecked			
2188	Ringe1984	unchecked			
2188	Ringe2017	unchecked			
2188	RingeTaylor2014	unchecked			
2188	Seebold1970	unchecked			
2188	SieversBrunner1965	unchecked			
2188	StauslandJohnsen2015	unchecked			
2188	Stiles1985	unchecked			
2188	Stiles1986a	unchecked			
2188	Stiles1986b	unchecked			
2188	Stiles2012	unchecked			
2188	Stiles2017	unchecked			
2188	Streitberg1896	unchecked			
2188	Sweet1953	unchecked			
2188	Thorhallsdottir1993	unchecked			
2188	Toon1992	unchecked			
2188	Versloot2017	unchecked			
2188	Versloot2021	unchecked			
2188	Versloot2025	unchecked			
2188	Vine2019	unchecked			
2188	Waxenberger2019	unchecked			
2188	WrightWuelcker1884	unchecked			
2188	vanHelten1905	unchecked			
2189	Adamczyk2001	unchecked			
2189	Bammesberger1990	unchecked			
2189	Bammesberger1992	unchecked			
2189	Bammesberger1997	unchecked			
2189	Beekes2010	unchecked			
2189	Bennett1950	unchecked			
2189	BosworthToller1898	unchecked			
2189	Bremmer2008	unchecked			
2189	Bremmer2009	unchecked			
2189	Bright1917	unchecked			
2189	Bulbring1902	unchecked			
2189	CaedmonsHymnVitt1452	unchecked			
2189	Campbell1939	unchecked			
2189	Campbell1959	unchecked			
2189	Cercignani1979	unchecked			
2189	Cercignani1980	unchecked			
2189	ClarkHall1960	unchecked			
2189	Crist2001	unchecked			
2189	Crist2002	unchecked			
2189	Erdmann1972	unchecked			
2189	Fulk2018	unchecked			
2189	GermanicSlavicBaltic2025	unchecked			
2189	Goblirsch1991	unchecked			
2189	Hamp1990	unchecked			
2189	Hirt1931	unchecked			
2189	Hogg1979	unchecked			
2189	HoggGrammar2011	unchecked			
2189	HoggIntroduction1992	unchecked			
2189	HoggPhonology1992	unchecked			
2189	HowellSalmons1988	unchecked			
2189	Kaluza1900	unchecked			
2189	Kastovsky1992	unchecked			
2189	Kilday2024	unchecked			
2189	KlugeSeebold2011	unchecked			
2189	Kortlandt2008	unchecked			
2189	Kroonen2006	unchecked			
2189	Kroonen2011	unchecked			
2189	Kroonen2013	unchecked			
2189	Kylstra1983	unchecked			
2189	Laker2007	unchecked			
2189	Lid1952	unchecked			
2189	Lloyd1966	unchecked			
2189	LloydSpringer1988	unchecked			
2189	Luehr1993	unchecked			
2189	Luick1914	unchecked			
2189	Mayrhofer1992	unchecked			
2189	Mees2020	unchecked			
2189	NeriRingeReview	unchecked			
2189	Nielsen2001	unchecked			
2189	Orel2003	unchecked			
2189	Pierce1999	unchecked			
2189	Pierce2003	unchecked			
2189	Pierce2006	unchecked			
2189	Pokorny1959	unchecked			
2189	Polome1967	unchecked			
2189	Polome1994	unchecked			
2189	Repansek2012	unchecked			
2189	Rice1994	unchecked			
2189	Ringe1984	unchecked			
2189	Ringe2017	unchecked			
2189	RingeTaylor2014	unchecked			
2189	Seebold1970	unchecked			
2189	SieversBrunner1965	unchecked			
2189	StauslandJohnsen2015	unchecked			
2189	Stiles1985	unchecked			
2189	Stiles1986a	unchecked			
2189	Stiles1986b	unchecked			
2189	Stiles2012	unchecked			
2189	Stiles2017	unchecked			
2189	Streitberg1896	unchecked			
2189	Sweet1953	unchecked			
2189	Thorhallsdottir1993	unchecked			
2189	Toon1992	unchecked			
2189	Versloot2017	unchecked			
2189	Versloot2021	unchecked			
2189	Versloot2025	unchecked			
2189	Vine2019	unchecked			
2189	Waxenberger2019	unchecked			
2189	WrightWuelcker1884	unchecked			
2189	vanHelten1905	unchecked			
2190	Adamczyk2001	unchecked			
2190	Bammesberger1990	unchecked			
2190	Bammesberger1992	unchecked			
2190	Bammesberger1997	unchecked			
2190	Beekes2010	unchecked			
2190	Bennett1950	unchecked			
2190	BosworthToller1898	unchecked			
2190	Bremmer2008	unchecked			
2190	Bremmer2009	unchecked			
2190	Bright1917	unchecked			
2190	Bulbring1902	unchecked			
2190	CaedmonsHymnVitt1452	unchecked			
2190	Campbell1939	unchecked			
2190	Campbell1959	unchecked			
2190	Cercignani1979	unchecked			
2190	Cercignani1980	unchecked			
2190	ClarkHall1960	unchecked			
2190	Crist2001	unchecked			
2190	Crist2002	unchecked			
2190	Erdmann1972	unchecked			
2190	Fulk2018	unchecked			
2190	GermanicSlavicBaltic2025	unchecked			
2190	Goblirsch1991	unchecked			
2190	Hamp1990	unchecked			
2190	Hirt1931	unchecked			
2190	Hogg1979	unchecked			
2190	HoggGrammar2011	unchecked			
2190	HoggIntroduction1992	unchecked			
2190	HoggPhonology1992	unchecked			
2190	HowellSalmons1988	unchecked			
2190	Kaluza1900	unchecked			
2190	Kastovsky1992	unchecked			
2190	Kilday2024	unchecked			
2190	KlugeSeebold2011	unchecked			
2190	Kortlandt2008	unchecked			
2190	Kroonen2006	unchecked			
2190	Kroonen2011	unchecked			
2190	Kroonen2013	unchecked			
2190	Kylstra1983	unchecked			
2190	Laker2007	unchecked			
2190	Lid1952	unchecked			
2190	Lloyd1966	unchecked			
2190	LloydSpringer1988	unchecked			
2190	Luehr1993	unchecked			
2190	Luick1914	unchecked			
2190	Mayrhofer1992	unchecked			
2190	Mees2020	unchecked			
2190	NeriRingeReview	unchecked			
2190	Nielsen2001	unchecked			
2190	Orel2003	unchecked			
2190	Pierce1999	unchecked			
2190	Pierce2003	unchecked			
2190	Pierce2006	unchecked			
2190	Pokorny1959	unchecked			
2190	Polome1967	unchecked			
2190	Polome1994	unchecked			
2190	Repansek2012	unchecked			
2190	Rice1994	unchecked			
2190	Ringe1984	unchecked			
2190	Ringe2017	unchecked			
2190	RingeTaylor2014	unchecked			
2190	Seebold1970	unchecked			
2190	SieversBrunner1965	unchecked			
2190	StauslandJohnsen2015	unchecked			
2190	Stiles1985	unchecked			
2190	Stiles1986a	unchecked			
2190	Stiles1986b	unchecked			
2190	Stiles2012	unchecked			
2190	Stiles2017	unchecked			
2190	Streitberg1896	unchecked			
2190	Sweet1953	unchecked			
2190	Thorhallsdottir1993	unchecked			
2190	Toon1992	unchecked			
2190	Versloot2017	unchecked			
2190	Versloot2021	unchecked			
2190	Versloot2025	unchecked			
2190	Vine2019	unchecked			
2190	Waxenberger2019	unchecked			
2190	WrightWuelcker1884	unchecked			
2190	vanHelten1905	unchecked			
2191	Adamczyk2001	unchecked			
2191	Bammesberger1990	unchecked			
2191	Bammesberger1992	unchecked			
2191	Bammesberger1997	unchecked			
2191	Beekes2010	unchecked			
2191	Bennett1950	unchecked			
2191	BosworthToller1898	unchecked			
2191	Bremmer2008	unchecked			
2191	Bremmer2009	unchecked			
2191	Bright1917	unchecked			
2191	Bulbring1902	unchecked			
2191	CaedmonsHymnVitt1452	unchecked			
2191	Campbell1939	unchecked			
2191	Campbell1959	unchecked			
2191	Cercignani1979	unchecked			
2191	Cercignani1980	unchecked			
2191	ClarkHall1960	unchecked			
2191	Crist2001	unchecked			
2191	Crist2002	unchecked			
2191	Erdmann1972	unchecked			
2191	Fulk2018	unchecked			
2191	GermanicSlavicBaltic2025	unchecked			
2191	Goblirsch1991	unchecked			
2191	Hamp1990	unchecked			
2191	Hirt1931	unchecked			
2191	Hogg1979	unchecked			
2191	HoggGrammar2011	unchecked			
2191	HoggIntroduction1992	unchecked			
2191	HoggPhonology1992	unchecked			
2191	HowellSalmons1988	unchecked			
2191	Kaluza1900	unchecked			
2191	Kastovsky1992	unchecked			
2191	Kilday2024	unchecked			
2191	KlugeSeebold2011	unchecked			
2191	Kortlandt2008	unchecked			
2191	Kroonen2006	unchecked			
2191	Kroonen2011	unchecked			
2191	Kroonen2013	unchecked			
2191	Kylstra1983	unchecked			
2191	Laker2007	unchecked			
2191	Lid1952	unchecked			
2191	Lloyd1966	unchecked			
2191	LloydSpringer1988	unchecked			
2191	Luehr1993	unchecked			
2191	Luick1914	unchecked			
2191	Mayrhofer1992	unchecked			
2191	Mees2020	unchecked			
2191	NeriRingeReview	unchecked			
2191	Nielsen2001	unchecked			
2191	Orel2003	unchecked			
2191	Pierce1999	unchecked			
2191	Pierce2003	unchecked			
2191	Pierce2006	unchecked			
2191	Pokorny1959	unchecked			
2191	Polome1967	unchecked			
2191	Polome1994	unchecked			
2191	Repansek2012	unchecked			
2191	Rice1994	unchecked			
2191	Ringe1984	unchecked			
2191	Ringe2017	unchecked			
2191	RingeTaylor2014	unchecked			
2191	Seebold1970	unchecked			
2191	SieversBrunner1965	unchecked			
2191	StauslandJohnsen2015	unchecked			
2191	Stiles1985	unchecked			
2191	Stiles1986a	unchecked			
2191	Stiles1986b	unchecked			
2191	Stiles2012	unchecked			
2191	Stiles2017	unchecked			
2191	Streitberg1896	unchecked			
2191	Sweet1953	unchecked			
2191	Thorhallsdottir1993	unchecked			
2191	Toon1992	unchecked			
2191	Versloot2017	unchecked			
2191	Versloot2021	unchecked			
2191	Versloot2025	unchecked			
2191	Vine2019	unchecked			
2191	Waxenberger2019	unchecked			
2191	WrightWuelcker1884	unchecked			
2191	vanHelten1905	unchecked			
2192	Adamczyk2001	unchecked			
2192	Bammesberger1990	unchecked			
2192	Bammesberger1992	unchecked			
2192	Bammesberger1997	unchecked			
2192	Beekes2010	unchecked			
2192	Bennett1950	unchecked			
2192	BosworthToller1898	unchecked			
2192	Bremmer2008	unchecked			
2192	Bremmer2009	unchecked			
2192	Bright1917	unchecked			
2192	Bulbring1902	unchecked			
2192	CaedmonsHymnVitt1452	unchecked			
2192	Campbell1939	unchecked			
2192	Campbell1959	unchecked			
2192	Cercignani1979	unchecked			
2192	Cercignani1980	unchecked			
2192	ClarkHall1960	unchecked			
2192	Crist2001	unchecked			
2192	Crist2002	unchecked			
2192	Erdmann1972	unchecked			
2192	Fulk2018	unchecked			
2192	GermanicSlavicBaltic2025	unchecked			
2192	Goblirsch1991	unchecked			
2192	Hamp1990	unchecked			
2192	Hirt1931	unchecked			
2192	Hogg1979	unchecked			
2192	HoggGrammar2011	unchecked			
2192	HoggIntroduction1992	unchecked			
2192	HoggPhonology1992	unchecked			
2192	HowellSalmons1988	unchecked			
2192	Kaluza1900	unchecked			
2192	Kastovsky1992	unchecked			
2192	Kilday2024	unchecked			
2192	KlugeSeebold2011	unchecked			
2192	Kortlandt2008	unchecked			
2192	Kroonen2006	unchecked			
2192	Kroonen2011	unchecked			
2192	Kroonen2013	unchecked			
2192	Kylstra1983	unchecked			
2192	Laker2007	unchecked			
2192	Lid1952	unchecked			
2192	Lloyd1966	unchecked			
2192	LloydSpringer1988	unchecked			
2192	Luehr1993	unchecked			
2192	Luick1914	unchecked			
2192	Mayrhofer1992	unchecked			
2192	Mees2020	unchecked			
2192	NeriRingeReview	unchecked			
2192	Nielsen2001	unchecked			
2192	Orel2003	unchecked			
2192	Pierce1999	unchecked			
2192	Pierce2003	unchecked			
2192	Pierce2006	unchecked			
2192	Pokorny1959	unchecked			
2192	Polome1967	unchecked			
2192	Polome1994	unchecked			
2192	Repansek2012	unchecked			
2192	Rice1994	unchecked			
2192	Ringe1984	unchecked			
2192	Ringe2017	unchecked			
2192	RingeTaylor2014	unchecked			
2192	Seebold1970	unchecked			
2192	SieversBrunner1965	unchecked			
2192	StauslandJohnsen2015	unchecked			
2192	Stiles1985	unchecked			
2192	Stiles1986a	unchecked			
2192	Stiles1986b	unchecked			
2192	Stiles2012	unchecked			
2192	Stiles2017	unchecked			
2192	Streitberg1896	unchecked			
2192	Sweet1953	unchecked			
2192	Thorhallsdottir1993	unchecked			
2192	Toon1992	unchecked			
2192	Versloot2017	unchecked			
2192	Versloot2021	unchecked			
2192	Versloot2025	unchecked			
2192	Vine2019	unchecked			
2192	Waxenberger2019	unchecked			
2192	WrightWuelcker1884	unchecked			
2192	vanHelten1905	unchecked			
2193	Adamczyk2001	unchecked			
2193	Bammesberger1990	unchecked			
2193	Bammesberger1992	unchecked			
2193	Bammesberger1997	unchecked			
2193	Beekes2010	unchecked			
2193	Bennett1950	unchecked			
2193	BosworthToller1898	unchecked			
2193	Bremmer2008	unchecked			
2193	Bremmer2009	unchecked			
2193	Bright1917	unchecked			
2193	Bulbring1902	unchecked			
2193	CaedmonsHymnVitt1452	unchecked			
2193	Campbell1939	unchecked			
2193	Campbell1959	unchecked			
2193	Cercignani1979	unchecked			
2193	Cercignani1980	unchecked			
2193	ClarkHall1960	unchecked			
2193	Crist2001	unchecked			
2193	Crist2002	unchecked			
2193	Erdmann1972	unchecked			
2193	Fulk2018	unchecked			
2193	GermanicSlavicBaltic2025	unchecked			
2193	Goblirsch1991	unchecked			
2193	Hamp1990	unchecked			
2193	Hirt1931	unchecked			
2193	Hogg1979	unchecked			
2193	HoggGrammar2011	unchecked			
2193	HoggIntroduction1992	unchecked			
2193	HoggPhonology1992	unchecked			
2193	HowellSalmons1988	unchecked			
2193	Kaluza1900	unchecked			
2193	Kastovsky1992	unchecked			
2193	Kilday2024	unchecked			
2193	KlugeSeebold2011	unchecked			
2193	Kortlandt2008	unchecked			
2193	Kroonen2006	unchecked			
2193	Kroonen2011	unchecked			
2193	Kroonen2013	unchecked			
2193	Kylstra1983	unchecked			
2193	Laker2007	unchecked			
2193	Lid1952	unchecked			
2193	Lloyd1966	unchecked			
2193	LloydSpringer1988	unchecked			
2193	Luehr1993	unchecked			
2193	Luick1914	unchecked			
2193	Mayrhofer1992	unchecked			
2193	Mees2020	unchecked			
2193	NeriRingeReview	unchecked			
2193	Nielsen2001	unchecked			
2193	Orel2003	unchecked			
2193	Pierce1999	unchecked			
2193	Pierce2003	unchecked			
2193	Pierce2006	unchecked			
2193	Pokorny1959	unchecked			
2193	Polome1967	unchecked			
2193	Polome1994	unchecked			
2193	Repansek2012	unchecked			
2193	Rice1994	unchecked			
2193	Ringe1984	unchecked			
2193	Ringe2017	unchecked			
2193	RingeTaylor2014	unchecked			
2193	Seebold1970	unchecked			
2193	SieversBrunner1965	unchecked			
2193	StauslandJohnsen2015	unchecked			
2193	Stiles1985	unchecked			
2193	Stiles1986a	unchecked			
2193	Stiles1986b	unchecked			
2193	Stiles2012	unchecked			
2193	Stiles2017	unchecked			
2193	Streitberg1896	unchecked			
2193	Sweet1953	unchecked			
2193	Thorhallsdottir1993	unchecked			
2193	Toon1992	unchecked			
2193	Versloot2017	unchecked			
2193	Versloot2021	unchecked			
2193	Versloot2025	unchecked			
2193	Vine2019	unchecked			
2193	Waxenberger2019	unchecked			
2193	WrightWuelcker1884	unchecked			
2193	vanHelten1905	unchecked			
2194	Adamczyk2001	unchecked			
2194	Bammesberger1990	unchecked			
2194	Bammesberger1992	unchecked			
2194	Bammesberger1997	unchecked			
2194	Beekes2010	unchecked			
2194	Bennett1950	unchecked			
2194	BosworthToller1898	unchecked			
2194	Bremmer2008	unchecked			
2194	Bremmer2009	unchecked			
2194	Bright1917	unchecked			
2194	Bulbring1902	unchecked			
2194	CaedmonsHymnVitt1452	unchecked			
2194	Campbell1939	unchecked			
2194	Campbell1959	unchecked			
2194	Cercignani1979	unchecked			
2194	Cercignani1980	unchecked			
2194	ClarkHall1960	unchecked			
2194	Crist2001	unchecked			
2194	Crist2002	unchecked			
2194	Erdmann1972	unchecked			
2194	Fulk2018	unchecked			
2194	GermanicSlavicBaltic2025	unchecked			
2194	Goblirsch1991	unchecked			
2194	Hamp1990	unchecked			
2194	Hirt1931	unchecked			
2194	Hogg1979	unchecked			
2194	HoggGrammar2011	unchecked			
2194	HoggIntroduction1992	unchecked			
2194	HoggPhonology1992	unchecked			
2194	HowellSalmons1988	unchecked			
2194	Kaluza1900	unchecked			
2194	Kastovsky1992	unchecked			
2194	Kilday2024	unchecked			
2194	KlugeSeebold2011	unchecked			
2194	Kortlandt2008	unchecked			
2194	Kroonen2006	unchecked			
2194	Kroonen2011	unchecked			
2194	Kroonen2013	unchecked			
2194	Kylstra1983	unchecked			
2194	Laker2007	unchecked			
2194	Lid1952	unchecked			
2194	Lloyd1966	unchecked			
2194	LloydSpringer1988	unchecked			
2194	Luehr1993	unchecked			
2194	Luick1914	unchecked			
2194	Mayrhofer1992	unchecked			
2194	Mees2020	unchecked			
2194	NeriRingeReview	unchecked			
2194	Nielsen2001	unchecked			
2194	Orel2003	unchecked			
2194	Pierce1999	unchecked			
2194	Pierce2003	unchecked			
2194	Pierce2006	unchecked			
2194	Pokorny1959	unchecked			
2194	Polome1967	unchecked			
2194	Polome1994	unchecked			
2194	Repansek2012	unchecked			
2194	Rice1994	unchecked			
2194	Ringe1984	unchecked			
2194	Ringe2017	unchecked			
2194	RingeTaylor2014	unchecked			
2194	Seebold1970	unchecked			
2194	SieversBrunner1965	unchecked			
2194	StauslandJohnsen2015	unchecked			
2194	Stiles1985	unchecked			
2194	Stiles1986a	unchecked			
2194	Stiles1986b	unchecked			
2194	Stiles2012	unchecked			
2194	Stiles2017	unchecked			
2194	Streitberg1896	unchecked			
2194	Sweet1953	unchecked			
2194	Thorhallsdottir1993	unchecked			
2194	Toon1992	unchecked			
2194	Versloot2017	unchecked			
2194	Versloot2021	unchecked			
2194	Versloot2025	unchecked			
2194	Vine2019	unchecked			
2194	Waxenberger2019	unchecked			
2194	WrightWuelcker1884	unchecked			
2194	vanHelten1905	unchecked			
2195	Adamczyk2001	unchecked			
2195	Bammesberger1990	unchecked			
2195	Bammesberger1992	unchecked			
2195	Bammesberger1997	unchecked			
2195	Beekes2010	unchecked			
2195	Bennett1950	unchecked			
2195	BosworthToller1898	unchecked			
2195	Bremmer2008	unchecked			
2195	Bremmer2009	unchecked			
2195	Bright1917	unchecked			
2195	Bulbring1902	unchecked			
2195	CaedmonsHymnVitt1452	unchecked			
2195	Campbell1939	unchecked			
2195	Campbell1959	unchecked			
2195	Cercignani1979	unchecked			
2195	Cercignani1980	unchecked			
2195	ClarkHall1960	unchecked			
2195	Crist2001	unchecked			
2195	Crist2002	unchecked			
2195	Erdmann1972	unchecked			
2195	Fulk2018	unchecked			
2195	GermanicSlavicBaltic2025	unchecked			
2195	Goblirsch1991	unchecked			
2195	Hamp1990	unchecked			
2195	Hirt1931	unchecked			
2195	Hogg1979	unchecked			
2195	HoggGrammar2011	unchecked			
2195	HoggIntroduction1992	unchecked			
2195	HoggPhonology1992	unchecked			
2195	HowellSalmons1988	unchecked			
2195	Kaluza1900	unchecked			
2195	Kastovsky1992	unchecked			
2195	Kilday2024	unchecked			
2195	KlugeSeebold2011	unchecked			
2195	Kortlandt2008	unchecked			
2195	Kroonen2006	unchecked			
2195	Kroonen2011	unchecked			
2195	Kroonen2013	unchecked			
2195	Kylstra1983	unchecked			
2195	Laker2007	unchecked			
2195	Lid1952	unchecked			
2195	Lloyd1966	unchecked			
2195	LloydSpringer1988	unchecked			
2195	Luehr1993	unchecked			
2195	Luick1914	unchecked			
2195	Mayrhofer1992	unchecked			
2195	Mees2020	unchecked			
2195	NeriRingeReview	unchecked			
2195	Nielsen2001	unchecked			
2195	Orel2003	unchecked			
2195	Pierce1999	unchecked			
2195	Pierce2003	unchecked			
2195	Pierce2006	unchecked			
2195	Pokorny1959	unchecked			
2195	Polome1967	unchecked			
2195	Polome1994	unchecked			
2195	Repansek2012	unchecked			
2195	Rice1994	unchecked			
2195	Ringe1984	unchecked			
2195	Ringe2017	unchecked			
2195	RingeTaylor2014	unchecked			
2195	Seebold1970	unchecked			
2195	SieversBrunner1965	unchecked			
2195	StauslandJohnsen2015	unchecked			
2195	Stiles1985	unchecked			
2195	Stiles1986a	unchecked			
2195	Stiles1986b	unchecked			
2195	Stiles2012	unchecked			
2195	Stiles2017	unchecked			
2195	Streitberg1896	unchecked			
2195	Sweet1953	unchecked			
2195	Thorhallsdottir1993	unchecked			
2195	Toon1992	unchecked			
2195	Versloot2017	unchecked			
2195	Versloot2021	unchecked			
2195	Versloot2025	unchecked			
2195	Vine2019	unchecked			
2195	Waxenberger2019	unchecked			
2195	WrightWuelcker1884	unchecked			
2195	vanHelten1905	unchecked			
2196	Adamczyk2001	unchecked			
2196	Bammesberger1990	unchecked			
2196	Bammesberger1992	unchecked			
2196	Bammesberger1997	unchecked			
2196	Beekes2010	unchecked			
2196	Bennett1950	unchecked			
2196	BosworthToller1898	unchecked			
2196	Bremmer2008	unchecked			
2196	Bremmer2009	unchecked			
2196	Bright1917	unchecked			
2196	Bulbring1902	unchecked			
2196	CaedmonsHymnVitt1452	unchecked			
2196	Campbell1939	unchecked			
2196	Campbell1959	unchecked			
2196	Cercignani1979	unchecked			
2196	Cercignani1980	unchecked			
2196	ClarkHall1960	unchecked			
2196	Crist2001	unchecked			
2196	Crist2002	unchecked			
2196	Erdmann1972	unchecked			
2196	Fulk2018	unchecked			
2196	GermanicSlavicBaltic2025	unchecked			
2196	Goblirsch1991	unchecked			
2196	Hamp1990	unchecked			
2196	Hirt1931	unchecked			
2196	Hogg1979	unchecked			
2196	HoggGrammar2011	unchecked			
2196	HoggIntroduction1992	unchecked			
2196	HoggPhonology1992	unchecked			
2196	HowellSalmons1988	unchecked			
2196	Kaluza1900	unchecked			
2196	Kastovsky1992	unchecked			
2196	Kilday2024	unchecked			
2196	KlugeSeebold2011	unchecked			
2196	Kortlandt2008	unchecked			
2196	Kroonen2006	unchecked			
2196	Kroonen2011	unchecked			
2196	Kroonen2013	unchecked			
2196	Kylstra1983	unchecked			
2196	Laker2007	unchecked			
2196	Lid1952	unchecked			
2196	Lloyd1966	unchecked			
2196	LloydSpringer1988	unchecked			
2196	Luehr1993	unchecked			
2196	Luick1914	unchecked			
2196	Mayrhofer1992	unchecked			
2196	Mees2020	unchecked			
2196	NeriRingeReview	unchecked			
2196	Nielsen2001	unchecked			
2196	Orel2003	unchecked			
2196	Pierce1999	unchecked			
2196	Pierce2003	unchecked			
2196	Pierce2006	unchecked			
2196	Pokorny1959	unchecked			
2196	Polome1967	unchecked			
2196	Polome1994	unchecked			
2196	Repansek2012	unchecked			
2196	Rice1994	unchecked			
2196	Ringe1984	unchecked			
2196	Ringe2017	unchecked			
2196	RingeTaylor2014	unchecked			
2196	Seebold1970	unchecked			
2196	SieversBrunner1965	unchecked			
2196	StauslandJohnsen2015	unchecked			
2196	Stiles1985	unchecked			
2196	Stiles1986a	unchecked			
2196	Stiles1986b	unchecked			
2196	Stiles2012	unchecked			
2196	Stiles2017	unchecked			
2196	Streitberg1896	unchecked			
2196	Sweet1953	unchecked			
2196	Thorhallsdottir1993	unchecked			
2196	Toon1992	unchecked			
2196	Versloot2017	unchecked			
2196	Versloot2021	unchecked			
2196	Versloot2025	unchecked			
2196	Vine2019	unchecked			
2196	Waxenberger2019	unchecked			
2196	WrightWuelcker1884	unchecked			
2196	vanHelten1905	unchecked			
2197	Adamczyk2001	unchecked			
2197	Bammesberger1990	unchecked			
2197	Bammesberger1992	unchecked			
2197	Bammesberger1997	unchecked			
2197	Beekes2010	unchecked			
2197	Bennett1950	unchecked			
2197	BosworthToller1898	unchecked			
2197	Bremmer2008	unchecked			
2197	Bremmer2009	unchecked			
2197	Bright1917	unchecked			
2197	Bulbring1902	unchecked			
2197	CaedmonsHymnVitt1452	unchecked			
2197	Campbell1939	unchecked			
2197	Campbell1959	unchecked			
2197	Cercignani1979	unchecked			
2197	Cercignani1980	unchecked			
2197	ClarkHall1960	unchecked			
2197	Crist2001	unchecked			
2197	Crist2002	unchecked			
2197	Erdmann1972	unchecked			
2197	Fulk2018	unchecked			
2197	GermanicSlavicBaltic2025	unchecked			
2197	Goblirsch1991	unchecked			
2197	Hamp1990	unchecked			
2197	Hirt1931	unchecked			
2197	Hogg1979	unchecked			
2197	HoggGrammar2011	unchecked			
2197	HoggIntroduction1992	unchecked			
2197	HoggPhonology1992	unchecked			
2197	HowellSalmons1988	unchecked			
2197	Kaluza1900	unchecked			
2197	Kastovsky1992	unchecked			
2197	Kilday2024	unchecked			
2197	KlugeSeebold2011	unchecked			
2197	Kortlandt2008	unchecked			
2197	Kroonen2006	unchecked			
2197	Kroonen2011	unchecked			
2197	Kroonen2013	unchecked			
2197	Kylstra1983	unchecked			
2197	Laker2007	unchecked			
2197	Lid1952	unchecked			
2197	Lloyd1966	unchecked			
2197	LloydSpringer1988	unchecked			
2197	Luehr1993	unchecked			
2197	Luick1914	unchecked			
2197	Mayrhofer1992	unchecked			
2197	Mees2020	unchecked			
2197	NeriRingeReview	unchecked			
2197	Nielsen2001	unchecked			
2197	Orel2003	unchecked			
2197	Pierce1999	unchecked			
2197	Pierce2003	unchecked			
2197	Pierce2006	unchecked			
2197	Pokorny1959	unchecked			
2197	Polome1967	unchecked			
2197	Polome1994	unchecked			
2197	Repansek2012	unchecked			
2197	Rice1994	unchecked			
2197	Ringe1984	unchecked			
2197	Ringe2017	unchecked			
2197	RingeTaylor2014	unchecked			
2197	Seebold1970	unchecked			
2197	SieversBrunner1965	unchecked			
2197	StauslandJohnsen2015	unchecked			
2197	Stiles1985	unchecked			
2197	Stiles1986a	unchecked			
2197	Stiles1986b	unchecked			
2197	Stiles2012	unchecked			
2197	Stiles2017	unchecked			
2197	Streitberg1896	unchecked			
2197	Sweet1953	unchecked			
2197	Thorhallsdottir1993	unchecked			
2197	Toon1992	unchecked			
2197	Versloot2017	unchecked			
2197	Versloot2021	unchecked			
2197	Versloot2025	unchecked			
2197	Vine2019	unchecked			
2197	Waxenberger2019	unchecked			
2197	WrightWuelcker1884	unchecked			
2197	vanHelten1905	unchecked			
2198	Adamczyk2001	unchecked			
2198	Bammesberger1990	unchecked			
2198	Bammesberger1992	unchecked			
2198	Bammesberger1997	unchecked			
2198	Beekes2010	unchecked			
2198	Bennett1950	unchecked			
2198	BosworthToller1898	unchecked			
2198	Bremmer2008	unchecked			
2198	Bremmer2009	unchecked			
2198	Bright1917	unchecked			
2198	Bulbring1902	unchecked			
2198	CaedmonsHymnVitt1452	unchecked			
2198	Campbell1939	unchecked			
2198	Campbell1959	unchecked			
2198	Cercignani1979	unchecked			
2198	Cercignani1980	unchecked			
2198	ClarkHall1960	unchecked			
2198	Crist2001	unchecked			
2198	Crist2002	unchecked			
2198	Erdmann1972	unchecked			
2198	Fulk2018	unchecked			
2198	GermanicSlavicBaltic2025	unchecked			
2198	Goblirsch1991	unchecked			
2198	Hamp1990	unchecked			
2198	Hirt1931	unchecked			
2198	Hogg1979	unchecked			
2198	HoggGrammar2011	unchecked			
2198	HoggIntroduction1992	unchecked			
2198	HoggPhonology1992	unchecked			
2198	HowellSalmons1988	unchecked			
2198	Kaluza1900	unchecked			
2198	Kastovsky1992	unchecked			
2198	Kilday2024	unchecked			
2198	KlugeSeebold2011	unchecked			
2198	Kortlandt2008	unchecked			
2198	Kroonen2006	unchecked			
2198	Kroonen2011	unchecked			
2198	Kroonen2013	unchecked			
2198	Kylstra1983	unchecked			
2198	Laker2007	unchecked			
2198	Lid1952	unchecked			
2198	Lloyd1966	unchecked			
2198	LloydSpringer1988	unchecked			
2198	Luehr1993	unchecked			
2198	Luick1914	unchecked			
2198	Mayrhofer1992	unchecked			
2198	Mees2020	unchecked			
2198	NeriRingeReview	unchecked			
2198	Nielsen2001	unchecked			
2198	Orel2003	unchecked			
2198	Pierce1999	unchecked			
2198	Pierce2003	unchecked			
2198	Pierce2006	unchecked			
2198	Pokorny1959	unchecked			
2198	Polome1967	unchecked			
2198	Polome1994	unchecked			
2198	Repansek2012	unchecked			
2198	Rice1994	unchecked			
2198	Ringe1984	unchecked			
2198	Ringe2017	unchecked			
2198	RingeTaylor2014	unchecked			
2198	Seebold1970	unchecked			
2198	SieversBrunner1965	unchecked			
2198	StauslandJohnsen2015	unchecked			
2198	Stiles1985	unchecked			
2198	Stiles1986a	unchecked			
2198	Stiles1986b	unchecked			
2198	Stiles2012	unchecked			
2198	Stiles2017	unchecked			
2198	Streitberg1896	unchecked			
2198	Sweet1953	unchecked			
2198	Thorhallsdottir1993	unchecked			
2198	Toon1992	unchecked			
2198	Versloot2017	unchecked			
2198	Versloot2021	unchecked			
2198	Versloot2025	unchecked			
2198	Vine2019	unchecked			
2198	Waxenberger2019	unchecked			
2198	WrightWuelcker1884	unchecked			
2198	vanHelten1905	unchecked			
2199	Adamczyk2001	unchecked			
2199	Bammesberger1990	unchecked			
2199	Bammesberger1992	unchecked			
2199	Bammesberger1997	unchecked			
2199	Beekes2010	unchecked			
2199	Bennett1950	unchecked			
2199	BosworthToller1898	unchecked			
2199	Bremmer2008	unchecked			
2199	Bremmer2009	unchecked			
2199	Bright1917	unchecked			
2199	Bulbring1902	unchecked			
2199	CaedmonsHymnVitt1452	unchecked			
2199	Campbell1939	unchecked			
2199	Campbell1959	unchecked			
2199	Cercignani1979	unchecked			
2199	Cercignani1980	unchecked			
2199	ClarkHall1960	unchecked			
2199	Crist2001	unchecked			
2199	Crist2002	unchecked			
2199	Erdmann1972	unchecked			
2199	Fulk2018	unchecked			
2199	GermanicSlavicBaltic2025	unchecked			
2199	Goblirsch1991	unchecked			
2199	Hamp1990	unchecked			
2199	Hirt1931	unchecked			
2199	Hogg1979	unchecked			
2199	HoggGrammar2011	unchecked			
2199	HoggIntroduction1992	unchecked			
2199	HoggPhonology1992	unchecked			
2199	HowellSalmons1988	unchecked			
2199	Kaluza1900	unchecked			
2199	Kastovsky1992	unchecked			
2199	Kilday2024	unchecked			
2199	KlugeSeebold2011	unchecked			
2199	Kortlandt2008	unchecked			
2199	Kroonen2006	unchecked			
2199	Kroonen2011	unchecked			
2199	Kroonen2013	unchecked			
2199	Kylstra1983	unchecked			
2199	Laker2007	unchecked			
2199	Lid1952	unchecked			
2199	Lloyd1966	unchecked			
2199	LloydSpringer1988	unchecked			
2199	Luehr1993	unchecked			
2199	Luick1914	unchecked			
2199	Mayrhofer1992	unchecked			
2199	Mees2020	unchecked			
2199	NeriRingeReview	unchecked			
2199	Nielsen2001	unchecked			
2199	Orel2003	unchecked			
2199	Pierce1999	unchecked			
2199	Pierce2003	unchecked			
2199	Pierce2006	unchecked			
2199	Pokorny1959	unchecked			
2199	Polome1967	unchecked			
2199	Polome1994	unchecked			
2199	Repansek2012	unchecked			
2199	Rice1994	unchecked			
2199	Ringe1984	unchecked			
2199	Ringe2017	unchecked			
2199	RingeTaylor2014	unchecked			
2199	Seebold1970	unchecked			
2199	SieversBrunner1965	unchecked			
2199	StauslandJohnsen2015	unchecked			
2199	Stiles1985	unchecked			
2199	Stiles1986a	unchecked			
2199	Stiles1986b	unchecked			
2199	Stiles2012	unchecked			
2199	Stiles2017	unchecked			
2199	Streitberg1896	unchecked			
2199	Sweet1953	unchecked			
2199	Thorhallsdottir1993	unchecked			
2199	Toon1992	unchecked			
2199	Versloot2017	unchecked			
2199	Versloot2021	unchecked			
2199	Versloot2025	unchecked			
2199	Vine2019	unchecked			
2199	Waxenberger2019	unchecked			
2199	WrightWuelcker1884	unchecked			
2199	vanHelten1905	unchecked			
2200	Adamczyk2001	unchecked			
2200	Bammesberger1990	unchecked			
2200	Bammesberger1992	unchecked			
2200	Bammesberger1997	unchecked			
2200	Beekes2010	unchecked			
2200	Bennett1950	unchecked			
2200	BosworthToller1898	unchecked			
2200	Bremmer2008	unchecked			
2200	Bremmer2009	unchecked			
2200	Bright1917	unchecked			
2200	Bulbring1902	unchecked			
2200	CaedmonsHymnVitt1452	unchecked			
2200	Campbell1939	unchecked			
2200	Campbell1959	unchecked			
2200	Cercignani1979	unchecked			
2200	Cercignani1980	unchecked			
2200	ClarkHall1960	unchecked			
2200	Crist2001	unchecked			
2200	Crist2002	unchecked			
2200	Erdmann1972	unchecked			
2200	Fulk2018	unchecked			
2200	GermanicSlavicBaltic2025	unchecked			
2200	Goblirsch1991	unchecked			
2200	Hamp1990	unchecked			
2200	Hirt1931	unchecked			
2200	Hogg1979	unchecked			
2200	HoggGrammar2011	unchecked			
2200	HoggIntroduction1992	unchecked			
2200	HoggPhonology1992	unchecked			
2200	HowellSalmons1988	unchecked			
2200	Kaluza1900	unchecked			
2200	Kastovsky1992	unchecked			
2200	Kilday2024	unchecked			
2200	KlugeSeebold2011	unchecked			
2200	Kortlandt2008	unchecked			
2200	Kroonen2006	unchecked			
2200	Kroonen2011	unchecked			
2200	Kroonen2013	unchecked			
2200	Kylstra1983	unchecked			
2200	Laker2007	unchecked			
2200	Lid1952	unchecked			
2200	Lloyd1966	unchecked			
2200	LloydSpringer1988	unchecked			
2200	Luehr1993	unchecked			
2200	Luick1914	unchecked			
2200	Mayrhofer1992	unchecked			
2200	Mees2020	unchecked			
2200	NeriRingeReview	unchecked			
2200	Nielsen2001	unchecked			
2200	Orel2003	unchecked			
2200	Pierce1999	unchecked			
2200	Pierce2003	unchecked			
2200	Pierce2006	unchecked			
2200	Pokorny1959	unchecked			
2200	Polome1967	unchecked			
2200	Polome1994	unchecked			
2200	Repansek2012	unchecked			
2200	Rice1994	unchecked			
2200	Ringe1984	unchecked			
2200	Ringe2017	unchecked			
2200	RingeTaylor2014	unchecked			
2200	Seebold1970	unchecked			
2200	SieversBrunner1965	unchecked			
2200	StauslandJohnsen2015	unchecked			
2200	Stiles1985	unchecked			
2200	Stiles1986a	unchecked			
2200	Stiles1986b	unchecked			
2200	Stiles2012	unchecked			
2200	Stiles2017	unchecked			
2200	Streitberg1896	unchecked			
2200	Sweet1953	unchecked			
2200	Thorhallsdottir1993	unchecked			
2200	Toon1992	unchecked			
2200	Versloot2017	unchecked			
2200	Versloot2021	unchecked			
2200	Versloot2025	unchecked			
2200	Vine2019	unchecked			
2200	Waxenberger2019	unchecked			
2200	WrightWuelcker1884	unchecked			
2200	vanHelten1905	unchecked			
2201	Adamczyk2001	unchecked			
2201	Bammesberger1990	unchecked			
2201	Bammesberger1992	unchecked			
2201	Bammesberger1997	unchecked			
2201	Beekes2010	unchecked			
2201	Bennett1950	unchecked			
2201	BosworthToller1898	unchecked			
2201	Bremmer2008	unchecked			
2201	Bremmer2009	unchecked			
2201	Bright1917	unchecked			
2201	Bulbring1902	unchecked			
2201	CaedmonsHymnVitt1452	unchecked			
2201	Campbell1939	unchecked			
2201	Campbell1959	unchecked			
2201	Cercignani1979	unchecked			
2201	Cercignani1980	unchecked			
2201	ClarkHall1960	unchecked			
2201	Crist2001	unchecked			
2201	Crist2002	unchecked			
2201	Erdmann1972	unchecked			
2201	Fulk2018	unchecked			
2201	GermanicSlavicBaltic2025	unchecked			
2201	Goblirsch1991	unchecked			
2201	Hamp1990	unchecked			
2201	Hirt1931	unchecked			
2201	Hogg1979	unchecked			
2201	HoggGrammar2011	unchecked			
2201	HoggIntroduction1992	unchecked			
2201	HoggPhonology1992	unchecked			
2201	HowellSalmons1988	unchecked			
2201	Kaluza1900	unchecked			
2201	Kastovsky1992	unchecked			
2201	Kilday2024	unchecked			
2201	KlugeSeebold2011	unchecked			
2201	Kortlandt2008	unchecked			
2201	Kroonen2006	unchecked			
2201	Kroonen2011	unchecked			
2201	Kroonen2013	unchecked			
2201	Kylstra1983	unchecked			
2201	Laker2007	unchecked			
2201	Lid1952	unchecked			
2201	Lloyd1966	unchecked			
2201	LloydSpringer1988	unchecked			
2201	Luehr1993	unchecked			
2201	Luick1914	unchecked			
2201	Mayrhofer1992	unchecked			
2201	Mees2020	unchecked			
2201	NeriRingeReview	unchecked			
2201	Nielsen2001	unchecked			
2201	Orel2003	unchecked			
2201	Pierce1999	unchecked			
2201	Pierce2003	unchecked			
2201	Pierce2006	unchecked			
2201	Pokorny1959	unchecked			
2201	Polome1967	unchecked			
2201	Polome1994	unchecked			
2201	Repansek2012	unchecked			
2201	Rice1994	unchecked			
2201	Ringe1984	unchecked			
2201	Ringe2017	unchecked			
2201	RingeTaylor2014	unchecked			
2201	Seebold1970	unchecked			
2201	SieversBrunner1965	unchecked			
2201	StauslandJohnsen2015	unchecked			
2201	Stiles1985	unchecked			
2201	Stiles1986a	unchecked			
2201	Stiles1986b	unchecked			
2201	Stiles2012	unchecked			
2201	Stiles2017	unchecked			
2201	Streitberg1896	unchecked			
2201	Sweet1953	unchecked			
2201	Thorhallsdottir1993	unchecked			
2201	Toon1992	unchecked			
2201	Versloot2017	unchecked			
2201	Versloot2021	unchecked			
2201	Versloot2025	unchecked			
2201	Vine2019	unchecked			
2201	Waxenberger2019	unchecked			
2201	WrightWuelcker1884	unchecked			
2201	vanHelten1905	unchecked			
2202	Adamczyk2001	unchecked			
2202	Bammesberger1990	unchecked			
2202	Bammesberger1992	unchecked			
2202	Bammesberger1997	unchecked			
2202	Beekes2010	unchecked			
2202	Bennett1950	unchecked			
2202	BosworthToller1898	unchecked			
2202	Bremmer2008	unchecked			
2202	Bremmer2009	unchecked			
2202	Bright1917	unchecked			
2202	Bulbring1902	unchecked			
2202	CaedmonsHymnVitt1452	unchecked			
2202	Campbell1939	unchecked			
2202	Campbell1959	unchecked			
2202	Cercignani1979	unchecked			
2202	Cercignani1980	unchecked			
2202	ClarkHall1960	unchecked			
2202	Crist2001	unchecked			
2202	Crist2002	unchecked			
2202	Erdmann1972	unchecked			
2202	Fulk2018	unchecked			
2202	GermanicSlavicBaltic2025	unchecked			
2202	Goblirsch1991	unchecked			
2202	Hamp1990	unchecked			
2202	Hirt1931	unchecked			
2202	Hogg1979	unchecked			
2202	HoggGrammar2011	unchecked			
2202	HoggIntroduction1992	unchecked			
2202	HoggPhonology1992	unchecked			
2202	HowellSalmons1988	unchecked			
2202	Kaluza1900	unchecked			
2202	Kastovsky1992	unchecked			
2202	Kilday2024	unchecked			
2202	KlugeSeebold2011	unchecked			
2202	Kortlandt2008	unchecked			
2202	Kroonen2006	unchecked			
2202	Kroonen2011	unchecked			
2202	Kroonen2013	unchecked			
2202	Kylstra1983	unchecked			
2202	Laker2007	unchecked			
2202	Lid1952	unchecked			
2202	Lloyd1966	unchecked			
2202	LloydSpringer1988	unchecked			
2202	Luehr1993	unchecked			
2202	Luick1914	unchecked			
2202	Mayrhofer1992	unchecked			
2202	Mees2020	unchecked			
2202	NeriRingeReview	unchecked			
2202	Nielsen2001	unchecked			
2202	Orel2003	unchecked			
2202	Pierce1999	unchecked			
2202	Pierce2003	unchecked			
2202	Pierce2006	unchecked			
2202	Pokorny1959	unchecked			
2202	Polome1967	unchecked			
2202	Polome1994	unchecked			
2202	Repansek2012	unchecked			
2202	Rice1994	unchecked			
2202	Ringe1984	unchecked			
2202	Ringe2017	unchecked			
2202	RingeTaylor2014	unchecked			
2202	Seebold1970	unchecked			
2202	SieversBrunner1965	unchecked			
2202	StauslandJohnsen2015	unchecked			
2202	Stiles1985	unchecked			
2202	Stiles1986a	unchecked			
2202	Stiles1986b	unchecked			
2202	Stiles2012	unchecked			
2202	Stiles2017	unchecked			
2202	Streitberg1896	unchecked			
2202	Sweet1953	unchecked			
2202	Thorhallsdottir1993	unchecked			
2202	Toon1992	unchecked			
2202	Versloot2017	unchecked			
2202	Versloot2021	unchecked			
2202	Versloot2025	unchecked			
2202	Vine2019	unchecked			
2202	Waxenberger2019	unchecked			
2202	WrightWuelcker1884	unchecked			
2202	vanHelten1905	unchecked			
2203	Adamczyk2001	unchecked			
2203	Bammesberger1990	unchecked			
2203	Bammesberger1992	unchecked			
2203	Bammesberger1997	unchecked			
2203	Beekes2010	unchecked			
2203	Bennett1950	unchecked			
2203	BosworthToller1898	unchecked			
2203	Bremmer2008	unchecked			
2203	Bremmer2009	unchecked			
2203	Bright1917	unchecked			
2203	Bulbring1902	unchecked			
2203	CaedmonsHymnVitt1452	unchecked			
2203	Campbell1939	unchecked			
2203	Campbell1959	unchecked			
2203	Cercignani1979	unchecked			
2203	Cercignani1980	unchecked			
2203	ClarkHall1960	unchecked			
2203	Crist2001	unchecked			
2203	Crist2002	unchecked			
2203	Erdmann1972	unchecked			
2203	Fulk2018	unchecked			
2203	GermanicSlavicBaltic2025	unchecked			
2203	Goblirsch1991	unchecked			
2203	Hamp1990	unchecked			
2203	Hirt1931	unchecked			
2203	Hogg1979	unchecked			
2203	HoggGrammar2011	unchecked			
2203	HoggIntroduction1992	unchecked			
2203	HoggPhonology1992	unchecked			
2203	HowellSalmons1988	unchecked			
2203	Kaluza1900	unchecked			
2203	Kastovsky1992	unchecked			
2203	Kilday2024	unchecked			
2203	KlugeSeebold2011	unchecked			
2203	Kortlandt2008	unchecked			
2203	Kroonen2006	unchecked			
2203	Kroonen2011	unchecked			
2203	Kroonen2013	unchecked			
2203	Kylstra1983	unchecked			
2203	Laker2007	unchecked			
2203	Lid1952	unchecked			
2203	Lloyd1966	unchecked			
2203	LloydSpringer1988	unchecked			
2203	Luehr1993	unchecked			
2203	Luick1914	unchecked			
2203	Mayrhofer1992	unchecked			
2203	Mees2020	unchecked			
2203	NeriRingeReview	unchecked			
2203	Nielsen2001	unchecked			
2203	Orel2003	unchecked			
2203	Pierce1999	unchecked			
2203	Pierce2003	unchecked			
2203	Pierce2006	unchecked			
2203	Pokorny1959	unchecked			
2203	Polome1967	unchecked			
2203	Polome1994	unchecked			
2203	Repansek2012	unchecked			
2203	Rice1994	unchecked			
2203	Ringe1984	unchecked			
2203	Ringe2017	unchecked			
2203	RingeTaylor2014	unchecked			
2203	Seebold1970	unchecked			
2203	SieversBrunner1965	unchecked			
2203	StauslandJohnsen2015	unchecked			
2203	Stiles1985	unchecked			
2203	Stiles1986a	unchecked			
2203	Stiles1986b	unchecked			
2203	Stiles2012	unchecked			
2203	Stiles2017	unchecked			
2203	Streitberg1896	unchecked			
2203	Sweet1953	unchecked			
2203	Thorhallsdottir1993	unchecked			
2203	Toon1992	unchecked			
2203	Versloot2017	unchecked			
2203	Versloot2021	unchecked			
2203	Versloot2025	unchecked			
2203	Vine2019	unchecked			
2203	Waxenberger2019	unchecked			
2203	WrightWuelcker1884	unchecked			
2203	vanHelten1905	unchecked			
2204	Adamczyk2001	unchecked			
2204	Bammesberger1990	unchecked			
2204	Bammesberger1992	unchecked			
2204	Bammesberger1997	unchecked			
2204	Beekes2010	unchecked			
2204	Bennett1950	unchecked			
2204	BosworthToller1898	unchecked			
2204	Bremmer2008	unchecked			
2204	Bremmer2009	unchecked			
2204	Bright1917	unchecked			
2204	Bulbring1902	unchecked			
2204	CaedmonsHymnVitt1452	unchecked			
2204	Campbell1939	unchecked			
2204	Campbell1959	unchecked			
2204	Cercignani1979	unchecked			
2204	Cercignani1980	unchecked			
2204	ClarkHall1960	unchecked			
2204	Crist2001	unchecked			
2204	Crist2002	unchecked			
2204	Erdmann1972	unchecked			
2204	Fulk2018	unchecked			
2204	GermanicSlavicBaltic2025	unchecked			
2204	Goblirsch1991	unchecked			
2204	Hamp1990	unchecked			
2204	Hirt1931	unchecked			
2204	Hogg1979	unchecked			
2204	HoggGrammar2011	unchecked			
2204	HoggIntroduction1992	unchecked			
2204	HoggPhonology1992	unchecked			
2204	HowellSalmons1988	unchecked			
2204	Kaluza1900	unchecked			
2204	Kastovsky1992	unchecked			
2204	Kilday2024	unchecked			
2204	KlugeSeebold2011	unchecked			
2204	Kortlandt2008	unchecked			
2204	Kroonen2006	unchecked			
2204	Kroonen2011	unchecked			
2204	Kroonen2013	unchecked			
2204	Kylstra1983	unchecked			
2204	Laker2007	unchecked			
2204	Lid1952	unchecked			
2204	Lloyd1966	unchecked			
2204	LloydSpringer1988	unchecked			
2204	Luehr1993	unchecked			
2204	Luick1914	unchecked			
2204	Mayrhofer1992	unchecked			
2204	Mees2020	unchecked			
2204	NeriRingeReview	unchecked			
2204	Nielsen2001	unchecked			
2204	Orel2003	unchecked			
2204	Pierce1999	unchecked			
2204	Pierce2003	unchecked			
2204	Pierce2006	unchecked			
2204	Pokorny1959	unchecked			
2204	Polome1967	unchecked			
2204	Polome1994	unchecked			
2204	Repansek2012	unchecked			
2204	Rice1994	unchecked			
2204	Ringe1984	unchecked			
2204	Ringe2017	unchecked			
2204	RingeTaylor2014	unchecked			
2204	Seebold1970	unchecked			
2204	SieversBrunner1965	unchecked			
2204	StauslandJohnsen2015	unchecked			
2204	Stiles1985	unchecked			
2204	Stiles1986a	unchecked			
2204	Stiles1986b	unchecked			
2204	Stiles2012	unchecked			
2204	Stiles2017	unchecked			
2204	Streitberg1896	unchecked			
2204	Sweet1953	unchecked			
2204	Thorhallsdottir1993	unchecked			
2204	Toon1992	unchecked			
2204	Versloot2017	unchecked			
2204	Versloot2021	unchecked			
2204	Versloot2025	unchecked			
2204	Vine2019	unchecked			
2204	Waxenberger2019	unchecked			
2204	WrightWuelcker1884	unchecked			
2204	vanHelten1905	unchecked			
2205	Adamczyk2001	unchecked			
2205	Bammesberger1990	unchecked			
2205	Bammesberger1992	unchecked			
2205	Bammesberger1997	unchecked			
2205	Beekes2010	unchecked			
2205	Bennett1950	unchecked			
2205	BosworthToller1898	unchecked			
2205	Bremmer2008	unchecked			
2205	Bremmer2009	unchecked			
2205	Bright1917	unchecked			
2205	Bulbring1902	unchecked			
2205	CaedmonsHymnVitt1452	unchecked			
2205	Campbell1939	unchecked			
2205	Campbell1959	unchecked			
2205	Cercignani1979	unchecked			
2205	Cercignani1980	unchecked			
2205	ClarkHall1960	unchecked			
2205	Crist2001	unchecked			
2205	Crist2002	unchecked			
2205	Erdmann1972	unchecked			
2205	Fulk2018	unchecked			
2205	GermanicSlavicBaltic2025	unchecked			
2205	Goblirsch1991	unchecked			
2205	Hamp1990	unchecked			
2205	Hirt1931	unchecked			
2205	Hogg1979	unchecked			
2205	HoggGrammar2011	unchecked			
2205	HoggIntroduction1992	unchecked			
2205	HoggPhonology1992	unchecked			
2205	HowellSalmons1988	unchecked			
2205	Kaluza1900	unchecked			
2205	Kastovsky1992	unchecked			
2205	Kilday2024	unchecked			
2205	KlugeSeebold2011	unchecked			
2205	Kortlandt2008	unchecked			
2205	Kroonen2006	unchecked			
2205	Kroonen2011	unchecked			
2205	Kroonen2013	unchecked			
2205	Kylstra1983	unchecked			
2205	Laker2007	unchecked			
2205	Lid1952	unchecked			
2205	Lloyd1966	unchecked			
2205	LloydSpringer1988	unchecked			
2205	Luehr1993	unchecked			
2205	Luick1914	unchecked			
2205	Mayrhofer1992	unchecked			
2205	Mees2020	unchecked			
2205	NeriRingeReview	unchecked			
2205	Nielsen2001	unchecked			
2205	Orel2003	unchecked			
2205	Pierce1999	unchecked			
2205	Pierce2003	unchecked			
2205	Pierce2006	unchecked			
2205	Pokorny1959	unchecked			
2205	Polome1967	unchecked			
2205	Polome1994	unchecked			
2205	Repansek2012	unchecked			
2205	Rice1994	unchecked			
2205	Ringe1984	unchecked			
2205	Ringe2017	unchecked			
2205	RingeTaylor2014	unchecked			
2205	Seebold1970	unchecked			
2205	SieversBrunner1965	unchecked			
2205	StauslandJohnsen2015	unchecked			
2205	Stiles1985	unchecked			
2205	Stiles1986a	unchecked			
2205	Stiles1986b	unchecked			
2205	Stiles2012	unchecked			
2205	Stiles2017	unchecked			
2205	Streitberg1896	unchecked			
2205	Sweet1953	unchecked			
2205	Thorhallsdottir1993	unchecked			
2205	Toon1992	unchecked			
2205	Versloot2017	unchecked			
2205	Versloot2021	unchecked			
2205	Versloot2025	unchecked			
2205	Vine2019	unchecked			
2205	Waxenberger2019	unchecked			
2205	WrightWuelcker1884	unchecked			
2205	vanHelten1905	unchecked			
2206	Adamczyk2001	unchecked			
2206	Bammesberger1990	unchecked			
2206	Bammesberger1992	unchecked			
2206	Bammesberger1997	unchecked			
2206	Beekes2010	unchecked			
2206	Bennett1950	unchecked			
2206	BosworthToller1898	unchecked			
2206	Bremmer2008	unchecked			
2206	Bremmer2009	unchecked			
2206	Bright1917	unchecked			
2206	Bulbring1902	unchecked			
2206	CaedmonsHymnVitt1452	unchecked			
2206	Campbell1939	unchecked			
2206	Campbell1959	unchecked			
2206	Cercignani1979	unchecked			
2206	Cercignani1980	unchecked			
2206	ClarkHall1960	unchecked			
2206	Crist2001	unchecked			
2206	Crist2002	unchecked			
2206	Erdmann1972	unchecked			
2206	Fulk2018	unchecked			
2206	GermanicSlavicBaltic2025	unchecked			
2206	Goblirsch1991	unchecked			
2206	Hamp1990	unchecked			
2206	Hirt1931	unchecked			
2206	Hogg1979	unchecked			
2206	HoggGrammar2011	unchecked			
2206	HoggIntroduction1992	unchecked			
2206	HoggPhonology1992	unchecked			
2206	HowellSalmons1988	unchecked			
2206	Kaluza1900	unchecked			
2206	Kastovsky1992	unchecked			
2206	Kilday2024	unchecked			
2206	KlugeSeebold2011	unchecked			
2206	Kortlandt2008	unchecked			
2206	Kroonen2006	unchecked			
2206	Kroonen2011	unchecked			
2206	Kroonen2013	unchecked			
2206	Kylstra1983	unchecked			
2206	Laker2007	unchecked			
2206	Lid1952	unchecked			
2206	Lloyd1966	unchecked			
2206	LloydSpringer1988	unchecked			
2206	Luehr1993	unchecked			
2206	Luick1914	unchecked			
2206	Mayrhofer1992	unchecked			
2206	Mees2020	unchecked			
2206	NeriRingeReview	unchecked			
2206	Nielsen2001	unchecked			
2206	Orel2003	unchecked			
2206	Pierce1999	unchecked			
2206	Pierce2003	unchecked			
2206	Pierce2006	unchecked			
2206	Pokorny1959	unchecked			
2206	Polome1967	unchecked			
2206	Polome1994	unchecked			
2206	Repansek2012	unchecked			
2206	Rice1994	unchecked			
2206	Ringe1984	unchecked			
2206	Ringe2017	unchecked			
2206	RingeTaylor2014	unchecked			
2206	Seebold1970	unchecked			
2206	SieversBrunner1965	unchecked			
2206	StauslandJohnsen2015	unchecked			
2206	Stiles1985	unchecked			
2206	Stiles1986a	unchecked			
2206	Stiles1986b	unchecked			
2206	Stiles2012	unchecked			
2206	Stiles2017	unchecked			
2206	Streitberg1896	unchecked			
2206	Sweet1953	unchecked			
2206	Thorhallsdottir1993	unchecked			
2206	Toon1992	unchecked			
2206	Versloot2017	unchecked			
2206	Versloot2021	unchecked			
2206	Versloot2025	unchecked			
2206	Vine2019	unchecked			
2206	Waxenberger2019	unchecked			
2206	WrightWuelcker1884	unchecked			
2206	vanHelten1905	unchecked			
2207	Adamczyk2001	unchecked			
2207	Bammesberger1990	unchecked			
2207	Bammesberger1992	unchecked			
2207	Bammesberger1997	unchecked			
2207	Beekes2010	unchecked			
2207	Bennett1950	unchecked			
2207	BosworthToller1898	unchecked			
2207	Bremmer2008	unchecked			
2207	Bremmer2009	unchecked			
2207	Bright1917	unchecked			
2207	Bulbring1902	unchecked			
2207	CaedmonsHymnVitt1452	unchecked			
2207	Campbell1939	unchecked			
2207	Campbell1959	unchecked			
2207	Cercignani1979	unchecked			
2207	Cercignani1980	unchecked			
2207	ClarkHall1960	unchecked			
2207	Crist2001	unchecked			
2207	Crist2002	unchecked			
2207	Erdmann1972	unchecked			
2207	Fulk2018	unchecked			
2207	GermanicSlavicBaltic2025	unchecked			
2207	Goblirsch1991	unchecked			
2207	Hamp1990	unchecked			
2207	Hirt1931	unchecked			
2207	Hogg1979	unchecked			
2207	HoggGrammar2011	unchecked			
2207	HoggIntroduction1992	unchecked			
2207	HoggPhonology1992	unchecked			
2207	HowellSalmons1988	unchecked			
2207	Kaluza1900	unchecked			
2207	Kastovsky1992	unchecked			
2207	Kilday2024	unchecked			
2207	KlugeSeebold2011	unchecked			
2207	Kortlandt2008	unchecked			
2207	Kroonen2006	unchecked			
2207	Kroonen2011	unchecked			
2207	Kroonen2013	unchecked			
2207	Kylstra1983	unchecked			
2207	Laker2007	unchecked			
2207	Lid1952	unchecked			
2207	Lloyd1966	unchecked			
2207	LloydSpringer1988	unchecked			
2207	Luehr1993	unchecked			
2207	Luick1914	unchecked			
2207	Mayrhofer1992	unchecked			
2207	Mees2020	unchecked			
2207	NeriRingeReview	unchecked			
2207	Nielsen2001	unchecked			
2207	Orel2003	unchecked			
2207	Pierce1999	unchecked			
2207	Pierce2003	unchecked			
2207	Pierce2006	unchecked			
2207	Pokorny1959	unchecked			
2207	Polome1967	unchecked			
2207	Polome1994	unchecked			
2207	Repansek2012	unchecked			
2207	Rice1994	unchecked			
2207	Ringe1984	unchecked			
2207	Ringe2017	unchecked			
2207	RingeTaylor2014	unchecked			
2207	Seebold1970	unchecked			
2207	SieversBrunner1965	unchecked			
2207	StauslandJohnsen2015	unchecked			
2207	Stiles1985	unchecked			
2207	Stiles1986a	unchecked			
2207	Stiles1986b	unchecked			
2207	Stiles2012	unchecked			
2207	Stiles2017	unchecked			
2207	Streitberg1896	unchecked			
2207	Sweet1953	unchecked			
2207	Thorhallsdottir1993	unchecked			
2207	Toon1992	unchecked			
2207	Versloot2017	unchecked			
2207	Versloot2021	unchecked			
2207	Versloot2025	unchecked			
2207	Vine2019	unchecked			
2207	Waxenberger2019	unchecked			
2207	WrightWuelcker1884	unchecked			
2207	vanHelten1905	unchecked			
2208	Adamczyk2001	unchecked			
2208	Bammesberger1990	unchecked			
2208	Bammesberger1992	unchecked			
2208	Bammesberger1997	unchecked			
2208	Beekes2010	unchecked			
2208	Bennett1950	unchecked			
2208	BosworthToller1898	unchecked			
2208	Bremmer2008	unchecked			
2208	Bremmer2009	unchecked			
2208	Bright1917	unchecked			
2208	Bulbring1902	unchecked			
2208	CaedmonsHymnVitt1452	unchecked			
2208	Campbell1939	unchecked			
2208	Campbell1959	unchecked			
2208	Cercignani1979	unchecked			
2208	Cercignani1980	unchecked			
2208	ClarkHall1960	unchecked			
2208	Crist2001	unchecked			
2208	Crist2002	unchecked			
2208	Erdmann1972	unchecked			
2208	Fulk2018	unchecked			
2208	GermanicSlavicBaltic2025	unchecked			
2208	Goblirsch1991	unchecked			
2208	Hamp1990	unchecked			
2208	Hirt1931	unchecked			
2208	Hogg1979	unchecked			
2208	HoggGrammar2011	unchecked			
2208	HoggIntroduction1992	unchecked			
2208	HoggPhonology1992	unchecked			
2208	HowellSalmons1988	unchecked			
2208	Kaluza1900	unchecked			
2208	Kastovsky1992	unchecked			
2208	Kilday2024	unchecked			
2208	KlugeSeebold2011	unchecked			
2208	Kortlandt2008	unchecked			
2208	Kroonen2006	unchecked			
2208	Kroonen2011	unchecked			
2208	Kroonen2013	unchecked			
2208	Kylstra1983	unchecked			
2208	Laker2007	unchecked			
2208	Lid1952	unchecked			
2208	Lloyd1966	unchecked			
2208	LloydSpringer1988	unchecked			
2208	Luehr1993	unchecked			
2208	Luick1914	unchecked			
2208	Mayrhofer1992	unchecked			
2208	Mees2020	unchecked			
2208	NeriRingeReview	unchecked			
2208	Nielsen2001	unchecked			
2208	Orel2003	unchecked			
2208	Pierce1999	unchecked			
2208	Pierce2003	unchecked			
2208	Pierce2006	unchecked			
2208	Pokorny1959	unchecked			
2208	Polome1967	unchecked			
2208	Polome1994	unchecked			
2208	Repansek2012	unchecked			
2208	Rice1994	unchecked			
2208	Ringe1984	unchecked			
2208	Ringe2017	unchecked			
2208	RingeTaylor2014	unchecked			
2208	Seebold1970	unchecked			
2208	SieversBrunner1965	unchecked			
2208	StauslandJohnsen2015	unchecked			
2208	Stiles1985	unchecked			
2208	Stiles1986a	unchecked			
2208	Stiles1986b	unchecked			
2208	Stiles2012	unchecked			
2208	Stiles2017	unchecked			
2208	Streitberg1896	unchecked			
2208	Sweet1953	unchecked			
2208	Thorhallsdottir1993	unchecked			
2208	Toon1992	unchecked			
2208	Versloot2017	unchecked			
2208	Versloot2021	unchecked			
2208	Versloot2025	unchecked			
2208	Vine2019	unchecked			
2208	Waxenberger2019	unchecked			
2208	WrightWuelcker1884	unchecked			
2208	vanHelten1905	unchecked			
2209	Adamczyk2001	unchecked			
2209	Bammesberger1990	unchecked			
2209	Bammesberger1992	unchecked			
2209	Bammesberger1997	unchecked			
2209	Beekes2010	unchecked			
2209	Bennett1950	unchecked			
2209	BosworthToller1898	unchecked			
2209	Bremmer2008	unchecked			
2209	Bremmer2009	unchecked			
2209	Bright1917	unchecked			
2209	Bulbring1902	unchecked			
2209	CaedmonsHymnVitt1452	unchecked			
2209	Campbell1939	unchecked			
2209	Campbell1959	unchecked			
2209	Cercignani1979	unchecked			
2209	Cercignani1980	unchecked			
2209	ClarkHall1960	unchecked			
2209	Crist2001	unchecked			
2209	Crist2002	unchecked			
2209	Erdmann1972	unchecked			
2209	Fulk2018	unchecked			
2209	GermanicSlavicBaltic2025	unchecked			
2209	Goblirsch1991	unchecked			
2209	Hamp1990	unchecked			
2209	Hirt1931	unchecked			
2209	Hogg1979	unchecked			
2209	HoggGrammar2011	unchecked			
2209	HoggIntroduction1992	unchecked			
2209	HoggPhonology1992	unchecked			
2209	HowellSalmons1988	unchecked			
2209	Kaluza1900	unchecked			
2209	Kastovsky1992	unchecked			
2209	Kilday2024	unchecked			
2209	KlugeSeebold2011	unchecked			
2209	Kortlandt2008	unchecked			
2209	Kroonen2006	unchecked			
2209	Kroonen2011	unchecked			
2209	Kroonen2013	unchecked			
2209	Kylstra1983	unchecked			
2209	Laker2007	unchecked			
2209	Lid1952	unchecked			
2209	Lloyd1966	unchecked			
2209	LloydSpringer1988	unchecked			
2209	Luehr1993	unchecked			
2209	Luick1914	unchecked			
2209	Mayrhofer1992	unchecked			
2209	Mees2020	unchecked			
2209	NeriRingeReview	unchecked			
2209	Nielsen2001	unchecked			
2209	Orel2003	unchecked			
2209	Pierce1999	unchecked			
2209	Pierce2003	unchecked			
2209	Pierce2006	unchecked			
2209	Pokorny1959	unchecked			
2209	Polome1967	unchecked			
2209	Polome1994	unchecked			
2209	Repansek2012	unchecked			
2209	Rice1994	unchecked			
2209	Ringe1984	unchecked			
2209	Ringe2017	unchecked			
2209	RingeTaylor2014	unchecked			
2209	Seebold1970	unchecked			
2209	SieversBrunner1965	unchecked			
2209	StauslandJohnsen2015	unchecked			
2209	Stiles1985	unchecked			
2209	Stiles1986a	unchecked			
2209	Stiles1986b	unchecked			
2209	Stiles2012	unchecked			
2209	Stiles2017	unchecked			
2209	Streitberg1896	unchecked			
2209	Sweet1953	unchecked			
2209	Thorhallsdottir1993	unchecked			
2209	Toon1992	unchecked			
2209	Versloot2017	unchecked			
2209	Versloot2021	unchecked			
2209	Versloot2025	unchecked			
2209	Vine2019	unchecked			
2209	Waxenberger2019	unchecked			
2209	WrightWuelcker1884	unchecked			
2209	vanHelten1905	unchecked			
2210	Adamczyk2001	unchecked			
2210	Bammesberger1990	unchecked			
2210	Bammesberger1992	unchecked			
2210	Bammesberger1997	unchecked			
2210	Beekes2010	unchecked			
2210	Bennett1950	unchecked			
2210	BosworthToller1898	unchecked			
2210	Bremmer2008	unchecked			
2210	Bremmer2009	unchecked			
2210	Bright1917	unchecked			
2210	Bulbring1902	unchecked			
2210	CaedmonsHymnVitt1452	unchecked			
2210	Campbell1939	unchecked			
2210	Campbell1959	unchecked			
2210	Cercignani1979	unchecked			
2210	Cercignani1980	unchecked			
2210	ClarkHall1960	unchecked			
2210	Crist2001	unchecked			
2210	Crist2002	unchecked			
2210	Erdmann1972	unchecked			
2210	Fulk2018	unchecked			
2210	GermanicSlavicBaltic2025	unchecked			
2210	Goblirsch1991	unchecked			
2210	Hamp1990	unchecked			
2210	Hirt1931	unchecked			
2210	Hogg1979	unchecked			
2210	HoggGrammar2011	unchecked			
2210	HoggIntroduction1992	unchecked			
2210	HoggPhonology1992	unchecked			
2210	HowellSalmons1988	unchecked			
2210	Kaluza1900	unchecked			
2210	Kastovsky1992	unchecked			
2210	Kilday2024	unchecked			
2210	KlugeSeebold2011	unchecked			
2210	Kortlandt2008	unchecked			
2210	Kroonen2006	unchecked			
2210	Kroonen2011	unchecked			
2210	Kroonen2013	unchecked			
2210	Kylstra1983	unchecked			
2210	Laker2007	unchecked			
2210	Lid1952	unchecked			
2210	Lloyd1966	unchecked			
2210	LloydSpringer1988	unchecked			
2210	Luehr1993	unchecked			
2210	Luick1914	unchecked			
2210	Mayrhofer1992	unchecked			
2210	Mees2020	unchecked			
2210	NeriRingeReview	unchecked			
2210	Nielsen2001	unchecked			
2210	Orel2003	unchecked			
2210	Pierce1999	unchecked			
2210	Pierce2003	unchecked			
2210	Pierce2006	unchecked			
2210	Pokorny1959	unchecked			
2210	Polome1967	unchecked			
2210	Polome1994	unchecked			
2210	Repansek2012	unchecked			
2210	Rice1994	unchecked			
2210	Ringe1984	unchecked			
2210	Ringe2017	unchecked			
2210	RingeTaylor2014	unchecked			
2210	Seebold1970	unchecked			
2210	SieversBrunner1965	unchecked			
2210	StauslandJohnsen2015	unchecked			
2210	Stiles1985	unchecked			
2210	Stiles1986a	unchecked			
2210	Stiles1986b	unchecked			
2210	Stiles2012	unchecked			
2210	Stiles2017	unchecked			
2210	Streitberg1896	unchecked			
2210	Sweet1953	unchecked			
2210	Thorhallsdottir1993	unchecked			
2210	Toon1992	unchecked			
2210	Versloot2017	unchecked			
2210	Versloot2021	unchecked			
2210	Versloot2025	unchecked			
2210	Vine2019	unchecked			
2210	Waxenberger2019	unchecked			
2210	WrightWuelcker1884	unchecked			
2210	vanHelten1905	unchecked			
2211	Adamczyk2001	unchecked			
2211	Bammesberger1990	unchecked			
2211	Bammesberger1992	unchecked			
2211	Bammesberger1997	unchecked			
2211	Beekes2010	unchecked			
2211	Bennett1950	unchecked			
2211	BosworthToller1898	unchecked			
2211	Bremmer2008	unchecked			
2211	Bremmer2009	unchecked			
2211	Bright1917	unchecked			
2211	Bulbring1902	unchecked			
2211	CaedmonsHymnVitt1452	unchecked			
2211	Campbell1939	unchecked			
2211	Campbell1959	unchecked			
2211	Cercignani1979	unchecked			
2211	Cercignani1980	unchecked			
2211	ClarkHall1960	unchecked			
2211	Crist2001	unchecked			
2211	Crist2002	unchecked			
2211	Erdmann1972	unchecked			
2211	Fulk2018	unchecked			
2211	GermanicSlavicBaltic2025	unchecked			
2211	Goblirsch1991	unchecked			
2211	Hamp1990	unchecked			
2211	Hirt1931	unchecked			
2211	Hogg1979	unchecked			
2211	HoggGrammar2011	unchecked			
2211	HoggIntroduction1992	unchecked			
2211	HoggPhonology1992	unchecked			
2211	HowellSalmons1988	unchecked			
2211	Kaluza1900	unchecked			
2211	Kastovsky1992	unchecked			
2211	Kilday2024	unchecked			
2211	KlugeSeebold2011	unchecked			
2211	Kortlandt2008	unchecked			
2211	Kroonen2006	unchecked			
2211	Kroonen2011	unchecked			
2211	Kroonen2013	unchecked			
2211	Kylstra1983	unchecked			
2211	Laker2007	unchecked			
2211	Lid1952	unchecked			
2211	Lloyd1966	unchecked			
2211	LloydSpringer1988	unchecked			
2211	Luehr1993	unchecked			
2211	Luick1914	unchecked			
2211	Mayrhofer1992	unchecked			
2211	Mees2020	unchecked			
2211	NeriRingeReview	unchecked			
2211	Nielsen2001	unchecked			
2211	Orel2003	unchecked			
2211	Pierce1999	unchecked			
2211	Pierce2003	unchecked			
2211	Pierce2006	unchecked			
2211	Pokorny1959	unchecked			
2211	Polome1967	unchecked			
2211	Polome1994	unchecked			
2211	Repansek2012	unchecked			
2211	Rice1994	unchecked			
2211	Ringe1984	unchecked			
2211	Ringe2017	unchecked			
2211	RingeTaylor2014	unchecked			
2211	Seebold1970	unchecked			
2211	SieversBrunner1965	unchecked			
2211	StauslandJohnsen2015	unchecked			
2211	Stiles1985	unchecked			
2211	Stiles1986a	unchecked			
2211	Stiles1986b	unchecked			
2211	Stiles2012	unchecked			
2211	Stiles2017	unchecked			
2211	Streitberg1896	unchecked			
2211	Sweet1953	unchecked			
2211	Thorhallsdottir1993	unchecked			
2211	Toon1992	unchecked			
2211	Versloot2017	unchecked			
2211	Versloot2021	unchecked			
2211	Versloot2025	unchecked			
2211	Vine2019	unchecked			
2211	Waxenberger2019	unchecked			
2211	WrightWuelcker1884	unchecked			
2211	vanHelten1905	unchecked			
2212	Adamczyk2001	unchecked			
2212	Bammesberger1990	unchecked			
2212	Bammesberger1992	unchecked			
2212	Bammesberger1997	unchecked			
2212	Beekes2010	unchecked			
2212	Bennett1950	unchecked			
2212	BosworthToller1898	unchecked			
2212	Bremmer2008	unchecked			
2212	Bremmer2009	unchecked			
2212	Bright1917	unchecked			
2212	Bulbring1902	unchecked			
2212	CaedmonsHymnVitt1452	unchecked			
2212	Campbell1939	unchecked			
2212	Campbell1959	unchecked			
2212	Cercignani1979	unchecked			
2212	Cercignani1980	unchecked			
2212	ClarkHall1960	unchecked			
2212	Crist2001	unchecked			
2212	Crist2002	unchecked			
2212	Erdmann1972	unchecked			
2212	Fulk2018	unchecked			
2212	GermanicSlavicBaltic2025	unchecked			
2212	Goblirsch1991	unchecked			
2212	Hamp1990	unchecked			
2212	Hirt1931	unchecked			
2212	Hogg1979	unchecked			
2212	HoggGrammar2011	unchecked			
2212	HoggIntroduction1992	unchecked			
2212	HoggPhonology1992	unchecked			
2212	HowellSalmons1988	unchecked			
2212	Kaluza1900	unchecked			
2212	Kastovsky1992	unchecked			
2212	Kilday2024	unchecked			
2212	KlugeSeebold2011	unchecked			
2212	Kortlandt2008	unchecked			
2212	Kroonen2006	unchecked			
2212	Kroonen2011	unchecked			
2212	Kroonen2013	unchecked			
2212	Kylstra1983	unchecked			
2212	Laker2007	unchecked			
2212	Lid1952	unchecked			
2212	Lloyd1966	unchecked			
2212	LloydSpringer1988	unchecked			
2212	Luehr1993	unchecked			
2212	Luick1914	unchecked			
2212	Mayrhofer1992	unchecked			
2212	Mees2020	unchecked			
2212	NeriRingeReview	unchecked			
2212	Nielsen2001	unchecked			
2212	Orel2003	unchecked			
2212	Pierce1999	unchecked			
2212	Pierce2003	unchecked			
2212	Pierce2006	unchecked			
2212	Pokorny1959	unchecked			
2212	Polome1967	unchecked			
2212	Polome1994	unchecked			
2212	Repansek2012	unchecked			
2212	Rice1994	unchecked			
2212	Ringe1984	unchecked			
2212	Ringe2017	unchecked			
2212	RingeTaylor2014	unchecked			
2212	Seebold1970	unchecked			
2212	SieversBrunner1965	unchecked			
2212	StauslandJohnsen2015	unchecked			
2212	Stiles1985	unchecked			
2212	Stiles1986a	unchecked			
2212	Stiles1986b	unchecked			
2212	Stiles2012	unchecked			
2212	Stiles2017	unchecked			
2212	Streitberg1896	unchecked			
2212	Sweet1953	unchecked			
2212	Thorhallsdottir1993	unchecked			
2212	Toon1992	unchecked			
2212	Versloot2017	unchecked			
2212	Versloot2021	unchecked			
2212	Versloot2025	unchecked			
2212	Vine2019	unchecked			
2212	Waxenberger2019	unchecked			
2212	WrightWuelcker1884	unchecked			
2212	vanHelten1905	unchecked			
2213	Adamczyk2001	unchecked			
2213	Bammesberger1990	unchecked			
2213	Bammesberger1992	unchecked			
2213	Bammesberger1997	unchecked			
2213	Beekes2010	unchecked			
2213	Bennett1950	unchecked			
2213	BosworthToller1898	unchecked			
2213	Bremmer2008	unchecked			
2213	Bremmer2009	unchecked			
2213	Bright1917	unchecked			
2213	Bulbring1902	unchecked			
2213	CaedmonsHymnVitt1452	unchecked			
2213	Campbell1939	unchecked			
2213	Campbell1959	unchecked			
2213	Cercignani1979	unchecked			
2213	Cercignani1980	unchecked			
2213	ClarkHall1960	unchecked			
2213	Crist2001	unchecked			
2213	Crist2002	unchecked			
2213	Erdmann1972	unchecked			
2213	Fulk2018	unchecked			
2213	GermanicSlavicBaltic2025	unchecked			
2213	Goblirsch1991	unchecked			
2213	Hamp1990	unchecked			
2213	Hirt1931	unchecked			
2213	Hogg1979	unchecked			
2213	HoggGrammar2011	unchecked			
2213	HoggIntroduction1992	unchecked			
2213	HoggPhonology1992	unchecked			
2213	HowellSalmons1988	unchecked			
2213	Kaluza1900	unchecked			
2213	Kastovsky1992	unchecked			
2213	Kilday2024	unchecked			
2213	KlugeSeebold2011	unchecked			
2213	Kortlandt2008	unchecked			
2213	Kroonen2006	unchecked			
2213	Kroonen2011	unchecked			
2213	Kroonen2013	unchecked			
2213	Kylstra1983	unchecked			
2213	Laker2007	unchecked			
2213	Lid1952	unchecked			
2213	Lloyd1966	unchecked			
2213	LloydSpringer1988	unchecked			
2213	Luehr1993	unchecked			
2213	Luick1914	unchecked			
2213	Mayrhofer1992	unchecked			
2213	Mees2020	unchecked			
2213	NeriRingeReview	unchecked			
2213	Nielsen2001	unchecked			
2213	Orel2003	unchecked			
2213	Pierce1999	unchecked			
2213	Pierce2003	unchecked			
2213	Pierce2006	unchecked			
2213	Pokorny1959	unchecked			
2213	Polome1967	unchecked			
2213	Polome1994	unchecked			
2213	Repansek2012	unchecked			
2213	Rice1994	unchecked			
2213	Ringe1984	unchecked			
2213	Ringe2017	unchecked			
2213	RingeTaylor2014	unchecked			
2213	Seebold1970	unchecked			
2213	SieversBrunner1965	unchecked			
2213	StauslandJohnsen2015	unchecked			
2213	Stiles1985	unchecked			
2213	Stiles1986a	unchecked			
2213	Stiles1986b	unchecked			
2213	Stiles2012	unchecked			
2213	Stiles2017	unchecked			
2213	Streitberg1896	unchecked			
2213	Sweet1953	unchecked			
2213	Thorhallsdottir1993	unchecked			
2213	Toon1992	unchecked			
2213	Versloot2017	unchecked			
2213	Versloot2021	unchecked			
2213	Versloot2025	unchecked			
2213	Vine2019	unchecked			
2213	Waxenberger2019	unchecked			
2213	WrightWuelcker1884	unchecked			
2213	vanHelten1905	unchecked			
2214	Adamczyk2001	unchecked			
2214	Bammesberger1990	unchecked			
2214	Bammesberger1992	unchecked			
2214	Bammesberger1997	unchecked			
2214	Beekes2010	unchecked			
2214	Bennett1950	unchecked			
2214	BosworthToller1898	unchecked			
2214	Bremmer2008	unchecked			
2214	Bremmer2009	unchecked			
2214	Bright1917	unchecked			
2214	Bulbring1902	unchecked			
2214	CaedmonsHymnVitt1452	unchecked			
2214	Campbell1939	unchecked			
2214	Campbell1959	unchecked			
2214	Cercignani1979	unchecked			
2214	Cercignani1980	unchecked			
2214	ClarkHall1960	unchecked			
2214	Crist2001	unchecked			
2214	Crist2002	unchecked			
2214	Erdmann1972	unchecked			
2214	Fulk2018	unchecked			
2214	GermanicSlavicBaltic2025	unchecked			
2214	Goblirsch1991	unchecked			
2214	Hamp1990	unchecked			
2214	Hirt1931	unchecked			
2214	Hogg1979	unchecked			
2214	HoggGrammar2011	unchecked			
2214	HoggIntroduction1992	unchecked			
2214	HoggPhonology1992	unchecked			
2214	HowellSalmons1988	unchecked			
2214	Kaluza1900	unchecked			
2214	Kastovsky1992	unchecked			
2214	Kilday2024	unchecked			
2214	KlugeSeebold2011	unchecked			
2214	Kortlandt2008	unchecked			
2214	Kroonen2006	unchecked			
2214	Kroonen2011	unchecked			
2214	Kroonen2013	unchecked			
2214	Kylstra1983	unchecked			
2214	Laker2007	unchecked			
2214	Lid1952	unchecked			
2214	Lloyd1966	unchecked			
2214	LloydSpringer1988	unchecked			
2214	Luehr1993	unchecked			
2214	Luick1914	unchecked			
2214	Mayrhofer1992	unchecked			
2214	Mees2020	unchecked			
2214	NeriRingeReview	unchecked			
2214	Nielsen2001	unchecked			
2214	Orel2003	unchecked			
2214	Pierce1999	unchecked			
2214	Pierce2003	unchecked			
2214	Pierce2006	unchecked			
2214	Pokorny1959	unchecked			
2214	Polome1967	unchecked			
2214	Polome1994	unchecked			
2214	Repansek2012	unchecked			
2214	Rice1994	unchecked			
2214	Ringe1984	unchecked			
2214	Ringe2017	unchecked			
2214	RingeTaylor2014	unchecked			
2214	Seebold1970	unchecked			
2214	SieversBrunner1965	unchecked			
2214	StauslandJohnsen2015	unchecked			
2214	Stiles1985	unchecked			
2214	Stiles1986a	unchecked			
2214	Stiles1986b	unchecked			
2214	Stiles2012	unchecked			
2214	Stiles2017	unchecked			
2214	Streitberg1896	unchecked			
2214	Sweet1953	unchecked			
2214	Thorhallsdottir1993	unchecked			
2214	Toon1992	unchecked			
2214	Versloot2017	unchecked			
2214	Versloot2021	unchecked			
2214	Versloot2025	unchecked			
2214	Vine2019	unchecked			
2214	Waxenberger2019	unchecked			
2214	WrightWuelcker1884	unchecked			
2214	vanHelten1905	unchecked			
2215	Adamczyk2001	unchecked			
2215	Bammesberger1990	unchecked			
2215	Bammesberger1992	unchecked			
2215	Bammesberger1997	unchecked			
2215	Beekes2010	unchecked			
2215	Bennett1950	unchecked			
2215	BosworthToller1898	unchecked			
2215	Bremmer2008	unchecked			
2215	Bremmer2009	unchecked			
2215	Bright1917	unchecked			
2215	Bulbring1902	unchecked			
2215	CaedmonsHymnVitt1452	unchecked			
2215	Campbell1939	unchecked			
2215	Campbell1959	unchecked			
2215	Cercignani1979	unchecked			
2215	Cercignani1980	unchecked			
2215	ClarkHall1960	unchecked			
2215	Crist2001	unchecked			
2215	Crist2002	unchecked			
2215	Erdmann1972	unchecked			
2215	Fulk2018	unchecked			
2215	GermanicSlavicBaltic2025	unchecked			
2215	Goblirsch1991	unchecked			
2215	Hamp1990	unchecked			
2215	Hirt1931	unchecked			
2215	Hogg1979	unchecked			
2215	HoggGrammar2011	unchecked			
2215	HoggIntroduction1992	unchecked			
2215	HoggPhonology1992	unchecked			
2215	HowellSalmons1988	unchecked			
2215	Kaluza1900	unchecked			
2215	Kastovsky1992	unchecked			
2215	Kilday2024	unchecked			
2215	KlugeSeebold2011	unchecked			
2215	Kortlandt2008	unchecked			
2215	Kroonen2006	unchecked			
2215	Kroonen2011	unchecked			
2215	Kroonen2013	unchecked			
2215	Kylstra1983	unchecked			
2215	Laker2007	unchecked			
2215	Lid1952	unchecked			
2215	Lloyd1966	unchecked			
2215	LloydSpringer1988	unchecked			
2215	Luehr1993	unchecked			
2215	Luick1914	unchecked			
2215	Mayrhofer1992	unchecked			
2215	Mees2020	unchecked			
2215	NeriRingeReview	unchecked			
2215	Nielsen2001	unchecked			
2215	Orel2003	unchecked			
2215	Pierce1999	unchecked			
2215	Pierce2003	unchecked			
2215	Pierce2006	unchecked			
2215	Pokorny1959	unchecked			
2215	Polome1967	unchecked			
2215	Polome1994	unchecked			
2215	Repansek2012	unchecked			
2215	Rice1994	unchecked			
2215	Ringe1984	unchecked			
2215	Ringe2017	unchecked			
2215	RingeTaylor2014	unchecked			
2215	Seebold1970	unchecked			
2215	SieversBrunner1965	unchecked			
2215	StauslandJohnsen2015	unchecked			
2215	Stiles1985	unchecked			
2215	Stiles1986a	unchecked			
2215	Stiles1986b	unchecked			
2215	Stiles2012	unchecked			
2215	Stiles2017	unchecked			
2215	Streitberg1896	unchecked			
2215	Sweet1953	unchecked			
2215	Thorhallsdottir1993	unchecked			
2215	Toon1992	unchecked			
2215	Versloot2017	unchecked			
2215	Versloot2021	unchecked			
2215	Versloot2025	unchecked			
2215	Vine2019	unchecked			
2215	Waxenberger2019	unchecked			
2215	WrightWuelcker1884	unchecked			
2215	vanHelten1905	unchecked			
2216	Adamczyk2001	unchecked			
2216	Bammesberger1990	unchecked			
2216	Bammesberger1992	unchecked			
2216	Bammesberger1997	unchecked			
2216	Beekes2010	unchecked			
2216	Bennett1950	unchecked			
2216	BosworthToller1898	unchecked			
2216	Bremmer2008	unchecked			
2216	Bremmer2009	unchecked			
2216	Bright1917	unchecked			
2216	Bulbring1902	unchecked			
2216	CaedmonsHymnVitt1452	unchecked			
2216	Campbell1939	unchecked			
2216	Campbell1959	unchecked			
2216	Cercignani1979	unchecked			
2216	Cercignani1980	unchecked			
2216	ClarkHall1960	unchecked			
2216	Crist2001	unchecked			
2216	Crist2002	unchecked			
2216	Erdmann1972	unchecked			
2216	Fulk2018	unchecked			
2216	GermanicSlavicBaltic2025	unchecked			
2216	Goblirsch1991	unchecked			
2216	Hamp1990	unchecked			
2216	Hirt1931	unchecked			
2216	Hogg1979	unchecked			
2216	HoggGrammar2011	unchecked			
2216	HoggIntroduction1992	unchecked			
2216	HoggPhonology1992	unchecked			
2216	HowellSalmons1988	unchecked			
2216	Kaluza1900	unchecked			
2216	Kastovsky1992	unchecked			
2216	Kilday2024	unchecked			
2216	KlugeSeebold2011	unchecked			
2216	Kortlandt2008	unchecked			
2216	Kroonen2006	unchecked			
2216	Kroonen2011	unchecked			
2216	Kroonen2013	unchecked			
2216	Kylstra1983	unchecked			
2216	Laker2007	unchecked			
2216	Lid1952	unchecked			
2216	Lloyd1966	unchecked			
2216	LloydSpringer1988	unchecked			
2216	Luehr1993	unchecked			
2216	Luick1914	unchecked			
2216	Mayrhofer1992	unchecked			
2216	Mees2020	unchecked			
2216	NeriRingeReview	unchecked			
2216	Nielsen2001	unchecked			
2216	Orel2003	unchecked			
2216	Pierce1999	unchecked			
2216	Pierce2003	unchecked			
2216	Pierce2006	unchecked			
2216	Pokorny1959	unchecked			
2216	Polome1967	unchecked			
2216	Polome1994	unchecked			
2216	Repansek2012	unchecked			
2216	Rice1994	unchecked			
2216	Ringe1984	unchecked			
2216	Ringe2017	unchecked			
2216	RingeTaylor2014	unchecked			
2216	Seebold1970	unchecked			
2216	SieversBrunner1965	unchecked			
2216	StauslandJohnsen2015	unchecked			
2216	Stiles1985	unchecked			
2216	Stiles1986a	unchecked			
2216	Stiles1986b	unchecked			
2216	Stiles2012	unchecked			
2216	Stiles2017	unchecked			
2216	Streitberg1896	unchecked			
2216	Sweet1953	unchecked			
2216	Thorhallsdottir1993	unchecked			
2216	Toon1992	unchecked			
2216	Versloot2017	unchecked			
2216	Versloot2021	unchecked			
2216	Versloot2025	unchecked			
2216	Vine2019	unchecked			
2216	Waxenberger2019	unchecked			
2216	WrightWuelcker1884	unchecked			
2216	vanHelten1905	unchecked			
2217	Adamczyk2001	unchecked			
2217	Bammesberger1990	unchecked			
2217	Bammesberger1992	unchecked			
2217	Bammesberger1997	unchecked			
2217	Beekes2010	unchecked			
2217	Bennett1950	unchecked			
2217	BosworthToller1898	unchecked			
2217	Bremmer2008	unchecked			
2217	Bremmer2009	unchecked			
2217	Bright1917	unchecked			
2217	Bulbring1902	unchecked			
2217	CaedmonsHymnVitt1452	unchecked			
2217	Campbell1939	unchecked			
2217	Campbell1959	unchecked			
2217	Cercignani1979	unchecked			
2217	Cercignani1980	unchecked			
2217	ClarkHall1960	unchecked			
2217	Crist2001	unchecked			
2217	Crist2002	unchecked			
2217	Erdmann1972	unchecked			
2217	Fulk2018	unchecked			
2217	GermanicSlavicBaltic2025	unchecked			
2217	Goblirsch1991	unchecked			
2217	Hamp1990	unchecked			
2217	Hirt1931	unchecked			
2217	Hogg1979	unchecked			
2217	HoggGrammar2011	unchecked			
2217	HoggIntroduction1992	unchecked			
2217	HoggPhonology1992	unchecked			
2217	HowellSalmons1988	unchecked			
2217	Kaluza1900	unchecked			
2217	Kastovsky1992	unchecked			
2217	Kilday2024	unchecked			
2217	KlugeSeebold2011	unchecked			
2217	Kortlandt2008	unchecked			
2217	Kroonen2006	unchecked			
2217	Kroonen2011	unchecked			
2217	Kroonen2013	unchecked			
2217	Kylstra1983	unchecked			
2217	Laker2007	unchecked			
2217	Lid1952	unchecked			
2217	Lloyd1966	unchecked			
2217	LloydSpringer1988	unchecked			
2217	Luehr1993	unchecked			
2217	Luick1914	unchecked			
2217	Mayrhofer1992	unchecked			
2217	Mees2020	unchecked			
2217	NeriRingeReview	unchecked			
2217	Nielsen2001	unchecked			
2217	Orel2003	unchecked			
2217	Pierce1999	unchecked			
2217	Pierce2003	unchecked			
2217	Pierce2006	unchecked			
2217	Pokorny1959	unchecked			
2217	Polome1967	unchecked			
2217	Polome1994	unchecked			
2217	Repansek2012	unchecked			
2217	Rice1994	unchecked			
2217	Ringe1984	unchecked			
2217	Ringe2017	unchecked			
2217	RingeTaylor2014	unchecked			
2217	Seebold1970	unchecked			
2217	SieversBrunner1965	unchecked			
2217	StauslandJohnsen2015	unchecked			
2217	Stiles1985	unchecked			
2217	Stiles1986a	unchecked			
2217	Stiles1986b	unchecked			
2217	Stiles2012	unchecked			
2217	Stiles2017	unchecked			
2217	Streitberg1896	unchecked			
2217	Sweet1953	unchecked			
2217	Thorhallsdottir1993	unchecked			
2217	Toon1992	unchecked			
2217	Versloot2017	unchecked			
2217	Versloot2021	unchecked			
2217	Versloot2025	unchecked			
2217	Vine2019	unchecked			
2217	Waxenberger2019	unchecked			
2217	WrightWuelcker1884	unchecked			
2217	vanHelten1905	unchecked			
2218	Adamczyk2001	unchecked			
2218	Bammesberger1990	unchecked			
2218	Bammesberger1992	unchecked			
2218	Bammesberger1997	unchecked			
2218	Beekes2010	unchecked			
2218	Bennett1950	unchecked			
2218	BosworthToller1898	unchecked			
2218	Bremmer2008	unchecked			
2218	Bremmer2009	unchecked			
2218	Bright1917	unchecked			
2218	Bulbring1902	unchecked			
2218	CaedmonsHymnVitt1452	unchecked			
2218	Campbell1939	unchecked			
2218	Campbell1959	unchecked			
2218	Cercignani1979	unchecked			
2218	Cercignani1980	unchecked			
2218	ClarkHall1960	unchecked			
2218	Crist2001	unchecked			
2218	Crist2002	unchecked			
2218	Erdmann1972	unchecked			
2218	Fulk2018	unchecked			
2218	GermanicSlavicBaltic2025	unchecked			
2218	Goblirsch1991	unchecked			
2218	Hamp1990	unchecked			
2218	Hirt1931	unchecked			
2218	Hogg1979	unchecked			
2218	HoggGrammar2011	unchecked			
2218	HoggIntroduction1992	unchecked			
2218	HoggPhonology1992	unchecked			
2218	HowellSalmons1988	unchecked			
2218	Kaluza1900	unchecked			
2218	Kastovsky1992	unchecked			
2218	Kilday2024	unchecked			
2218	KlugeSeebold2011	unchecked			
2218	Kortlandt2008	unchecked			
2218	Kroonen2006	unchecked			
2218	Kroonen2011	unchecked			
2218	Kroonen2013	unchecked			
2218	Kylstra1983	unchecked			
2218	Laker2007	unchecked			
2218	Lid1952	unchecked			
2218	Lloyd1966	unchecked			
2218	LloydSpringer1988	unchecked			
2218	Luehr1993	unchecked			
2218	Luick1914	unchecked			
2218	Mayrhofer1992	unchecked			
2218	Mees2020	unchecked			
2218	NeriRingeReview	unchecked			
2218	Nielsen2001	unchecked			
2218	Orel2003	unchecked			
2218	Pierce1999	unchecked			
2218	Pierce2003	unchecked			
2218	Pierce2006	unchecked			
2218	Pokorny1959	unchecked			
2218	Polome1967	unchecked			
2218	Polome1994	unchecked			
2218	Repansek2012	unchecked			
2218	Rice1994	unchecked			
2218	Ringe1984	unchecked			
2218	Ringe2017	unchecked			
2218	RingeTaylor2014	unchecked			
2218	Seebold1970	unchecked			
2218	SieversBrunner1965	unchecked			
2218	StauslandJohnsen2015	unchecked			
2218	Stiles1985	unchecked			
2218	Stiles1986a	unchecked			
2218	Stiles1986b	unchecked			
2218	Stiles2012	unchecked			
2218	Stiles2017	unchecked			
2218	Streitberg1896	unchecked			
2218	Sweet1953	unchecked			
2218	Thorhallsdottir1993	unchecked			
2218	Toon1992	unchecked			
2218	Versloot2017	unchecked			
2218	Versloot2021	unchecked			
2218	Versloot2025	unchecked			
2218	Vine2019	unchecked			
2218	Waxenberger2019	unchecked			
2218	WrightWuelcker1884	unchecked			
2218	vanHelten1905	unchecked			
2219	Adamczyk2001	unchecked			
2219	Bammesberger1990	unchecked			
2219	Bammesberger1992	unchecked			
2219	Bammesberger1997	unchecked			
2219	Beekes2010	unchecked			
2219	Bennett1950	unchecked			
2219	BosworthToller1898	unchecked			
2219	Bremmer2008	unchecked			
2219	Bremmer2009	unchecked			
2219	Bright1917	unchecked			
2219	Bulbring1902	unchecked			
2219	CaedmonsHymnVitt1452	unchecked			
2219	Campbell1939	unchecked			
2219	Campbell1959	unchecked			
2219	Cercignani1979	unchecked			
2219	Cercignani1980	unchecked			
2219	ClarkHall1960	unchecked			
2219	Crist2001	unchecked			
2219	Crist2002	unchecked			
2219	Erdmann1972	unchecked			
2219	Fulk2018	unchecked			
2219	GermanicSlavicBaltic2025	unchecked			
2219	Goblirsch1991	unchecked			
2219	Hamp1990	unchecked			
2219	Hirt1931	unchecked			
2219	Hogg1979	unchecked			
2219	HoggGrammar2011	unchecked			
2219	HoggIntroduction1992	unchecked			
2219	HoggPhonology1992	unchecked			
2219	HowellSalmons1988	unchecked			
2219	Kaluza1900	unchecked			
2219	Kastovsky1992	unchecked			
2219	Kilday2024	unchecked			
2219	KlugeSeebold2011	unchecked			
2219	Kortlandt2008	unchecked			
2219	Kroonen2006	unchecked			
2219	Kroonen2011	unchecked			
2219	Kroonen2013	unchecked			
2219	Kylstra1983	unchecked			
2219	Laker2007	unchecked			
2219	Lid1952	unchecked			
2219	Lloyd1966	unchecked			
2219	LloydSpringer1988	unchecked			
2219	Luehr1993	unchecked			
2219	Luick1914	unchecked			
2219	Mayrhofer1992	unchecked			
2219	Mees2020	unchecked			
2219	NeriRingeReview	unchecked			
2219	Nielsen2001	unchecked			
2219	Orel2003	unchecked			
2219	Pierce1999	unchecked			
2219	Pierce2003	unchecked			
2219	Pierce2006	unchecked			
2219	Pokorny1959	unchecked			
2219	Polome1967	unchecked			
2219	Polome1994	unchecked			
2219	Repansek2012	unchecked			
2219	Rice1994	unchecked			
2219	Ringe1984	unchecked			
2219	Ringe2017	unchecked			
2219	RingeTaylor2014	unchecked			
2219	Seebold1970	unchecked			
2219	SieversBrunner1965	unchecked			
2219	StauslandJohnsen2015	unchecked			
2219	Stiles1985	unchecked			
2219	Stiles1986a	unchecked			
2219	Stiles1986b	unchecked			
2219	Stiles2012	unchecked			
2219	Stiles2017	unchecked			
2219	Streitberg1896	unchecked			
2219	Sweet1953	unchecked			
2219	Thorhallsdottir1993	unchecked			
2219	Toon1992	unchecked			
2219	Versloot2017	unchecked			
2219	Versloot2021	unchecked			
2219	Versloot2025	unchecked			
2219	Vine2019	unchecked			
2219	Waxenberger2019	unchecked			
2219	WrightWuelcker1884	unchecked			
2219	vanHelten1905	unchecked			
2220	Adamczyk2001	unchecked			
2220	Bammesberger1990	unchecked			
2220	Bammesberger1992	unchecked			
2220	Bammesberger1997	unchecked			
2220	Beekes2010	unchecked			
2220	Bennett1950	unchecked			
2220	BosworthToller1898	unchecked			
2220	Bremmer2008	unchecked			
2220	Bremmer2009	unchecked			
2220	Bright1917	unchecked			
2220	Bulbring1902	unchecked			
2220	CaedmonsHymnVitt1452	unchecked			
2220	Campbell1939	unchecked			
2220	Campbell1959	unchecked			
2220	Cercignani1979	unchecked			
2220	Cercignani1980	unchecked			
2220	ClarkHall1960	unchecked			
2220	Crist2001	unchecked			
2220	Crist2002	unchecked			
2220	Erdmann1972	unchecked			
2220	Fulk2018	unchecked			
2220	GermanicSlavicBaltic2025	unchecked			
2220	Goblirsch1991	unchecked			
2220	Hamp1990	unchecked			
2220	Hirt1931	unchecked			
2220	Hogg1979	unchecked			
2220	HoggGrammar2011	unchecked			
2220	HoggIntroduction1992	unchecked			
2220	HoggPhonology1992	unchecked			
2220	HowellSalmons1988	unchecked			
2220	Kaluza1900	unchecked			
2220	Kastovsky1992	unchecked			
2220	Kilday2024	unchecked			
2220	KlugeSeebold2011	unchecked			
2220	Kortlandt2008	unchecked			
2220	Kroonen2006	unchecked			
2220	Kroonen2011	unchecked			
2220	Kroonen2013	unchecked			
2220	Kylstra1983	unchecked			
2220	Laker2007	unchecked			
2220	Lid1952	unchecked			
2220	Lloyd1966	unchecked			
2220	LloydSpringer1988	unchecked			
2220	Luehr1993	unchecked			
2220	Luick1914	unchecked			
2220	Mayrhofer1992	unchecked			
2220	Mees2020	unchecked			
2220	NeriRingeReview	unchecked			
2220	Nielsen2001	unchecked			
2220	Orel2003	unchecked			
2220	Pierce1999	unchecked			
2220	Pierce2003	unchecked			
2220	Pierce2006	unchecked			
2220	Pokorny1959	unchecked			
2220	Polome1967	unchecked			
2220	Polome1994	unchecked			
2220	Repansek2012	unchecked			
2220	Rice1994	unchecked			
2220	Ringe1984	unchecked			
2220	Ringe2017	unchecked			
2220	RingeTaylor2014	unchecked			
2220	Seebold1970	unchecked			
2220	SieversBrunner1965	unchecked			
2220	StauslandJohnsen2015	unchecked			
2220	Stiles1985	unchecked			
2220	Stiles1986a	unchecked			
2220	Stiles1986b	unchecked			
2220	Stiles2012	unchecked			
2220	Stiles2017	unchecked			
2220	Streitberg1896	unchecked			
2220	Sweet1953	unchecked			
2220	Thorhallsdottir1993	unchecked			
2220	Toon1992	unchecked			
2220	Versloot2017	unchecked			
2220	Versloot2021	unchecked			
2220	Versloot2025	unchecked			
2220	Vine2019	unchecked			
2220	Waxenberger2019	unchecked			
2220	WrightWuelcker1884	unchecked			
2220	vanHelten1905	unchecked			
2221	Adamczyk2001	unchecked			
2221	Bammesberger1990	unchecked			
2221	Bammesberger1992	unchecked			
2221	Bammesberger1997	unchecked			
2221	Beekes2010	unchecked			
2221	Bennett1950	unchecked			
2221	BosworthToller1898	unchecked			
2221	Bremmer2008	unchecked			
2221	Bremmer2009	unchecked			
2221	Bright1917	unchecked			
2221	Bulbring1902	unchecked			
2221	CaedmonsHymnVitt1452	unchecked			
2221	Campbell1939	unchecked			
2221	Campbell1959	unchecked			
2221	Cercignani1979	unchecked			
2221	Cercignani1980	unchecked			
2221	ClarkHall1960	unchecked			
2221	Crist2001	unchecked			
2221	Crist2002	unchecked			
2221	Erdmann1972	unchecked			
2221	Fulk2018	unchecked			
2221	GermanicSlavicBaltic2025	unchecked			
2221	Goblirsch1991	unchecked			
2221	Hamp1990	unchecked			
2221	Hirt1931	unchecked			
2221	Hogg1979	unchecked			
2221	HoggGrammar2011	unchecked			
2221	HoggIntroduction1992	unchecked			
2221	HoggPhonology1992	unchecked			
2221	HowellSalmons1988	unchecked			
2221	Kaluza1900	unchecked			
2221	Kastovsky1992	unchecked			
2221	Kilday2024	unchecked			
2221	KlugeSeebold2011	unchecked			
2221	Kortlandt2008	unchecked			
2221	Kroonen2006	unchecked			
2221	Kroonen2011	unchecked			
2221	Kroonen2013	unchecked			
2221	Kylstra1983	unchecked			
2221	Laker2007	unchecked			
2221	Lid1952	unchecked			
2221	Lloyd1966	unchecked			
2221	LloydSpringer1988	unchecked			
2221	Luehr1993	unchecked			
2221	Luick1914	unchecked			
2221	Mayrhofer1992	unchecked			
2221	Mees2020	unchecked			
2221	NeriRingeReview	unchecked			
2221	Nielsen2001	unchecked			
2221	Orel2003	unchecked			
2221	Pierce1999	unchecked			
2221	Pierce2003	unchecked			
2221	Pierce2006	unchecked			
2221	Pokorny1959	unchecked			
2221	Polome1967	unchecked			
2221	Polome1994	unchecked			
2221	Repansek2012	unchecked			
2221	Rice1994	unchecked			
2221	Ringe1984	unchecked			
2221	Ringe2017	unchecked			
2221	RingeTaylor2014	unchecked			
2221	Seebold1970	unchecked			
2221	SieversBrunner1965	unchecked			
2221	StauslandJohnsen2015	unchecked			
2221	Stiles1985	unchecked			
2221	Stiles1986a	unchecked			
2221	Stiles1986b	unchecked			
2221	Stiles2012	unchecked			
2221	Stiles2017	unchecked			
2221	Streitberg1896	unchecked			
2221	Sweet1953	unchecked			
2221	Thorhallsdottir1993	unchecked			
2221	Toon1992	unchecked			
2221	Versloot2017	unchecked			
2221	Versloot2021	unchecked			
2221	Versloot2025	unchecked			
2221	Vine2019	unchecked			
2221	Waxenberger2019	unchecked			
2221	WrightWuelcker1884	unchecked			
2221	vanHelten1905	unchecked			
2222	Adamczyk2001	unchecked			
2222	Bammesberger1990	unchecked			
2222	Bammesberger1992	unchecked			
2222	Bammesberger1997	unchecked			
2222	Beekes2010	unchecked			
2222	Bennett1950	unchecked			
2222	BosworthToller1898	unchecked			
2222	Bremmer2008	unchecked			
2222	Bremmer2009	unchecked			
2222	Bright1917	unchecked			
2222	Bulbring1902	unchecked			
2222	CaedmonsHymnVitt1452	unchecked			
2222	Campbell1939	unchecked			
2222	Campbell1959	unchecked			
2222	Cercignani1979	unchecked			
2222	Cercignani1980	unchecked			
2222	ClarkHall1960	unchecked			
2222	Crist2001	unchecked			
2222	Crist2002	unchecked			
2222	Erdmann1972	unchecked			
2222	Fulk2018	unchecked			
2222	GermanicSlavicBaltic2025	unchecked			
2222	Goblirsch1991	unchecked			
2222	Hamp1990	unchecked			
2222	Hirt1931	unchecked			
2222	Hogg1979	unchecked			
2222	HoggGrammar2011	unchecked			
2222	HoggIntroduction1992	unchecked			
2222	HoggPhonology1992	unchecked			
2222	HowellSalmons1988	unchecked			
2222	Kaluza1900	unchecked			
2222	Kastovsky1992	unchecked			
2222	Kilday2024	unchecked			
2222	KlugeSeebold2011	unchecked			
2222	Kortlandt2008	unchecked			
2222	Kroonen2006	unchecked			
2222	Kroonen2011	unchecked			
2222	Kroonen2013	unchecked			
2222	Kylstra1983	unchecked			
2222	Laker2007	unchecked			
2222	Lid1952	unchecked			
2222	Lloyd1966	unchecked			
2222	LloydSpringer1988	unchecked			
2222	Luehr1993	unchecked			
2222	Luick1914	unchecked			
2222	Mayrhofer1992	unchecked			
2222	Mees2020	unchecked			
2222	NeriRingeReview	unchecked			
2222	Nielsen2001	unchecked			
2222	Orel2003	unchecked			
2222	Pierce1999	unchecked			
2222	Pierce2003	unchecked			
2222	Pierce2006	unchecked			
2222	Pokorny1959	unchecked			
2222	Polome1967	unchecked			
2222	Polome1994	unchecked			
2222	Repansek2012	unchecked			
2222	Rice1994	unchecked			
2222	Ringe1984	unchecked			
2222	Ringe2017	unchecked			
2222	RingeTaylor2014	unchecked			
2222	Seebold1970	unchecked			
2222	SieversBrunner1965	unchecked			
2222	StauslandJohnsen2015	unchecked			
2222	Stiles1985	unchecked			
2222	Stiles1986a	unchecked			
2222	Stiles1986b	unchecked			
2222	Stiles2012	unchecked			
2222	Stiles2017	unchecked			
2222	Streitberg1896	unchecked			
2222	Sweet1953	unchecked			
2222	Thorhallsdottir1993	unchecked			
2222	Toon1992	unchecked			
2222	Versloot2017	unchecked			
2222	Versloot2021	unchecked			
2222	Versloot2025	unchecked			
2222	Vine2019	unchecked			
2222	Waxenberger2019	unchecked			
2222	WrightWuelcker1884	unchecked			
2222	vanHelten1905	unchecked			
2223	Adamczyk2001	unchecked			
2223	Bammesberger1990	unchecked			
2223	Bammesberger1992	unchecked			
2223	Bammesberger1997	unchecked			
2223	Beekes2010	unchecked			
2223	Bennett1950	unchecked			
2223	BosworthToller1898	unchecked			
2223	Bremmer2008	unchecked			
2223	Bremmer2009	unchecked			
2223	Bright1917	unchecked			
2223	Bulbring1902	unchecked			
2223	CaedmonsHymnVitt1452	unchecked			
2223	Campbell1939	unchecked			
2223	Campbell1959	unchecked			
2223	Cercignani1979	unchecked			
2223	Cercignani1980	unchecked			
2223	ClarkHall1960	unchecked			
2223	Crist2001	unchecked			
2223	Crist2002	unchecked			
2223	Erdmann1972	unchecked			
2223	Fulk2018	unchecked			
2223	GermanicSlavicBaltic2025	unchecked			
2223	Goblirsch1991	unchecked			
2223	Hamp1990	unchecked			
2223	Hirt1931	unchecked			
2223	Hogg1979	unchecked			
2223	HoggGrammar2011	unchecked			
2223	HoggIntroduction1992	unchecked			
2223	HoggPhonology1992	unchecked			
2223	HowellSalmons1988	unchecked			
2223	Kaluza1900	unchecked			
2223	Kastovsky1992	unchecked			
2223	Kilday2024	unchecked			
2223	KlugeSeebold2011	unchecked			
2223	Kortlandt2008	unchecked			
2223	Kroonen2006	unchecked			
2223	Kroonen2011	unchecked			
2223	Kroonen2013	unchecked			
2223	Kylstra1983	unchecked			
2223	Laker2007	unchecked			
2223	Lid1952	unchecked			
2223	Lloyd1966	unchecked			
2223	LloydSpringer1988	unchecked			
2223	Luehr1993	unchecked			
2223	Luick1914	unchecked			
2223	Mayrhofer1992	unchecked			
2223	Mees2020	unchecked			
2223	NeriRingeReview	unchecked			
2223	Nielsen2001	unchecked			
2223	Orel2003	unchecked			
2223	Pierce1999	unchecked			
2223	Pierce2003	unchecked			
2223	Pierce2006	unchecked			
2223	Pokorny1959	unchecked			
2223	Polome1967	unchecked			
2223	Polome1994	unchecked			
2223	Repansek2012	unchecked			
2223	Rice1994	unchecked			
2223	Ringe1984	unchecked			
2223	Ringe2017	unchecked			
2223	RingeTaylor2014	unchecked			
2223	Seebold1970	unchecked			
2223	SieversBrunner1965	unchecked			
2223	StauslandJohnsen2015	unchecked			
2223	Stiles1985	unchecked			
2223	Stiles1986a	unchecked			
2223	Stiles1986b	unchecked			
2223	Stiles2012	unchecked			
2223	Stiles2017	unchecked			
2223	Streitberg1896	unchecked			
2223	Sweet1953	unchecked			
2223	Thorhallsdottir1993	unchecked			
2223	Toon1992	unchecked			
2223	Versloot2017	unchecked			
2223	Versloot2021	unchecked			
2223	Versloot2025	unchecked			
2223	Vine2019	unchecked			
2223	Waxenberger2019	unchecked			
2223	WrightWuelcker1884	unchecked			
2223	vanHelten1905	unchecked			
2224	Adamczyk2001	unchecked			
2224	Bammesberger1990	unchecked			
2224	Bammesberger1992	unchecked			
2224	Bammesberger1997	unchecked			
2224	Beekes2010	unchecked			
2224	Bennett1950	unchecked			
2224	BosworthToller1898	unchecked			
2224	Bremmer2008	unchecked			
2224	Bremmer2009	unchecked			
2224	Bright1917	unchecked			
2224	Bulbring1902	unchecked			
2224	CaedmonsHymnVitt1452	unchecked			
2224	Campbell1939	unchecked			
2224	Campbell1959	unchecked			
2224	Cercignani1979	unchecked			
2224	Cercignani1980	unchecked			
2224	ClarkHall1960	unchecked			
2224	Crist2001	unchecked			
2224	Crist2002	unchecked			
2224	Erdmann1972	unchecked			
2224	Fulk2018	unchecked			
2224	GermanicSlavicBaltic2025	unchecked			
2224	Goblirsch1991	unchecked			
2224	Hamp1990	unchecked			
2224	Hirt1931	unchecked			
2224	Hogg1979	unchecked			
2224	HoggGrammar2011	unchecked			
2224	HoggIntroduction1992	unchecked			
2224	HoggPhonology1992	unchecked			
2224	HowellSalmons1988	unchecked			
2224	Kaluza1900	unchecked			
2224	Kastovsky1992	unchecked			
2224	Kilday2024	unchecked			
2224	KlugeSeebold2011	unchecked			
2224	Kortlandt2008	unchecked			
2224	Kroonen2006	unchecked			
2224	Kroonen2011	unchecked			
2224	Kroonen2013	unchecked			
2224	Kylstra1983	unchecked			
2224	Laker2007	unchecked			
2224	Lid1952	unchecked			
2224	Lloyd1966	unchecked			
2224	LloydSpringer1988	unchecked			
2224	Luehr1993	unchecked			
2224	Luick1914	unchecked			
2224	Mayrhofer1992	unchecked			
2224	Mees2020	unchecked			
2224	NeriRingeReview	unchecked			
2224	Nielsen2001	unchecked			
2224	Orel2003	unchecked			
2224	Pierce1999	unchecked			
2224	Pierce2003	unchecked			
2224	Pierce2006	unchecked			
2224	Pokorny1959	unchecked			
2224	Polome1967	unchecked			
2224	Polome1994	unchecked			
2224	Repansek2012	unchecked			
2224	Rice1994	unchecked			
2224	Ringe1984	unchecked			
2224	Ringe2017	unchecked			
2224	RingeTaylor2014	unchecked			
2224	Seebold1970	unchecked			
2224	SieversBrunner1965	unchecked			
2224	StauslandJohnsen2015	unchecked			
2224	Stiles1985	unchecked			
2224	Stiles1986a	unchecked			
2224	Stiles1986b	unchecked			
2224	Stiles2012	unchecked			
2224	Stiles2017	unchecked			
2224	Streitberg1896	unchecked			
2224	Sweet1953	unchecked			
2224	Thorhallsdottir1993	unchecked			
2224	Toon1992	unchecked			
2224	Versloot2017	unchecked			
2224	Versloot2021	unchecked			
2224	Versloot2025	unchecked			
2224	Vine2019	unchecked			
2224	Waxenberger2019	unchecked			
2224	WrightWuelcker1884	unchecked			
2224	vanHelten1905	unchecked			
2225	Adamczyk2001	unchecked			
2225	Bammesberger1990	unchecked			
2225	Bammesberger1992	unchecked			
2225	Bammesberger1997	unchecked			
2225	Beekes2010	unchecked			
2225	Bennett1950	unchecked			
2225	BosworthToller1898	unchecked			
2225	Bremmer2008	unchecked			
2225	Bremmer2009	unchecked			
2225	Bright1917	unchecked			
2225	Bulbring1902	unchecked			
2225	CaedmonsHymnVitt1452	unchecked			
2225	Campbell1939	unchecked			
2225	Campbell1959	unchecked			
2225	Cercignani1979	unchecked			
2225	Cercignani1980	unchecked			
2225	ClarkHall1960	unchecked			
2225	Crist2001	unchecked			
2225	Crist2002	unchecked			
2225	Erdmann1972	unchecked			
2225	Fulk2018	unchecked			
2225	GermanicSlavicBaltic2025	unchecked			
2225	Goblirsch1991	unchecked			
2225	Hamp1990	unchecked			
2225	Hirt1931	unchecked			
2225	Hogg1979	unchecked			
2225	HoggGrammar2011	unchecked			
2225	HoggIntroduction1992	unchecked			
2225	HoggPhonology1992	unchecked			
2225	HowellSalmons1988	unchecked			
2225	Kaluza1900	unchecked			
2225	Kastovsky1992	unchecked			
2225	Kilday2024	unchecked			
2225	KlugeSeebold2011	unchecked			
2225	Kortlandt2008	unchecked			
2225	Kroonen2006	unchecked			
2225	Kroonen2011	unchecked			
2225	Kroonen2013	unchecked			
2225	Kylstra1983	unchecked			
2225	Laker2007	unchecked			
2225	Lid1952	unchecked			
2225	Lloyd1966	unchecked			
2225	LloydSpringer1988	unchecked			
2225	Luehr1993	unchecked			
2225	Luick1914	unchecked			
2225	Mayrhofer1992	unchecked			
2225	Mees2020	unchecked			
2225	NeriRingeReview	unchecked			
2225	Nielsen2001	unchecked			
2225	Orel2003	unchecked			
2225	Pierce1999	unchecked			
2225	Pierce2003	unchecked			
2225	Pierce2006	unchecked			
2225	Pokorny1959	unchecked			
2225	Polome1967	unchecked			
2225	Polome1994	unchecked			
2225	Repansek2012	unchecked			
2225	Rice1994	unchecked			
2225	Ringe1984	unchecked			
2225	Ringe2017	unchecked			
2225	RingeTaylor2014	unchecked			
2225	Seebold1970	unchecked			
2225	SieversBrunner1965	unchecked			
2225	StauslandJohnsen2015	unchecked			
2225	Stiles1985	unchecked			
2225	Stiles1986a	unchecked			
2225	Stiles1986b	unchecked			
2225	Stiles2012	unchecked			
2225	Stiles2017	unchecked			
2225	Streitberg1896	unchecked			
2225	Sweet1953	unchecked			
2225	Thorhallsdottir1993	unchecked			
2225	Toon1992	unchecked			
2225	Versloot2017	unchecked			
2225	Versloot2021	unchecked			
2225	Versloot2025	unchecked			
2225	Vine2019	unchecked			
2225	Waxenberger2019	unchecked			
2225	WrightWuelcker1884	unchecked			
2225	vanHelten1905	unchecked			
2226	Adamczyk2001	unchecked			
2226	Bammesberger1990	unchecked			
2226	Bammesberger1992	unchecked			
2226	Bammesberger1997	unchecked			
2226	Beekes2010	unchecked			
2226	Bennett1950	unchecked			
2226	BosworthToller1898	unchecked			
2226	Bremmer2008	unchecked			
2226	Bremmer2009	unchecked			
2226	Bright1917	unchecked			
2226	Bulbring1902	unchecked			
2226	CaedmonsHymnVitt1452	unchecked			
2226	Campbell1939	unchecked			
2226	Campbell1959	unchecked			
2226	Cercignani1979	unchecked			
2226	Cercignani1980	unchecked			
2226	ClarkHall1960	unchecked			
2226	Crist2001	unchecked			
2226	Crist2002	unchecked			
2226	Erdmann1972	unchecked			
2226	Fulk2018	unchecked			
2226	GermanicSlavicBaltic2025	unchecked			
2226	Goblirsch1991	unchecked			
2226	Hamp1990	unchecked			
2226	Hirt1931	unchecked			
2226	Hogg1979	unchecked			
2226	HoggGrammar2011	unchecked			
2226	HoggIntroduction1992	unchecked			
2226	HoggPhonology1992	unchecked			
2226	HowellSalmons1988	unchecked			
2226	Kaluza1900	unchecked			
2226	Kastovsky1992	unchecked			
2226	Kilday2024	unchecked			
2226	KlugeSeebold2011	unchecked			
2226	Kortlandt2008	unchecked			
2226	Kroonen2006	unchecked			
2226	Kroonen2011	unchecked			
2226	Kroonen2013	unchecked			
2226	Kylstra1983	unchecked			
2226	Laker2007	unchecked			
2226	Lid1952	unchecked			
2226	Lloyd1966	unchecked			
2226	LloydSpringer1988	unchecked			
2226	Luehr1993	unchecked			
2226	Luick1914	unchecked			
2226	Mayrhofer1992	unchecked			
2226	Mees2020	unchecked			
2226	NeriRingeReview	unchecked			
2226	Nielsen2001	unchecked			
2226	Orel2003	unchecked			
2226	Pierce1999	unchecked			
2226	Pierce2003	unchecked			
2226	Pierce2006	unchecked			
2226	Pokorny1959	unchecked			
2226	Polome1967	unchecked			
2226	Polome1994	unchecked			
2226	Repansek2012	unchecked			
2226	Rice1994	unchecked			
2226	Ringe1984	unchecked			
2226	Ringe2017	unchecked			
2226	RingeTaylor2014	unchecked			
2226	Seebold1970	unchecked			
2226	SieversBrunner1965	unchecked			
2226	StauslandJohnsen2015	unchecked			
2226	Stiles1985	unchecked			
2226	Stiles1986a	unchecked			
2226	Stiles1986b	unchecked			
2226	Stiles2012	unchecked			
2226	Stiles2017	unchecked			
2226	Streitberg1896	unchecked			
2226	Sweet1953	unchecked			
2226	Thorhallsdottir1993	unchecked			
2226	Toon1992	unchecked			
2226	Versloot2017	unchecked			
2226	Versloot2021	unchecked			
2226	Versloot2025	unchecked			
2226	Vine2019	unchecked			
2226	Waxenberger2019	unchecked			
2226	WrightWuelcker1884	unchecked			
2226	vanHelten1905	unchecked			
2227	Adamczyk2001	unchecked			
2227	Bammesberger1990	unchecked			
2227	Bammesberger1992	unchecked			
2227	Bammesberger1997	unchecked			
2227	Beekes2010	unchecked			
2227	Bennett1950	unchecked			
2227	BosworthToller1898	unchecked			
2227	Bremmer2008	unchecked			
2227	Bremmer2009	unchecked			
2227	Bright1917	unchecked			
2227	Bulbring1902	unchecked			
2227	CaedmonsHymnVitt1452	unchecked			
2227	Campbell1939	unchecked			
2227	Campbell1959	unchecked			
2227	Cercignani1979	unchecked			
2227	Cercignani1980	unchecked			
2227	ClarkHall1960	unchecked			
2227	Crist2001	unchecked			
2227	Crist2002	unchecked			
2227	Erdmann1972	unchecked			
2227	Fulk2018	unchecked			
2227	GermanicSlavicBaltic2025	unchecked			
2227	Goblirsch1991	unchecked			
2227	Hamp1990	unchecked			
2227	Hirt1931	unchecked			
2227	Hogg1979	unchecked			
2227	HoggGrammar2011	unchecked			
2227	HoggIntroduction1992	unchecked			
2227	HoggPhonology1992	unchecked			
2227	HowellSalmons1988	unchecked			
2227	Kaluza1900	unchecked			
2227	Kastovsky1992	unchecked			
2227	Kilday2024	unchecked			
2227	KlugeSeebold2011	unchecked			
2227	Kortlandt2008	unchecked			
2227	Kroonen2006	unchecked			
2227	Kroonen2011	unchecked			
2227	Kroonen2013	unchecked			
2227	Kylstra1983	unchecked			
2227	Laker2007	unchecked			
2227	Lid1952	unchecked			
2227	Lloyd1966	unchecked			
2227	LloydSpringer1988	unchecked			
2227	Luehr1993	unchecked			
2227	Luick1914	unchecked			
2227	Mayrhofer1992	unchecked			
2227	Mees2020	unchecked			
2227	NeriRingeReview	unchecked			
2227	Nielsen2001	unchecked			
2227	Orel2003	unchecked			
2227	Pierce1999	unchecked			
2227	Pierce2003	unchecked			
2227	Pierce2006	unchecked			
2227	Pokorny1959	unchecked			
2227	Polome1967	unchecked			
2227	Polome1994	unchecked			
2227	Repansek2012	unchecked			
2227	Rice1994	unchecked			
2227	Ringe1984	unchecked			
2227	Ringe2017	unchecked			
2227	RingeTaylor2014	unchecked			
2227	Seebold1970	unchecked			
2227	SieversBrunner1965	unchecked			
2227	StauslandJohnsen2015	unchecked			
2227	Stiles1985	unchecked			
2227	Stiles1986a	unchecked			
2227	Stiles1986b	unchecked			
2227	Stiles2012	unchecked			
2227	Stiles2017	unchecked			
2227	Streitberg1896	unchecked			
2227	Sweet1953	unchecked			
2227	Thorhallsdottir1993	unchecked			
2227	Toon1992	unchecked			
2227	Versloot2017	unchecked			
2227	Versloot2021	unchecked			
2227	Versloot2025	unchecked			
2227	Vine2019	unchecked			
2227	Waxenberger2019	unchecked			
2227	WrightWuelcker1884	unchecked			
2227	vanHelten1905	unchecked			
2228	Adamczyk2001	unchecked			
2228	Bammesberger1990	unchecked			
2228	Bammesberger1992	unchecked			
2228	Bammesberger1997	unchecked			
2228	Beekes2010	unchecked			
2228	Bennett1950	unchecked			
2228	BosworthToller1898	unchecked			
2228	Bremmer2008	unchecked			
2228	Bremmer2009	unchecked			
2228	Bright1917	unchecked			
2228	Bulbring1902	unchecked			
2228	CaedmonsHymnVitt1452	unchecked			
2228	Campbell1939	unchecked			
2228	Campbell1959	unchecked			
2228	Cercignani1979	unchecked			
2228	Cercignani1980	unchecked			
2228	ClarkHall1960	unchecked			
2228	Crist2001	unchecked			
2228	Crist2002	unchecked			
2228	Erdmann1972	unchecked			
2228	Fulk2018	unchecked			
2228	GermanicSlavicBaltic2025	unchecked			
2228	Goblirsch1991	unchecked			
2228	Hamp1990	unchecked			
2228	Hirt1931	unchecked			
2228	Hogg1979	unchecked			
2228	HoggGrammar2011	unchecked			
2228	HoggIntroduction1992	unchecked			
2228	HoggPhonology1992	unchecked			
2228	HowellSalmons1988	unchecked			
2228	Kaluza1900	unchecked			
2228	Kastovsky1992	unchecked			
2228	Kilday2024	unchecked			
2228	KlugeSeebold2011	unchecked			
2228	Kortlandt2008	unchecked			
2228	Kroonen2006	unchecked			
2228	Kroonen2011	unchecked			
2228	Kroonen2013	unchecked			
2228	Kylstra1983	unchecked			
2228	Laker2007	unchecked			
2228	Lid1952	unchecked			
2228	Lloyd1966	unchecked			
2228	LloydSpringer1988	unchecked			
2228	Luehr1993	unchecked			
2228	Luick1914	unchecked			
2228	Mayrhofer1992	unchecked			
2228	Mees2020	unchecked			
2228	NeriRingeReview	unchecked			
2228	Nielsen2001	unchecked			
2228	Orel2003	unchecked			
2228	Pierce1999	unchecked			
2228	Pierce2003	unchecked			
2228	Pierce2006	unchecked			
2228	Pokorny1959	unchecked			
2228	Polome1967	unchecked			
2228	Polome1994	unchecked			
2228	Repansek2012	unchecked			
2228	Rice1994	unchecked			
2228	Ringe1984	unchecked			
2228	Ringe2017	unchecked			
2228	RingeTaylor2014	unchecked			
2228	Seebold1970	unchecked			
2228	SieversBrunner1965	unchecked			
2228	StauslandJohnsen2015	unchecked			
2228	Stiles1985	unchecked			
2228	Stiles1986a	unchecked			
2228	Stiles1986b	unchecked			
2228	Stiles2012	unchecked			
2228	Stiles2017	unchecked			
2228	Streitberg1896	unchecked			
2228	Sweet1953	unchecked			
2228	Thorhallsdottir1993	unchecked			
2228	Toon1992	unchecked			
2228	Versloot2017	unchecked			
2228	Versloot2021	unchecked			
2228	Versloot2025	unchecked			
2228	Vine2019	unchecked			
2228	Waxenberger2019	unchecked			
2228	WrightWuelcker1884	unchecked			
2228	vanHelten1905	unchecked			
2229	Adamczyk2001	unchecked			
2229	Bammesberger1990	unchecked			
2229	Bammesberger1992	unchecked			
2229	Bammesberger1997	unchecked			
2229	Beekes2010	unchecked			
2229	Bennett1950	unchecked			
2229	BosworthToller1898	unchecked			
2229	Bremmer2008	unchecked			
2229	Bremmer2009	unchecked			
2229	Bright1917	unchecked			
2229	Bulbring1902	unchecked			
2229	CaedmonsHymnVitt1452	unchecked			
2229	Campbell1939	unchecked			
2229	Campbell1959	unchecked			
2229	Cercignani1979	unchecked			
2229	Cercignani1980	unchecked			
2229	ClarkHall1960	unchecked			
2229	Crist2001	unchecked			
2229	Crist2002	unchecked			
2229	Erdmann1972	unchecked			
2229	Fulk2018	unchecked			
2229	GermanicSlavicBaltic2025	unchecked			
2229	Goblirsch1991	unchecked			
2229	Hamp1990	unchecked			
2229	Hirt1931	unchecked			
2229	Hogg1979	unchecked			
2229	HoggGrammar2011	unchecked			
2229	HoggIntroduction1992	unchecked			
2229	HoggPhonology1992	unchecked			
2229	HowellSalmons1988	unchecked			
2229	Kaluza1900	unchecked			
2229	Kastovsky1992	unchecked			
2229	Kilday2024	unchecked			
2229	KlugeSeebold2011	unchecked			
2229	Kortlandt2008	unchecked			
2229	Kroonen2006	unchecked			
2229	Kroonen2011	unchecked			
2229	Kroonen2013	unchecked			
2229	Kylstra1983	unchecked			
2229	Laker2007	unchecked			
2229	Lid1952	unchecked			
2229	Lloyd1966	unchecked			
2229	LloydSpringer1988	unchecked			
2229	Luehr1993	unchecked			
2229	Luick1914	unchecked			
2229	Mayrhofer1992	unchecked			
2229	Mees2020	unchecked			
2229	NeriRingeReview	unchecked			
2229	Nielsen2001	unchecked			
2229	Orel2003	unchecked			
2229	Pierce1999	unchecked			
2229	Pierce2003	unchecked			
2229	Pierce2006	unchecked			
2229	Pokorny1959	unchecked			
2229	Polome1967	unchecked			
2229	Polome1994	unchecked			
2229	Repansek2012	unchecked			
2229	Rice1994	unchecked			
2229	Ringe1984	unchecked			
2229	Ringe2017	unchecked			
2229	RingeTaylor2014	unchecked			
2229	Seebold1970	unchecked			
2229	SieversBrunner1965	unchecked			
2229	StauslandJohnsen2015	unchecked			
2229	Stiles1985	unchecked			
2229	Stiles1986a	unchecked			
2229	Stiles1986b	unchecked			
2229	Stiles2012	unchecked			
2229	Stiles2017	unchecked			
2229	Streitberg1896	unchecked			
2229	Sweet1953	unchecked			
2229	Thorhallsdottir1993	unchecked			
2229	Toon1992	unchecked			
2229	Versloot2017	unchecked			
2229	Versloot2021	unchecked			
2229	Versloot2025	unchecked			
2229	Vine2019	unchecked			
2229	Waxenberger2019	unchecked			
2229	WrightWuelcker1884	unchecked			
2229	vanHelten1905	unchecked			
2230	Adamczyk2001	unchecked			
2230	Bammesberger1990	unchecked			
2230	Bammesberger1992	unchecked			
2230	Bammesberger1997	unchecked			
2230	Beekes2010	unchecked			
2230	Bennett1950	unchecked			
2230	BosworthToller1898	unchecked			
2230	Bremmer2008	unchecked			
2230	Bremmer2009	unchecked			
2230	Bright1917	unchecked			
2230	Bulbring1902	unchecked			
2230	CaedmonsHymnVitt1452	unchecked			
2230	Campbell1939	unchecked			
2230	Campbell1959	unchecked			
2230	Cercignani1979	unchecked			
2230	Cercignani1980	unchecked			
2230	ClarkHall1960	unchecked			
2230	Crist2001	unchecked			
2230	Crist2002	unchecked			
2230	Erdmann1972	unchecked			
2230	Fulk2018	unchecked			
2230	GermanicSlavicBaltic2025	unchecked			
2230	Goblirsch1991	unchecked			
2230	Hamp1990	unchecked			
2230	Hirt1931	unchecked			
2230	Hogg1979	unchecked			
2230	HoggGrammar2011	unchecked			
2230	HoggIntroduction1992	unchecked			
2230	HoggPhonology1992	unchecked			
2230	HowellSalmons1988	unchecked			
2230	Kaluza1900	unchecked			
2230	Kastovsky1992	unchecked			
2230	Kilday2024	unchecked			
2230	KlugeSeebold2011	unchecked			
2230	Kortlandt2008	unchecked			
2230	Kroonen2006	unchecked			
2230	Kroonen2011	unchecked			
2230	Kroonen2013	unchecked			
2230	Kylstra1983	unchecked			
2230	Laker2007	unchecked			
2230	Lid1952	unchecked			
2230	Lloyd1966	unchecked			
2230	LloydSpringer1988	unchecked			
2230	Luehr1993	unchecked			
2230	Luick1914	unchecked			
2230	Mayrhofer1992	unchecked			
2230	Mees2020	unchecked			
2230	NeriRingeReview	unchecked			
2230	Nielsen2001	unchecked			
2230	Orel2003	unchecked			
2230	Pierce1999	unchecked			
2230	Pierce2003	unchecked			
2230	Pierce2006	unchecked			
2230	Pokorny1959	unchecked			
2230	Polome1967	unchecked			
2230	Polome1994	unchecked			
2230	Repansek2012	unchecked			
2230	Rice1994	unchecked			
2230	Ringe1984	unchecked			
2230	Ringe2017	unchecked			
2230	RingeTaylor2014	unchecked			
2230	Seebold1970	unchecked			
2230	SieversBrunner1965	unchecked			
2230	StauslandJohnsen2015	unchecked			
2230	Stiles1985	unchecked			
2230	Stiles1986a	unchecked			
2230	Stiles1986b	unchecked			
2230	Stiles2012	unchecked			
2230	Stiles2017	unchecked			
2230	Streitberg1896	unchecked			
2230	Sweet1953	unchecked			
2230	Thorhallsdottir1993	unchecked			
2230	Toon1992	unchecked			
2230	Versloot2017	unchecked			
2230	Versloot2021	unchecked			
2230	Versloot2025	unchecked			
2230	Vine2019	unchecked			
2230	Waxenberger2019	unchecked			
2230	WrightWuelcker1884	unchecked			
2230	vanHelten1905	unchecked			
2231	Adamczyk2001	unchecked			
2231	Bammesberger1990	unchecked			
2231	Bammesberger1992	unchecked			
2231	Bammesberger1997	unchecked			
2231	Beekes2010	unchecked			
2231	Bennett1950	unchecked			
2231	BosworthToller1898	unchecked			
2231	Bremmer2008	unchecked			
2231	Bremmer2009	unchecked			
2231	Bright1917	unchecked			
2231	Bulbring1902	unchecked			
2231	CaedmonsHymnVitt1452	unchecked			
2231	Campbell1939	unchecked			
2231	Campbell1959	unchecked			
2231	Cercignani1979	unchecked			
2231	Cercignani1980	unchecked			
2231	ClarkHall1960	unchecked			
2231	Crist2001	unchecked			
2231	Crist2002	unchecked			
2231	Erdmann1972	unchecked			
2231	Fulk2018	unchecked			
2231	GermanicSlavicBaltic2025	unchecked			
2231	Goblirsch1991	unchecked			
2231	Hamp1990	unchecked			
2231	Hirt1931	unchecked			
2231	Hogg1979	unchecked			
2231	HoggGrammar2011	unchecked			
2231	HoggIntroduction1992	unchecked			
2231	HoggPhonology1992	unchecked			
2231	HowellSalmons1988	unchecked			
2231	Kaluza1900	unchecked			
2231	Kastovsky1992	unchecked			
2231	Kilday2024	unchecked			
2231	KlugeSeebold2011	unchecked			
2231	Kortlandt2008	unchecked			
2231	Kroonen2006	unchecked			
2231	Kroonen2011	unchecked			
2231	Kroonen2013	unchecked			
2231	Kylstra1983	unchecked			
2231	Laker2007	unchecked			
2231	Lid1952	unchecked			
2231	Lloyd1966	unchecked			
2231	LloydSpringer1988	unchecked			
2231	Luehr1993	unchecked			
2231	Luick1914	unchecked			
2231	Mayrhofer1992	unchecked			
2231	Mees2020	unchecked			
2231	NeriRingeReview	unchecked			
2231	Nielsen2001	unchecked			
2231	Orel2003	unchecked			
2231	Pierce1999	unchecked			
2231	Pierce2003	unchecked			
2231	Pierce2006	unchecked			
2231	Pokorny1959	unchecked			
2231	Polome1967	unchecked			
2231	Polome1994	unchecked			
2231	Repansek2012	unchecked			
2231	Rice1994	unchecked			
2231	Ringe1984	unchecked			
2231	Ringe2017	unchecked			
2231	RingeTaylor2014	unchecked			
2231	Seebold1970	unchecked			
2231	SieversBrunner1965	unchecked			
2231	StauslandJohnsen2015	unchecked			
2231	Stiles1985	unchecked			
2231	Stiles1986a	unchecked			
2231	Stiles1986b	unchecked			
2231	Stiles2012	unchecked			
2231	Stiles2017	unchecked			
2231	Streitberg1896	unchecked			
2231	Sweet1953	unchecked			
2231	Thorhallsdottir1993	unchecked			
2231	Toon1992	unchecked			
2231	Versloot2017	unchecked			
2231	Versloot2021	unchecked			
2231	Versloot2025	unchecked			
2231	Vine2019	unchecked			
2231	Waxenberger2019	unchecked			
2231	WrightWuelcker1884	unchecked			
2231	vanHelten1905	unchecked			
2232	Adamczyk2001	unchecked			
2232	Bammesberger1990	unchecked			
2232	Bammesberger1992	unchecked			
2232	Bammesberger1997	unchecked			
2232	Beekes2010	unchecked			
2232	Bennett1950	unchecked			
2232	BosworthToller1898	unchecked			
2232	Bremmer2008	unchecked			
2232	Bremmer2009	unchecked			
2232	Bright1917	unchecked			
2232	Bulbring1902	unchecked			
2232	CaedmonsHymnVitt1452	unchecked			
2232	Campbell1939	unchecked			
2232	Campbell1959	unchecked			
2232	Cercignani1979	unchecked			
2232	Cercignani1980	unchecked			
2232	ClarkHall1960	unchecked			
2232	Crist2001	unchecked			
2232	Crist2002	unchecked			
2232	Erdmann1972	unchecked			
2232	Fulk2018	unchecked			
2232	GermanicSlavicBaltic2025	unchecked			
2232	Goblirsch1991	unchecked			
2232	Hamp1990	unchecked			
2232	Hirt1931	unchecked			
2232	Hogg1979	unchecked			
2232	HoggGrammar2011	unchecked			
2232	HoggIntroduction1992	unchecked			
2232	HoggPhonology1992	unchecked			
2232	HowellSalmons1988	unchecked			
2232	Kaluza1900	unchecked			
2232	Kastovsky1992	unchecked			
2232	Kilday2024	unchecked			
2232	KlugeSeebold2011	unchecked			
2232	Kortlandt2008	unchecked			
2232	Kroonen2006	unchecked			
2232	Kroonen2011	unchecked			
2232	Kroonen2013	unchecked			
2232	Kylstra1983	unchecked			
2232	Laker2007	unchecked			
2232	Lid1952	unchecked			
2232	Lloyd1966	unchecked			
2232	LloydSpringer1988	unchecked			
2232	Luehr1993	unchecked			
2232	Luick1914	unchecked			
2232	Mayrhofer1992	unchecked			
2232	Mees2020	unchecked			
2232	NeriRingeReview	unchecked			
2232	Nielsen2001	unchecked			
2232	Orel2003	unchecked			
2232	Pierce1999	unchecked			
2232	Pierce2003	unchecked			
2232	Pierce2006	unchecked			
2232	Pokorny1959	unchecked			
2232	Polome1967	unchecked			
2232	Polome1994	unchecked			
2232	Repansek2012	unchecked			
2232	Rice1994	unchecked			
2232	Ringe1984	unchecked			
2232	Ringe2017	unchecked			
2232	RingeTaylor2014	unchecked			
2232	Seebold1970	unchecked			
2232	SieversBrunner1965	unchecked			
2232	StauslandJohnsen2015	unchecked			
2232	Stiles1985	unchecked			
2232	Stiles1986a	unchecked			
2232	Stiles1986b	unchecked			
2232	Stiles2012	unchecked			
2232	Stiles2017	unchecked			
2232	Streitberg1896	unchecked			
2232	Sweet1953	unchecked			
2232	Thorhallsdottir1993	unchecked			
2232	Toon1992	unchecked			
2232	Versloot2017	unchecked			
2232	Versloot2021	unchecked			
2232	Versloot2025	unchecked			
2232	Vine2019	unchecked			
2232	Waxenberger2019	unchecked			
2232	WrightWuelcker1884	unchecked			
2232	vanHelten1905	unchecked			
2233	Adamczyk2001	unchecked			
2233	Bammesberger1990	unchecked			
2233	Bammesberger1992	unchecked			
2233	Bammesberger1997	unchecked			
2233	Beekes2010	unchecked			
2233	Bennett1950	unchecked			
2233	BosworthToller1898	unchecked			
2233	Bremmer2008	unchecked			
2233	Bremmer2009	unchecked			
2233	Bright1917	unchecked			
2233	Bulbring1902	unchecked			
2233	CaedmonsHymnVitt1452	unchecked			
2233	Campbell1939	unchecked			
2233	Campbell1959	unchecked			
2233	Cercignani1979	unchecked			
2233	Cercignani1980	unchecked			
2233	ClarkHall1960	unchecked			
2233	Crist2001	unchecked			
2233	Crist2002	unchecked			
2233	Erdmann1972	unchecked			
2233	Fulk2018	unchecked			
2233	GermanicSlavicBaltic2025	unchecked			
2233	Goblirsch1991	unchecked			
2233	Hamp1990	unchecked			
2233	Hirt1931	unchecked			
2233	Hogg1979	unchecked			
2233	HoggGrammar2011	unchecked			
2233	HoggIntroduction1992	unchecked			
2233	HoggPhonology1992	unchecked			
2233	HowellSalmons1988	unchecked			
2233	Kaluza1900	unchecked			
2233	Kastovsky1992	unchecked			
2233	Kilday2024	unchecked			
2233	KlugeSeebold2011	unchecked			
2233	Kortlandt2008	unchecked			
2233	Kroonen2006	unchecked			
2233	Kroonen2011	unchecked			
2233	Kroonen2013	unchecked			
2233	Kylstra1983	unchecked			
2233	Laker2007	unchecked			
2233	Lid1952	unchecked			
2233	Lloyd1966	unchecked			
2233	LloydSpringer1988	unchecked			
2233	Luehr1993	unchecked			
2233	Luick1914	unchecked			
2233	Mayrhofer1992	unchecked			
2233	Mees2020	unchecked			
2233	NeriRingeReview	unchecked			
2233	Nielsen2001	unchecked			
2233	Orel2003	unchecked			
2233	Pierce1999	unchecked			
2233	Pierce2003	unchecked			
2233	Pierce2006	unchecked			
2233	Pokorny1959	unchecked			
2233	Polome1967	unchecked			
2233	Polome1994	unchecked			
2233	Repansek2012	unchecked			
2233	Rice1994	unchecked			
2233	Ringe1984	unchecked			
2233	Ringe2017	unchecked			
2233	RingeTaylor2014	unchecked			
2233	Seebold1970	unchecked			
2233	SieversBrunner1965	unchecked			
2233	StauslandJohnsen2015	unchecked			
2233	Stiles1985	unchecked			
2233	Stiles1986a	unchecked			
2233	Stiles1986b	unchecked			
2233	Stiles2012	unchecked			
2233	Stiles2017	unchecked			
2233	Streitberg1896	unchecked			
2233	Sweet1953	unchecked			
2233	Thorhallsdottir1993	unchecked			
2233	Toon1992	unchecked			
2233	Versloot2017	unchecked			
2233	Versloot2021	unchecked			
2233	Versloot2025	unchecked			
2233	Vine2019	unchecked			
2233	Waxenberger2019	unchecked			
2233	WrightWuelcker1884	unchecked			
2233	vanHelten1905	unchecked			
2234	Adamczyk2001	unchecked			
2234	Bammesberger1990	unchecked			
2234	Bammesberger1992	unchecked			
2234	Bammesberger1997	unchecked			
2234	Beekes2010	unchecked			
2234	Bennett1950	unchecked			
2234	BosworthToller1898	unchecked			
2234	Bremmer2008	unchecked			
2234	Bremmer2009	unchecked			
2234	Bright1917	unchecked			
2234	Bulbring1902	unchecked			
2234	CaedmonsHymnVitt1452	unchecked			
2234	Campbell1939	unchecked			
2234	Campbell1959	unchecked			
2234	Cercignani1979	unchecked			
2234	Cercignani1980	unchecked			
2234	ClarkHall1960	unchecked			
2234	Crist2001	unchecked			
2234	Crist2002	unchecked			
2234	Erdmann1972	unchecked			
2234	Fulk2018	unchecked			
2234	GermanicSlavicBaltic2025	unchecked			
2234	Goblirsch1991	unchecked			
2234	Hamp1990	unchecked			
2234	Hirt1931	unchecked			
2234	Hogg1979	unchecked			
2234	HoggGrammar2011	unchecked			
2234	HoggIntroduction1992	unchecked			
2234	HoggPhonology1992	unchecked			
2234	HowellSalmons1988	unchecked			
2234	Kaluza1900	unchecked			
2234	Kastovsky1992	unchecked			
2234	Kilday2024	unchecked			
2234	KlugeSeebold2011	unchecked			
2234	Kortlandt2008	unchecked			
2234	Kroonen2006	unchecked			
2234	Kroonen2011	unchecked			
2234	Kroonen2013	unchecked			
2234	Kylstra1983	unchecked			
2234	Laker2007	unchecked			
2234	Lid1952	unchecked			
2234	Lloyd1966	unchecked			
2234	LloydSpringer1988	unchecked			
2234	Luehr1993	unchecked			
2234	Luick1914	unchecked			
2234	Mayrhofer1992	unchecked			
2234	Mees2020	unchecked			
2234	NeriRingeReview	unchecked			
2234	Nielsen2001	unchecked			
2234	Orel2003	unchecked			
2234	Pierce1999	unchecked			
2234	Pierce2003	unchecked			
2234	Pierce2006	unchecked			
2234	Pokorny1959	unchecked			
2234	Polome1967	unchecked			
2234	Polome1994	unchecked			
2234	Repansek2012	unchecked			
2234	Rice1994	unchecked			
2234	Ringe1984	unchecked			
2234	Ringe2017	unchecked			
2234	RingeTaylor2014	unchecked			
2234	Seebold1970	unchecked			
2234	SieversBrunner1965	unchecked			
2234	StauslandJohnsen2015	unchecked			
2234	Stiles1985	unchecked			
2234	Stiles1986a	unchecked			
2234	Stiles1986b	unchecked			
2234	Stiles2012	unchecked			
2234	Stiles2017	unchecked			
2234	Streitberg1896	unchecked			
2234	Sweet1953	unchecked			
2234	Thorhallsdottir1993	unchecked			
2234	Toon1992	unchecked			
2234	Versloot2017	unchecked			
2234	Versloot2021	unchecked			
2234	Versloot2025	unchecked			
2234	Vine2019	unchecked			
2234	Waxenberger2019	unchecked			
2234	WrightWuelcker1884	unchecked			
2234	vanHelten1905	unchecked			
2235	Adamczyk2001	unchecked			
2235	Bammesberger1990	unchecked			
2235	Bammesberger1992	unchecked			
2235	Bammesberger1997	unchecked			
2235	Beekes2010	unchecked			
2235	Bennett1950	unchecked			
2235	BosworthToller1898	unchecked			
2235	Bremmer2008	unchecked			
2235	Bremmer2009	unchecked			
2235	Bright1917	unchecked			
2235	Bulbring1902	unchecked			
2235	CaedmonsHymnVitt1452	unchecked			
2235	Campbell1939	unchecked			
2235	Campbell1959	unchecked			
2235	Cercignani1979	unchecked			
2235	Cercignani1980	unchecked			
2235	ClarkHall1960	unchecked			
2235	Crist2001	unchecked			
2235	Crist2002	unchecked			
2235	Erdmann1972	unchecked			
2235	Fulk2018	unchecked			
2235	GermanicSlavicBaltic2025	unchecked			
2235	Goblirsch1991	unchecked			
2235	Hamp1990	unchecked			
2235	Hirt1931	unchecked			
2235	Hogg1979	unchecked			
2235	HoggGrammar2011	unchecked			
2235	HoggIntroduction1992	unchecked			
2235	HoggPhonology1992	unchecked			
2235	HowellSalmons1988	unchecked			
2235	Kaluza1900	unchecked			
2235	Kastovsky1992	unchecked			
2235	Kilday2024	unchecked			
2235	KlugeSeebold2011	unchecked			
2235	Kortlandt2008	unchecked			
2235	Kroonen2006	unchecked			
2235	Kroonen2011	unchecked			
2235	Kroonen2013	unchecked			
2235	Kylstra1983	unchecked			
2235	Laker2007	unchecked			
2235	Lid1952	unchecked			
2235	Lloyd1966	unchecked			
2235	LloydSpringer1988	unchecked			
2235	Luehr1993	unchecked			
2235	Luick1914	unchecked			
2235	Mayrhofer1992	unchecked			
2235	Mees2020	unchecked			
2235	NeriRingeReview	unchecked			
2235	Nielsen2001	unchecked			
2235	Orel2003	unchecked			
2235	Pierce1999	unchecked			
2235	Pierce2003	unchecked			
2235	Pierce2006	unchecked			
2235	Pokorny1959	unchecked			
2235	Polome1967	unchecked			
2235	Polome1994	unchecked			
2235	Repansek2012	unchecked			
2235	Rice1994	unchecked			
2235	Ringe1984	unchecked			
2235	Ringe2017	unchecked			
2235	RingeTaylor2014	unchecked			
2235	Seebold1970	unchecked			
2235	SieversBrunner1965	unchecked			
2235	StauslandJohnsen2015	unchecked			
2235	Stiles1985	unchecked			
2235	Stiles1986a	unchecked			
2235	Stiles1986b	unchecked			
2235	Stiles2012	unchecked			
2235	Stiles2017	unchecked			
2235	Streitberg1896	unchecked			
2235	Sweet1953	unchecked			
2235	Thorhallsdottir1993	unchecked			
2235	Toon1992	unchecked			
2235	Versloot2017	unchecked			
2235	Versloot2021	unchecked			
2235	Versloot2025	unchecked			
2235	Vine2019	unchecked			
2235	Waxenberger2019	unchecked			
2235	WrightWuelcker1884	unchecked			
2235	vanHelten1905	unchecked			
2236	Adamczyk2001	unchecked			
2236	Bammesberger1990	unchecked			
2236	Bammesberger1992	unchecked			
2236	Bammesberger1997	unchecked			
2236	Beekes2010	unchecked			
2236	Bennett1950	unchecked			
2236	BosworthToller1898	unchecked			
2236	Bremmer2008	unchecked			
2236	Bremmer2009	unchecked			
2236	Bright1917	unchecked			
2236	Bulbring1902	unchecked			
2236	CaedmonsHymnVitt1452	unchecked			
2236	Campbell1939	unchecked			
2236	Campbell1959	unchecked			
2236	Cercignani1979	unchecked			
2236	Cercignani1980	unchecked			
2236	ClarkHall1960	unchecked			
2236	Crist2001	unchecked			
2236	Crist2002	unchecked			
2236	Erdmann1972	unchecked			
2236	Fulk2018	unchecked			
2236	GermanicSlavicBaltic2025	unchecked			
2236	Goblirsch1991	unchecked			
2236	Hamp1990	unchecked			
2236	Hirt1931	unchecked			
2236	Hogg1979	unchecked			
2236	HoggGrammar2011	unchecked			
2236	HoggIntroduction1992	unchecked			
2236	HoggPhonology1992	unchecked			
2236	HowellSalmons1988	unchecked			
2236	Kaluza1900	unchecked			
2236	Kastovsky1992	unchecked			
2236	Kilday2024	unchecked			
2236	KlugeSeebold2011	unchecked			
2236	Kortlandt2008	unchecked			
2236	Kroonen2006	unchecked			
2236	Kroonen2011	unchecked			
2236	Kroonen2013	unchecked			
2236	Kylstra1983	unchecked			
2236	Laker2007	unchecked			
2236	Lid1952	unchecked			
2236	Lloyd1966	unchecked			
2236	LloydSpringer1988	unchecked			
2236	Luehr1993	unchecked			
2236	Luick1914	unchecked			
2236	Mayrhofer1992	unchecked			
2236	Mees2020	unchecked			
2236	NeriRingeReview	unchecked			
2236	Nielsen2001	unchecked			
2236	Orel2003	unchecked			
2236	Pierce1999	unchecked			
2236	Pierce2003	unchecked			
2236	Pierce2006	unchecked			
2236	Pokorny1959	unchecked			
2236	Polome1967	unchecked			
2236	Polome1994	unchecked			
2236	Repansek2012	unchecked			
2236	Rice1994	unchecked			
2236	Ringe1984	unchecked			
2236	Ringe2017	unchecked			
2236	RingeTaylor2014	unchecked			
2236	Seebold1970	unchecked			
2236	SieversBrunner1965	unchecked			
2236	StauslandJohnsen2015	unchecked			
2236	Stiles1985	unchecked			
2236	Stiles1986a	unchecked			
2236	Stiles1986b	unchecked			
2236	Stiles2012	unchecked			
2236	Stiles2017	unchecked			
2236	Streitberg1896	unchecked			
2236	Sweet1953	unchecked			
2236	Thorhallsdottir1993	unchecked			
2236	Toon1992	unchecked			
2236	Versloot2017	unchecked			
2236	Versloot2021	unchecked			
2236	Versloot2025	unchecked			
2236	Vine2019	unchecked			
2236	Waxenberger2019	unchecked			
2236	WrightWuelcker1884	unchecked			
2236	vanHelten1905	unchecked			
2237	Adamczyk2001	unchecked			
2237	Bammesberger1990	unchecked			
2237	Bammesberger1992	unchecked			
2237	Bammesberger1997	unchecked			
2237	Beekes2010	unchecked			
2237	Bennett1950	unchecked			
2237	BosworthToller1898	unchecked			
2237	Bremmer2008	unchecked			
2237	Bremmer2009	unchecked			
2237	Bright1917	unchecked			
2237	Bulbring1902	unchecked			
2237	CaedmonsHymnVitt1452	unchecked			
2237	Campbell1939	unchecked			
2237	Campbell1959	unchecked			
2237	Cercignani1979	unchecked			
2237	Cercignani1980	unchecked			
2237	ClarkHall1960	unchecked			
2237	Crist2001	unchecked			
2237	Crist2002	unchecked			
2237	Erdmann1972	unchecked			
2237	Fulk2018	unchecked			
2237	GermanicSlavicBaltic2025	unchecked			
2237	Goblirsch1991	unchecked			
2237	Hamp1990	unchecked			
2237	Hirt1931	unchecked			
2237	Hogg1979	unchecked			
2237	HoggGrammar2011	unchecked			
2237	HoggIntroduction1992	unchecked			
2237	HoggPhonology1992	unchecked			
2237	HowellSalmons1988	unchecked			
2237	Kaluza1900	unchecked			
2237	Kastovsky1992	unchecked			
2237	Kilday2024	unchecked			
2237	KlugeSeebold2011	unchecked			
2237	Kortlandt2008	unchecked			
2237	Kroonen2006	unchecked			
2237	Kroonen2011	unchecked			
2237	Kroonen2013	unchecked			
2237	Kylstra1983	unchecked			
2237	Laker2007	unchecked			
2237	Lid1952	unchecked			
2237	Lloyd1966	unchecked			
2237	LloydSpringer1988	unchecked			
2237	Luehr1993	unchecked			
2237	Luick1914	unchecked			
2237	Mayrhofer1992	unchecked			
2237	Mees2020	unchecked			
2237	NeriRingeReview	unchecked			
2237	Nielsen2001	unchecked			
2237	Orel2003	unchecked			
2237	Pierce1999	unchecked			
2237	Pierce2003	unchecked			
2237	Pierce2006	unchecked			
2237	Pokorny1959	unchecked			
2237	Polome1967	unchecked			
2237	Polome1994	unchecked			
2237	Repansek2012	unchecked			
2237	Rice1994	unchecked			
2237	Ringe1984	unchecked			
2237	Ringe2017	unchecked			
2237	RingeTaylor2014	unchecked			
2237	Seebold1970	unchecked			
2237	SieversBrunner1965	unchecked			
2237	StauslandJohnsen2015	unchecked			
2237	Stiles1985	unchecked			
2237	Stiles1986a	unchecked			
2237	Stiles1986b	unchecked			
2237	Stiles2012	unchecked			
2237	Stiles2017	unchecked			
2237	Streitberg1896	unchecked			
2237	Sweet1953	unchecked			
2237	Thorhallsdottir1993	unchecked			
2237	Toon1992	unchecked			
2237	Versloot2017	unchecked			
2237	Versloot2021	unchecked			
2237	Versloot2025	unchecked			
2237	Vine2019	unchecked			
2237	Waxenberger2019	unchecked			
2237	WrightWuelcker1884	unchecked			
2237	vanHelten1905	unchecked			
2238	Adamczyk2001	unchecked			
2238	Bammesberger1990	unchecked			
2238	Bammesberger1992	unchecked			
2238	Bammesberger1997	unchecked			
2238	Beekes2010	unchecked			
2238	Bennett1950	unchecked			
2238	BosworthToller1898	unchecked			
2238	Bremmer2008	unchecked			
2238	Bremmer2009	unchecked			
2238	Bright1917	unchecked			
2238	Bulbring1902	unchecked			
2238	CaedmonsHymnVitt1452	unchecked			
2238	Campbell1939	unchecked			
2238	Campbell1959	unchecked			
2238	Cercignani1979	unchecked			
2238	Cercignani1980	unchecked			
2238	ClarkHall1960	unchecked			
2238	Crist2001	unchecked			
2238	Crist2002	unchecked			
2238	Erdmann1972	unchecked			
2238	Fulk2018	unchecked			
2238	GermanicSlavicBaltic2025	unchecked			
2238	Goblirsch1991	unchecked			
2238	Hamp1990	unchecked			
2238	Hirt1931	unchecked			
2238	Hogg1979	unchecked			
2238	HoggGrammar2011	unchecked			
2238	HoggIntroduction1992	unchecked			
2238	HoggPhonology1992	unchecked			
2238	HowellSalmons1988	unchecked			
2238	Kaluza1900	unchecked			
2238	Kastovsky1992	unchecked			
2238	Kilday2024	unchecked			
2238	KlugeSeebold2011	unchecked			
2238	Kortlandt2008	unchecked			
2238	Kroonen2006	unchecked			
2238	Kroonen2011	unchecked			
2238	Kroonen2013	unchecked			
2238	Kylstra1983	unchecked			
2238	Laker2007	unchecked			
2238	Lid1952	unchecked			
2238	Lloyd1966	unchecked			
2238	LloydSpringer1988	unchecked			
2238	Luehr1993	unchecked			
2238	Luick1914	unchecked			
2238	Mayrhofer1992	unchecked			
2238	Mees2020	unchecked			
2238	NeriRingeReview	unchecked			
2238	Nielsen2001	unchecked			
2238	Orel2003	unchecked			
2238	Pierce1999	unchecked			
2238	Pierce2003	unchecked			
2238	Pierce2006	unchecked			
2238	Pokorny1959	unchecked			
2238	Polome1967	unchecked			
2238	Polome1994	unchecked			
2238	Repansek2012	unchecked			
2238	Rice1994	unchecked			
2238	Ringe1984	unchecked			
2238	Ringe2017	unchecked			
2238	RingeTaylor2014	unchecked			
2238	Seebold1970	unchecked			
2238	SieversBrunner1965	unchecked			
2238	StauslandJohnsen2015	unchecked			
2238	Stiles1985	unchecked			
2238	Stiles1986a	unchecked			
2238	Stiles1986b	unchecked			
2238	Stiles2012	unchecked			
2238	Stiles2017	unchecked			
2238	Streitberg1896	unchecked			
2238	Sweet1953	unchecked			
2238	Thorhallsdottir1993	unchecked			
2238	Toon1992	unchecked			
2238	Versloot2017	unchecked			
2238	Versloot2021	unchecked			
2238	Versloot2025	unchecked			
2238	Vine2019	unchecked			
2238	Waxenberger2019	unchecked			
2238	WrightWuelcker1884	unchecked			
2238	vanHelten1905	unchecked			
2239	Adamczyk2001	unchecked			
2239	Bammesberger1990	unchecked			
2239	Bammesberger1992	unchecked			
2239	Bammesberger1997	unchecked			
2239	Beekes2010	unchecked			
2239	Bennett1950	unchecked			
2239	BosworthToller1898	unchecked			
2239	Bremmer2008	unchecked			
2239	Bremmer2009	unchecked			
2239	Bright1917	unchecked			
2239	Bulbring1902	unchecked			
2239	CaedmonsHymnVitt1452	unchecked			
2239	Campbell1939	unchecked			
2239	Campbell1959	unchecked			
2239	Cercignani1979	unchecked			
2239	Cercignani1980	unchecked			
2239	ClarkHall1960	unchecked			
2239	Crist2001	unchecked			
2239	Crist2002	unchecked			
2239	Erdmann1972	unchecked			
2239	Fulk2018	unchecked			
2239	GermanicSlavicBaltic2025	unchecked			
2239	Goblirsch1991	unchecked			
2239	Hamp1990	unchecked			
2239	Hirt1931	unchecked			
2239	Hogg1979	unchecked			
2239	HoggGrammar2011	unchecked			
2239	HoggIntroduction1992	unchecked			
2239	HoggPhonology1992	unchecked			
2239	HowellSalmons1988	unchecked			
2239	Kaluza1900	unchecked			
2239	Kastovsky1992	unchecked			
2239	Kilday2024	unchecked			
2239	KlugeSeebold2011	unchecked			
2239	Kortlandt2008	unchecked			
2239	Kroonen2006	unchecked			
2239	Kroonen2011	unchecked			
2239	Kroonen2013	unchecked			
2239	Kylstra1983	unchecked			
2239	Laker2007	unchecked			
2239	Lid1952	unchecked			
2239	Lloyd1966	unchecked			
2239	LloydSpringer1988	unchecked			
2239	Luehr1993	unchecked			
2239	Luick1914	unchecked			
2239	Mayrhofer1992	unchecked			
2239	Mees2020	unchecked			
2239	NeriRingeReview	unchecked			
2239	Nielsen2001	unchecked			
2239	Orel2003	unchecked			
2239	Pierce1999	unchecked			
2239	Pierce2003	unchecked			
2239	Pierce2006	unchecked			
2239	Pokorny1959	unchecked			
2239	Polome1967	unchecked			
2239	Polome1994	unchecked			
2239	Repansek2012	unchecked			
2239	Rice1994	unchecked			
2239	Ringe1984	unchecked			
2239	Ringe2017	unchecked			
2239	RingeTaylor2014	unchecked			
2239	Seebold1970	unchecked			
2239	SieversBrunner1965	unchecked			
2239	StauslandJohnsen2015	unchecked			
2239	Stiles1985	unchecked			
2239	Stiles1986a	unchecked			
2239	Stiles1986b	unchecked			
2239	Stiles2012	unchecked			
2239	Stiles2017	unchecked			
2239	Streitberg1896	unchecked			
2239	Sweet1953	unchecked			
2239	Thorhallsdottir1993	unchecked			
2239	Toon1992	unchecked			
2239	Versloot2017	unchecked			
2239	Versloot2021	unchecked			
2239	Versloot2025	unchecked			
2239	Vine2019	unchecked			
2239	Waxenberger2019	unchecked			
2239	WrightWuelcker1884	unchecked			
2239	vanHelten1905	unchecked			
2240	Adamczyk2001	unchecked			
2240	Bammesberger1990	unchecked			
2240	Bammesberger1992	unchecked			
2240	Bammesberger1997	unchecked			
2240	Beekes2010	unchecked			
2240	Bennett1950	unchecked			
2240	BosworthToller1898	unchecked			
2240	Bremmer2008	unchecked			
2240	Bremmer2009	unchecked			
2240	Bright1917	unchecked			
2240	Bulbring1902	unchecked			
2240	CaedmonsHymnVitt1452	unchecked			
2240	Campbell1939	unchecked			
2240	Campbell1959	unchecked			
2240	Cercignani1979	unchecked			
2240	Cercignani1980	unchecked			
2240	ClarkHall1960	unchecked			
2240	Crist2001	unchecked			
2240	Crist2002	unchecked			
2240	Erdmann1972	unchecked			
2240	Fulk2018	unchecked			
2240	GermanicSlavicBaltic2025	unchecked			
2240	Goblirsch1991	unchecked			
2240	Hamp1990	unchecked			
2240	Hirt1931	unchecked			
2240	Hogg1979	unchecked			
2240	HoggGrammar2011	unchecked			
2240	HoggIntroduction1992	unchecked			
2240	HoggPhonology1992	unchecked			
2240	HowellSalmons1988	unchecked			
2240	Kaluza1900	unchecked			
2240	Kastovsky1992	unchecked			
2240	Kilday2024	unchecked			
2240	KlugeSeebold2011	unchecked			
2240	Kortlandt2008	unchecked			
2240	Kroonen2006	unchecked			
2240	Kroonen2011	unchecked			
2240	Kroonen2013	unchecked			
2240	Kylstra1983	unchecked			
2240	Laker2007	unchecked			
2240	Lid1952	unchecked			
2240	Lloyd1966	unchecked			
2240	LloydSpringer1988	unchecked			
2240	Luehr1993	unchecked			
2240	Luick1914	unchecked			
2240	Mayrhofer1992	unchecked			
2240	Mees2020	unchecked			
2240	NeriRingeReview	unchecked			
2240	Nielsen2001	unchecked			
2240	Orel2003	unchecked			
2240	Pierce1999	unchecked			
2240	Pierce2003	unchecked			
2240	Pierce2006	unchecked			
2240	Pokorny1959	unchecked			
2240	Polome1967	unchecked			
2240	Polome1994	unchecked			
2240	Repansek2012	unchecked			
2240	Rice1994	unchecked			
2240	Ringe1984	unchecked			
2240	Ringe2017	unchecked			
2240	RingeTaylor2014	unchecked			
2240	Seebold1970	unchecked			
2240	SieversBrunner1965	unchecked			
2240	StauslandJohnsen2015	unchecked			
2240	Stiles1985	unchecked			
2240	Stiles1986a	unchecked			
2240	Stiles1986b	unchecked			
2240	Stiles2012	unchecked			
2240	Stiles2017	unchecked			
2240	Streitberg1896	unchecked			
2240	Sweet1953	unchecked			
2240	Thorhallsdottir1993	unchecked			
2240	Toon1992	unchecked			
2240	Versloot2017	unchecked			
2240	Versloot2021	unchecked			
2240	Versloot2025	unchecked			
2240	Vine2019	unchecked			
2240	Waxenberger2019	unchecked			
2240	WrightWuelcker1884	unchecked			
2240	vanHelten1905	unchecked			
2241	Adamczyk2001	unchecked			
2241	Bammesberger1990	unchecked			
2241	Bammesberger1992	unchecked			
2241	Bammesberger1997	unchecked			
2241	Beekes2010	unchecked			
2241	Bennett1950	unchecked			
2241	BosworthToller1898	unchecked			
2241	Bremmer2008	unchecked			
2241	Bremmer2009	unchecked			
2241	Bright1917	unchecked			
2241	Bulbring1902	unchecked			
2241	CaedmonsHymnVitt1452	unchecked			
2241	Campbell1939	unchecked			
2241	Campbell1959	unchecked			
2241	Cercignani1979	unchecked			
2241	Cercignani1980	unchecked			
2241	ClarkHall1960	unchecked			
2241	Crist2001	unchecked			
2241	Crist2002	unchecked			
2241	Erdmann1972	unchecked			
2241	Fulk2018	unchecked			
2241	GermanicSlavicBaltic2025	unchecked			
2241	Goblirsch1991	unchecked			
2241	Hamp1990	unchecked			
2241	Hirt1931	unchecked			
2241	Hogg1979	unchecked			
2241	HoggGrammar2011	unchecked			
2241	HoggIntroduction1992	unchecked			
2241	HoggPhonology1992	unchecked			
2241	HowellSalmons1988	unchecked			
2241	Kaluza1900	unchecked			
2241	Kastovsky1992	unchecked			
2241	Kilday2024	unchecked			
2241	KlugeSeebold2011	unchecked			
2241	Kortlandt2008	unchecked			
2241	Kroonen2006	unchecked			
2241	Kroonen2011	unchecked			
2241	Kroonen2013	unchecked			
2241	Kylstra1983	unchecked			
2241	Laker2007	unchecked			
2241	Lid1952	unchecked			
2241	Lloyd1966	unchecked			
2241	LloydSpringer1988	unchecked			
2241	Luehr1993	unchecked			
2241	Luick1914	unchecked			
2241	Mayrhofer1992	unchecked			
2241	Mees2020	unchecked			
2241	NeriRingeReview	unchecked			
2241	Nielsen2001	unchecked			
2241	Orel2003	unchecked			
2241	Pierce1999	unchecked			
2241	Pierce2003	unchecked			
2241	Pierce2006	unchecked			
2241	Pokorny1959	unchecked			
2241	Polome1967	unchecked			
2241	Polome1994	unchecked			
2241	Repansek2012	unchecked			
2241	Rice1994	unchecked			
2241	Ringe1984	unchecked			
2241	Ringe2017	unchecked			
2241	RingeTaylor2014	unchecked			
2241	Seebold1970	unchecked			
2241	SieversBrunner1965	unchecked			
2241	StauslandJohnsen2015	unchecked			
2241	Stiles1985	unchecked			
2241	Stiles1986a	unchecked			
2241	Stiles1986b	unchecked			
2241	Stiles2012	unchecked			
2241	Stiles2017	unchecked			
2241	Streitberg1896	unchecked			
2241	Sweet1953	unchecked			
2241	Thorhallsdottir1993	unchecked			
2241	Toon1992	unchecked			
2241	Versloot2017	unchecked			
2241	Versloot2021	unchecked			
2241	Versloot2025	unchecked			
2241	Vine2019	unchecked			
2241	Waxenberger2019	unchecked			
2241	WrightWuelcker1884	unchecked			
2241	vanHelten1905	unchecked			
2242	Adamczyk2001	unchecked			
2242	Bammesberger1990	unchecked			
2242	Bammesberger1992	unchecked			
2242	Bammesberger1997	unchecked			
2242	Beekes2010	unchecked			
2242	Bennett1950	unchecked			
2242	BosworthToller1898	unchecked			
2242	Bremmer2008	unchecked			
2242	Bremmer2009	unchecked			
2242	Bright1917	unchecked			
2242	Bulbring1902	unchecked			
2242	CaedmonsHymnVitt1452	unchecked			
2242	Campbell1939	unchecked			
2242	Campbell1959	unchecked			
2242	Cercignani1979	unchecked			
2242	Cercignani1980	unchecked			
2242	ClarkHall1960	unchecked			
2242	Crist2001	unchecked			
2242	Crist2002	unchecked			
2242	Erdmann1972	unchecked			
2242	Fulk2018	unchecked			
2242	GermanicSlavicBaltic2025	unchecked			
2242	Goblirsch1991	unchecked			
2242	Hamp1990	unchecked			
2242	Hirt1931	unchecked			
2242	Hogg1979	unchecked			
2242	HoggGrammar2011	unchecked			
2242	HoggIntroduction1992	unchecked			
2242	HoggPhonology1992	unchecked			
2242	HowellSalmons1988	unchecked			
2242	Kaluza1900	unchecked			
2242	Kastovsky1992	unchecked			
2242	Kilday2024	unchecked			
2242	KlugeSeebold2011	unchecked			
2242	Kortlandt2008	unchecked			
2242	Kroonen2006	unchecked			
2242	Kroonen2011	unchecked			
2242	Kroonen2013	unchecked			
2242	Kylstra1983	unchecked			
2242	Laker2007	unchecked			
2242	Lid1952	unchecked			
2242	Lloyd1966	unchecked			
2242	LloydSpringer1988	unchecked			
2242	Luehr1993	unchecked			
2242	Luick1914	unchecked			
2242	Mayrhofer1992	unchecked			
2242	Mees2020	unchecked			
2242	NeriRingeReview	unchecked			
2242	Nielsen2001	unchecked			
2242	Orel2003	unchecked			
2242	Pierce1999	unchecked			
2242	Pierce2003	unchecked			
2242	Pierce2006	unchecked			
2242	Pokorny1959	unchecked			
2242	Polome1967	unchecked			
2242	Polome1994	unchecked			
2242	Repansek2012	unchecked			
2242	Rice1994	unchecked			
2242	Ringe1984	unchecked			
2242	Ringe2017	unchecked			
2242	RingeTaylor2014	unchecked			
2242	Seebold1970	unchecked			
2242	SieversBrunner1965	unchecked			
2242	StauslandJohnsen2015	unchecked			
2242	Stiles1985	unchecked			
2242	Stiles1986a	unchecked			
2242	Stiles1986b	unchecked			
2242	Stiles2012	unchecked			
2242	Stiles2017	unchecked			
2242	Streitberg1896	unchecked			
2242	Sweet1953	unchecked			
2242	Thorhallsdottir1993	unchecked			
2242	Toon1992	unchecked			
2242	Versloot2017	unchecked			
2242	Versloot2021	unchecked			
2242	Versloot2025	unchecked			
2242	Vine2019	unchecked			
2242	Waxenberger2019	unchecked			
2242	WrightWuelcker1884	unchecked			
2242	vanHelten1905	unchecked			
2243	Adamczyk2001	unchecked			
2243	Bammesberger1990	unchecked			
2243	Bammesberger1992	unchecked			
2243	Bammesberger1997	unchecked			
2243	Beekes2010	unchecked			
2243	Bennett1950	unchecked			
2243	BosworthToller1898	unchecked			
2243	Bremmer2008	unchecked			
2243	Bremmer2009	unchecked			
2243	Bright1917	unchecked			
2243	Bulbring1902	unchecked			
2243	CaedmonsHymnVitt1452	unchecked			
2243	Campbell1939	unchecked			
2243	Campbell1959	unchecked			
2243	Cercignani1979	unchecked			
2243	Cercignani1980	unchecked			
2243	ClarkHall1960	unchecked			
2243	Crist2001	unchecked			
2243	Crist2002	unchecked			
2243	Erdmann1972	unchecked			
2243	Fulk2018	unchecked			
2243	GermanicSlavicBaltic2025	unchecked			
2243	Goblirsch1991	unchecked			
2243	Hamp1990	unchecked			
2243	Hirt1931	unchecked			
2243	Hogg1979	unchecked			
2243	HoggGrammar2011	unchecked			
2243	HoggIntroduction1992	unchecked			
2243	HoggPhonology1992	unchecked			
2243	HowellSalmons1988	unchecked			
2243	Kaluza1900	unchecked			
2243	Kastovsky1992	unchecked			
2243	Kilday2024	unchecked			
2243	KlugeSeebold2011	unchecked			
2243	Kortlandt2008	unchecked			
2243	Kroonen2006	unchecked			
2243	Kroonen2011	unchecked			
2243	Kroonen2013	unchecked			
2243	Kylstra1983	unchecked			
2243	Laker2007	unchecked			
2243	Lid1952	unchecked			
2243	Lloyd1966	unchecked			
2243	LloydSpringer1988	unchecked			
2243	Luehr1993	unchecked			
2243	Luick1914	unchecked			
2243	Mayrhofer1992	unchecked			
2243	Mees2020	unchecked			
2243	NeriRingeReview	unchecked			
2243	Nielsen2001	unchecked			
2243	Orel2003	unchecked			
2243	Pierce1999	unchecked			
2243	Pierce2003	unchecked			
2243	Pierce2006	unchecked			
2243	Pokorny1959	unchecked			
2243	Polome1967	unchecked			
2243	Polome1994	unchecked			
2243	Repansek2012	unchecked			
2243	Rice1994	unchecked			
2243	Ringe1984	unchecked			
2243	Ringe2017	unchecked			
2243	RingeTaylor2014	unchecked			
2243	Seebold1970	unchecked			
2243	SieversBrunner1965	unchecked			
2243	StauslandJohnsen2015	unchecked			
2243	Stiles1985	unchecked			
2243	Stiles1986a	unchecked			
2243	Stiles1986b	unchecked			
2243	Stiles2012	unchecked			
2243	Stiles2017	unchecked			
2243	Streitberg1896	unchecked			
2243	Sweet1953	unchecked			
2243	Thorhallsdottir1993	unchecked			
2243	Toon1992	unchecked			
2243	Versloot2017	unchecked			
2243	Versloot2021	unchecked			
2243	Versloot2025	unchecked			
2243	Vine2019	unchecked			
2243	Waxenberger2019	unchecked			
2243	WrightWuelcker1884	unchecked			
2243	vanHelten1905	unchecked			
2244	Adamczyk2001	unchecked			
2244	Bammesberger1990	unchecked			
2244	Bammesberger1992	unchecked			
2244	Bammesberger1997	unchecked			
2244	Beekes2010	unchecked			
2244	Bennett1950	unchecked			
2244	BosworthToller1898	unchecked			
2244	Bremmer2008	unchecked			
2244	Bremmer2009	unchecked			
2244	Bright1917	unchecked			
2244	Bulbring1902	unchecked			
2244	CaedmonsHymnVitt1452	unchecked			
2244	Campbell1939	unchecked			
2244	Campbell1959	unchecked			
2244	Cercignani1979	unchecked			
2244	Cercignani1980	unchecked			
2244	ClarkHall1960	unchecked			
2244	Crist2001	unchecked			
2244	Crist2002	unchecked			
2244	Erdmann1972	unchecked			
2244	Fulk2018	unchecked			
2244	GermanicSlavicBaltic2025	unchecked			
2244	Goblirsch1991	unchecked			
2244	Hamp1990	unchecked			
2244	Hirt1931	unchecked			
2244	Hogg1979	unchecked			
2244	HoggGrammar2011	unchecked			
2244	HoggIntroduction1992	unchecked			
2244	HoggPhonology1992	unchecked			
2244	HowellSalmons1988	unchecked			
2244	Kaluza1900	unchecked			
2244	Kastovsky1992	unchecked			
2244	Kilday2024	unchecked			
2244	KlugeSeebold2011	unchecked			
2244	Kortlandt2008	unchecked			
2244	Kroonen2006	unchecked			
2244	Kroonen2011	unchecked			
2244	Kroonen2013	unchecked			
2244	Kylstra1983	unchecked			
2244	Laker2007	unchecked			
2244	Lid1952	unchecked			
2244	Lloyd1966	unchecked			
2244	LloydSpringer1988	unchecked			
2244	Luehr1993	unchecked			
2244	Luick1914	unchecked			
2244	Mayrhofer1992	unchecked			
2244	Mees2020	unchecked			
2244	NeriRingeReview	unchecked			
2244	Nielsen2001	unchecked			
2244	Orel2003	unchecked			
2244	Pierce1999	unchecked			
2244	Pierce2003	unchecked			
2244	Pierce2006	unchecked			
2244	Pokorny1959	unchecked			
2244	Polome1967	unchecked			
2244	Polome1994	unchecked			
2244	Repansek2012	unchecked			
2244	Rice1994	unchecked			
2244	Ringe1984	unchecked			
2244	Ringe2017	unchecked			
2244	RingeTaylor2014	unchecked			
2244	Seebold1970	unchecked			
2244	SieversBrunner1965	unchecked			
2244	StauslandJohnsen2015	unchecked			
2244	Stiles1985	unchecked			
2244	Stiles1986a	unchecked			
2244	Stiles1986b	unchecked			
2244	Stiles2012	unchecked			
2244	Stiles2017	unchecked			
2244	Streitberg1896	unchecked			
2244	Sweet1953	unchecked			
2244	Thorhallsdottir1993	unchecked			
2244	Toon1992	unchecked			
2244	Versloot2017	unchecked			
2244	Versloot2021	unchecked			
2244	Versloot2025	unchecked			
2244	Vine2019	unchecked			
2244	Waxenberger2019	unchecked			
2244	WrightWuelcker1884	unchecked			
2244	vanHelten1905	unchecked			
2245	Adamczyk2001	unchecked			
2245	Bammesberger1990	unchecked			
2245	Bammesberger1992	unchecked			
2245	Bammesberger1997	unchecked			
2245	Beekes2010	unchecked			
2245	Bennett1950	unchecked			
2245	BosworthToller1898	unchecked			
2245	Bremmer2008	unchecked			
2245	Bremmer2009	unchecked			
2245	Bright1917	unchecked			
2245	Bulbring1902	unchecked			
2245	CaedmonsHymnVitt1452	unchecked			
2245	Campbell1939	unchecked			
2245	Campbell1959	unchecked			
2245	Cercignani1979	unchecked			
2245	Cercignani1980	unchecked			
2245	ClarkHall1960	unchecked			
2245	Crist2001	unchecked			
2245	Crist2002	unchecked			
2245	Erdmann1972	unchecked			
2245	Fulk2018	unchecked			
2245	GermanicSlavicBaltic2025	unchecked			
2245	Goblirsch1991	unchecked			
2245	Hamp1990	unchecked			
2245	Hirt1931	unchecked			
2245	Hogg1979	unchecked			
2245	HoggGrammar2011	unchecked			
2245	HoggIntroduction1992	unchecked			
2245	HoggPhonology1992	unchecked			
2245	HowellSalmons1988	unchecked			
2245	Kaluza1900	unchecked			
2245	Kastovsky1992	unchecked			
2245	Kilday2024	unchecked			
2245	KlugeSeebold2011	unchecked			
2245	Kortlandt2008	unchecked			
2245	Kroonen2006	unchecked			
2245	Kroonen2011	unchecked			
2245	Kroonen2013	unchecked			
2245	Kylstra1983	unchecked			
2245	Laker2007	unchecked			
2245	Lid1952	unchecked			
2245	Lloyd1966	unchecked			
2245	LloydSpringer1988	unchecked			
2245	Luehr1993	unchecked			
2245	Luick1914	unchecked			
2245	Mayrhofer1992	unchecked			
2245	Mees2020	unchecked			
2245	NeriRingeReview	unchecked			
2245	Nielsen2001	unchecked			
2245	Orel2003	unchecked			
2245	Pierce1999	unchecked			
2245	Pierce2003	unchecked			
2245	Pierce2006	unchecked			
2245	Pokorny1959	unchecked			
2245	Polome1967	unchecked			
2245	Polome1994	unchecked			
2245	Repansek2012	unchecked			
2245	Rice1994	unchecked			
2245	Ringe1984	unchecked			
2245	Ringe2017	unchecked			
2245	RingeTaylor2014	unchecked			
2245	Seebold1970	unchecked			
2245	SieversBrunner1965	unchecked			
2245	StauslandJohnsen2015	unchecked			
2245	Stiles1985	unchecked			
2245	Stiles1986a	unchecked			
2245	Stiles1986b	unchecked			
2245	Stiles2012	unchecked			
2245	Stiles2017	unchecked			
2245	Streitberg1896	unchecked			
2245	Sweet1953	unchecked			
2245	Thorhallsdottir1993	unchecked			
2245	Toon1992	unchecked			
2245	Versloot2017	unchecked			
2245	Versloot2021	unchecked			
2245	Versloot2025	unchecked			
2245	Vine2019	unchecked			
2245	Waxenberger2019	unchecked			
2245	WrightWuelcker1884	unchecked			
2245	vanHelten1905	unchecked			
2246	Adamczyk2001	unchecked			
2246	Bammesberger1990	unchecked			
2246	Bammesberger1992	unchecked			
2246	Bammesberger1997	unchecked			
2246	Beekes2010	unchecked			
2246	Bennett1950	unchecked			
2246	BosworthToller1898	unchecked			
2246	Bremmer2008	unchecked			
2246	Bremmer2009	unchecked			
2246	Bright1917	unchecked			
2246	Bulbring1902	unchecked			
2246	CaedmonsHymnVitt1452	unchecked			
2246	Campbell1939	unchecked			
2246	Campbell1959	unchecked			
2246	Cercignani1979	unchecked			
2246	Cercignani1980	unchecked			
2246	ClarkHall1960	unchecked			
2246	Crist2001	unchecked			
2246	Crist2002	unchecked			
2246	Erdmann1972	unchecked			
2246	Fulk2018	unchecked			
2246	GermanicSlavicBaltic2025	unchecked			
2246	Goblirsch1991	unchecked			
2246	Hamp1990	unchecked			
2246	Hirt1931	unchecked			
2246	Hogg1979	unchecked			
2246	HoggGrammar2011	unchecked			
2246	HoggIntroduction1992	unchecked			
2246	HoggPhonology1992	unchecked			
2246	HowellSalmons1988	unchecked			
2246	Kaluza1900	unchecked			
2246	Kastovsky1992	unchecked			
2246	Kilday2024	unchecked			
2246	KlugeSeebold2011	unchecked			
2246	Kortlandt2008	unchecked			
2246	Kroonen2006	unchecked			
2246	Kroonen2011	unchecked			
2246	Kroonen2013	unchecked			
2246	Kylstra1983	unchecked			
2246	Laker2007	unchecked			
2246	Lid1952	unchecked			
2246	Lloyd1966	unchecked			
2246	LloydSpringer1988	unchecked			
2246	Luehr1993	unchecked			
2246	Luick1914	unchecked			
2246	Mayrhofer1992	unchecked			
2246	Mees2020	unchecked			
2246	NeriRingeReview	unchecked			
2246	Nielsen2001	unchecked			
2246	Orel2003	unchecked			
2246	Pierce1999	unchecked			
2246	Pierce2003	unchecked			
2246	Pierce2006	unchecked			
2246	Pokorny1959	unchecked			
2246	Polome1967	unchecked			
2246	Polome1994	unchecked			
2246	Repansek2012	unchecked			
2246	Rice1994	unchecked			
2246	Ringe1984	unchecked			
2246	Ringe2017	unchecked			
2246	RingeTaylor2014	unchecked			
2246	Seebold1970	unchecked			
2246	SieversBrunner1965	unchecked			
2246	StauslandJohnsen2015	unchecked			
2246	Stiles1985	unchecked			
2246	Stiles1986a	unchecked			
2246	Stiles1986b	unchecked			
2246	Stiles2012	unchecked			
2246	Stiles2017	unchecked			
2246	Streitberg1896	unchecked			
2246	Sweet1953	unchecked			
2246	Thorhallsdottir1993	unchecked			
2246	Toon1992	unchecked			
2246	Versloot2017	unchecked			
2246	Versloot2021	unchecked			
2246	Versloot2025	unchecked			
2246	Vine2019	unchecked			
2246	Waxenberger2019	unchecked			
2246	WrightWuelcker1884	unchecked			
2246	vanHelten1905	unchecked			
2247	Adamczyk2001	unchecked			
2247	Bammesberger1990	unchecked			
2247	Bammesberger1992	unchecked			
2247	Bammesberger1997	unchecked			
2247	Beekes2010	unchecked			
2247	Bennett1950	unchecked			
2247	BosworthToller1898	unchecked			
2247	Bremmer2008	unchecked			
2247	Bremmer2009	unchecked			
2247	Bright1917	unchecked			
2247	Bulbring1902	unchecked			
2247	CaedmonsHymnVitt1452	unchecked			
2247	Campbell1939	unchecked			
2247	Campbell1959	unchecked			
2247	Cercignani1979	unchecked			
2247	Cercignani1980	unchecked			
2247	ClarkHall1960	unchecked			
2247	Crist2001	unchecked			
2247	Crist2002	unchecked			
2247	Erdmann1972	unchecked			
2247	Fulk2018	unchecked			
2247	GermanicSlavicBaltic2025	unchecked			
2247	Goblirsch1991	unchecked			
2247	Hamp1990	unchecked			
2247	Hirt1931	unchecked			
2247	Hogg1979	unchecked			
2247	HoggGrammar2011	unchecked			
2247	HoggIntroduction1992	unchecked			
2247	HoggPhonology1992	unchecked			
2247	HowellSalmons1988	unchecked			
2247	Kaluza1900	unchecked			
2247	Kastovsky1992	unchecked			
2247	Kilday2024	unchecked			
2247	KlugeSeebold2011	unchecked			
2247	Kortlandt2008	unchecked			
2247	Kroonen2006	unchecked			
2247	Kroonen2011	unchecked			
2247	Kroonen2013	unchecked			
2247	Kylstra1983	unchecked			
2247	Laker2007	unchecked			
2247	Lid1952	unchecked			
2247	Lloyd1966	unchecked			
2247	LloydSpringer1988	unchecked			
2247	Luehr1993	unchecked			
2247	Luick1914	unchecked			
2247	Mayrhofer1992	unchecked			
2247	Mees2020	unchecked			
2247	NeriRingeReview	unchecked			
2247	Nielsen2001	unchecked			
2247	Orel2003	unchecked			
2247	Pierce1999	unchecked			
2247	Pierce2003	unchecked			
2247	Pierce2006	unchecked			
2247	Pokorny1959	unchecked			
2247	Polome1967	unchecked			
2247	Polome1994	unchecked			
2247	Repansek2012	unchecked			
2247	Rice1994	unchecked			
2247	Ringe1984	unchecked			
2247	Ringe2017	unchecked			
2247	RingeTaylor2014	unchecked			
2247	Seebold1970	unchecked			
2247	SieversBrunner1965	unchecked			
2247	StauslandJohnsen2015	unchecked			
2247	Stiles1985	unchecked			
2247	Stiles1986a	unchecked			
2247	Stiles1986b	unchecked			
2247	Stiles2012	unchecked			
2247	Stiles2017	unchecked			
2247	Streitberg1896	unchecked			
2247	Sweet1953	unchecked			
2247	Thorhallsdottir1993	unchecked			
2247	Toon1992	unchecked			
2247	Versloot2017	unchecked			
2247	Versloot2021	unchecked			
2247	Versloot2025	unchecked			
2247	Vine2019	unchecked			
2247	Waxenberger2019	unchecked			
2247	WrightWuelcker1884	unchecked			
2247	vanHelten1905	unchecked			
2248	Adamczyk2001	unchecked			
2248	Bammesberger1990	unchecked			
2248	Bammesberger1992	unchecked			
2248	Bammesberger1997	unchecked			
2248	Beekes2010	unchecked			
2248	Bennett1950	unchecked			
2248	BosworthToller1898	unchecked			
2248	Bremmer2008	unchecked			
2248	Bremmer2009	unchecked			
2248	Bright1917	unchecked			
2248	Bulbring1902	unchecked			
2248	CaedmonsHymnVitt1452	unchecked			
2248	Campbell1939	unchecked			
2248	Campbell1959	unchecked			
2248	Cercignani1979	unchecked			
2248	Cercignani1980	unchecked			
2248	ClarkHall1960	unchecked			
2248	Crist2001	unchecked			
2248	Crist2002	unchecked			
2248	Erdmann1972	unchecked			
2248	Fulk2018	unchecked			
2248	GermanicSlavicBaltic2025	unchecked			
2248	Goblirsch1991	unchecked			
2248	Hamp1990	unchecked			
2248	Hirt1931	unchecked			
2248	Hogg1979	unchecked			
2248	HoggGrammar2011	unchecked			
2248	HoggIntroduction1992	unchecked			
2248	HoggPhonology1992	unchecked			
2248	HowellSalmons1988	unchecked			
2248	Kaluza1900	unchecked			
2248	Kastovsky1992	unchecked			
2248	Kilday2024	unchecked			
2248	KlugeSeebold2011	unchecked			
2248	Kortlandt2008	unchecked			
2248	Kroonen2006	unchecked			
2248	Kroonen2011	unchecked			
2248	Kroonen2013	unchecked			
2248	Kylstra1983	unchecked			
2248	Laker2007	unchecked			
2248	Lid1952	unchecked			
2248	Lloyd1966	unchecked			
2248	LloydSpringer1988	unchecked			
2248	Luehr1993	unchecked			
2248	Luick1914	unchecked			
2248	Mayrhofer1992	unchecked			
2248	Mees2020	unchecked			
2248	NeriRingeReview	unchecked			
2248	Nielsen2001	unchecked			
2248	Orel2003	unchecked			
2248	Pierce1999	unchecked			
2248	Pierce2003	unchecked			
2248	Pierce2006	unchecked			
2248	Pokorny1959	unchecked			
2248	Polome1967	unchecked			
2248	Polome1994	unchecked			
2248	Repansek2012	unchecked			
2248	Rice1994	unchecked			
2248	Ringe1984	unchecked			
2248	Ringe2017	unchecked			
2248	RingeTaylor2014	unchecked			
2248	Seebold1970	unchecked			
2248	SieversBrunner1965	unchecked			
2248	StauslandJohnsen2015	unchecked			
2248	Stiles1985	unchecked			
2248	Stiles1986a	unchecked			
2248	Stiles1986b	unchecked			
2248	Stiles2012	unchecked			
2248	Stiles2017	unchecked			
2248	Streitberg1896	unchecked			
2248	Sweet1953	unchecked			
2248	Thorhallsdottir1993	unchecked			
2248	Toon1992	unchecked			
2248	Versloot2017	unchecked			
2248	Versloot2021	unchecked			
2248	Versloot2025	unchecked			
2248	Vine2019	unchecked			
2248	Waxenberger2019	unchecked			
2248	WrightWuelcker1884	unchecked			
2248	vanHelten1905	unchecked			
2249	Adamczyk2001	unchecked			
2249	Bammesberger1990	unchecked			
2249	Bammesberger1992	unchecked			
2249	Bammesberger1997	unchecked			
2249	Beekes2010	unchecked			
2249	Bennett1950	unchecked			
2249	BosworthToller1898	unchecked			
2249	Bremmer2008	unchecked			
2249	Bremmer2009	unchecked			
2249	Bright1917	unchecked			
2249	Bulbring1902	unchecked			
2249	CaedmonsHymnVitt1452	unchecked			
2249	Campbell1939	unchecked			
2249	Campbell1959	unchecked			
2249	Cercignani1979	unchecked			
2249	Cercignani1980	unchecked			
2249	ClarkHall1960	unchecked			
2249	Crist2001	unchecked			
2249	Crist2002	unchecked			
2249	Erdmann1972	unchecked			
2249	Fulk2018	unchecked			
2249	GermanicSlavicBaltic2025	unchecked			
2249	Goblirsch1991	unchecked			
2249	Hamp1990	unchecked			
2249	Hirt1931	unchecked			
2249	Hogg1979	unchecked			
2249	HoggGrammar2011	unchecked			
2249	HoggIntroduction1992	unchecked			
2249	HoggPhonology1992	unchecked			
2249	HowellSalmons1988	unchecked			
2249	Kaluza1900	unchecked			
2249	Kastovsky1992	unchecked			
2249	Kilday2024	unchecked			
2249	KlugeSeebold2011	unchecked			
2249	Kortlandt2008	unchecked			
2249	Kroonen2006	unchecked			
2249	Kroonen2011	unchecked			
2249	Kroonen2013	unchecked			
2249	Kylstra1983	unchecked			
2249	Laker2007	unchecked			
2249	Lid1952	unchecked			
2249	Lloyd1966	unchecked			
2249	LloydSpringer1988	unchecked			
2249	Luehr1993	unchecked			
2249	Luick1914	unchecked			
2249	Mayrhofer1992	unchecked			
2249	Mees2020	unchecked			
2249	NeriRingeReview	unchecked			
2249	Nielsen2001	unchecked			
2249	Orel2003	unchecked			
2249	Pierce1999	unchecked			
2249	Pierce2003	unchecked			
2249	Pierce2006	unchecked			
2249	Pokorny1959	unchecked			
2249	Polome1967	unchecked			
2249	Polome1994	unchecked			
2249	Repansek2012	unchecked			
2249	Rice1994	unchecked			
2249	Ringe1984	unchecked			
2249	Ringe2017	unchecked			
2249	RingeTaylor2014	unchecked			
2249	Seebold1970	unchecked			
2249	SieversBrunner1965	unchecked			
2249	StauslandJohnsen2015	unchecked			
2249	Stiles1985	unchecked			
2249	Stiles1986a	unchecked			
2249	Stiles1986b	unchecked			
2249	Stiles2012	unchecked			
2249	Stiles2017	unchecked			
2249	Streitberg1896	unchecked			
2249	Sweet1953	unchecked			
2249	Thorhallsdottir1993	unchecked			
2249	Toon1992	unchecked			
2249	Versloot2017	unchecked			
2249	Versloot2021	unchecked			
2249	Versloot2025	unchecked			
2249	Vine2019	unchecked			
2249	Waxenberger2019	unchecked			
2249	WrightWuelcker1884	unchecked			
2249	vanHelten1905	unchecked			
2250	Adamczyk2001	unchecked			
2250	Bammesberger1990	unchecked			
2250	Bammesberger1992	unchecked			
2250	Bammesberger1997	unchecked			
2250	Beekes2010	unchecked			
2250	Bennett1950	unchecked			
2250	BosworthToller1898	unchecked			
2250	Bremmer2008	unchecked			
2250	Bremmer2009	unchecked			
2250	Bright1917	unchecked			
2250	Bulbring1902	unchecked			
2250	CaedmonsHymnVitt1452	unchecked			
2250	Campbell1939	unchecked			
2250	Campbell1959	unchecked			
2250	Cercignani1979	unchecked			
2250	Cercignani1980	unchecked			
2250	ClarkHall1960	unchecked			
2250	Crist2001	unchecked			
2250	Crist2002	unchecked			
2250	Erdmann1972	unchecked			
2250	Fulk2018	unchecked			
2250	GermanicSlavicBaltic2025	unchecked			
2250	Goblirsch1991	unchecked			
2250	Hamp1990	unchecked			
2250	Hirt1931	unchecked			
2250	Hogg1979	unchecked			
2250	HoggGrammar2011	unchecked			
2250	HoggIntroduction1992	unchecked			
2250	HoggPhonology1992	unchecked			
2250	HowellSalmons1988	unchecked			
2250	Kaluza1900	unchecked			
2250	Kastovsky1992	unchecked			
2250	Kilday2024	unchecked			
2250	KlugeSeebold2011	unchecked			
2250	Kortlandt2008	unchecked			
2250	Kroonen2006	unchecked			
2250	Kroonen2011	unchecked			
2250	Kroonen2013	unchecked			
2250	Kylstra1983	unchecked			
2250	Laker2007	unchecked			
2250	Lid1952	unchecked			
2250	Lloyd1966	unchecked			
2250	LloydSpringer1988	unchecked			
2250	Luehr1993	unchecked			
2250	Luick1914	unchecked			
2250	Mayrhofer1992	unchecked			
2250	Mees2020	unchecked			
2250	NeriRingeReview	unchecked			
2250	Nielsen2001	unchecked			
2250	Orel2003	unchecked			
2250	Pierce1999	unchecked			
2250	Pierce2003	unchecked			
2250	Pierce2006	unchecked			
2250	Pokorny1959	unchecked			
2250	Polome1967	unchecked			
2250	Polome1994	unchecked			
2250	Repansek2012	unchecked			
2250	Rice1994	unchecked			
2250	Ringe1984	unchecked			
2250	Ringe2017	unchecked			
2250	RingeTaylor2014	unchecked			
2250	Seebold1970	unchecked			
2250	SieversBrunner1965	unchecked			
2250	StauslandJohnsen2015	unchecked			
2250	Stiles1985	unchecked			
2250	Stiles1986a	unchecked			
2250	Stiles1986b	unchecked			
2250	Stiles2012	unchecked			
2250	Stiles2017	unchecked			
2250	Streitberg1896	unchecked			
2250	Sweet1953	unchecked			
2250	Thorhallsdottir1993	unchecked			
2250	Toon1992	unchecked			
2250	Versloot2017	unchecked			
2250	Versloot2021	unchecked			
2250	Versloot2025	unchecked			
2250	Vine2019	unchecked			
2250	Waxenberger2019	unchecked			
2250	WrightWuelcker1884	unchecked			
2250	vanHelten1905	unchecked			
2251	Adamczyk2001	unchecked			
2251	Bammesberger1990	unchecked			
2251	Bammesberger1992	unchecked			
2251	Bammesberger1997	unchecked			
2251	Beekes2010	unchecked			
2251	Bennett1950	unchecked			
2251	BosworthToller1898	unchecked			
2251	Bremmer2008	unchecked			
2251	Bremmer2009	unchecked			
2251	Bright1917	unchecked			
2251	Bulbring1902	unchecked			
2251	CaedmonsHymnVitt1452	unchecked			
2251	Campbell1939	unchecked			
2251	Campbell1959	unchecked			
2251	Cercignani1979	unchecked			
2251	Cercignani1980	unchecked			
2251	ClarkHall1960	unchecked			
2251	Crist2001	unchecked			
2251	Crist2002	unchecked			
2251	Erdmann1972	unchecked			
2251	Fulk2018	unchecked			
2251	GermanicSlavicBaltic2025	unchecked			
2251	Goblirsch1991	unchecked			
2251	Hamp1990	unchecked			
2251	Hirt1931	unchecked			
2251	Hogg1979	unchecked			
2251	HoggGrammar2011	unchecked			
2251	HoggIntroduction1992	unchecked			
2251	HoggPhonology1992	unchecked			
2251	HowellSalmons1988	unchecked			
2251	Kaluza1900	unchecked			
2251	Kastovsky1992	unchecked			
2251	Kilday2024	unchecked			
2251	KlugeSeebold2011	unchecked			
2251	Kortlandt2008	unchecked			
2251	Kroonen2006	unchecked			
2251	Kroonen2011	unchecked			
2251	Kroonen2013	unchecked			
2251	Kylstra1983	unchecked			
2251	Laker2007	unchecked			
2251	Lid1952	unchecked			
2251	Lloyd1966	unchecked			
2251	LloydSpringer1988	unchecked			
2251	Luehr1993	unchecked			
2251	Luick1914	unchecked			
2251	Mayrhofer1992	unchecked			
2251	Mees2020	unchecked			
2251	NeriRingeReview	unchecked			
2251	Nielsen2001	unchecked			
2251	Orel2003	unchecked			
2251	Pierce1999	unchecked			
2251	Pierce2003	unchecked			
2251	Pierce2006	unchecked			
2251	Pokorny1959	unchecked			
2251	Polome1967	unchecked			
2251	Polome1994	unchecked			
2251	Repansek2012	unchecked			
2251	Rice1994	unchecked			
2251	Ringe1984	unchecked			
2251	Ringe2017	unchecked			
2251	RingeTaylor2014	unchecked			
2251	Seebold1970	unchecked			
2251	SieversBrunner1965	unchecked			
2251	StauslandJohnsen2015	unchecked			
2251	Stiles1985	unchecked			
2251	Stiles1986a	unchecked			
2251	Stiles1986b	unchecked			
2251	Stiles2012	unchecked			
2251	Stiles2017	unchecked			
2251	Streitberg1896	unchecked			
2251	Sweet1953	unchecked			
2251	Thorhallsdottir1993	unchecked			
2251	Toon1992	unchecked			
2251	Versloot2017	unchecked			
2251	Versloot2021	unchecked			
2251	Versloot2025	unchecked			
2251	Vine2019	unchecked			
2251	Waxenberger2019	unchecked			
2251	WrightWuelcker1884	unchecked			
2251	vanHelten1905	unchecked			
2252	Adamczyk2001	unchecked			
2252	Bammesberger1990	unchecked			
2252	Bammesberger1992	unchecked			
2252	Bammesberger1997	unchecked			
2252	Beekes2010	unchecked			
2252	Bennett1950	unchecked			
2252	BosworthToller1898	unchecked			
2252	Bremmer2008	unchecked			
2252	Bremmer2009	unchecked			
2252	Bright1917	unchecked			
2252	Bulbring1902	unchecked			
2252	CaedmonsHymnVitt1452	unchecked			
2252	Campbell1939	unchecked			
2252	Campbell1959	unchecked			
2252	Cercignani1979	unchecked			
2252	Cercignani1980	unchecked			
2252	ClarkHall1960	unchecked			
2252	Crist2001	unchecked			
2252	Crist2002	unchecked			
2252	Erdmann1972	unchecked			
2252	Fulk2018	unchecked			
2252	GermanicSlavicBaltic2025	unchecked			
2252	Goblirsch1991	unchecked			
2252	Hamp1990	unchecked			
2252	Hirt1931	unchecked			
2252	Hogg1979	unchecked			
2252	HoggGrammar2011	unchecked			
2252	HoggIntroduction1992	unchecked			
2252	HoggPhonology1992	unchecked			
2252	HowellSalmons1988	unchecked			
2252	Kaluza1900	unchecked			
2252	Kastovsky1992	unchecked			
2252	Kilday2024	unchecked			
2252	KlugeSeebold2011	unchecked			
2252	Kortlandt2008	unchecked			
2252	Kroonen2006	unchecked			
2252	Kroonen2011	unchecked			
2252	Kroonen2013	unchecked			
2252	Kylstra1983	unchecked			
2252	Laker2007	unchecked			
2252	Lid1952	unchecked			
2252	Lloyd1966	unchecked			
2252	LloydSpringer1988	unchecked			
2252	Luehr1993	unchecked			
2252	Luick1914	unchecked			
2252	Mayrhofer1992	unchecked			
2252	Mees2020	unchecked			
2252	NeriRingeReview	unchecked			
2252	Nielsen2001	unchecked			
2252	Orel2003	unchecked			
2252	Pierce1999	unchecked			
2252	Pierce2003	unchecked			
2252	Pierce2006	unchecked			
2252	Pokorny1959	unchecked			
2252	Polome1967	unchecked			
2252	Polome1994	unchecked			
2252	Repansek2012	unchecked			
2252	Rice1994	unchecked			
2252	Ringe1984	unchecked			
2252	Ringe2017	unchecked			
2252	RingeTaylor2014	unchecked			
2252	Seebold1970	unchecked			
2252	SieversBrunner1965	unchecked			
2252	StauslandJohnsen2015	unchecked			
2252	Stiles1985	unchecked			
2252	Stiles1986a	unchecked			
2252	Stiles1986b	unchecked			
2252	Stiles2012	unchecked			
2252	Stiles2017	unchecked			
2252	Streitberg1896	unchecked			
2252	Sweet1953	unchecked			
2252	Thorhallsdottir1993	unchecked			
2252	Toon1992	unchecked			
2252	Versloot2017	unchecked			
2252	Versloot2021	unchecked			
2252	Versloot2025	unchecked			
2252	Vine2019	unchecked			
2252	Waxenberger2019	unchecked			
2252	WrightWuelcker1884	unchecked			
2252	vanHelten1905	unchecked			
2253	Adamczyk2001	unchecked			
2253	Bammesberger1990	unchecked			
2253	Bammesberger1992	unchecked			
2253	Bammesberger1997	unchecked			
2253	Beekes2010	unchecked			
2253	Bennett1950	unchecked			
2253	BosworthToller1898	unchecked			
2253	Bremmer2008	unchecked			
2253	Bremmer2009	unchecked			
2253	Bright1917	unchecked			
2253	Bulbring1902	unchecked			
2253	CaedmonsHymnVitt1452	unchecked			
2253	Campbell1939	unchecked			
2253	Campbell1959	unchecked			
2253	Cercignani1979	unchecked			
2253	Cercignani1980	unchecked			
2253	ClarkHall1960	unchecked			
2253	Crist2001	unchecked			
2253	Crist2002	unchecked			
2253	Erdmann1972	unchecked			
2253	Fulk2018	unchecked			
2253	GermanicSlavicBaltic2025	unchecked			
2253	Goblirsch1991	unchecked			
2253	Hamp1990	unchecked			
2253	Hirt1931	unchecked			
2253	Hogg1979	unchecked			
2253	HoggGrammar2011	unchecked			
2253	HoggIntroduction1992	unchecked			
2253	HoggPhonology1992	unchecked			
2253	HowellSalmons1988	unchecked			
2253	Kaluza1900	unchecked			
2253	Kastovsky1992	unchecked			
2253	Kilday2024	unchecked			
2253	KlugeSeebold2011	unchecked			
2253	Kortlandt2008	unchecked			
2253	Kroonen2006	unchecked			
2253	Kroonen2011	unchecked			
2253	Kroonen2013	unchecked			
2253	Kylstra1983	unchecked			
2253	Laker2007	unchecked			
2253	Lid1952	unchecked			
2253	Lloyd1966	unchecked			
2253	LloydSpringer1988	unchecked			
2253	Luehr1993	unchecked			
2253	Luick1914	unchecked			
2253	Mayrhofer1992	unchecked			
2253	Mees2020	unchecked			
2253	NeriRingeReview	unchecked			
2253	Nielsen2001	unchecked			
2253	Orel2003	unchecked			
2253	Pierce1999	unchecked			
2253	Pierce2003	unchecked			
2253	Pierce2006	unchecked			
2253	Pokorny1959	unchecked			
2253	Polome1967	unchecked			
2253	Polome1994	unchecked			
2253	Repansek2012	unchecked			
2253	Rice1994	unchecked			
2253	Ringe1984	unchecked			
2253	Ringe2017	unchecked			
2253	RingeTaylor2014	unchecked			
2253	Seebold1970	unchecked			
2253	SieversBrunner1965	unchecked			
2253	StauslandJohnsen2015	unchecked			
2253	Stiles1985	unchecked			
2253	Stiles1986a	unchecked			
2253	Stiles1986b	unchecked			
2253	Stiles2012	unchecked			
2253	Stiles2017	unchecked			
2253	Streitberg1896	unchecked			
2253	Sweet1953	unchecked			
2253	Thorhallsdottir1993	unchecked			
2253	Toon1992	unchecked			
2253	Versloot2017	unchecked			
2253	Versloot2021	unchecked			
2253	Versloot2025	unchecked			
2253	Vine2019	unchecked			
2253	Waxenberger2019	unchecked			
2253	WrightWuelcker1884	unchecked			
2253	vanHelten1905	unchecked			
2254	Adamczyk2001	unchecked			
2254	Bammesberger1990	unchecked			
2254	Bammesberger1992	unchecked			
2254	Bammesberger1997	unchecked			
2254	Beekes2010	unchecked			
2254	Bennett1950	unchecked			
2254	BosworthToller1898	unchecked			
2254	Bremmer2008	unchecked			
2254	Bremmer2009	unchecked			
2254	Bright1917	unchecked			
2254	Bulbring1902	unchecked			
2254	CaedmonsHymnVitt1452	unchecked			
2254	Campbell1939	unchecked			
2254	Campbell1959	unchecked			
2254	Cercignani1979	unchecked			
2254	Cercignani1980	unchecked			
2254	ClarkHall1960	unchecked			
2254	Crist2001	unchecked			
2254	Crist2002	unchecked			
2254	Erdmann1972	unchecked			
2254	Fulk2018	unchecked			
2254	GermanicSlavicBaltic2025	unchecked			
2254	Goblirsch1991	unchecked			
2254	Hamp1990	unchecked			
2254	Hirt1931	unchecked			
2254	Hogg1979	unchecked			
2254	HoggGrammar2011	unchecked			
2254	HoggIntroduction1992	unchecked			
2254	HoggPhonology1992	unchecked			
2254	HowellSalmons1988	unchecked			
2254	Kaluza1900	unchecked			
2254	Kastovsky1992	unchecked			
2254	Kilday2024	unchecked			
2254	KlugeSeebold2011	unchecked			
2254	Kortlandt2008	unchecked			
2254	Kroonen2006	unchecked			
2254	Kroonen2011	unchecked			
2254	Kroonen2013	unchecked			
2254	Kylstra1983	unchecked			
2254	Laker2007	unchecked			
2254	Lid1952	unchecked			
2254	Lloyd1966	unchecked			
2254	LloydSpringer1988	unchecked			
2254	Luehr1993	unchecked			
2254	Luick1914	unchecked			
2254	Mayrhofer1992	unchecked			
2254	Mees2020	unchecked			
2254	NeriRingeReview	unchecked			
2254	Nielsen2001	unchecked			
2254	Orel2003	unchecked			
2254	Pierce1999	unchecked			
2254	Pierce2003	unchecked			
2254	Pierce2006	unchecked			
2254	Pokorny1959	unchecked			
2254	Polome1967	unchecked			
2254	Polome1994	unchecked			
2254	Repansek2012	unchecked			
2254	Rice1994	unchecked			
2254	Ringe1984	unchecked			
2254	Ringe2017	unchecked			
2254	RingeTaylor2014	unchecked			
2254	Seebold1970	unchecked			
2254	SieversBrunner1965	unchecked			
2254	StauslandJohnsen2015	unchecked			
2254	Stiles1985	unchecked			
2254	Stiles1986a	unchecked			
2254	Stiles1986b	unchecked			
2254	Stiles2012	unchecked			
2254	Stiles2017	unchecked			
2254	Streitberg1896	unchecked			
2254	Sweet1953	unchecked			
2254	Thorhallsdottir1993	unchecked			
2254	Toon1992	unchecked			
2254	Versloot2017	unchecked			
2254	Versloot2021	unchecked			
2254	Versloot2025	unchecked			
2254	Vine2019	unchecked			
2254	Waxenberger2019	unchecked			
2254	WrightWuelcker1884	unchecked			
2254	vanHelten1905	unchecked			
2255	Adamczyk2001	unchecked			
2255	Bammesberger1990	unchecked			
2255	Bammesberger1992	unchecked			
2255	Bammesberger1997	unchecked			
2255	Beekes2010	unchecked			
2255	Bennett1950	unchecked			
2255	BosworthToller1898	unchecked			
2255	Bremmer2008	unchecked			
2255	Bremmer2009	unchecked			
2255	Bright1917	unchecked			
2255	Bulbring1902	unchecked			
2255	CaedmonsHymnVitt1452	unchecked			
2255	Campbell1939	unchecked			
2255	Campbell1959	unchecked			
2255	Cercignani1979	unchecked			
2255	Cercignani1980	unchecked			
2255	ClarkHall1960	unchecked			
2255	Crist2001	unchecked			
2255	Crist2002	unchecked			
2255	Erdmann1972	unchecked			
2255	Fulk2018	unchecked			
2255	GermanicSlavicBaltic2025	unchecked			
2255	Goblirsch1991	unchecked			
2255	Hamp1990	unchecked			
2255	Hirt1931	unchecked			
2255	Hogg1979	unchecked			
2255	HoggGrammar2011	unchecked			
2255	HoggIntroduction1992	unchecked			
2255	HoggPhonology1992	unchecked			
2255	HowellSalmons1988	unchecked			
2255	Kaluza1900	unchecked			
2255	Kastovsky1992	unchecked			
2255	Kilday2024	unchecked			
2255	KlugeSeebold2011	unchecked			
2255	Kortlandt2008	unchecked			
2255	Kroonen2006	unchecked			
2255	Kroonen2011	unchecked			
2255	Kroonen2013	unchecked			
2255	Kylstra1983	unchecked			
2255	Laker2007	unchecked			
2255	Lid1952	unchecked			
2255	Lloyd1966	unchecked			
2255	LloydSpringer1988	unchecked			
2255	Luehr1993	unchecked			
2255	Luick1914	unchecked			
2255	Mayrhofer1992	unchecked			
2255	Mees2020	unchecked			
2255	NeriRingeReview	unchecked			
2255	Nielsen2001	unchecked			
2255	Orel2003	unchecked			
2255	Pierce1999	unchecked			
2255	Pierce2003	unchecked			
2255	Pierce2006	unchecked			
2255	Pokorny1959	unchecked			
2255	Polome1967	unchecked			
2255	Polome1994	unchecked			
2255	Repansek2012	unchecked			
2255	Rice1994	unchecked			
2255	Ringe1984	unchecked			
2255	Ringe2017	unchecked			
2255	RingeTaylor2014	unchecked			
2255	Seebold1970	unchecked			
2255	SieversBrunner1965	unchecked			
2255	StauslandJohnsen2015	unchecked			
2255	Stiles1985	unchecked			
2255	Stiles1986a	unchecked			
2255	Stiles1986b	unchecked			
2255	Stiles2012	unchecked			
2255	Stiles2017	unchecked			
2255	Streitberg1896	unchecked			
2255	Sweet1953	unchecked			
2255	Thorhallsdottir1993	unchecked			
2255	Toon1992	unchecked			
2255	Versloot2017	unchecked			
2255	Versloot2021	unchecked			
2255	Versloot2025	unchecked			
2255	Vine2019	unchecked			
2255	Waxenberger2019	unchecked			
2255	WrightWuelcker1884	unchecked			
2255	vanHelten1905	unchecked			
2256	Adamczyk2001	unchecked			
2256	Bammesberger1990	unchecked			
2256	Bammesberger1992	unchecked			
2256	Bammesberger1997	unchecked			
2256	Beekes2010	unchecked			
2256	Bennett1950	unchecked			
2256	BosworthToller1898	unchecked			
2256	Bremmer2008	unchecked			
2256	Bremmer2009	unchecked			
2256	Bright1917	unchecked			
2256	Bulbring1902	unchecked			
2256	CaedmonsHymnVitt1452	unchecked			
2256	Campbell1939	unchecked			
2256	Campbell1959	unchecked			
2256	Cercignani1979	unchecked			
2256	Cercignani1980	unchecked			
2256	ClarkHall1960	unchecked			
2256	Crist2001	unchecked			
2256	Crist2002	unchecked			
2256	Erdmann1972	unchecked			
2256	Fulk2018	unchecked			
2256	GermanicSlavicBaltic2025	unchecked			
2256	Goblirsch1991	unchecked			
2256	Hamp1990	unchecked			
2256	Hirt1931	unchecked			
2256	Hogg1979	unchecked			
2256	HoggGrammar2011	unchecked			
2256	HoggIntroduction1992	unchecked			
2256	HoggPhonology1992	unchecked			
2256	HowellSalmons1988	unchecked			
2256	Kaluza1900	unchecked			
2256	Kastovsky1992	unchecked			
2256	Kilday2024	unchecked			
2256	KlugeSeebold2011	unchecked			
2256	Kortlandt2008	unchecked			
2256	Kroonen2006	unchecked			
2256	Kroonen2011	unchecked			
2256	Kroonen2013	unchecked			
2256	Kylstra1983	unchecked			
2256	Laker2007	unchecked			
2256	Lid1952	unchecked			
2256	Lloyd1966	unchecked			
2256	LloydSpringer1988	unchecked			
2256	Luehr1993	unchecked			
2256	Luick1914	unchecked			
2256	Mayrhofer1992	unchecked			
2256	Mees2020	unchecked			
2256	NeriRingeReview	unchecked			
2256	Nielsen2001	unchecked			
2256	Orel2003	unchecked			
2256	Pierce1999	unchecked			
2256	Pierce2003	unchecked			
2256	Pierce2006	unchecked			
2256	Pokorny1959	unchecked			
2256	Polome1967	unchecked			
2256	Polome1994	unchecked			
2256	Repansek2012	unchecked			
2256	Rice1994	unchecked			
2256	Ringe1984	unchecked			
2256	Ringe2017	unchecked			
2256	RingeTaylor2014	unchecked			
2256	Seebold1970	unchecked			
2256	SieversBrunner1965	unchecked			
2256	StauslandJohnsen2015	unchecked			
2256	Stiles1985	unchecked			
2256	Stiles1986a	unchecked			
2256	Stiles1986b	unchecked			
2256	Stiles2012	unchecked			
2256	Stiles2017	unchecked			
2256	Streitberg1896	unchecked			
2256	Sweet1953	unchecked			
2256	Thorhallsdottir1993	unchecked			
2256	Toon1992	unchecked			
2256	Versloot2017	unchecked			
2256	Versloot2021	unchecked			
2256	Versloot2025	unchecked			
2256	Vine2019	unchecked			
2256	Waxenberger2019	unchecked			
2256	WrightWuelcker1884	unchecked			
2256	vanHelten1905	unchecked			
2257	Adamczyk2001	unchecked			
2257	Bammesberger1990	unchecked			
2257	Bammesberger1992	unchecked			
2257	Bammesberger1997	unchecked			
2257	Beekes2010	unchecked			
2257	Bennett1950	unchecked			
2257	BosworthToller1898	unchecked			
2257	Bremmer2008	unchecked			
2257	Bremmer2009	unchecked			
2257	Bright1917	unchecked			
2257	Bulbring1902	unchecked			
2257	CaedmonsHymnVitt1452	unchecked			
2257	Campbell1939	unchecked			
2257	Campbell1959	unchecked			
2257	Cercignani1979	unchecked			
2257	Cercignani1980	unchecked			
2257	ClarkHall1960	unchecked			
2257	Crist2001	unchecked			
2257	Crist2002	unchecked			
2257	Erdmann1972	unchecked			
2257	Fulk2018	unchecked			
2257	GermanicSlavicBaltic2025	unchecked			
2257	Goblirsch1991	unchecked			
2257	Hamp1990	unchecked			
2257	Hirt1931	unchecked			
2257	Hogg1979	unchecked			
2257	HoggGrammar2011	unchecked			
2257	HoggIntroduction1992	unchecked			
2257	HoggPhonology1992	unchecked			
2257	HowellSalmons1988	unchecked			
2257	Kaluza1900	unchecked			
2257	Kastovsky1992	unchecked			
2257	Kilday2024	unchecked			
2257	KlugeSeebold2011	unchecked			
2257	Kortlandt2008	unchecked			
2257	Kroonen2006	unchecked			
2257	Kroonen2011	unchecked			
2257	Kroonen2013	unchecked			
2257	Kylstra1983	unchecked			
2257	Laker2007	unchecked			
2257	Lid1952	unchecked			
2257	Lloyd1966	unchecked			
2257	LloydSpringer1988	unchecked			
2257	Luehr1993	unchecked			
2257	Luick1914	unchecked			
2257	Mayrhofer1992	unchecked			
2257	Mees2020	unchecked			
2257	NeriRingeReview	unchecked			
2257	Nielsen2001	unchecked			
2257	Orel2003	unchecked			
2257	Pierce1999	unchecked			
2257	Pierce2003	unchecked			
2257	Pierce2006	unchecked			
2257	Pokorny1959	unchecked			
2257	Polome1967	unchecked			
2257	Polome1994	unchecked			
2257	Repansek2012	unchecked			
2257	Rice1994	unchecked			
2257	Ringe1984	unchecked			
2257	Ringe2017	unchecked			
2257	RingeTaylor2014	unchecked			
2257	Seebold1970	unchecked			
2257	SieversBrunner1965	unchecked			
2257	StauslandJohnsen2015	unchecked			
2257	Stiles1985	unchecked			
2257	Stiles1986a	unchecked			
2257	Stiles1986b	unchecked			
2257	Stiles2012	unchecked			
2257	Stiles2017	unchecked			
2257	Streitberg1896	unchecked			
2257	Sweet1953	unchecked			
2257	Thorhallsdottir1993	unchecked			
2257	Toon1992	unchecked			
2257	Versloot2017	unchecked			
2257	Versloot2021	unchecked			
2257	Versloot2025	unchecked			
2257	Vine2019	unchecked			
2257	Waxenberger2019	unchecked			
2257	WrightWuelcker1884	unchecked			
2257	vanHelten1905	unchecked			
2258	Adamczyk2001	unchecked			
2258	Bammesberger1990	unchecked			
2258	Bammesberger1992	unchecked			
2258	Bammesberger1997	unchecked			
2258	Beekes2010	unchecked			
2258	Bennett1950	unchecked			
2258	BosworthToller1898	unchecked			
2258	Bremmer2008	unchecked			
2258	Bremmer2009	unchecked			
2258	Bright1917	unchecked			
2258	Bulbring1902	unchecked			
2258	CaedmonsHymnVitt1452	unchecked			
2258	Campbell1939	unchecked			
2258	Campbell1959	unchecked			
2258	Cercignani1979	unchecked			
2258	Cercignani1980	unchecked			
2258	ClarkHall1960	unchecked			
2258	Crist2001	unchecked			
2258	Crist2002	unchecked			
2258	Erdmann1972	unchecked			
2258	Fulk2018	unchecked			
2258	GermanicSlavicBaltic2025	unchecked			
2258	Goblirsch1991	unchecked			
2258	Hamp1990	unchecked			
2258	Hirt1931	unchecked			
2258	Hogg1979	unchecked			
2258	HoggGrammar2011	unchecked			
2258	HoggIntroduction1992	unchecked			
2258	HoggPhonology1992	unchecked			
2258	HowellSalmons1988	unchecked			
2258	Kaluza1900	unchecked			
2258	Kastovsky1992	unchecked			
2258	Kilday2024	unchecked			
2258	KlugeSeebold2011	unchecked			
2258	Kortlandt2008	unchecked			
2258	Kroonen2006	unchecked			
2258	Kroonen2011	unchecked			
2258	Kroonen2013	unchecked			
2258	Kylstra1983	unchecked			
2258	Laker2007	unchecked			
2258	Lid1952	unchecked			
2258	Lloyd1966	unchecked			
2258	LloydSpringer1988	unchecked			
2258	Luehr1993	unchecked			
2258	Luick1914	unchecked			
2258	Mayrhofer1992	unchecked			
2258	Mees2020	unchecked			
2258	NeriRingeReview	unchecked			
2258	Nielsen2001	unchecked			
2258	Orel2003	unchecked			
2258	Pierce1999	unchecked			
2258	Pierce2003	unchecked			
2258	Pierce2006	unchecked			
2258	Pokorny1959	unchecked			
2258	Polome1967	unchecked			
2258	Polome1994	unchecked			
2258	Repansek2012	unchecked			
2258	Rice1994	unchecked			
2258	Ringe1984	unchecked			
2258	Ringe2017	unchecked			
2258	RingeTaylor2014	unchecked			
2258	Seebold1970	unchecked			
2258	SieversBrunner1965	unchecked			
2258	StauslandJohnsen2015	unchecked			
2258	Stiles1985	unchecked			
2258	Stiles1986a	unchecked			
2258	Stiles1986b	unchecked			
2258	Stiles2012	unchecked			
2258	Stiles2017	unchecked			
2258	Streitberg1896	unchecked			
2258	Sweet1953	unchecked			
2258	Thorhallsdottir1993	unchecked			
2258	Toon1992	unchecked			
2258	Versloot2017	unchecked			
2258	Versloot2021	unchecked			
2258	Versloot2025	unchecked			
2258	Vine2019	unchecked			
2258	Waxenberger2019	unchecked			
2258	WrightWuelcker1884	unchecked			
2258	vanHelten1905	unchecked			
2259	Adamczyk2001	unchecked			
2259	Bammesberger1990	unchecked			
2259	Bammesberger1992	unchecked			
2259	Bammesberger1997	unchecked			
2259	Beekes2010	unchecked			
2259	Bennett1950	unchecked			
2259	BosworthToller1898	unchecked			
2259	Bremmer2008	unchecked			
2259	Bremmer2009	unchecked			
2259	Bright1917	unchecked			
2259	Bulbring1902	unchecked			
2259	CaedmonsHymnVitt1452	unchecked			
2259	Campbell1939	unchecked			
2259	Campbell1959	unchecked			
2259	Cercignani1979	unchecked			
2259	Cercignani1980	unchecked			
2259	ClarkHall1960	unchecked			
2259	Crist2001	unchecked			
2259	Crist2002	unchecked			
2259	Erdmann1972	unchecked			
2259	Fulk2018	unchecked			
2259	GermanicSlavicBaltic2025	unchecked			
2259	Goblirsch1991	unchecked			
2259	Hamp1990	unchecked			
2259	Hirt1931	unchecked			
2259	Hogg1979	unchecked			
2259	HoggGrammar2011	unchecked			
2259	HoggIntroduction1992	unchecked			
2259	HoggPhonology1992	unchecked			
2259	HowellSalmons1988	unchecked			
2259	Kaluza1900	unchecked			
2259	Kastovsky1992	unchecked			
2259	Kilday2024	unchecked			
2259	KlugeSeebold2011	unchecked			
2259	Kortlandt2008	unchecked			
2259	Kroonen2006	unchecked			
2259	Kroonen2011	unchecked			
2259	Kroonen2013	unchecked			
2259	Kylstra1983	unchecked			
2259	Laker2007	unchecked			
2259	Lid1952	unchecked			
2259	Lloyd1966	unchecked			
2259	LloydSpringer1988	unchecked			
2259	Luehr1993	unchecked			
2259	Luick1914	unchecked			
2259	Mayrhofer1992	unchecked			
2259	Mees2020	unchecked			
2259	NeriRingeReview	unchecked			
2259	Nielsen2001	unchecked			
2259	Orel2003	unchecked			
2259	Pierce1999	unchecked			
2259	Pierce2003	unchecked			
2259	Pierce2006	unchecked			
2259	Pokorny1959	unchecked			
2259	Polome1967	unchecked			
2259	Polome1994	unchecked			
2259	Repansek2012	unchecked			
2259	Rice1994	unchecked			
2259	Ringe1984	unchecked			
2259	Ringe2017	unchecked			
2259	RingeTaylor2014	unchecked			
2259	Seebold1970	unchecked			
2259	SieversBrunner1965	unchecked			
2259	StauslandJohnsen2015	unchecked			
2259	Stiles1985	unchecked			
2259	Stiles1986a	unchecked			
2259	Stiles1986b	unchecked			
2259	Stiles2012	unchecked			
2259	Stiles2017	unchecked			
2259	Streitberg1896	unchecked			
2259	Sweet1953	unchecked			
2259	Thorhallsdottir1993	unchecked			
2259	Toon1992	unchecked			
2259	Versloot2017	unchecked			
2259	Versloot2021	unchecked			
2259	Versloot2025	unchecked			
2259	Vine2019	unchecked			
2259	Waxenberger2019	unchecked			
2259	WrightWuelcker1884	unchecked			
2259	vanHelten1905	unchecked			
2260	Adamczyk2001	unchecked			
2260	Bammesberger1990	unchecked			
2260	Bammesberger1992	unchecked			
2260	Bammesberger1997	unchecked			
2260	Beekes2010	unchecked			
2260	Bennett1950	unchecked			
2260	BosworthToller1898	unchecked			
2260	Bremmer2008	unchecked			
2260	Bremmer2009	unchecked			
2260	Bright1917	unchecked			
2260	Bulbring1902	unchecked			
2260	CaedmonsHymnVitt1452	unchecked			
2260	Campbell1939	unchecked			
2260	Campbell1959	unchecked			
2260	Cercignani1979	unchecked			
2260	Cercignani1980	unchecked			
2260	ClarkHall1960	unchecked			
2260	Crist2001	unchecked			
2260	Crist2002	unchecked			
2260	Erdmann1972	unchecked			
2260	Fulk2018	unchecked			
2260	GermanicSlavicBaltic2025	unchecked			
2260	Goblirsch1991	unchecked			
2260	Hamp1990	unchecked			
2260	Hirt1931	unchecked			
2260	Hogg1979	unchecked			
2260	HoggGrammar2011	unchecked			
2260	HoggIntroduction1992	unchecked			
2260	HoggPhonology1992	unchecked			
2260	HowellSalmons1988	unchecked			
2260	Kaluza1900	unchecked			
2260	Kastovsky1992	unchecked			
2260	Kilday2024	unchecked			
2260	KlugeSeebold2011	unchecked			
2260	Kortlandt2008	unchecked			
2260	Kroonen2006	unchecked			
2260	Kroonen2011	unchecked			
2260	Kroonen2013	unchecked			
2260	Kylstra1983	unchecked			
2260	Laker2007	unchecked			
2260	Lid1952	unchecked			
2260	Lloyd1966	unchecked			
2260	LloydSpringer1988	unchecked			
2260	Luehr1993	unchecked			
2260	Luick1914	unchecked			
2260	Mayrhofer1992	unchecked			
2260	Mees2020	unchecked			
2260	NeriRingeReview	unchecked			
2260	Nielsen2001	unchecked			
2260	Orel2003	unchecked			
2260	Pierce1999	unchecked			
2260	Pierce2003	unchecked			
2260	Pierce2006	unchecked			
2260	Pokorny1959	unchecked			
2260	Polome1967	unchecked			
2260	Polome1994	unchecked			
2260	Repansek2012	unchecked			
2260	Rice1994	unchecked			
2260	Ringe1984	unchecked			
2260	Ringe2017	unchecked			
2260	RingeTaylor2014	unchecked			
2260	Seebold1970	unchecked			
2260	SieversBrunner1965	unchecked			
2260	StauslandJohnsen2015	unchecked			
2260	Stiles1985	unchecked			
2260	Stiles1986a	unchecked			
2260	Stiles1986b	unchecked			
2260	Stiles2012	unchecked			
2260	Stiles2017	unchecked			
2260	Streitberg1896	unchecked			
2260	Sweet1953	unchecked			
2260	Thorhallsdottir1993	unchecked			
2260	Toon1992	unchecked			
2260	Versloot2017	unchecked			
2260	Versloot2021	unchecked			
2260	Versloot2025	unchecked			
2260	Vine2019	unchecked			
2260	Waxenberger2019	unchecked			
2260	WrightWuelcker1884	unchecked			
2260	vanHelten1905	unchecked			
2261	Adamczyk2001	unchecked			
2261	Bammesberger1990	unchecked			
2261	Bammesberger1992	unchecked			
2261	Bammesberger1997	unchecked			
2261	Beekes2010	unchecked			
2261	Bennett1950	unchecked			
2261	BosworthToller1898	unchecked			
2261	Bremmer2008	unchecked			
2261	Bremmer2009	unchecked			
2261	Bright1917	unchecked			
2261	Bulbring1902	unchecked			
2261	CaedmonsHymnVitt1452	unchecked			
2261	Campbell1939	unchecked			
2261	Campbell1959	unchecked			
2261	Cercignani1979	unchecked			
2261	Cercignani1980	unchecked			
2261	ClarkHall1960	unchecked			
2261	Crist2001	unchecked			
2261	Crist2002	unchecked			
2261	Erdmann1972	unchecked			
2261	Fulk2018	unchecked			
2261	GermanicSlavicBaltic2025	unchecked			
2261	Goblirsch1991	unchecked			
2261	Hamp1990	unchecked			
2261	Hirt1931	unchecked			
2261	Hogg1979	unchecked			
2261	HoggGrammar2011	unchecked			
2261	HoggIntroduction1992	unchecked			
2261	HoggPhonology1992	unchecked			
2261	HowellSalmons1988	unchecked			
2261	Kaluza1900	unchecked			
2261	Kastovsky1992	unchecked			
2261	Kilday2024	unchecked			
2261	KlugeSeebold2011	unchecked			
2261	Kortlandt2008	unchecked			
2261	Kroonen2006	unchecked			
2261	Kroonen2011	unchecked			
2261	Kroonen2013	unchecked			
2261	Kylstra1983	unchecked			
2261	Laker2007	unchecked			
2261	Lid1952	unchecked			
2261	Lloyd1966	unchecked			
2261	LloydSpringer1988	unchecked			
2261	Luehr1993	unchecked			
2261	Luick1914	unchecked			
2261	Mayrhofer1992	unchecked			
2261	Mees2020	unchecked			
2261	NeriRingeReview	unchecked			
2261	Nielsen2001	unchecked			
2261	Orel2003	unchecked			
2261	Pierce1999	unchecked			
2261	Pierce2003	unchecked			
2261	Pierce2006	unchecked			
2261	Pokorny1959	unchecked			
2261	Polome1967	unchecked			
2261	Polome1994	unchecked			
2261	Repansek2012	unchecked			
2261	Rice1994	unchecked			
2261	Ringe1984	unchecked			
2261	Ringe2017	unchecked			
2261	RingeTaylor2014	unchecked			
2261	Seebold1970	unchecked			
2261	SieversBrunner1965	unchecked			
2261	StauslandJohnsen2015	unchecked			
2261	Stiles1985	unchecked			
2261	Stiles1986a	unchecked			
2261	Stiles1986b	unchecked			
2261	Stiles2012	unchecked			
2261	Stiles2017	unchecked			
2261	Streitberg1896	unchecked			
2261	Sweet1953	unchecked			
2261	Thorhallsdottir1993	unchecked			
2261	Toon1992	unchecked			
2261	Versloot2017	unchecked			
2261	Versloot2021	unchecked			
2261	Versloot2025	unchecked			
2261	Vine2019	unchecked			
2261	Waxenberger2019	unchecked			
2261	WrightWuelcker1884	unchecked			
2261	vanHelten1905	unchecked			
2262	Adamczyk2001	unchecked			
2262	Bammesberger1990	unchecked			
2262	Bammesberger1992	unchecked			
2262	Bammesberger1997	unchecked			
2262	Beekes2010	unchecked			
2262	Bennett1950	unchecked			
2262	BosworthToller1898	unchecked			
2262	Bremmer2008	unchecked			
2262	Bremmer2009	unchecked			
2262	Bright1917	unchecked			
2262	Bulbring1902	unchecked			
2262	CaedmonsHymnVitt1452	unchecked			
2262	Campbell1939	unchecked			
2262	Campbell1959	unchecked			
2262	Cercignani1979	unchecked			
2262	Cercignani1980	unchecked			
2262	ClarkHall1960	unchecked			
2262	Crist2001	unchecked			
2262	Crist2002	unchecked			
2262	Erdmann1972	unchecked			
2262	Fulk2018	unchecked			
2262	GermanicSlavicBaltic2025	unchecked			
2262	Goblirsch1991	unchecked			
2262	Hamp1990	unchecked			
2262	Hirt1931	unchecked			
2262	Hogg1979	unchecked			
2262	HoggGrammar2011	unchecked			
2262	HoggIntroduction1992	unchecked			
2262	HoggPhonology1992	unchecked			
2262	HowellSalmons1988	unchecked			
2262	Kaluza1900	unchecked			
2262	Kastovsky1992	unchecked			
2262	Kilday2024	unchecked			
2262	KlugeSeebold2011	unchecked			
2262	Kortlandt2008	unchecked			
2262	Kroonen2006	unchecked			
2262	Kroonen2011	unchecked			
2262	Kroonen2013	unchecked			
2262	Kylstra1983	unchecked			
2262	Laker2007	unchecked			
2262	Lid1952	unchecked			
2262	Lloyd1966	unchecked			
2262	LloydSpringer1988	unchecked			
2262	Luehr1993	unchecked			
2262	Luick1914	unchecked			
2262	Mayrhofer1992	unchecked			
2262	Mees2020	unchecked			
2262	NeriRingeReview	unchecked			
2262	Nielsen2001	unchecked			
2262	Orel2003	unchecked			
2262	Pierce1999	unchecked			
2262	Pierce2003	unchecked			
2262	Pierce2006	unchecked			
2262	Pokorny1959	unchecked			
2262	Polome1967	unchecked			
2262	Polome1994	unchecked			
2262	Repansek2012	unchecked			
2262	Rice1994	unchecked			
2262	Ringe1984	unchecked			
2262	Ringe2017	unchecked			
2262	RingeTaylor2014	unchecked			
2262	Seebold1970	unchecked			
2262	SieversBrunner1965	unchecked			
2262	StauslandJohnsen2015	unchecked			
2262	Stiles1985	unchecked			
2262	Stiles1986a	unchecked			
2262	Stiles1986b	unchecked			
2262	Stiles2012	unchecked			
2262	Stiles2017	unchecked			
2262	Streitberg1896	unchecked			
2262	Sweet1953	unchecked			
2262	Thorhallsdottir1993	unchecked			
2262	Toon1992	unchecked			
2262	Versloot2017	unchecked			
2262	Versloot2021	unchecked			
2262	Versloot2025	unchecked			
2262	Vine2019	unchecked			
2262	Waxenberger2019	unchecked			
2262	WrightWuelcker1884	unchecked			
2262	vanHelten1905	unchecked			
2263	Adamczyk2001	unchecked			
2263	Bammesberger1990	unchecked			
2263	Bammesberger1992	unchecked			
2263	Bammesberger1997	unchecked			
2263	Beekes2010	unchecked			
2263	Bennett1950	unchecked			
2263	BosworthToller1898	unchecked			
2263	Bremmer2008	unchecked			
2263	Bremmer2009	unchecked			
2263	Bright1917	unchecked			
2263	Bulbring1902	unchecked			
2263	CaedmonsHymnVitt1452	unchecked			
2263	Campbell1939	unchecked			
2263	Campbell1959	unchecked			
2263	Cercignani1979	unchecked			
2263	Cercignani1980	unchecked			
2263	ClarkHall1960	unchecked			
2263	Crist2001	unchecked			
2263	Crist2002	unchecked			
2263	Erdmann1972	unchecked			
2263	Fulk2018	unchecked			
2263	GermanicSlavicBaltic2025	unchecked			
2263	Goblirsch1991	unchecked			
2263	Hamp1990	unchecked			
2263	Hirt1931	unchecked			
2263	Hogg1979	unchecked			
2263	HoggGrammar2011	unchecked			
2263	HoggIntroduction1992	unchecked			
2263	HoggPhonology1992	unchecked			
2263	HowellSalmons1988	unchecked			
2263	Kaluza1900	unchecked			
2263	Kastovsky1992	unchecked			
2263	Kilday2024	unchecked			
2263	KlugeSeebold2011	unchecked			
2263	Kortlandt2008	unchecked			
2263	Kroonen2006	unchecked			
2263	Kroonen2011	unchecked			
2263	Kroonen2013	unchecked			
2263	Kylstra1983	unchecked			
2263	Laker2007	unchecked			
2263	Lid1952	unchecked			
2263	Lloyd1966	unchecked			
2263	LloydSpringer1988	unchecked			
2263	Luehr1993	unchecked			
2263	Luick1914	unchecked			
2263	Mayrhofer1992	unchecked			
2263	Mees2020	unchecked			
2263	NeriRingeReview	unchecked			
2263	Nielsen2001	unchecked			
2263	Orel2003	unchecked			
2263	Pierce1999	unchecked			
2263	Pierce2003	unchecked			
2263	Pierce2006	unchecked			
2263	Pokorny1959	unchecked			
2263	Polome1967	unchecked			
2263	Polome1994	unchecked			
2263	Repansek2012	unchecked			
2263	Rice1994	unchecked			
2263	Ringe1984	unchecked			
2263	Ringe2017	unchecked			
2263	RingeTaylor2014	unchecked			
2263	Seebold1970	unchecked			
2263	SieversBrunner1965	unchecked			
2263	StauslandJohnsen2015	unchecked			
2263	Stiles1985	unchecked			
2263	Stiles1986a	unchecked			
2263	Stiles1986b	unchecked			
2263	Stiles2012	unchecked			
2263	Stiles2017	unchecked			
2263	Streitberg1896	unchecked			
2263	Sweet1953	unchecked			
2263	Thorhallsdottir1993	unchecked			
2263	Toon1992	unchecked			
2263	Versloot2017	unchecked			
2263	Versloot2021	unchecked			
2263	Versloot2025	unchecked			
2263	Vine2019	unchecked			
2263	Waxenberger2019	unchecked			
2263	WrightWuelcker1884	unchecked			
2263	vanHelten1905	unchecked			
2264	Adamczyk2001	unchecked			
2264	Bammesberger1990	unchecked			
2264	Bammesberger1992	unchecked			
2264	Bammesberger1997	unchecked			
2264	Beekes2010	unchecked			
2264	Bennett1950	unchecked			
2264	BosworthToller1898	unchecked			
2264	Bremmer2008	unchecked			
2264	Bremmer2009	unchecked			
2264	Bright1917	unchecked			
2264	Bulbring1902	unchecked			
2264	CaedmonsHymnVitt1452	unchecked			
2264	Campbell1939	unchecked			
2264	Campbell1959	unchecked			
2264	Cercignani1979	unchecked			
2264	Cercignani1980	unchecked			
2264	ClarkHall1960	unchecked			
2264	Crist2001	unchecked			
2264	Crist2002	unchecked			
2264	Erdmann1972	unchecked			
2264	Fulk2018	unchecked			
2264	GermanicSlavicBaltic2025	unchecked			
2264	Goblirsch1991	unchecked			
2264	Hamp1990	unchecked			
2264	Hirt1931	unchecked			
2264	Hogg1979	unchecked			
2264	HoggGrammar2011	unchecked			
2264	HoggIntroduction1992	unchecked			
2264	HoggPhonology1992	unchecked			
2264	HowellSalmons1988	unchecked			
2264	Kaluza1900	unchecked			
2264	Kastovsky1992	unchecked			
2264	Kilday2024	unchecked			
2264	KlugeSeebold2011	unchecked			
2264	Kortlandt2008	unchecked			
2264	Kroonen2006	unchecked			
2264	Kroonen2011	unchecked			
2264	Kroonen2013	unchecked			
2264	Kylstra1983	unchecked			
2264	Laker2007	unchecked			
2264	Lid1952	unchecked			
2264	Lloyd1966	unchecked			
2264	LloydSpringer1988	unchecked			
2264	Luehr1993	unchecked			
2264	Luick1914	unchecked			
2264	Mayrhofer1992	unchecked			
2264	Mees2020	unchecked			
2264	NeriRingeReview	unchecked			
2264	Nielsen2001	unchecked			
2264	Orel2003	unchecked			
2264	Pierce1999	unchecked			
2264	Pierce2003	unchecked			
2264	Pierce2006	unchecked			
2264	Pokorny1959	unchecked			
2264	Polome1967	unchecked			
2264	Polome1994	unchecked			
2264	Repansek2012	unchecked			
2264	Rice1994	unchecked			
2264	Ringe1984	unchecked			
2264	Ringe2017	unchecked			
2264	RingeTaylor2014	unchecked			
2264	Seebold1970	unchecked			
2264	SieversBrunner1965	unchecked			
2264	StauslandJohnsen2015	unchecked			
2264	Stiles1985	unchecked			
2264	Stiles1986a	unchecked			
2264	Stiles1986b	unchecked			
2264	Stiles2012	unchecked			
2264	Stiles2017	unchecked			
2264	Streitberg1896	unchecked			
2264	Sweet1953	unchecked			
2264	Thorhallsdottir1993	unchecked			
2264	Toon1992	unchecked			
2264	Versloot2017	unchecked			
2264	Versloot2021	unchecked			
2264	Versloot2025	unchecked			
2264	Vine2019	unchecked			
2264	Waxenberger2019	unchecked			
2264	WrightWuelcker1884	unchecked			
2264	vanHelten1905	unchecked			
2265	Adamczyk2001	unchecked			
2265	Bammesberger1990	unchecked			
2265	Bammesberger1992	unchecked			
2265	Bammesberger1997	unchecked			
2265	Beekes2010	unchecked			
2265	Bennett1950	unchecked			
2265	BosworthToller1898	unchecked			
2265	Bremmer2008	unchecked			
2265	Bremmer2009	unchecked			
2265	Bright1917	unchecked			
2265	Bulbring1902	unchecked			
2265	CaedmonsHymnVitt1452	unchecked			
2265	Campbell1939	unchecked			
2265	Campbell1959	unchecked			
2265	Cercignani1979	unchecked			
2265	Cercignani1980	unchecked			
2265	ClarkHall1960	unchecked			
2265	Crist2001	unchecked			
2265	Crist2002	unchecked			
2265	Erdmann1972	unchecked			
2265	Fulk2018	unchecked			
2265	GermanicSlavicBaltic2025	unchecked			
2265	Goblirsch1991	unchecked			
2265	Hamp1990	unchecked			
2265	Hirt1931	unchecked			
2265	Hogg1979	unchecked			
2265	HoggGrammar2011	unchecked			
2265	HoggIntroduction1992	unchecked			
2265	HoggPhonology1992	unchecked			
2265	HowellSalmons1988	unchecked			
2265	Kaluza1900	unchecked			
2265	Kastovsky1992	unchecked			
2265	Kilday2024	unchecked			
2265	KlugeSeebold2011	unchecked			
2265	Kortlandt2008	unchecked			
2265	Kroonen2006	unchecked			
2265	Kroonen2011	unchecked			
2265	Kroonen2013	unchecked			
2265	Kylstra1983	unchecked			
2265	Laker2007	unchecked			
2265	Lid1952	unchecked			
2265	Lloyd1966	unchecked			
2265	LloydSpringer1988	unchecked			
2265	Luehr1993	unchecked			
2265	Luick1914	unchecked			
2265	Mayrhofer1992	unchecked			
2265	Mees2020	unchecked			
2265	NeriRingeReview	unchecked			
2265	Nielsen2001	unchecked			
2265	Orel2003	unchecked			
2265	Pierce1999	unchecked			
2265	Pierce2003	unchecked			
2265	Pierce2006	unchecked			
2265	Pokorny1959	unchecked			
2265	Polome1967	unchecked			
2265	Polome1994	unchecked			
2265	Repansek2012	unchecked			
2265	Rice1994	unchecked			
2265	Ringe1984	unchecked			
2265	Ringe2017	unchecked			
2265	RingeTaylor2014	unchecked			
2265	Seebold1970	unchecked			
2265	SieversBrunner1965	unchecked			
2265	StauslandJohnsen2015	unchecked			
2265	Stiles1985	unchecked			
2265	Stiles1986a	unchecked			
2265	Stiles1986b	unchecked			
2265	Stiles2012	unchecked			
2265	Stiles2017	unchecked			
2265	Streitberg1896	unchecked			
2265	Sweet1953	unchecked			
2265	Thorhallsdottir1993	unchecked			
2265	Toon1992	unchecked			
2265	Versloot2017	unchecked			
2265	Versloot2021	unchecked			
2265	Versloot2025	unchecked			
2265	Vine2019	unchecked			
2265	Waxenberger2019	unchecked			
2265	WrightWuelcker1884	unchecked			
2265	vanHelten1905	unchecked			
2266	Adamczyk2001	unchecked			
2266	Bammesberger1990	unchecked			
2266	Bammesberger1992	unchecked			
2266	Bammesberger1997	unchecked			
2266	Beekes2010	unchecked			
2266	Bennett1950	unchecked			
2266	BosworthToller1898	unchecked			
2266	Bremmer2008	unchecked			
2266	Bremmer2009	unchecked			
2266	Bright1917	unchecked			
2266	Bulbring1902	unchecked			
2266	CaedmonsHymnVitt1452	unchecked			
2266	Campbell1939	unchecked			
2266	Campbell1959	unchecked			
2266	Cercignani1979	unchecked			
2266	Cercignani1980	unchecked			
2266	ClarkHall1960	unchecked			
2266	Crist2001	unchecked			
2266	Crist2002	unchecked			
2266	Erdmann1972	unchecked			
2266	Fulk2018	unchecked			
2266	GermanicSlavicBaltic2025	unchecked			
2266	Goblirsch1991	unchecked			
2266	Hamp1990	unchecked			
2266	Hirt1931	unchecked			
2266	Hogg1979	unchecked			
2266	HoggGrammar2011	unchecked			
2266	HoggIntroduction1992	unchecked			
2266	HoggPhonology1992	unchecked			
2266	HowellSalmons1988	unchecked			
2266	Kaluza1900	unchecked			
2266	Kastovsky1992	unchecked			
2266	Kilday2024	unchecked			
2266	KlugeSeebold2011	unchecked			
2266	Kortlandt2008	unchecked			
2266	Kroonen2006	unchecked			
2266	Kroonen2011	unchecked			
2266	Kroonen2013	unchecked			
2266	Kylstra1983	unchecked			
2266	Laker2007	unchecked			
2266	Lid1952	unchecked			
2266	Lloyd1966	unchecked			
2266	LloydSpringer1988	unchecked			
2266	Luehr1993	unchecked			
2266	Luick1914	unchecked			
2266	Mayrhofer1992	unchecked			
2266	Mees2020	unchecked			
2266	NeriRingeReview	unchecked			
2266	Nielsen2001	unchecked			
2266	Orel2003	unchecked			
2266	Pierce1999	unchecked			
2266	Pierce2003	unchecked			
2266	Pierce2006	unchecked			
2266	Pokorny1959	unchecked			
2266	Polome1967	unchecked			
2266	Polome1994	unchecked			
2266	Repansek2012	unchecked			
2266	Rice1994	unchecked			
2266	Ringe1984	unchecked			
2266	Ringe2017	unchecked			
2266	RingeTaylor2014	unchecked			
2266	Seebold1970	unchecked			
2266	SieversBrunner1965	unchecked			
2266	StauslandJohnsen2015	unchecked			
2266	Stiles1985	unchecked			
2266	Stiles1986a	unchecked			
2266	Stiles1986b	unchecked			
2266	Stiles2012	unchecked			
2266	Stiles2017	unchecked			
2266	Streitberg1896	unchecked			
2266	Sweet1953	unchecked			
2266	Thorhallsdottir1993	unchecked			
2266	Toon1992	unchecked			
2266	Versloot2017	unchecked			
2266	Versloot2021	unchecked			
2266	Versloot2025	unchecked			
2266	Vine2019	unchecked			
2266	Waxenberger2019	unchecked			
2266	WrightWuelcker1884	unchecked			
2266	vanHelten1905	unchecked			
2267	Adamczyk2001	unchecked			
2267	Bammesberger1990	unchecked			
2267	Bammesberger1992	unchecked			
2267	Bammesberger1997	unchecked			
2267	Beekes2010	unchecked			
2267	Bennett1950	unchecked			
2267	BosworthToller1898	unchecked			
2267	Bremmer2008	unchecked			
2267	Bremmer2009	unchecked			
2267	Bright1917	unchecked			
2267	Bulbring1902	unchecked			
2267	CaedmonsHymnVitt1452	unchecked			
2267	Campbell1939	unchecked			
2267	Campbell1959	unchecked			
2267	Cercignani1979	unchecked			
2267	Cercignani1980	unchecked			
2267	ClarkHall1960	unchecked			
2267	Crist2001	unchecked			
2267	Crist2002	unchecked			
2267	Erdmann1972	unchecked			
2267	Fulk2018	unchecked			
2267	GermanicSlavicBaltic2025	unchecked			
2267	Goblirsch1991	unchecked			
2267	Hamp1990	unchecked			
2267	Hirt1931	unchecked			
2267	Hogg1979	unchecked			
2267	HoggGrammar2011	unchecked			
2267	HoggIntroduction1992	unchecked			
2267	HoggPhonology1992	unchecked			
2267	HowellSalmons1988	unchecked			
2267	Kaluza1900	unchecked			
2267	Kastovsky1992	unchecked			
2267	Kilday2024	unchecked			
2267	KlugeSeebold2011	unchecked			
2267	Kortlandt2008	unchecked			
2267	Kroonen2006	unchecked			
2267	Kroonen2011	unchecked			
2267	Kroonen2013	unchecked			
2267	Kylstra1983	unchecked			
2267	Laker2007	unchecked			
2267	Lid1952	unchecked			
2267	Lloyd1966	unchecked			
2267	LloydSpringer1988	unchecked			
2267	Luehr1993	unchecked			
2267	Luick1914	unchecked			
2267	Mayrhofer1992	unchecked			
2267	Mees2020	unchecked			
2267	NeriRingeReview	unchecked			
2267	Nielsen2001	unchecked			
2267	Orel2003	unchecked			
2267	Pierce1999	unchecked			
2267	Pierce2003	unchecked			
2267	Pierce2006	unchecked			
2267	Pokorny1959	unchecked			
2267	Polome1967	unchecked			
2267	Polome1994	unchecked			
2267	Repansek2012	unchecked			
2267	Rice1994	unchecked			
2267	Ringe1984	unchecked			
2267	Ringe2017	unchecked			
2267	RingeTaylor2014	unchecked			
2267	Seebold1970	unchecked			
2267	SieversBrunner1965	unchecked			
2267	StauslandJohnsen2015	unchecked			
2267	Stiles1985	unchecked			
2267	Stiles1986a	unchecked			
2267	Stiles1986b	unchecked			
2267	Stiles2012	unchecked			
2267	Stiles2017	unchecked			
2267	Streitberg1896	unchecked			
2267	Sweet1953	unchecked			
2267	Thorhallsdottir1993	unchecked			
2267	Toon1992	unchecked			
2267	Versloot2017	unchecked			
2267	Versloot2021	unchecked			
2267	Versloot2025	unchecked			
2267	Vine2019	unchecked			
2267	Waxenberger2019	unchecked			
2267	WrightWuelcker1884	unchecked			
2267	vanHelten1905	unchecked			
2268	Adamczyk2001	unchecked			
2268	Bammesberger1990	unchecked			
2268	Bammesberger1992	unchecked			
2268	Bammesberger1997	unchecked			
2268	Beekes2010	unchecked			
2268	Bennett1950	unchecked			
2268	BosworthToller1898	unchecked			
2268	Bremmer2008	unchecked			
2268	Bremmer2009	unchecked			
2268	Bright1917	unchecked			
2268	Bulbring1902	unchecked			
2268	CaedmonsHymnVitt1452	unchecked			
2268	Campbell1939	unchecked			
2268	Campbell1959	unchecked			
2268	Cercignani1979	unchecked			
2268	Cercignani1980	unchecked			
2268	ClarkHall1960	unchecked			
2268	Crist2001	unchecked			
2268	Crist2002	unchecked			
2268	Erdmann1972	unchecked			
2268	Fulk2018	unchecked			
2268	GermanicSlavicBaltic2025	unchecked			
2268	Goblirsch1991	unchecked			
2268	Hamp1990	unchecked			
2268	Hirt1931	unchecked			
2268	Hogg1979	unchecked			
2268	HoggGrammar2011	unchecked			
2268	HoggIntroduction1992	unchecked			
2268	HoggPhonology1992	unchecked			
2268	HowellSalmons1988	unchecked			
2268	Kaluza1900	unchecked			
2268	Kastovsky1992	unchecked			
2268	Kilday2024	unchecked			
2268	KlugeSeebold2011	unchecked			
2268	Kortlandt2008	unchecked			
2268	Kroonen2006	unchecked			
2268	Kroonen2011	unchecked			
2268	Kroonen2013	unchecked			
2268	Kylstra1983	unchecked			
2268	Laker2007	unchecked			
2268	Lid1952	unchecked			
2268	Lloyd1966	unchecked			
2268	LloydSpringer1988	unchecked			
2268	Luehr1993	unchecked			
2268	Luick1914	unchecked			
2268	Mayrhofer1992	unchecked			
2268	Mees2020	unchecked			
2268	NeriRingeReview	unchecked			
2268	Nielsen2001	unchecked			
2268	Orel2003	unchecked			
2268	Pierce1999	unchecked			
2268	Pierce2003	unchecked			
2268	Pierce2006	unchecked			
2268	Pokorny1959	unchecked			
2268	Polome1967	unchecked			
2268	Polome1994	unchecked			
2268	Repansek2012	unchecked			
2268	Rice1994	unchecked			
2268	Ringe1984	unchecked			
2268	Ringe2017	unchecked			
2268	RingeTaylor2014	unchecked			
2268	Seebold1970	unchecked			
2268	SieversBrunner1965	unchecked			
2268	StauslandJohnsen2015	unchecked			
2268	Stiles1985	unchecked			
2268	Stiles1986a	unchecked			
2268	Stiles1986b	unchecked			
2268	Stiles2012	unchecked			
2268	Stiles2017	unchecked			
2268	Streitberg1896	unchecked			
2268	Sweet1953	unchecked			
2268	Thorhallsdottir1993	unchecked			
2268	Toon1992	unchecked			
2268	Versloot2017	unchecked			
2268	Versloot2021	unchecked			
2268	Versloot2025	unchecked			
2268	Vine2019	unchecked			
2268	Waxenberger2019	unchecked			
2268	WrightWuelcker1884	unchecked			
2268	vanHelten1905	unchecked			
2269	Adamczyk2001	unchecked			
2269	Bammesberger1990	unchecked			
2269	Bammesberger1992	unchecked			
2269	Bammesberger1997	unchecked			
2269	Beekes2010	unchecked			
2269	Bennett1950	unchecked			
2269	BosworthToller1898	unchecked			
2269	Bremmer2008	unchecked			
2269	Bremmer2009	unchecked			
2269	Bright1917	unchecked			
2269	Bulbring1902	unchecked			
2269	CaedmonsHymnVitt1452	unchecked			
2269	Campbell1939	unchecked			
2269	Campbell1959	unchecked			
2269	Cercignani1979	unchecked			
2269	Cercignani1980	unchecked			
2269	ClarkHall1960	unchecked			
2269	Crist2001	unchecked			
2269	Crist2002	unchecked			
2269	Erdmann1972	unchecked			
2269	Fulk2018	unchecked			
2269	GermanicSlavicBaltic2025	unchecked			
2269	Goblirsch1991	unchecked			
2269	Hamp1990	unchecked			
2269	Hirt1931	unchecked			
2269	Hogg1979	unchecked			
2269	HoggGrammar2011	unchecked			
2269	HoggIntroduction1992	unchecked			
2269	HoggPhonology1992	unchecked			
2269	HowellSalmons1988	unchecked			
2269	Kaluza1900	unchecked			
2269	Kastovsky1992	unchecked			
2269	Kilday2024	unchecked			
2269	KlugeSeebold2011	unchecked			
2269	Kortlandt2008	unchecked			
2269	Kroonen2006	unchecked			
2269	Kroonen2011	unchecked			
2269	Kroonen2013	unchecked			
2269	Kylstra1983	unchecked			
2269	Laker2007	unchecked			
2269	Lid1952	unchecked			
2269	Lloyd1966	unchecked			
2269	LloydSpringer1988	unchecked			
2269	Luehr1993	unchecked			
2269	Luick1914	unchecked			
2269	Mayrhofer1992	unchecked			
2269	Mees2020	unchecked			
2269	NeriRingeReview	unchecked			
2269	Nielsen2001	unchecked			
2269	Orel2003	unchecked			
2269	Pierce1999	unchecked			
2269	Pierce2003	unchecked			
2269	Pierce2006	unchecked			
2269	Pokorny1959	unchecked			
2269	Polome1967	unchecked			
2269	Polome1994	unchecked			
2269	Repansek2012	unchecked			
2269	Rice1994	unchecked			
2269	Ringe1984	unchecked			
2269	Ringe2017	unchecked			
2269	RingeTaylor2014	unchecked			
2269	Seebold1970	unchecked			
2269	SieversBrunner1965	unchecked			
2269	StauslandJohnsen2015	unchecked			
2269	Stiles1985	unchecked			
2269	Stiles1986a	unchecked			
2269	Stiles1986b	unchecked			
2269	Stiles2012	unchecked			
2269	Stiles2017	unchecked			
2269	Streitberg1896	unchecked			
2269	Sweet1953	unchecked			
2269	Thorhallsdottir1993	unchecked			
2269	Toon1992	unchecked			
2269	Versloot2017	unchecked			
2269	Versloot2021	unchecked			
2269	Versloot2025	unchecked			
2269	Vine2019	unchecked			
2269	Waxenberger2019	unchecked			
2269	WrightWuelcker1884	unchecked			
2269	vanHelten1905	unchecked			
2270	Adamczyk2001	unchecked			
2270	Bammesberger1990	unchecked			
2270	Bammesberger1992	unchecked			
2270	Bammesberger1997	unchecked			
2270	Beekes2010	unchecked			
2270	Bennett1950	unchecked			
2270	BosworthToller1898	unchecked			
2270	Bremmer2008	unchecked			
2270	Bremmer2009	unchecked			
2270	Bright1917	unchecked			
2270	Bulbring1902	unchecked			
2270	CaedmonsHymnVitt1452	unchecked			
2270	Campbell1939	unchecked			
2270	Campbell1959	unchecked			
2270	Cercignani1979	unchecked			
2270	Cercignani1980	unchecked			
2270	ClarkHall1960	unchecked			
2270	Crist2001	unchecked			
2270	Crist2002	unchecked			
2270	Erdmann1972	unchecked			
2270	Fulk2018	unchecked			
2270	GermanicSlavicBaltic2025	unchecked			
2270	Goblirsch1991	unchecked			
2270	Hamp1990	unchecked			
2270	Hirt1931	unchecked			
2270	Hogg1979	unchecked			
2270	HoggGrammar2011	unchecked			
2270	HoggIntroduction1992	unchecked			
2270	HoggPhonology1992	unchecked			
2270	HowellSalmons1988	unchecked			
2270	Kaluza1900	unchecked			
2270	Kastovsky1992	unchecked			
2270	Kilday2024	unchecked			
2270	KlugeSeebold2011	unchecked			
2270	Kortlandt2008	unchecked			
2270	Kroonen2006	unchecked			
2270	Kroonen2011	unchecked			
2270	Kroonen2013	unchecked			
2270	Kylstra1983	unchecked			
2270	Laker2007	unchecked			
2270	Lid1952	unchecked			
2270	Lloyd1966	unchecked			
2270	LloydSpringer1988	unchecked			
2270	Luehr1993	unchecked			
2270	Luick1914	unchecked			
2270	Mayrhofer1992	unchecked			
2270	Mees2020	unchecked			
2270	NeriRingeReview	unchecked			
2270	Nielsen2001	unchecked			
2270	Orel2003	unchecked			
2270	Pierce1999	unchecked			
2270	Pierce2003	unchecked			
2270	Pierce2006	unchecked			
2270	Pokorny1959	unchecked			
2270	Polome1967	unchecked			
2270	Polome1994	unchecked			
2270	Repansek2012	unchecked			
2270	Rice1994	unchecked			
2270	Ringe1984	unchecked			
2270	Ringe2017	unchecked			
2270	RingeTaylor2014	unchecked			
2270	Seebold1970	unchecked			
2270	SieversBrunner1965	unchecked			
2270	StauslandJohnsen2015	unchecked			
2270	Stiles1985	unchecked			
2270	Stiles1986a	unchecked			
2270	Stiles1986b	unchecked			
2270	Stiles2012	unchecked			
2270	Stiles2017	unchecked			
2270	Streitberg1896	unchecked			
2270	Sweet1953	unchecked			
2270	Thorhallsdottir1993	unchecked			
2270	Toon1992	unchecked			
2270	Versloot2017	unchecked			
2270	Versloot2021	unchecked			
2270	Versloot2025	unchecked			
2270	Vine2019	unchecked			
2270	Waxenberger2019	unchecked			
2270	WrightWuelcker1884	unchecked			
2270	vanHelten1905	unchecked			
2271	Adamczyk2001	unchecked			
2271	Bammesberger1990	unchecked			
2271	Bammesberger1992	unchecked			
2271	Bammesberger1997	unchecked			
2271	Beekes2010	unchecked			
2271	Bennett1950	unchecked			
2271	BosworthToller1898	unchecked			
2271	Bremmer2008	unchecked			
2271	Bremmer2009	unchecked			
2271	Bright1917	unchecked			
2271	Bulbring1902	unchecked			
2271	CaedmonsHymnVitt1452	unchecked			
2271	Campbell1939	unchecked			
2271	Campbell1959	unchecked			
2271	Cercignani1979	unchecked			
2271	Cercignani1980	unchecked			
2271	ClarkHall1960	unchecked			
2271	Crist2001	unchecked			
2271	Crist2002	unchecked			
2271	Erdmann1972	unchecked			
2271	Fulk2018	unchecked			
2271	GermanicSlavicBaltic2025	unchecked			
2271	Goblirsch1991	unchecked			
2271	Hamp1990	unchecked			
2271	Hirt1931	unchecked			
2271	Hogg1979	unchecked			
2271	HoggGrammar2011	unchecked			
2271	HoggIntroduction1992	unchecked			
2271	HoggPhonology1992	unchecked			
2271	HowellSalmons1988	unchecked			
2271	Kaluza1900	unchecked			
2271	Kastovsky1992	unchecked			
2271	Kilday2024	unchecked			
2271	KlugeSeebold2011	unchecked			
2271	Kortlandt2008	unchecked			
2271	Kroonen2006	unchecked			
2271	Kroonen2011	unchecked			
2271	Kroonen2013	unchecked			
2271	Kylstra1983	unchecked			
2271	Laker2007	unchecked			
2271	Lid1952	unchecked			
2271	Lloyd1966	unchecked			
2271	LloydSpringer1988	unchecked			
2271	Luehr1993	unchecked			
2271	Luick1914	unchecked			
2271	Mayrhofer1992	unchecked			
2271	Mees2020	unchecked			
2271	NeriRingeReview	unchecked			
2271	Nielsen2001	unchecked			
2271	Orel2003	unchecked			
2271	Pierce1999	unchecked			
2271	Pierce2003	unchecked			
2271	Pierce2006	unchecked			
2271	Pokorny1959	unchecked			
2271	Polome1967	unchecked			
2271	Polome1994	unchecked			
2271	Repansek2012	unchecked			
2271	Rice1994	unchecked			
2271	Ringe1984	unchecked			
2271	Ringe2017	unchecked			
2271	RingeTaylor2014	unchecked			
2271	Seebold1970	unchecked			
2271	SieversBrunner1965	unchecked			
2271	StauslandJohnsen2015	unchecked			
2271	Stiles1985	unchecked			
2271	Stiles1986a	unchecked			
2271	Stiles1986b	unchecked			
2271	Stiles2012	unchecked			
2271	Stiles2017	unchecked			
2271	Streitberg1896	unchecked			
2271	Sweet1953	unchecked			
2271	Thorhallsdottir1993	unchecked			
2271	Toon1992	unchecked			
2271	Versloot2017	unchecked			
2271	Versloot2021	unchecked			
2271	Versloot2025	unchecked			
2271	Vine2019	unchecked			
2271	Waxenberger2019	unchecked			
2271	WrightWuelcker1884	unchecked			
2271	vanHelten1905	unchecked			
2272	Adamczyk2001	unchecked			
2272	Bammesberger1990	unchecked			
2272	Bammesberger1992	unchecked			
2272	Bammesberger1997	unchecked			
2272	Beekes2010	unchecked			
2272	Bennett1950	unchecked			
2272	BosworthToller1898	unchecked			
2272	Bremmer2008	unchecked			
2272	Bremmer2009	unchecked			
2272	Bright1917	unchecked			
2272	Bulbring1902	unchecked			
2272	CaedmonsHymnVitt1452	unchecked			
2272	Campbell1939	unchecked			
2272	Campbell1959	unchecked			
2272	Cercignani1979	unchecked			
2272	Cercignani1980	unchecked			
2272	ClarkHall1960	unchecked			
2272	Crist2001	unchecked			
2272	Crist2002	unchecked			
2272	Erdmann1972	unchecked			
2272	Fulk2018	unchecked			
2272	GermanicSlavicBaltic2025	unchecked			
2272	Goblirsch1991	unchecked			
2272	Hamp1990	unchecked			
2272	Hirt1931	unchecked			
2272	Hogg1979	unchecked			
2272	HoggGrammar2011	unchecked			
2272	HoggIntroduction1992	unchecked			
2272	HoggPhonology1992	unchecked			
2272	HowellSalmons1988	unchecked			
2272	Kaluza1900	unchecked			
2272	Kastovsky1992	unchecked			
2272	Kilday2024	unchecked			
2272	KlugeSeebold2011	unchecked			
2272	Kortlandt2008	unchecked			
2272	Kroonen2006	unchecked			
2272	Kroonen2011	unchecked			
2272	Kroonen2013	unchecked			
2272	Kylstra1983	unchecked			
2272	Laker2007	unchecked			
2272	Lid1952	unchecked			
2272	Lloyd1966	unchecked			
2272	LloydSpringer1988	unchecked			
2272	Luehr1993	unchecked			
2272	Luick1914	unchecked			
2272	Mayrhofer1992	unchecked			
2272	Mees2020	unchecked			
2272	NeriRingeReview	unchecked			
2272	Nielsen2001	unchecked			
2272	Orel2003	unchecked			
2272	Pierce1999	unchecked			
2272	Pierce2003	unchecked			
2272	Pierce2006	unchecked			
2272	Pokorny1959	unchecked			
2272	Polome1967	unchecked			
2272	Polome1994	unchecked			
2272	Repansek2012	unchecked			
2272	Rice1994	unchecked			
2272	Ringe1984	unchecked			
2272	Ringe2017	unchecked			
2272	RingeTaylor2014	unchecked			
2272	Seebold1970	unchecked			
2272	SieversBrunner1965	unchecked			
2272	StauslandJohnsen2015	unchecked			
2272	Stiles1985	unchecked			
2272	Stiles1986a	unchecked			
2272	Stiles1986b	unchecked			
2272	Stiles2012	unchecked			
2272	Stiles2017	unchecked			
2272	Streitberg1896	unchecked			
2272	Sweet1953	unchecked			
2272	Thorhallsdottir1993	unchecked			
2272	Toon1992	unchecked			
2272	Versloot2017	unchecked			
2272	Versloot2021	unchecked			
2272	Versloot2025	unchecked			
2272	Vine2019	unchecked			
2272	Waxenberger2019	unchecked			
2272	WrightWuelcker1884	unchecked			
2272	vanHelten1905	unchecked			
2273	Adamczyk2001	unchecked			
2273	Bammesberger1990	unchecked			
2273	Bammesberger1992	unchecked			
2273	Bammesberger1997	unchecked			
2273	Beekes2010	unchecked			
2273	Bennett1950	unchecked			
2273	BosworthToller1898	unchecked			
2273	Bremmer2008	unchecked			
2273	Bremmer2009	unchecked			
2273	Bright1917	unchecked			
2273	Bulbring1902	unchecked			
2273	CaedmonsHymnVitt1452	unchecked			
2273	Campbell1939	unchecked			
2273	Campbell1959	unchecked			
2273	Cercignani1979	unchecked			
2273	Cercignani1980	unchecked			
2273	ClarkHall1960	unchecked			
2273	Crist2001	unchecked			
2273	Crist2002	unchecked			
2273	Erdmann1972	unchecked			
2273	Fulk2018	unchecked			
2273	GermanicSlavicBaltic2025	unchecked			
2273	Goblirsch1991	unchecked			
2273	Hamp1990	unchecked			
2273	Hirt1931	unchecked			
2273	Hogg1979	unchecked			
2273	HoggGrammar2011	unchecked			
2273	HoggIntroduction1992	unchecked			
2273	HoggPhonology1992	unchecked			
2273	HowellSalmons1988	unchecked			
2273	Kaluza1900	unchecked			
2273	Kastovsky1992	unchecked			
2273	Kilday2024	unchecked			
2273	KlugeSeebold2011	unchecked			
2273	Kortlandt2008	unchecked			
2273	Kroonen2006	unchecked			
2273	Kroonen2011	unchecked			
2273	Kroonen2013	unchecked			
2273	Kylstra1983	unchecked			
2273	Laker2007	unchecked			
2273	Lid1952	unchecked			
2273	Lloyd1966	unchecked			
2273	LloydSpringer1988	unchecked			
2273	Luehr1993	unchecked			
2273	Luick1914	unchecked			
2273	Mayrhofer1992	unchecked			
2273	Mees2020	unchecked			
2273	NeriRingeReview	unchecked			
2273	Nielsen2001	unchecked			
2273	Orel2003	unchecked			
2273	Pierce1999	unchecked			
2273	Pierce2003	unchecked			
2273	Pierce2006	unchecked			
2273	Pokorny1959	unchecked			
2273	Polome1967	unchecked			
2273	Polome1994	unchecked			
2273	Repansek2012	unchecked			
2273	Rice1994	unchecked			
2273	Ringe1984	unchecked			
2273	Ringe2017	unchecked			
2273	RingeTaylor2014	unchecked			
2273	Seebold1970	unchecked			
2273	SieversBrunner1965	unchecked			
2273	StauslandJohnsen2015	unchecked			
2273	Stiles1985	unchecked			
2273	Stiles1986a	unchecked			
2273	Stiles1986b	unchecked			
2273	Stiles2012	unchecked			
2273	Stiles2017	unchecked			
2273	Streitberg1896	unchecked			
2273	Sweet1953	unchecked			
2273	Thorhallsdottir1993	unchecked			
2273	Toon1992	unchecked			
2273	Versloot2017	unchecked			
2273	Versloot2021	unchecked			
2273	Versloot2025	unchecked			
2273	Vine2019	unchecked			
2273	Waxenberger2019	unchecked			
2273	WrightWuelcker1884	unchecked			
2273	vanHelten1905	unchecked			
2274	Adamczyk2001	unchecked			
2274	Bammesberger1990	unchecked			
2274	Bammesberger1992	unchecked			
2274	Bammesberger1997	unchecked			
2274	Beekes2010	unchecked			
2274	Bennett1950	unchecked			
2274	BosworthToller1898	unchecked			
2274	Bremmer2008	unchecked			
2274	Bremmer2009	unchecked			
2274	Bright1917	unchecked			
2274	Bulbring1902	unchecked			
2274	CaedmonsHymnVitt1452	unchecked			
2274	Campbell1939	unchecked			
2274	Campbell1959	unchecked			
2274	Cercignani1979	unchecked			
2274	Cercignani1980	unchecked			
2274	ClarkHall1960	unchecked			
2274	Crist2001	unchecked			
2274	Crist2002	unchecked			
2274	Erdmann1972	unchecked			
2274	Fulk2018	unchecked			
2274	GermanicSlavicBaltic2025	unchecked			
2274	Goblirsch1991	unchecked			
2274	Hamp1990	unchecked			
2274	Hirt1931	unchecked			
2274	Hogg1979	unchecked			
2274	HoggGrammar2011	unchecked			
2274	HoggIntroduction1992	unchecked			
2274	HoggPhonology1992	unchecked			
2274	HowellSalmons1988	unchecked			
2274	Kaluza1900	unchecked			
2274	Kastovsky1992	unchecked			
2274	Kilday2024	unchecked			
2274	KlugeSeebold2011	unchecked			
2274	Kortlandt2008	unchecked			
2274	Kroonen2006	unchecked			
2274	Kroonen2011	unchecked			
2274	Kroonen2013	unchecked			
2274	Kylstra1983	unchecked			
2274	Laker2007	unchecked			
2274	Lid1952	unchecked			
2274	Lloyd1966	unchecked			
2274	LloydSpringer1988	unchecked			
2274	Luehr1993	unchecked			
2274	Luick1914	unchecked			
2274	Mayrhofer1992	unchecked			
2274	Mees2020	unchecked			
2274	NeriRingeReview	unchecked			
2274	Nielsen2001	unchecked			
2274	Orel2003	unchecked			
2274	Pierce1999	unchecked			
2274	Pierce2003	unchecked			
2274	Pierce2006	unchecked			
2274	Pokorny1959	unchecked			
2274	Polome1967	unchecked			
2274	Polome1994	unchecked			
2274	Repansek2012	unchecked			
2274	Rice1994	unchecked			
2274	Ringe1984	unchecked			
2274	Ringe2017	unchecked			
2274	RingeTaylor2014	unchecked			
2274	Seebold1970	unchecked			
2274	SieversBrunner1965	unchecked			
2274	StauslandJohnsen2015	unchecked			
2274	Stiles1985	unchecked			
2274	Stiles1986a	unchecked			
2274	Stiles1986b	unchecked			
2274	Stiles2012	unchecked			
2274	Stiles2017	unchecked			
2274	Streitberg1896	unchecked			
2274	Sweet1953	unchecked			
2274	Thorhallsdottir1993	unchecked			
2274	Toon1992	unchecked			
2274	Versloot2017	unchecked			
2274	Versloot2021	unchecked			
2274	Versloot2025	unchecked			
2274	Vine2019	unchecked			
2274	Waxenberger2019	unchecked			
2274	WrightWuelcker1884	unchecked			
2274	vanHelten1905	unchecked			
2275	Adamczyk2001	unchecked			
2275	Bammesberger1990	unchecked			
2275	Bammesberger1992	unchecked			
2275	Bammesberger1997	unchecked			
2275	Beekes2010	unchecked			
2275	Bennett1950	unchecked			
2275	BosworthToller1898	unchecked			
2275	Bremmer2008	unchecked			
2275	Bremmer2009	unchecked			
2275	Bright1917	unchecked			
2275	Bulbring1902	unchecked			
2275	CaedmonsHymnVitt1452	unchecked			
2275	Campbell1939	unchecked			
2275	Campbell1959	unchecked			
2275	Cercignani1979	unchecked			
2275	Cercignani1980	unchecked			
2275	ClarkHall1960	unchecked			
2275	Crist2001	unchecked			
2275	Crist2002	unchecked			
2275	Erdmann1972	unchecked			
2275	Fulk2018	unchecked			
2275	GermanicSlavicBaltic2025	unchecked			
2275	Goblirsch1991	unchecked			
2275	Hamp1990	unchecked			
2275	Hirt1931	unchecked			
2275	Hogg1979	unchecked			
2275	HoggGrammar2011	unchecked			
2275	HoggIntroduction1992	unchecked			
2275	HoggPhonology1992	unchecked			
2275	HowellSalmons1988	unchecked			
2275	Kaluza1900	unchecked			
2275	Kastovsky1992	unchecked			
2275	Kilday2024	unchecked			
2275	KlugeSeebold2011	unchecked			
2275	Kortlandt2008	unchecked			
2275	Kroonen2006	unchecked			
2275	Kroonen2011	unchecked			
2275	Kroonen2013	unchecked			
2275	Kylstra1983	unchecked			
2275	Laker2007	unchecked			
2275	Lid1952	unchecked			
2275	Lloyd1966	unchecked			
2275	LloydSpringer1988	unchecked			
2275	Luehr1993	unchecked			
2275	Luick1914	unchecked			
2275	Mayrhofer1992	unchecked			
2275	Mees2020	unchecked			
2275	NeriRingeReview	unchecked			
2275	Nielsen2001	unchecked			
2275	Orel2003	unchecked			
2275	Pierce1999	unchecked			
2275	Pierce2003	unchecked			
2275	Pierce2006	unchecked			
2275	Pokorny1959	unchecked			
2275	Polome1967	unchecked			
2275	Polome1994	unchecked			
2275	Repansek2012	unchecked			
2275	Rice1994	unchecked			
2275	Ringe1984	unchecked			
2275	Ringe2017	unchecked			
2275	RingeTaylor2014	unchecked			
2275	Seebold1970	unchecked			
2275	SieversBrunner1965	unchecked			
2275	StauslandJohnsen2015	unchecked			
2275	Stiles1985	unchecked			
2275	Stiles1986a	unchecked			
2275	Stiles1986b	unchecked			
2275	Stiles2012	unchecked			
2275	Stiles2017	unchecked			
2275	Streitberg1896	unchecked			
2275	Sweet1953	unchecked			
2275	Thorhallsdottir1993	unchecked			
2275	Toon1992	unchecked			
2275	Versloot2017	unchecked			
2275	Versloot2021	unchecked			
2275	Versloot2025	unchecked			
2275	Vine2019	unchecked			
2275	Waxenberger2019	unchecked			
2275	WrightWuelcker1884	unchecked			
2275	vanHelten1905	unchecked			
2276	Adamczyk2001	unchecked			
2276	Bammesberger1990	unchecked			
2276	Bammesberger1992	unchecked			
2276	Bammesberger1997	unchecked			
2276	Beekes2010	unchecked			
2276	Bennett1950	unchecked			
2276	BosworthToller1898	unchecked			
2276	Bremmer2008	unchecked			
2276	Bremmer2009	unchecked			
2276	Bright1917	unchecked			
2276	Bulbring1902	unchecked			
2276	CaedmonsHymnVitt1452	unchecked			
2276	Campbell1939	unchecked			
2276	Campbell1959	unchecked			
2276	Cercignani1979	unchecked			
2276	Cercignani1980	unchecked			
2276	ClarkHall1960	unchecked			
2276	Crist2001	unchecked			
2276	Crist2002	unchecked			
2276	Erdmann1972	unchecked			
2276	Fulk2018	unchecked			
2276	GermanicSlavicBaltic2025	unchecked			
2276	Goblirsch1991	unchecked			
2276	Hamp1990	unchecked			
2276	Hirt1931	unchecked			
2276	Hogg1979	unchecked			
2276	HoggGrammar2011	unchecked			
2276	HoggIntroduction1992	unchecked			
2276	HoggPhonology1992	unchecked			
2276	HowellSalmons1988	unchecked			
2276	Kaluza1900	unchecked			
2276	Kastovsky1992	unchecked			
2276	Kilday2024	unchecked			
2276	KlugeSeebold2011	unchecked			
2276	Kortlandt2008	unchecked			
2276	Kroonen2006	unchecked			
2276	Kroonen2011	unchecked			
2276	Kroonen2013	unchecked			
2276	Kylstra1983	unchecked			
2276	Laker2007	unchecked			
2276	Lid1952	unchecked			
2276	Lloyd1966	unchecked			
2276	LloydSpringer1988	unchecked			
2276	Luehr1993	unchecked			
2276	Luick1914	unchecked			
2276	Mayrhofer1992	unchecked			
2276	Mees2020	unchecked			
2276	NeriRingeReview	unchecked			
2276	Nielsen2001	unchecked			
2276	Orel2003	unchecked			
2276	Pierce1999	unchecked			
2276	Pierce2003	unchecked			
2276	Pierce2006	unchecked			
2276	Pokorny1959	unchecked			
2276	Polome1967	unchecked			
2276	Polome1994	unchecked			
2276	Repansek2012	unchecked			
2276	Rice1994	unchecked			
2276	Ringe1984	unchecked			
2276	Ringe2017	unchecked			
2276	RingeTaylor2014	unchecked			
2276	Seebold1970	unchecked			
2276	SieversBrunner1965	unchecked			
2276	StauslandJohnsen2015	unchecked			
2276	Stiles1985	unchecked			
2276	Stiles1986a	unchecked			
2276	Stiles1986b	unchecked			
2276	Stiles2012	unchecked			
2276	Stiles2017	unchecked			
2276	Streitberg1896	unchecked			
2276	Sweet1953	unchecked			
2276	Thorhallsdottir1993	unchecked			
2276	Toon1992	unchecked			
2276	Versloot2017	unchecked			
2276	Versloot2021	unchecked			
2276	Versloot2025	unchecked			
2276	Vine2019	unchecked			
2276	Waxenberger2019	unchecked			
2276	WrightWuelcker1884	unchecked			
2276	vanHelten1905	unchecked			
2277	Adamczyk2001	unchecked			
2277	Bammesberger1990	unchecked			
2277	Bammesberger1992	unchecked			
2277	Bammesberger1997	unchecked			
2277	Beekes2010	unchecked			
2277	Bennett1950	unchecked			
2277	BosworthToller1898	unchecked			
2277	Bremmer2008	unchecked			
2277	Bremmer2009	unchecked			
2277	Bright1917	unchecked			
2277	Bulbring1902	unchecked			
2277	CaedmonsHymnVitt1452	unchecked			
2277	Campbell1939	unchecked			
2277	Campbell1959	unchecked			
2277	Cercignani1979	unchecked			
2277	Cercignani1980	unchecked			
2277	ClarkHall1960	unchecked			
2277	Crist2001	unchecked			
2277	Crist2002	unchecked			
2277	Erdmann1972	unchecked			
2277	Fulk2018	unchecked			
2277	GermanicSlavicBaltic2025	unchecked			
2277	Goblirsch1991	unchecked			
2277	Hamp1990	unchecked			
2277	Hirt1931	unchecked			
2277	Hogg1979	unchecked			
2277	HoggGrammar2011	unchecked			
2277	HoggIntroduction1992	unchecked			
2277	HoggPhonology1992	unchecked			
2277	HowellSalmons1988	unchecked			
2277	Kaluza1900	unchecked			
2277	Kastovsky1992	unchecked			
2277	Kilday2024	unchecked			
2277	KlugeSeebold2011	unchecked			
2277	Kortlandt2008	unchecked			
2277	Kroonen2006	unchecked			
2277	Kroonen2011	unchecked			
2277	Kroonen2013	unchecked			
2277	Kylstra1983	unchecked			
2277	Laker2007	unchecked			
2277	Lid1952	unchecked			
2277	Lloyd1966	unchecked			
2277	LloydSpringer1988	unchecked			
2277	Luehr1993	unchecked			
2277	Luick1914	unchecked			
2277	Mayrhofer1992	unchecked			
2277	Mees2020	unchecked			
2277	NeriRingeReview	unchecked			
2277	Nielsen2001	unchecked			
2277	Orel2003	unchecked			
2277	Pierce1999	unchecked			
2277	Pierce2003	unchecked			
2277	Pierce2006	unchecked			
2277	Pokorny1959	unchecked			
2277	Polome1967	unchecked			
2277	Polome1994	unchecked			
2277	Repansek2012	unchecked			
2277	Rice1994	unchecked			
2277	Ringe1984	unchecked			
2277	Ringe2017	unchecked			
2277	RingeTaylor2014	unchecked			
2277	Seebold1970	unchecked			
2277	SieversBrunner1965	unchecked			
2277	StauslandJohnsen2015	unchecked			
2277	Stiles1985	unchecked			
2277	Stiles1986a	unchecked			
2277	Stiles1986b	unchecked			
2277	Stiles2012	unchecked			
2277	Stiles2017	unchecked			
2277	Streitberg1896	unchecked			
2277	Sweet1953	unchecked			
2277	Thorhallsdottir1993	unchecked			
2277	Toon1992	unchecked			
2277	Versloot2017	unchecked			
2277	Versloot2021	unchecked			
2277	Versloot2025	unchecked			
2277	Vine2019	unchecked			
2277	Waxenberger2019	unchecked			
2277	WrightWuelcker1884	unchecked			
2277	vanHelten1905	unchecked			
2278	Adamczyk2001	unchecked			
2278	Bammesberger1990	unchecked			
2278	Bammesberger1992	unchecked			
2278	Bammesberger1997	unchecked			
2278	Beekes2010	unchecked			
2278	Bennett1950	unchecked			
2278	BosworthToller1898	unchecked			
2278	Bremmer2008	unchecked			
2278	Bremmer2009	unchecked			
2278	Bright1917	unchecked			
2278	Bulbring1902	unchecked			
2278	CaedmonsHymnVitt1452	unchecked			
2278	Campbell1939	unchecked			
2278	Campbell1959	unchecked			
2278	Cercignani1979	unchecked			
2278	Cercignani1980	unchecked			
2278	ClarkHall1960	unchecked			
2278	Crist2001	unchecked			
2278	Crist2002	unchecked			
2278	Erdmann1972	unchecked			
2278	Fulk2018	unchecked			
2278	GermanicSlavicBaltic2025	unchecked			
2278	Goblirsch1991	unchecked			
2278	Hamp1990	unchecked			
2278	Hirt1931	unchecked			
2278	Hogg1979	unchecked			
2278	HoggGrammar2011	unchecked			
2278	HoggIntroduction1992	unchecked			
2278	HoggPhonology1992	unchecked			
2278	HowellSalmons1988	unchecked			
2278	Kaluza1900	unchecked			
2278	Kastovsky1992	unchecked			
2278	Kilday2024	unchecked			
2278	KlugeSeebold2011	unchecked			
2278	Kortlandt2008	unchecked			
2278	Kroonen2006	unchecked			
2278	Kroonen2011	unchecked			
2278	Kroonen2013	unchecked			
2278	Kylstra1983	unchecked			
2278	Laker2007	unchecked			
2278	Lid1952	unchecked			
2278	Lloyd1966	unchecked			
2278	LloydSpringer1988	unchecked			
2278	Luehr1993	unchecked			
2278	Luick1914	unchecked			
2278	Mayrhofer1992	unchecked			
2278	Mees2020	unchecked			
2278	NeriRingeReview	unchecked			
2278	Nielsen2001	unchecked			
2278	Orel2003	unchecked			
2278	Pierce1999	unchecked			
2278	Pierce2003	unchecked			
2278	Pierce2006	unchecked			
2278	Pokorny1959	unchecked			
2278	Polome1967	unchecked			
2278	Polome1994	unchecked			
2278	Repansek2012	unchecked			
2278	Rice1994	unchecked			
2278	Ringe1984	unchecked			
2278	Ringe2017	unchecked			
2278	RingeTaylor2014	unchecked			
2278	Seebold1970	unchecked			
2278	SieversBrunner1965	unchecked			
2278	StauslandJohnsen2015	unchecked			
2278	Stiles1985	unchecked			
2278	Stiles1986a	unchecked			
2278	Stiles1986b	unchecked			
2278	Stiles2012	unchecked			
2278	Stiles2017	unchecked			
2278	Streitberg1896	unchecked			
2278	Sweet1953	unchecked			
2278	Thorhallsdottir1993	unchecked			
2278	Toon1992	unchecked			
2278	Versloot2017	unchecked			
2278	Versloot2021	unchecked			
2278	Versloot2025	unchecked			
2278	Vine2019	unchecked			
2278	Waxenberger2019	unchecked			
2278	WrightWuelcker1884	unchecked			
2278	vanHelten1905	unchecked			
2279	Adamczyk2001	unchecked			
2279	Bammesberger1990	unchecked			
2279	Bammesberger1992	unchecked			
2279	Bammesberger1997	unchecked			
2279	Beekes2010	unchecked			
2279	Bennett1950	unchecked			
2279	BosworthToller1898	unchecked			
2279	Bremmer2008	unchecked			
2279	Bremmer2009	unchecked			
2279	Bright1917	unchecked			
2279	Bulbring1902	unchecked			
2279	CaedmonsHymnVitt1452	unchecked			
2279	Campbell1939	unchecked			
2279	Campbell1959	unchecked			
2279	Cercignani1979	unchecked			
2279	Cercignani1980	unchecked			
2279	ClarkHall1960	unchecked			
2279	Crist2001	unchecked			
2279	Crist2002	unchecked			
2279	Erdmann1972	unchecked			
2279	Fulk2018	unchecked			
2279	GermanicSlavicBaltic2025	unchecked			
2279	Goblirsch1991	unchecked			
2279	Hamp1990	unchecked			
2279	Hirt1931	unchecked			
2279	Hogg1979	unchecked			
2279	HoggGrammar2011	unchecked			
2279	HoggIntroduction1992	unchecked			
2279	HoggPhonology1992	unchecked			
2279	HowellSalmons1988	unchecked			
2279	Kaluza1900	unchecked			
2279	Kastovsky1992	unchecked			
2279	Kilday2024	unchecked			
2279	KlugeSeebold2011	unchecked			
2279	Kortlandt2008	unchecked			
2279	Kroonen2006	unchecked			
2279	Kroonen2011	unchecked			
2279	Kroonen2013	unchecked			
2279	Kylstra1983	unchecked			
2279	Laker2007	unchecked			
2279	Lid1952	unchecked			
2279	Lloyd1966	unchecked			
2279	LloydSpringer1988	unchecked			
2279	Luehr1993	unchecked			
2279	Luick1914	unchecked			
2279	Mayrhofer1992	unchecked			
2279	Mees2020	unchecked			
2279	NeriRingeReview	unchecked			
2279	Nielsen2001	unchecked			
2279	Orel2003	unchecked			
2279	Pierce1999	unchecked			
2279	Pierce2003	unchecked			
2279	Pierce2006	unchecked			
2279	Pokorny1959	unchecked			
2279	Polome1967	unchecked			
2279	Polome1994	unchecked			
2279	Repansek2012	unchecked			
2279	Rice1994	unchecked			
2279	Ringe1984	unchecked			
2279	Ringe2017	unchecked			
2279	RingeTaylor2014	unchecked			
2279	Seebold1970	unchecked			
2279	SieversBrunner1965	unchecked			
2279	StauslandJohnsen2015	unchecked			
2279	Stiles1985	unchecked			
2279	Stiles1986a	unchecked			
2279	Stiles1986b	unchecked			
2279	Stiles2012	unchecked			
2279	Stiles2017	unchecked			
2279	Streitberg1896	unchecked			
2279	Sweet1953	unchecked			
2279	Thorhallsdottir1993	unchecked			
2279	Toon1992	unchecked			
2279	Versloot2017	unchecked			
2279	Versloot2021	unchecked			
2279	Versloot2025	unchecked			
2279	Vine2019	unchecked			
2279	Waxenberger2019	unchecked			
2279	WrightWuelcker1884	unchecked			
2279	vanHelten1905	unchecked			
2280	Adamczyk2001	unchecked			
2280	Bammesberger1990	unchecked			
2280	Bammesberger1992	unchecked			
2280	Bammesberger1997	unchecked			
2280	Beekes2010	unchecked			
2280	Bennett1950	unchecked			
2280	BosworthToller1898	unchecked			
2280	Bremmer2008	unchecked			
2280	Bremmer2009	unchecked			
2280	Bright1917	unchecked			
2280	Bulbring1902	unchecked			
2280	CaedmonsHymnVitt1452	unchecked			
2280	Campbell1939	unchecked			
2280	Campbell1959	unchecked			
2280	Cercignani1979	unchecked			
2280	Cercignani1980	unchecked			
2280	ClarkHall1960	unchecked			
2280	Crist2001	unchecked			
2280	Crist2002	unchecked			
2280	Erdmann1972	unchecked			
2280	Fulk2018	unchecked			
2280	GermanicSlavicBaltic2025	unchecked			
2280	Goblirsch1991	unchecked			
2280	Hamp1990	unchecked			
2280	Hirt1931	unchecked			
2280	Hogg1979	unchecked			
2280	HoggGrammar2011	unchecked			
2280	HoggIntroduction1992	unchecked			
2280	HoggPhonology1992	unchecked			
2280	HowellSalmons1988	unchecked			
2280	Kaluza1900	unchecked			
2280	Kastovsky1992	unchecked			
2280	Kilday2024	unchecked			
2280	KlugeSeebold2011	unchecked			
2280	Kortlandt2008	unchecked			
2280	Kroonen2006	unchecked			
2280	Kroonen2011	unchecked			
2280	Kroonen2013	unchecked			
2280	Kylstra1983	unchecked			
2280	Laker2007	unchecked			
2280	Lid1952	unchecked			
2280	Lloyd1966	unchecked			
2280	LloydSpringer1988	unchecked			
2280	Luehr1993	unchecked			
2280	Luick1914	unchecked			
2280	Mayrhofer1992	unchecked			
2280	Mees2020	unchecked			
2280	NeriRingeReview	unchecked			
2280	Nielsen2001	unchecked			
2280	Orel2003	unchecked			
2280	Pierce1999	unchecked			
2280	Pierce2003	unchecked			
2280	Pierce2006	unchecked			
2280	Pokorny1959	unchecked			
2280	Polome1967	unchecked			
2280	Polome1994	unchecked			
2280	Repansek2012	unchecked			
2280	Rice1994	unchecked			
2280	Ringe1984	unchecked			
2280	Ringe2017	unchecked			
2280	RingeTaylor2014	unchecked			
2280	Seebold1970	unchecked			
2280	SieversBrunner1965	unchecked			
2280	StauslandJohnsen2015	unchecked			
2280	Stiles1985	unchecked			
2280	Stiles1986a	unchecked			
2280	Stiles1986b	unchecked			
2280	Stiles2012	unchecked			
2280	Stiles2017	unchecked			
2280	Streitberg1896	unchecked			
2280	Sweet1953	unchecked			
2280	Thorhallsdottir1993	unchecked			
2280	Toon1992	unchecked			
2280	Versloot2017	unchecked			
2280	Versloot2021	unchecked			
2280	Versloot2025	unchecked			
2280	Vine2019	unchecked			
2280	Waxenberger2019	unchecked			
2280	WrightWuelcker1884	unchecked			
2280	vanHelten1905	unchecked			
2281	Adamczyk2001	unchecked			
2281	Bammesberger1990	unchecked			
2281	Bammesberger1992	unchecked			
2281	Bammesberger1997	unchecked			
2281	Beekes2010	unchecked			
2281	Bennett1950	unchecked			
2281	BosworthToller1898	unchecked			
2281	Bremmer2008	unchecked			
2281	Bremmer2009	unchecked			
2281	Bright1917	unchecked			
2281	Bulbring1902	unchecked			
2281	CaedmonsHymnVitt1452	unchecked			
2281	Campbell1939	unchecked			
2281	Campbell1959	unchecked			
2281	Cercignani1979	unchecked			
2281	Cercignani1980	unchecked			
2281	ClarkHall1960	unchecked			
2281	Crist2001	unchecked			
2281	Crist2002	unchecked			
2281	Erdmann1972	unchecked			
2281	Fulk2018	unchecked			
2281	GermanicSlavicBaltic2025	unchecked			
2281	Goblirsch1991	unchecked			
2281	Hamp1990	unchecked			
2281	Hirt1931	unchecked			
2281	Hogg1979	unchecked			
2281	HoggGrammar2011	unchecked			
2281	HoggIntroduction1992	unchecked			
2281	HoggPhonology1992	unchecked			
2281	HowellSalmons1988	unchecked			
2281	Kaluza1900	unchecked			
2281	Kastovsky1992	unchecked			
2281	Kilday2024	unchecked			
2281	KlugeSeebold2011	unchecked			
2281	Kortlandt2008	unchecked			
2281	Kroonen2006	unchecked			
2281	Kroonen2011	unchecked			
2281	Kroonen2013	unchecked			
2281	Kylstra1983	unchecked			
2281	Laker2007	unchecked			
2281	Lid1952	unchecked			
2281	Lloyd1966	unchecked			
2281	LloydSpringer1988	unchecked			
2281	Luehr1993	unchecked			
2281	Luick1914	unchecked			
2281	Mayrhofer1992	unchecked			
2281	Mees2020	unchecked			
2281	NeriRingeReview	unchecked			
2281	Nielsen2001	unchecked			
2281	Orel2003	unchecked			
2281	Pierce1999	unchecked			
2281	Pierce2003	unchecked			
2281	Pierce2006	unchecked			
2281	Pokorny1959	unchecked			
2281	Polome1967	unchecked			
2281	Polome1994	unchecked			
2281	Repansek2012	unchecked			
2281	Rice1994	unchecked			
2281	Ringe1984	unchecked			
2281	Ringe2017	unchecked			
2281	RingeTaylor2014	unchecked			
2281	Seebold1970	unchecked			
2281	SieversBrunner1965	unchecked			
2281	StauslandJohnsen2015	unchecked			
2281	Stiles1985	unchecked			
2281	Stiles1986a	unchecked			
2281	Stiles1986b	unchecked			
2281	Stiles2012	unchecked			
2281	Stiles2017	unchecked			
2281	Streitberg1896	unchecked			
2281	Sweet1953	unchecked			
2281	Thorhallsdottir1993	unchecked			
2281	Toon1992	unchecked			
2281	Versloot2017	unchecked			
2281	Versloot2021	unchecked			
2281	Versloot2025	unchecked			
2281	Vine2019	unchecked			
2281	Waxenberger2019	unchecked			
2281	WrightWuelcker1884	unchecked			
2281	vanHelten1905	unchecked			
2282	Adamczyk2001	unchecked			
2282	Bammesberger1990	unchecked			
2282	Bammesberger1992	unchecked			
2282	Bammesberger1997	unchecked			
2282	Beekes2010	unchecked			
2282	Bennett1950	unchecked			
2282	BosworthToller1898	unchecked			
2282	Bremmer2008	unchecked			
2282	Bremmer2009	unchecked			
2282	Bright1917	unchecked			
2282	Bulbring1902	unchecked			
2282	CaedmonsHymnVitt1452	unchecked			
2282	Campbell1939	unchecked			
2282	Campbell1959	unchecked			
2282	Cercignani1979	unchecked			
2282	Cercignani1980	unchecked			
2282	ClarkHall1960	unchecked			
2282	Crist2001	unchecked			
2282	Crist2002	unchecked			
2282	Erdmann1972	unchecked			
2282	Fulk2018	unchecked			
2282	GermanicSlavicBaltic2025	unchecked			
2282	Goblirsch1991	unchecked			
2282	Hamp1990	unchecked			
2282	Hirt1931	unchecked			
2282	Hogg1979	unchecked			
2282	HoggGrammar2011	unchecked			
2282	HoggIntroduction1992	unchecked			
2282	HoggPhonology1992	unchecked			
2282	HowellSalmons1988	unchecked			
2282	Kaluza1900	unchecked			
2282	Kastovsky1992	unchecked			
2282	Kilday2024	unchecked			
2282	KlugeSeebold2011	unchecked			
2282	Kortlandt2008	unchecked			
2282	Kroonen2006	unchecked			
2282	Kroonen2011	unchecked			
2282	Kroonen2013	unchecked			
2282	Kylstra1983	unchecked			
2282	Laker2007	unchecked			
2282	Lid1952	unchecked			
2282	Lloyd1966	unchecked			
2282	LloydSpringer1988	unchecked			
2282	Luehr1993	unchecked			
2282	Luick1914	unchecked			
2282	Mayrhofer1992	unchecked			
2282	Mees2020	unchecked			
2282	NeriRingeReview	unchecked			
2282	Nielsen2001	unchecked			
2282	Orel2003	unchecked			
2282	Pierce1999	unchecked			
2282	Pierce2003	unchecked			
2282	Pierce2006	unchecked			
2282	Pokorny1959	unchecked			
2282	Polome1967	unchecked			
2282	Polome1994	unchecked			
2282	Repansek2012	unchecked			
2282	Rice1994	unchecked			
2282	Ringe1984	unchecked			
2282	Ringe2017	unchecked			
2282	RingeTaylor2014	unchecked			
2282	Seebold1970	unchecked			
2282	SieversBrunner1965	unchecked			
2282	StauslandJohnsen2015	unchecked			
2282	Stiles1985	unchecked			
2282	Stiles1986a	unchecked			
2282	Stiles1986b	unchecked			
2282	Stiles2012	unchecked			
2282	Stiles2017	unchecked			
2282	Streitberg1896	unchecked			
2282	Sweet1953	unchecked			
2282	Thorhallsdottir1993	unchecked			
2282	Toon1992	unchecked			
2282	Versloot2017	unchecked			
2282	Versloot2021	unchecked			
2282	Versloot2025	unchecked			
2282	Vine2019	unchecked			
2282	Waxenberger2019	unchecked			
2282	WrightWuelcker1884	unchecked			
2282	vanHelten1905	unchecked			
2283	Adamczyk2001	unchecked			
2283	Bammesberger1990	unchecked			
2283	Bammesberger1992	unchecked			
2283	Bammesberger1997	unchecked			
2283	Beekes2010	unchecked			
2283	Bennett1950	unchecked			
2283	BosworthToller1898	unchecked			
2283	Bremmer2008	unchecked			
2283	Bremmer2009	unchecked			
2283	Bright1917	unchecked			
2283	Bulbring1902	unchecked			
2283	CaedmonsHymnVitt1452	unchecked			
2283	Campbell1939	unchecked			
2283	Campbell1959	unchecked			
2283	Cercignani1979	unchecked			
2283	Cercignani1980	unchecked			
2283	ClarkHall1960	unchecked			
2283	Crist2001	unchecked			
2283	Crist2002	unchecked			
2283	Erdmann1972	unchecked			
2283	Fulk2018	unchecked			
2283	GermanicSlavicBaltic2025	unchecked			
2283	Goblirsch1991	unchecked			
2283	Hamp1990	unchecked			
2283	Hirt1931	unchecked			
2283	Hogg1979	unchecked			
2283	HoggGrammar2011	unchecked			
2283	HoggIntroduction1992	unchecked			
2283	HoggPhonology1992	unchecked			
2283	HowellSalmons1988	unchecked			
2283	Kaluza1900	unchecked			
2283	Kastovsky1992	unchecked			
2283	Kilday2024	unchecked			
2283	KlugeSeebold2011	unchecked			
2283	Kortlandt2008	unchecked			
2283	Kroonen2006	unchecked			
2283	Kroonen2011	unchecked			
2283	Kroonen2013	unchecked			
2283	Kylstra1983	unchecked			
2283	Laker2007	unchecked			
2283	Lid1952	unchecked			
2283	Lloyd1966	unchecked			
2283	LloydSpringer1988	unchecked			
2283	Luehr1993	unchecked			
2283	Luick1914	unchecked			
2283	Mayrhofer1992	unchecked			
2283	Mees2020	unchecked			
2283	NeriRingeReview	unchecked			
2283	Nielsen2001	unchecked			
2283	Orel2003	unchecked			
2283	Pierce1999	unchecked			
2283	Pierce2003	unchecked			
2283	Pierce2006	unchecked			
2283	Pokorny1959	unchecked			
2283	Polome1967	unchecked			
2283	Polome1994	unchecked			
2283	Repansek2012	unchecked			
2283	Rice1994	unchecked			
2283	Ringe1984	unchecked			
2283	Ringe2017	unchecked			
2283	RingeTaylor2014	unchecked			
2283	Seebold1970	unchecked			
2283	SieversBrunner1965	unchecked			
2283	StauslandJohnsen2015	unchecked			
2283	Stiles1985	unchecked			
2283	Stiles1986a	unchecked			
2283	Stiles1986b	unchecked			
2283	Stiles2012	unchecked			
2283	Stiles2017	unchecked			
2283	Streitberg1896	unchecked			
2283	Sweet1953	unchecked			
2283	Thorhallsdottir1993	unchecked			
2283	Toon1992	unchecked			
2283	Versloot2017	unchecked			
2283	Versloot2021	unchecked			
2283	Versloot2025	unchecked			
2283	Vine2019	unchecked			
2283	Waxenberger2019	unchecked			
2283	WrightWuelcker1884	unchecked			
2283	vanHelten1905	unchecked			
2284	Adamczyk2001	unchecked			
2284	Bammesberger1990	unchecked			
2284	Bammesberger1992	unchecked			
2284	Bammesberger1997	unchecked			
2284	Beekes2010	unchecked			
2284	Bennett1950	unchecked			
2284	BosworthToller1898	unchecked			
2284	Bremmer2008	unchecked			
2284	Bremmer2009	unchecked			
2284	Bright1917	unchecked			
2284	Bulbring1902	unchecked			
2284	CaedmonsHymnVitt1452	unchecked			
2284	Campbell1939	unchecked			
2284	Campbell1959	unchecked			
2284	Cercignani1979	unchecked			
2284	Cercignani1980	unchecked			
2284	ClarkHall1960	unchecked			
2284	Crist2001	unchecked			
2284	Crist2002	unchecked			
2284	Erdmann1972	unchecked			
2284	Fulk2018	unchecked			
2284	GermanicSlavicBaltic2025	unchecked			
2284	Goblirsch1991	unchecked			
2284	Hamp1990	unchecked			
2284	Hirt1931	unchecked			
2284	Hogg1979	unchecked			
2284	HoggGrammar2011	unchecked			
2284	HoggIntroduction1992	unchecked			
2284	HoggPhonology1992	unchecked			
2284	HowellSalmons1988	unchecked			
2284	Kaluza1900	unchecked			
2284	Kastovsky1992	unchecked			
2284	Kilday2024	unchecked			
2284	KlugeSeebold2011	unchecked			
2284	Kortlandt2008	unchecked			
2284	Kroonen2006	unchecked			
2284	Kroonen2011	unchecked			
2284	Kroonen2013	unchecked			
2284	Kylstra1983	unchecked			
2284	Laker2007	unchecked			
2284	Lid1952	unchecked			
2284	Lloyd1966	unchecked			
2284	LloydSpringer1988	unchecked			
2284	Luehr1993	unchecked			
2284	Luick1914	unchecked			
2284	Mayrhofer1992	unchecked			
2284	Mees2020	unchecked			
2284	NeriRingeReview	unchecked			
2284	Nielsen2001	unchecked			
2284	Orel2003	unchecked			
2284	Pierce1999	unchecked			
2284	Pierce2003	unchecked			
2284	Pierce2006	unchecked			
2284	Pokorny1959	unchecked			
2284	Polome1967	unchecked			
2284	Polome1994	unchecked			
2284	Repansek2012	unchecked			
2284	Rice1994	unchecked			
2284	Ringe1984	unchecked			
2284	Ringe2017	unchecked			
2284	RingeTaylor2014	unchecked			
2284	Seebold1970	unchecked			
2284	SieversBrunner1965	unchecked			
2284	StauslandJohnsen2015	unchecked			
2284	Stiles1985	unchecked			
2284	Stiles1986a	unchecked			
2284	Stiles1986b	unchecked			
2284	Stiles2012	unchecked			
2284	Stiles2017	unchecked			
2284	Streitberg1896	unchecked			
2284	Sweet1953	unchecked			
2284	Thorhallsdottir1993	unchecked			
2284	Toon1992	unchecked			
2284	Versloot2017	unchecked			
2284	Versloot2021	unchecked			
2284	Versloot2025	unchecked			
2284	Vine2019	unchecked			
2284	Waxenberger2019	unchecked			
2284	WrightWuelcker1884	unchecked			
2284	vanHelten1905	unchecked			
2285	Adamczyk2001	unchecked			
2285	Bammesberger1990	unchecked			
2285	Bammesberger1992	unchecked			
2285	Bammesberger1997	unchecked			
2285	Beekes2010	unchecked			
2285	Bennett1950	unchecked			
2285	BosworthToller1898	unchecked			
2285	Bremmer2008	unchecked			
2285	Bremmer2009	unchecked			
2285	Bright1917	unchecked			
2285	Bulbring1902	unchecked			
2285	CaedmonsHymnVitt1452	unchecked			
2285	Campbell1939	unchecked			
2285	Campbell1959	unchecked			
2285	Cercignani1979	unchecked			
2285	Cercignani1980	unchecked			
2285	ClarkHall1960	unchecked			
2285	Crist2001	unchecked			
2285	Crist2002	unchecked			
2285	Erdmann1972	unchecked			
2285	Fulk2018	unchecked			
2285	GermanicSlavicBaltic2025	unchecked			
2285	Goblirsch1991	unchecked			
2285	Hamp1990	unchecked			
2285	Hirt1931	unchecked			
2285	Hogg1979	unchecked			
2285	HoggGrammar2011	unchecked			
2285	HoggIntroduction1992	unchecked			
2285	HoggPhonology1992	unchecked			
2285	HowellSalmons1988	unchecked			
2285	Kaluza1900	unchecked			
2285	Kastovsky1992	unchecked			
2285	Kilday2024	unchecked			
2285	KlugeSeebold2011	unchecked			
2285	Kortlandt2008	unchecked			
2285	Kroonen2006	unchecked			
2285	Kroonen2011	unchecked			
2285	Kroonen2013	unchecked			
2285	Kylstra1983	unchecked			
2285	Laker2007	unchecked			
2285	Lid1952	unchecked			
2285	Lloyd1966	unchecked			
2285	LloydSpringer1988	unchecked			
2285	Luehr1993	unchecked			
2285	Luick1914	unchecked			
2285	Mayrhofer1992	unchecked			
2285	Mees2020	unchecked			
2285	NeriRingeReview	unchecked			
2285	Nielsen2001	unchecked			
2285	Orel2003	unchecked			
2285	Pierce1999	unchecked			
2285	Pierce2003	unchecked			
2285	Pierce2006	unchecked			
2285	Pokorny1959	unchecked			
2285	Polome1967	unchecked			
2285	Polome1994	unchecked			
2285	Repansek2012	unchecked			
2285	Rice1994	unchecked			
2285	Ringe1984	unchecked			
2285	Ringe2017	unchecked			
2285	RingeTaylor2014	unchecked			
2285	Seebold1970	unchecked			
2285	SieversBrunner1965	unchecked			
2285	StauslandJohnsen2015	unchecked			
2285	Stiles1985	unchecked			
2285	Stiles1986a	unchecked			
2285	Stiles1986b	unchecked			
2285	Stiles2012	unchecked			
2285	Stiles2017	unchecked			
2285	Streitberg1896	unchecked			
2285	Sweet1953	unchecked			
2285	Thorhallsdottir1993	unchecked			
2285	Toon1992	unchecked			
2285	Versloot2017	unchecked			
2285	Versloot2021	unchecked			
2285	Versloot2025	unchecked			
2285	Vine2019	unchecked			
2285	Waxenberger2019	unchecked			
2285	WrightWuelcker1884	unchecked			
2285	vanHelten1905	unchecked			
2286	Adamczyk2001	unchecked			
2286	Bammesberger1990	unchecked			
2286	Bammesberger1992	unchecked			
2286	Bammesberger1997	unchecked			
2286	Beekes2010	unchecked			
2286	Bennett1950	unchecked			
2286	BosworthToller1898	unchecked			
2286	Bremmer2008	unchecked			
2286	Bremmer2009	unchecked			
2286	Bright1917	unchecked			
2286	Bulbring1902	unchecked			
2286	CaedmonsHymnVitt1452	unchecked			
2286	Campbell1939	unchecked			
2286	Campbell1959	unchecked			
2286	Cercignani1979	unchecked			
2286	Cercignani1980	unchecked			
2286	ClarkHall1960	unchecked			
2286	Crist2001	unchecked			
2286	Crist2002	unchecked			
2286	Erdmann1972	unchecked			
2286	Fulk2018	unchecked			
2286	GermanicSlavicBaltic2025	unchecked			
2286	Goblirsch1991	unchecked			
2286	Hamp1990	unchecked			
2286	Hirt1931	unchecked			
2286	Hogg1979	unchecked			
2286	HoggGrammar2011	unchecked			
2286	HoggIntroduction1992	unchecked			
2286	HoggPhonology1992	unchecked			
2286	HowellSalmons1988	unchecked			
2286	Kaluza1900	unchecked			
2286	Kastovsky1992	unchecked			
2286	Kilday2024	unchecked			
2286	KlugeSeebold2011	unchecked			
2286	Kortlandt2008	unchecked			
2286	Kroonen2006	unchecked			
2286	Kroonen2011	unchecked			
2286	Kroonen2013	unchecked			
2286	Kylstra1983	unchecked			
2286	Laker2007	unchecked			
2286	Lid1952	unchecked			
2286	Lloyd1966	unchecked			
2286	LloydSpringer1988	unchecked			
2286	Luehr1993	unchecked			
2286	Luick1914	unchecked			
2286	Mayrhofer1992	unchecked			
2286	Mees2020	unchecked			
2286	NeriRingeReview	unchecked			
2286	Nielsen2001	unchecked			
2286	Orel2003	unchecked			
2286	Pierce1999	unchecked			
2286	Pierce2003	unchecked			
2286	Pierce2006	unchecked			
2286	Pokorny1959	unchecked			
2286	Polome1967	unchecked			
2286	Polome1994	unchecked			
2286	Repansek2012	unchecked			
2286	Rice1994	unchecked			
2286	Ringe1984	unchecked			
2286	Ringe2017	unchecked			
2286	RingeTaylor2014	unchecked			
2286	Seebold1970	unchecked			
2286	SieversBrunner1965	unchecked			
2286	StauslandJohnsen2015	unchecked			
2286	Stiles1985	unchecked			
2286	Stiles1986a	unchecked			
2286	Stiles1986b	unchecked			
2286	Stiles2012	unchecked			
2286	Stiles2017	unchecked			
2286	Streitberg1896	unchecked			
2286	Sweet1953	unchecked			
2286	Thorhallsdottir1993	unchecked			
2286	Toon1992	unchecked			
2286	Versloot2017	unchecked			
2286	Versloot2021	unchecked			
2286	Versloot2025	unchecked			
2286	Vine2019	unchecked			
2286	Waxenberger2019	unchecked			
2286	WrightWuelcker1884	unchecked			
2286	vanHelten1905	unchecked			
2287	Adamczyk2001	unchecked			
2287	Bammesberger1990	unchecked			
2287	Bammesberger1992	unchecked			
2287	Bammesberger1997	unchecked			
2287	Beekes2010	unchecked			
2287	Bennett1950	unchecked			
2287	BosworthToller1898	unchecked			
2287	Bremmer2008	unchecked			
2287	Bremmer2009	unchecked			
2287	Bright1917	unchecked			
2287	Bulbring1902	unchecked			
2287	CaedmonsHymnVitt1452	unchecked			
2287	Campbell1939	unchecked			
2287	Campbell1959	unchecked			
2287	Cercignani1979	unchecked			
2287	Cercignani1980	unchecked			
2287	ClarkHall1960	unchecked			
2287	Crist2001	unchecked			
2287	Crist2002	unchecked			
2287	Erdmann1972	unchecked			
2287	Fulk2018	unchecked			
2287	GermanicSlavicBaltic2025	unchecked			
2287	Goblirsch1991	unchecked			
2287	Hamp1990	unchecked			
2287	Hirt1931	unchecked			
2287	Hogg1979	unchecked			
2287	HoggGrammar2011	unchecked			
2287	HoggIntroduction1992	unchecked			
2287	HoggPhonology1992	unchecked			
2287	HowellSalmons1988	unchecked			
2287	Kaluza1900	unchecked			
2287	Kastovsky1992	unchecked			
2287	Kilday2024	unchecked			
2287	KlugeSeebold2011	unchecked			
2287	Kortlandt2008	unchecked			
2287	Kroonen2006	unchecked			
2287	Kroonen2011	unchecked			
2287	Kroonen2013	unchecked			
2287	Kylstra1983	unchecked			
2287	Laker2007	unchecked			
2287	Lid1952	unchecked			
2287	Lloyd1966	unchecked			
2287	LloydSpringer1988	unchecked			
2287	Luehr1993	unchecked			
2287	Luick1914	unchecked			
2287	Mayrhofer1992	unchecked			
2287	Mees2020	unchecked			
2287	NeriRingeReview	unchecked			
2287	Nielsen2001	unchecked			
2287	Orel2003	unchecked			
2287	Pierce1999	unchecked			
2287	Pierce2003	unchecked			
2287	Pierce2006	unchecked			
2287	Pokorny1959	unchecked			
2287	Polome1967	unchecked			
2287	Polome1994	unchecked			
2287	Repansek2012	unchecked			
2287	Rice1994	unchecked			
2287	Ringe1984	unchecked			
2287	Ringe2017	unchecked			
2287	RingeTaylor2014	unchecked			
2287	Seebold1970	unchecked			
2287	SieversBrunner1965	unchecked			
2287	StauslandJohnsen2015	unchecked			
2287	Stiles1985	unchecked			
2287	Stiles1986a	unchecked			
2287	Stiles1986b	unchecked			
2287	Stiles2012	unchecked			
2287	Stiles2017	unchecked			
2287	Streitberg1896	unchecked			
2287	Sweet1953	unchecked			
2287	Thorhallsdottir1993	unchecked			
2287	Toon1992	unchecked			
2287	Versloot2017	unchecked			
2287	Versloot2021	unchecked			
2287	Versloot2025	unchecked			
2287	Vine2019	unchecked			
2287	Waxenberger2019	unchecked			
2287	WrightWuelcker1884	unchecked			
2287	vanHelten1905	unchecked			
2288	Adamczyk2001	unchecked			
2288	Bammesberger1990	unchecked			
2288	Bammesberger1992	unchecked			
2288	Bammesberger1997	unchecked			
2288	Beekes2010	unchecked			
2288	Bennett1950	unchecked			
2288	BosworthToller1898	unchecked			
2288	Bremmer2008	unchecked			
2288	Bremmer2009	unchecked			
2288	Bright1917	unchecked			
2288	Bulbring1902	unchecked			
2288	CaedmonsHymnVitt1452	unchecked			
2288	Campbell1939	unchecked			
2288	Campbell1959	unchecked			
2288	Cercignani1979	unchecked			
2288	Cercignani1980	unchecked			
2288	ClarkHall1960	unchecked			
2288	Crist2001	unchecked			
2288	Crist2002	unchecked			
2288	Erdmann1972	unchecked			
2288	Fulk2018	unchecked			
2288	GermanicSlavicBaltic2025	unchecked			
2288	Goblirsch1991	unchecked			
2288	Hamp1990	unchecked			
2288	Hirt1931	unchecked			
2288	Hogg1979	unchecked			
2288	HoggGrammar2011	unchecked			
2288	HoggIntroduction1992	unchecked			
2288	HoggPhonology1992	unchecked			
2288	HowellSalmons1988	unchecked			
2288	Kaluza1900	unchecked			
2288	Kastovsky1992	unchecked			
2288	Kilday2024	unchecked			
2288	KlugeSeebold2011	unchecked			
2288	Kortlandt2008	unchecked			
2288	Kroonen2006	unchecked			
2288	Kroonen2011	unchecked			
2288	Kroonen2013	unchecked			
2288	Kylstra1983	unchecked			
2288	Laker2007	unchecked			
2288	Lid1952	unchecked			
2288	Lloyd1966	unchecked			
2288	LloydSpringer1988	unchecked			
2288	Luehr1993	unchecked			
2288	Luick1914	unchecked			
2288	Mayrhofer1992	unchecked			
2288	Mees2020	unchecked			
2288	NeriRingeReview	unchecked			
2288	Nielsen2001	unchecked			
2288	Orel2003	unchecked			
2288	Pierce1999	unchecked			
2288	Pierce2003	unchecked			
2288	Pierce2006	unchecked			
2288	Pokorny1959	unchecked			
2288	Polome1967	unchecked			
2288	Polome1994	unchecked			
2288	Repansek2012	unchecked			
2288	Rice1994	unchecked			
2288	Ringe1984	unchecked			
2288	Ringe2017	unchecked			
2288	RingeTaylor2014	unchecked			
2288	Seebold1970	unchecked			
2288	SieversBrunner1965	unchecked			
2288	StauslandJohnsen2015	unchecked			
2288	Stiles1985	unchecked			
2288	Stiles1986a	unchecked			
2288	Stiles1986b	unchecked			
2288	Stiles2012	unchecked			
2288	Stiles2017	unchecked			
2288	Streitberg1896	unchecked			
2288	Sweet1953	unchecked			
2288	Thorhallsdottir1993	unchecked			
2288	Toon1992	unchecked			
2288	Versloot2017	unchecked			
2288	Versloot2021	unchecked			
2288	Versloot2025	unchecked			
2288	Vine2019	unchecked			
2288	Waxenberger2019	unchecked			
2288	WrightWuelcker1884	unchecked			
2288	vanHelten1905	unchecked			
2289	Adamczyk2001	unchecked			
2289	Bammesberger1990	unchecked			
2289	Bammesberger1992	unchecked			
2289	Bammesberger1997	unchecked			
2289	Beekes2010	unchecked			
2289	Bennett1950	unchecked			
2289	BosworthToller1898	unchecked			
2289	Bremmer2008	unchecked			
2289	Bremmer2009	unchecked			
2289	Bright1917	unchecked			
2289	Bulbring1902	unchecked			
2289	CaedmonsHymnVitt1452	unchecked			
2289	Campbell1939	unchecked			
2289	Campbell1959	unchecked			
2289	Cercignani1979	unchecked			
2289	Cercignani1980	unchecked			
2289	ClarkHall1960	unchecked			
2289	Crist2001	unchecked			
2289	Crist2002	unchecked			
2289	Erdmann1972	unchecked			
2289	Fulk2018	unchecked			
2289	GermanicSlavicBaltic2025	unchecked			
2289	Goblirsch1991	unchecked			
2289	Hamp1990	unchecked			
2289	Hirt1931	unchecked			
2289	Hogg1979	unchecked			
2289	HoggGrammar2011	unchecked			
2289	HoggIntroduction1992	unchecked			
2289	HoggPhonology1992	unchecked			
2289	HowellSalmons1988	unchecked			
2289	Kaluza1900	unchecked			
2289	Kastovsky1992	unchecked			
2289	Kilday2024	unchecked			
2289	KlugeSeebold2011	unchecked			
2289	Kortlandt2008	unchecked			
2289	Kroonen2006	unchecked			
2289	Kroonen2011	unchecked			
2289	Kroonen2013	unchecked			
2289	Kylstra1983	unchecked			
2289	Laker2007	unchecked			
2289	Lid1952	unchecked			
2289	Lloyd1966	unchecked			
2289	LloydSpringer1988	unchecked			
2289	Luehr1993	unchecked			
2289	Luick1914	unchecked			
2289	Mayrhofer1992	unchecked			
2289	Mees2020	unchecked			
2289	NeriRingeReview	unchecked			
2289	Nielsen2001	unchecked			
2289	Orel2003	unchecked			
2289	Pierce1999	unchecked			
2289	Pierce2003	unchecked			
2289	Pierce2006	unchecked			
2289	Pokorny1959	unchecked			
2289	Polome1967	unchecked			
2289	Polome1994	unchecked			
2289	Repansek2012	unchecked			
2289	Rice1994	unchecked			
2289	Ringe1984	unchecked			
2289	Ringe2017	unchecked			
2289	RingeTaylor2014	unchecked			
2289	Seebold1970	unchecked			
2289	SieversBrunner1965	unchecked			
2289	StauslandJohnsen2015	unchecked			
2289	Stiles1985	unchecked			
2289	Stiles1986a	unchecked			
2289	Stiles1986b	unchecked			
2289	Stiles2012	unchecked			
2289	Stiles2017	unchecked			
2289	Streitberg1896	unchecked			
2289	Sweet1953	unchecked			
2289	Thorhallsdottir1993	unchecked			
2289	Toon1992	unchecked			
2289	Versloot2017	unchecked			
2289	Versloot2021	unchecked			
2289	Versloot2025	unchecked			
2289	Vine2019	unchecked			
2289	Waxenberger2019	unchecked			
2289	WrightWuelcker1884	unchecked			
2289	vanHelten1905	unchecked			
2290	Adamczyk2001	unchecked			
2290	Bammesberger1990	unchecked			
2290	Bammesberger1992	unchecked			
2290	Bammesberger1997	unchecked			
2290	Beekes2010	unchecked			
2290	Bennett1950	unchecked			
2290	BosworthToller1898	unchecked			
2290	Bremmer2008	unchecked			
2290	Bremmer2009	unchecked			
2290	Bright1917	unchecked			
2290	Bulbring1902	unchecked			
2290	CaedmonsHymnVitt1452	unchecked			
2290	Campbell1939	unchecked			
2290	Campbell1959	unchecked			
2290	Cercignani1979	unchecked			
2290	Cercignani1980	unchecked			
2290	ClarkHall1960	unchecked			
2290	Crist2001	unchecked			
2290	Crist2002	unchecked			
2290	Erdmann1972	unchecked			
2290	Fulk2018	unchecked			
2290	GermanicSlavicBaltic2025	unchecked			
2290	Goblirsch1991	unchecked			
2290	Hamp1990	unchecked			
2290	Hirt1931	unchecked			
2290	Hogg1979	unchecked			
2290	HoggGrammar2011	unchecked			
2290	HoggIntroduction1992	unchecked			
2290	HoggPhonology1992	unchecked			
2290	HowellSalmons1988	unchecked			
2290	Kaluza1900	unchecked			
2290	Kastovsky1992	unchecked			
2290	Kilday2024	unchecked			
2290	KlugeSeebold2011	unchecked			
2290	Kortlandt2008	unchecked			
2290	Kroonen2006	unchecked			
2290	Kroonen2011	unchecked			
2290	Kroonen2013	unchecked			
2290	Kylstra1983	unchecked			
2290	Laker2007	unchecked			
2290	Lid1952	unchecked			
2290	Lloyd1966	unchecked			
2290	LloydSpringer1988	unchecked			
2290	Luehr1993	unchecked			
2290	Luick1914	unchecked			
2290	Mayrhofer1992	unchecked			
2290	Mees2020	unchecked			
2290	NeriRingeReview	unchecked			
2290	Nielsen2001	unchecked			
2290	Orel2003	unchecked			
2290	Pierce1999	unchecked			
2290	Pierce2003	unchecked			
2290	Pierce2006	unchecked			
2290	Pokorny1959	unchecked			
2290	Polome1967	unchecked			
2290	Polome1994	unchecked			
2290	Repansek2012	unchecked			
2290	Rice1994	unchecked			
2290	Ringe1984	unchecked			
2290	Ringe2017	unchecked			
2290	RingeTaylor2014	unchecked			
2290	Seebold1970	unchecked			
2290	SieversBrunner1965	unchecked			
2290	StauslandJohnsen2015	unchecked			
2290	Stiles1985	unchecked			
2290	Stiles1986a	unchecked			
2290	Stiles1986b	unchecked			
2290	Stiles2012	unchecked			
2290	Stiles2017	unchecked			
2290	Streitberg1896	unchecked			
2290	Sweet1953	unchecked			
2290	Thorhallsdottir1993	unchecked			
2290	Toon1992	unchecked			
2290	Versloot2017	unchecked			
2290	Versloot2021	unchecked			
2290	Versloot2025	unchecked			
2290	Vine2019	unchecked			
2290	Waxenberger2019	unchecked			
2290	WrightWuelcker1884	unchecked			
2290	vanHelten1905	unchecked			
2291	Adamczyk2001	unchecked			
2291	Bammesberger1990	unchecked			
2291	Bammesberger1992	unchecked			
2291	Bammesberger1997	unchecked			
2291	Beekes2010	unchecked			
2291	Bennett1950	unchecked			
2291	BosworthToller1898	unchecked			
2291	Bremmer2008	unchecked			
2291	Bremmer2009	unchecked			
2291	Bright1917	unchecked			
2291	Bulbring1902	unchecked			
2291	CaedmonsHymnVitt1452	unchecked			
2291	Campbell1939	unchecked			
2291	Campbell1959	unchecked			
2291	Cercignani1979	unchecked			
2291	Cercignani1980	unchecked			
2291	ClarkHall1960	unchecked			
2291	Crist2001	unchecked			
2291	Crist2002	unchecked			
2291	Erdmann1972	unchecked			
2291	Fulk2018	unchecked			
2291	GermanicSlavicBaltic2025	unchecked			
2291	Goblirsch1991	unchecked			
2291	Hamp1990	unchecked			
2291	Hirt1931	unchecked			
2291	Hogg1979	unchecked			
2291	HoggGrammar2011	unchecked			
2291	HoggIntroduction1992	unchecked			
2291	HoggPhonology1992	unchecked			
2291	HowellSalmons1988	unchecked			
2291	Kaluza1900	unchecked			
2291	Kastovsky1992	unchecked			
2291	Kilday2024	unchecked			
2291	KlugeSeebold2011	unchecked			
2291	Kortlandt2008	unchecked			
2291	Kroonen2006	unchecked			
2291	Kroonen2011	unchecked			
2291	Kroonen2013	unchecked			
2291	Kylstra1983	unchecked			
2291	Laker2007	unchecked			
2291	Lid1952	unchecked			
2291	Lloyd1966	unchecked			
2291	LloydSpringer1988	unchecked			
2291	Luehr1993	unchecked			
2291	Luick1914	unchecked			
2291	Mayrhofer1992	unchecked			
2291	Mees2020	unchecked			
2291	NeriRingeReview	unchecked			
2291	Nielsen2001	unchecked			
2291	Orel2003	unchecked			
2291	Pierce1999	unchecked			
2291	Pierce2003	unchecked			
2291	Pierce2006	unchecked			
2291	Pokorny1959	unchecked			
2291	Polome1967	unchecked			
2291	Polome1994	unchecked			
2291	Repansek2012	unchecked			
2291	Rice1994	unchecked			
2291	Ringe1984	unchecked			
2291	Ringe2017	unchecked			
2291	RingeTaylor2014	unchecked			
2291	Seebold1970	unchecked			
2291	SieversBrunner1965	unchecked			
2291	StauslandJohnsen2015	unchecked			
2291	Stiles1985	unchecked			
2291	Stiles1986a	unchecked			
2291	Stiles1986b	unchecked			
2291	Stiles2012	unchecked			
2291	Stiles2017	unchecked			
2291	Streitberg1896	unchecked			
2291	Sweet1953	unchecked			
2291	Thorhallsdottir1993	unchecked			
2291	Toon1992	unchecked			
2291	Versloot2017	unchecked			
2291	Versloot2021	unchecked			
2291	Versloot2025	unchecked			
2291	Vine2019	unchecked			
2291	Waxenberger2019	unchecked			
2291	WrightWuelcker1884	unchecked			
2291	vanHelten1905	unchecked			
2292	Adamczyk2001	unchecked			
2292	Bammesberger1990	unchecked			
2292	Bammesberger1992	unchecked			
2292	Bammesberger1997	unchecked			
2292	Beekes2010	unchecked			
2292	Bennett1950	unchecked			
2292	BosworthToller1898	unchecked			
2292	Bremmer2008	unchecked			
2292	Bremmer2009	unchecked			
2292	Bright1917	unchecked			
2292	Bulbring1902	unchecked			
2292	CaedmonsHymnVitt1452	unchecked			
2292	Campbell1939	unchecked			
2292	Campbell1959	unchecked			
2292	Cercignani1979	unchecked			
2292	Cercignani1980	unchecked			
2292	ClarkHall1960	unchecked			
2292	Crist2001	unchecked			
2292	Crist2002	unchecked			
2292	Erdmann1972	unchecked			
2292	Fulk2018	unchecked			
2292	GermanicSlavicBaltic2025	unchecked			
2292	Goblirsch1991	unchecked			
2292	Hamp1990	unchecked			
2292	Hirt1931	unchecked			
2292	Hogg1979	unchecked			
2292	HoggGrammar2011	unchecked			
2292	HoggIntroduction1992	unchecked			
2292	HoggPhonology1992	unchecked			
2292	HowellSalmons1988	unchecked			
2292	Kaluza1900	unchecked			
2292	Kastovsky1992	unchecked			
2292	Kilday2024	unchecked			
2292	KlugeSeebold2011	unchecked			
2292	Kortlandt2008	unchecked			
2292	Kroonen2006	unchecked			
2292	Kroonen2011	unchecked			
2292	Kroonen2013	unchecked			
2292	Kylstra1983	unchecked			
2292	Laker2007	unchecked			
2292	Lid1952	unchecked			
2292	Lloyd1966	unchecked			
2292	LloydSpringer1988	unchecked			
2292	Luehr1993	unchecked			
2292	Luick1914	unchecked			
2292	Mayrhofer1992	unchecked			
2292	Mees2020	unchecked			
2292	NeriRingeReview	unchecked			
2292	Nielsen2001	unchecked			
2292	Orel2003	unchecked			
2292	Pierce1999	unchecked			
2292	Pierce2003	unchecked			
2292	Pierce2006	unchecked			
2292	Pokorny1959	unchecked			
2292	Polome1967	unchecked			
2292	Polome1994	unchecked			
2292	Repansek2012	unchecked			
2292	Rice1994	unchecked			
2292	Ringe1984	unchecked			
2292	Ringe2017	unchecked			
2292	RingeTaylor2014	unchecked			
2292	Seebold1970	unchecked			
2292	SieversBrunner1965	unchecked			
2292	StauslandJohnsen2015	unchecked			
2292	Stiles1985	unchecked			
2292	Stiles1986a	unchecked			
2292	Stiles1986b	unchecked			
2292	Stiles2012	unchecked			
2292	Stiles2017	unchecked			
2292	Streitberg1896	unchecked			
2292	Sweet1953	unchecked			
2292	Thorhallsdottir1993	unchecked			
2292	Toon1992	unchecked			
2292	Versloot2017	unchecked			
2292	Versloot2021	unchecked			
2292	Versloot2025	unchecked			
2292	Vine2019	unchecked			
2292	Waxenberger2019	unchecked			
2292	WrightWuelcker1884	unchecked			
2292	vanHelten1905	unchecked			
2293	Adamczyk2001	unchecked			
2293	Bammesberger1990	unchecked			
2293	Bammesberger1992	unchecked			
2293	Bammesberger1997	unchecked			
2293	Beekes2010	unchecked			
2293	Bennett1950	unchecked			
2293	BosworthToller1898	unchecked			
2293	Bremmer2008	unchecked			
2293	Bremmer2009	unchecked			
2293	Bright1917	unchecked			
2293	Bulbring1902	unchecked			
2293	CaedmonsHymnVitt1452	unchecked			
2293	Campbell1939	unchecked			
2293	Campbell1959	unchecked			
2293	Cercignani1979	unchecked			
2293	Cercignani1980	unchecked			
2293	ClarkHall1960	unchecked			
2293	Crist2001	unchecked			
2293	Crist2002	unchecked			
2293	Erdmann1972	unchecked			
2293	Fulk2018	unchecked			
2293	GermanicSlavicBaltic2025	unchecked			
2293	Goblirsch1991	unchecked			
2293	Hamp1990	unchecked			
2293	Hirt1931	unchecked			
2293	Hogg1979	unchecked			
2293	HoggGrammar2011	unchecked			
2293	HoggIntroduction1992	unchecked			
2293	HoggPhonology1992	unchecked			
2293	HowellSalmons1988	unchecked			
2293	Kaluza1900	unchecked			
2293	Kastovsky1992	unchecked			
2293	Kilday2024	unchecked			
2293	KlugeSeebold2011	unchecked			
2293	Kortlandt2008	unchecked			
2293	Kroonen2006	unchecked			
2293	Kroonen2011	unchecked			
2293	Kroonen2013	unchecked			
2293	Kylstra1983	unchecked			
2293	Laker2007	unchecked			
2293	Lid1952	unchecked			
2293	Lloyd1966	unchecked			
2293	LloydSpringer1988	unchecked			
2293	Luehr1993	unchecked			
2293	Luick1914	unchecked			
2293	Mayrhofer1992	unchecked			
2293	Mees2020	unchecked			
2293	NeriRingeReview	unchecked			
2293	Nielsen2001	unchecked			
2293	Orel2003	unchecked			
2293	Pierce1999	unchecked			
2293	Pierce2003	unchecked			
2293	Pierce2006	unchecked			
2293	Pokorny1959	unchecked			
2293	Polome1967	unchecked			
2293	Polome1994	unchecked			
2293	Repansek2012	unchecked			
2293	Rice1994	unchecked			
2293	Ringe1984	unchecked			
2293	Ringe2017	unchecked			
2293	RingeTaylor2014	unchecked			
2293	Seebold1970	unchecked			
2293	SieversBrunner1965	unchecked			
2293	StauslandJohnsen2015	unchecked			
2293	Stiles1985	unchecked			
2293	Stiles1986a	unchecked			
2293	Stiles1986b	unchecked			
2293	Stiles2012	unchecked			
2293	Stiles2017	unchecked			
2293	Streitberg1896	unchecked			
2293	Sweet1953	unchecked			
2293	Thorhallsdottir1993	unchecked			
2293	Toon1992	unchecked			
2293	Versloot2017	unchecked			
2293	Versloot2021	unchecked			
2293	Versloot2025	unchecked			
2293	Vine2019	unchecked			
2293	Waxenberger2019	unchecked			
2293	WrightWuelcker1884	unchecked			
2293	vanHelten1905	unchecked			
2294	Adamczyk2001	unchecked			
2294	Bammesberger1990	unchecked			
2294	Bammesberger1992	unchecked			
2294	Bammesberger1997	unchecked			
2294	Beekes2010	unchecked			
2294	Bennett1950	unchecked			
2294	BosworthToller1898	unchecked			
2294	Bremmer2008	unchecked			
2294	Bremmer2009	unchecked			
2294	Bright1917	unchecked			
2294	Bulbring1902	unchecked			
2294	CaedmonsHymnVitt1452	unchecked			
2294	Campbell1939	unchecked			
2294	Campbell1959	unchecked			
2294	Cercignani1979	unchecked			
2294	Cercignani1980	discussion_only	raising-cercignani-dating	Abstract126 and section1,126-129, read; compare printed wind noun from PIE *wentos with corpus windan/*wíndaną.	Only the general raising/dating argument applies; the noun example does not attest this verb's reconstruction.
2294	ClarkHall1960	unchecked			
2294	Crist2001	unchecked			
2294	Crist2002	unchecked			
2294	Erdmann1972	unchecked			
2294	Fulk2018	unchecked			
2294	GermanicSlavicBaltic2025	unchecked			
2294	Goblirsch1991	unchecked			
2294	Hamp1990	unchecked			
2294	Hirt1931	unchecked			
2294	Hogg1979	unchecked			
2294	HoggGrammar2011	unchecked			
2294	HoggIntroduction1992	unchecked			
2294	HoggPhonology1992	unchecked			
2294	HowellSalmons1988	unchecked			
2294	Kaluza1900	unchecked			
2294	Kastovsky1992	unchecked			
2294	Kilday2024	unchecked			
2294	KlugeSeebold2011	unchecked			
2294	Kortlandt2008	unchecked			
2294	Kroonen2006	unchecked			
2294	Kroonen2011	unchecked			
2294	Kroonen2013	unchecked			
2294	Kylstra1983	unchecked			
2294	Laker2007	unchecked			
2294	Lid1952	unchecked			
2294	Lloyd1966	unchecked			
2294	LloydSpringer1988	unchecked			
2294	Luehr1993	unchecked			
2294	Luick1914	unchecked			
2294	Mayrhofer1992	unchecked			
2294	Mees2020	unchecked			
2294	NeriRingeReview	unchecked			
2294	Nielsen2001	unchecked			
2294	Orel2003	unchecked			
2294	Pierce1999	unchecked			
2294	Pierce2003	unchecked			
2294	Pierce2006	unchecked			
2294	Pokorny1959	unchecked			
2294	Polome1967	unchecked			
2294	Polome1994	unchecked			
2294	Repansek2012	unchecked			
2294	Rice1994	unchecked			
2294	Ringe1984	unchecked			
2294	Ringe2017	unchecked			
2294	RingeTaylor2014	unchecked			
2294	Seebold1970	unchecked			
2294	SieversBrunner1965	unchecked			
2294	StauslandJohnsen2015	unchecked			
2294	Stiles1985	unchecked			
2294	Stiles1986a	unchecked			
2294	Stiles1986b	unchecked			
2294	Stiles2012	unchecked			
2294	Stiles2017	unchecked			
2294	Streitberg1896	unchecked			
2294	Sweet1953	unchecked			
2294	Thorhallsdottir1993	unchecked			
2294	Toon1992	unchecked			
2294	Versloot2017	unchecked			
2294	Versloot2021	unchecked			
2294	Versloot2025	unchecked			
2294	Vine2019	unchecked			
2294	Waxenberger2019	unchecked			
2294	WrightWuelcker1884	unchecked			
2294	vanHelten1905	unchecked			
2295	Adamczyk2001	unchecked			
2295	Bammesberger1990	unchecked			
2295	Bammesberger1992	unchecked			
2295	Bammesberger1997	unchecked			
2295	Beekes2010	unchecked			
2295	Bennett1950	unchecked			
2295	BosworthToller1898	unchecked			
2295	Bremmer2008	unchecked			
2295	Bremmer2009	unchecked			
2295	Bright1917	unchecked			
2295	Bulbring1902	unchecked			
2295	CaedmonsHymnVitt1452	unchecked			
2295	Campbell1939	unchecked			
2295	Campbell1959	unchecked			
2295	Cercignani1979	unchecked			
2295	Cercignani1980	unchecked			
2295	ClarkHall1960	unchecked			
2295	Crist2001	unchecked			
2295	Crist2002	unchecked			
2295	Erdmann1972	unchecked			
2295	Fulk2018	unchecked			
2295	GermanicSlavicBaltic2025	unchecked			
2295	Goblirsch1991	unchecked			
2295	Hamp1990	unchecked			
2295	Hirt1931	unchecked			
2295	Hogg1979	unchecked			
2295	HoggGrammar2011	unchecked			
2295	HoggIntroduction1992	unchecked			
2295	HoggPhonology1992	unchecked			
2295	HowellSalmons1988	unchecked			
2295	Kaluza1900	unchecked			
2295	Kastovsky1992	unchecked			
2295	Kilday2024	unchecked			
2295	KlugeSeebold2011	unchecked			
2295	Kortlandt2008	unchecked			
2295	Kroonen2006	unchecked			
2295	Kroonen2011	unchecked			
2295	Kroonen2013	unchecked			
2295	Kylstra1983	unchecked			
2295	Laker2007	unchecked			
2295	Lid1952	unchecked			
2295	Lloyd1966	unchecked			
2295	LloydSpringer1988	unchecked			
2295	Luehr1993	unchecked			
2295	Luick1914	unchecked			
2295	Mayrhofer1992	unchecked			
2295	Mees2020	unchecked			
2295	NeriRingeReview	unchecked			
2295	Nielsen2001	unchecked			
2295	Orel2003	unchecked			
2295	Pierce1999	unchecked			
2295	Pierce2003	unchecked			
2295	Pierce2006	unchecked			
2295	Pokorny1959	unchecked			
2295	Polome1967	unchecked			
2295	Polome1994	unchecked			
2295	Repansek2012	unchecked			
2295	Rice1994	unchecked			
2295	Ringe1984	unchecked			
2295	Ringe2017	unchecked			
2295	RingeTaylor2014	unchecked			
2295	Seebold1970	unchecked			
2295	SieversBrunner1965	unchecked			
2295	StauslandJohnsen2015	unchecked			
2295	Stiles1985	unchecked			
2295	Stiles1986a	unchecked			
2295	Stiles1986b	unchecked			
2295	Stiles2012	unchecked			
2295	Stiles2017	unchecked			
2295	Streitberg1896	unchecked			
2295	Sweet1953	unchecked			
2295	Thorhallsdottir1993	unchecked			
2295	Toon1992	unchecked			
2295	Versloot2017	unchecked			
2295	Versloot2021	unchecked			
2295	Versloot2025	unchecked			
2295	Vine2019	unchecked			
2295	Waxenberger2019	unchecked			
2295	WrightWuelcker1884	unchecked			
2295	vanHelten1905	unchecked			
2296	Adamczyk2001	unchecked			
2296	Bammesberger1990	unchecked			
2296	Bammesberger1992	unchecked			
2296	Bammesberger1997	unchecked			
2296	Beekes2010	unchecked			
2296	Bennett1950	unchecked			
2296	BosworthToller1898	unchecked			
2296	Bremmer2008	unchecked			
2296	Bremmer2009	unchecked			
2296	Bright1917	unchecked			
2296	Bulbring1902	unchecked			
2296	CaedmonsHymnVitt1452	unchecked			
2296	Campbell1939	unchecked			
2296	Campbell1959	unchecked			
2296	Cercignani1979	unchecked			
2296	Cercignani1980	unchecked			
2296	ClarkHall1960	unchecked			
2296	Crist2001	unchecked			
2296	Crist2002	unchecked			
2296	Erdmann1972	unchecked			
2296	Fulk2018	unchecked			
2296	GermanicSlavicBaltic2025	unchecked			
2296	Goblirsch1991	unchecked			
2296	Hamp1990	unchecked			
2296	Hirt1931	unchecked			
2296	Hogg1979	unchecked			
2296	HoggGrammar2011	unchecked			
2296	HoggIntroduction1992	unchecked			
2296	HoggPhonology1992	unchecked			
2296	HowellSalmons1988	unchecked			
2296	Kaluza1900	unchecked			
2296	Kastovsky1992	unchecked			
2296	Kilday2024	unchecked			
2296	KlugeSeebold2011	unchecked			
2296	Kortlandt2008	unchecked			
2296	Kroonen2006	unchecked			
2296	Kroonen2011	unchecked			
2296	Kroonen2013	unchecked			
2296	Kylstra1983	unchecked			
2296	Laker2007	unchecked			
2296	Lid1952	unchecked			
2296	Lloyd1966	unchecked			
2296	LloydSpringer1988	unchecked			
2296	Luehr1993	unchecked			
2296	Luick1914	unchecked			
2296	Mayrhofer1992	unchecked			
2296	Mees2020	unchecked			
2296	NeriRingeReview	unchecked			
2296	Nielsen2001	unchecked			
2296	Orel2003	unchecked			
2296	Pierce1999	unchecked			
2296	Pierce2003	unchecked			
2296	Pierce2006	unchecked			
2296	Pokorny1959	unchecked			
2296	Polome1967	unchecked			
2296	Polome1994	unchecked			
2296	Repansek2012	unchecked			
2296	Rice1994	unchecked			
2296	Ringe1984	unchecked			
2296	Ringe2017	unchecked			
2296	RingeTaylor2014	unchecked			
2296	Seebold1970	unchecked			
2296	SieversBrunner1965	unchecked			
2296	StauslandJohnsen2015	unchecked			
2296	Stiles1985	unchecked			
2296	Stiles1986a	unchecked			
2296	Stiles1986b	unchecked			
2296	Stiles2012	unchecked			
2296	Stiles2017	unchecked			
2296	Streitberg1896	unchecked			
2296	Sweet1953	unchecked			
2296	Thorhallsdottir1993	unchecked			
2296	Toon1992	unchecked			
2296	Versloot2017	unchecked			
2296	Versloot2021	unchecked			
2296	Versloot2025	unchecked			
2296	Vine2019	unchecked			
2296	Waxenberger2019	unchecked			
2296	WrightWuelcker1884	unchecked			
2296	vanHelten1905	unchecked			
2297	Adamczyk2001	unchecked			
2297	Bammesberger1990	unchecked			
2297	Bammesberger1992	unchecked			
2297	Bammesberger1997	unchecked			
2297	Beekes2010	unchecked			
2297	Bennett1950	unchecked			
2297	BosworthToller1898	unchecked			
2297	Bremmer2008	unchecked			
2297	Bremmer2009	unchecked			
2297	Bright1917	unchecked			
2297	Bulbring1902	unchecked			
2297	CaedmonsHymnVitt1452	unchecked			
2297	Campbell1939	unchecked			
2297	Campbell1959	unchecked			
2297	Cercignani1979	unchecked			
2297	Cercignani1980	unchecked			
2297	ClarkHall1960	unchecked			
2297	Crist2001	unchecked			
2297	Crist2002	unchecked			
2297	Erdmann1972	unchecked			
2297	Fulk2018	unchecked			
2297	GermanicSlavicBaltic2025	unchecked			
2297	Goblirsch1991	unchecked			
2297	Hamp1990	unchecked			
2297	Hirt1931	unchecked			
2297	Hogg1979	unchecked			
2297	HoggGrammar2011	unchecked			
2297	HoggIntroduction1992	unchecked			
2297	HoggPhonology1992	unchecked			
2297	HowellSalmons1988	unchecked			
2297	Kaluza1900	unchecked			
2297	Kastovsky1992	unchecked			
2297	Kilday2024	unchecked			
2297	KlugeSeebold2011	unchecked			
2297	Kortlandt2008	unchecked			
2297	Kroonen2006	unchecked			
2297	Kroonen2011	unchecked			
2297	Kroonen2013	unchecked			
2297	Kylstra1983	unchecked			
2297	Laker2007	unchecked			
2297	Lid1952	unchecked			
2297	Lloyd1966	unchecked			
2297	LloydSpringer1988	unchecked			
2297	Luehr1993	unchecked			
2297	Luick1914	unchecked			
2297	Mayrhofer1992	unchecked			
2297	Mees2020	unchecked			
2297	NeriRingeReview	unchecked			
2297	Nielsen2001	unchecked			
2297	Orel2003	unchecked			
2297	Pierce1999	unchecked			
2297	Pierce2003	unchecked			
2297	Pierce2006	unchecked			
2297	Pokorny1959	unchecked			
2297	Polome1967	unchecked			
2297	Polome1994	unchecked			
2297	Repansek2012	unchecked			
2297	Rice1994	unchecked			
2297	Ringe1984	unchecked			
2297	Ringe2017	unchecked			
2297	RingeTaylor2014	unchecked			
2297	Seebold1970	unchecked			
2297	SieversBrunner1965	unchecked			
2297	StauslandJohnsen2015	unchecked			
2297	Stiles1985	unchecked			
2297	Stiles1986a	unchecked			
2297	Stiles1986b	unchecked			
2297	Stiles2012	unchecked			
2297	Stiles2017	unchecked			
2297	Streitberg1896	unchecked			
2297	Sweet1953	unchecked			
2297	Thorhallsdottir1993	unchecked			
2297	Toon1992	unchecked			
2297	Versloot2017	unchecked			
2297	Versloot2021	unchecked			
2297	Versloot2025	unchecked			
2297	Vine2019	unchecked			
2297	Waxenberger2019	unchecked			
2297	WrightWuelcker1884	unchecked			
2297	vanHelten1905	unchecked			
2298	Adamczyk2001	unchecked			
2298	Bammesberger1990	unchecked			
2298	Bammesberger1992	unchecked			
2298	Bammesberger1997	unchecked			
2298	Beekes2010	unchecked			
2298	Bennett1950	unchecked			
2298	BosworthToller1898	unchecked			
2298	Bremmer2008	unchecked			
2298	Bremmer2009	unchecked			
2298	Bright1917	unchecked			
2298	Bulbring1902	unchecked			
2298	CaedmonsHymnVitt1452	unchecked			
2298	Campbell1939	unchecked			
2298	Campbell1959	unchecked			
2298	Cercignani1979	unchecked			
2298	Cercignani1980	unchecked			
2298	ClarkHall1960	unchecked			
2298	Crist2001	unchecked			
2298	Crist2002	unchecked			
2298	Erdmann1972	unchecked			
2298	Fulk2018	unchecked			
2298	GermanicSlavicBaltic2025	unchecked			
2298	Goblirsch1991	unchecked			
2298	Hamp1990	unchecked			
2298	Hirt1931	unchecked			
2298	Hogg1979	unchecked			
2298	HoggGrammar2011	unchecked			
2298	HoggIntroduction1992	unchecked			
2298	HoggPhonology1992	unchecked			
2298	HowellSalmons1988	unchecked			
2298	Kaluza1900	unchecked			
2298	Kastovsky1992	unchecked			
2298	Kilday2024	unchecked			
2298	KlugeSeebold2011	unchecked			
2298	Kortlandt2008	unchecked			
2298	Kroonen2006	unchecked			
2298	Kroonen2011	unchecked			
2298	Kroonen2013	unchecked			
2298	Kylstra1983	unchecked			
2298	Laker2007	unchecked			
2298	Lid1952	unchecked			
2298	Lloyd1966	unchecked			
2298	LloydSpringer1988	unchecked			
2298	Luehr1993	unchecked			
2298	Luick1914	unchecked			
2298	Mayrhofer1992	unchecked			
2298	Mees2020	unchecked			
2298	NeriRingeReview	unchecked			
2298	Nielsen2001	unchecked			
2298	Orel2003	unchecked			
2298	Pierce1999	unchecked			
2298	Pierce2003	unchecked			
2298	Pierce2006	unchecked			
2298	Pokorny1959	unchecked			
2298	Polome1967	unchecked			
2298	Polome1994	unchecked			
2298	Repansek2012	unchecked			
2298	Rice1994	unchecked			
2298	Ringe1984	unchecked			
2298	Ringe2017	unchecked			
2298	RingeTaylor2014	unchecked			
2298	Seebold1970	unchecked			
2298	SieversBrunner1965	unchecked			
2298	StauslandJohnsen2015	unchecked			
2298	Stiles1985	unchecked			
2298	Stiles1986a	unchecked			
2298	Stiles1986b	unchecked			
2298	Stiles2012	unchecked			
2298	Stiles2017	unchecked			
2298	Streitberg1896	unchecked			
2298	Sweet1953	unchecked			
2298	Thorhallsdottir1993	unchecked			
2298	Toon1992	unchecked			
2298	Versloot2017	unchecked			
2298	Versloot2021	unchecked			
2298	Versloot2025	unchecked			
2298	Vine2019	unchecked			
2298	Waxenberger2019	unchecked			
2298	WrightWuelcker1884	unchecked			
2298	vanHelten1905	unchecked			
2299	Adamczyk2001	unchecked			
2299	Bammesberger1990	unchecked			
2299	Bammesberger1992	unchecked			
2299	Bammesberger1997	unchecked			
2299	Beekes2010	unchecked			
2299	Bennett1950	unchecked			
2299	BosworthToller1898	unchecked			
2299	Bremmer2008	unchecked			
2299	Bremmer2009	unchecked			
2299	Bright1917	unchecked			
2299	Bulbring1902	unchecked			
2299	CaedmonsHymnVitt1452	unchecked			
2299	Campbell1939	unchecked			
2299	Campbell1959	unchecked			
2299	Cercignani1979	unchecked			
2299	Cercignani1980	unchecked			
2299	ClarkHall1960	unchecked			
2299	Crist2001	unchecked			
2299	Crist2002	unchecked			
2299	Erdmann1972	unchecked			
2299	Fulk2018	unchecked			
2299	GermanicSlavicBaltic2025	unchecked			
2299	Goblirsch1991	unchecked			
2299	Hamp1990	unchecked			
2299	Hirt1931	unchecked			
2299	Hogg1979	unchecked			
2299	HoggGrammar2011	unchecked			
2299	HoggIntroduction1992	unchecked			
2299	HoggPhonology1992	unchecked			
2299	HowellSalmons1988	unchecked			
2299	Kaluza1900	unchecked			
2299	Kastovsky1992	unchecked			
2299	Kilday2024	unchecked			
2299	KlugeSeebold2011	unchecked			
2299	Kortlandt2008	unchecked			
2299	Kroonen2006	unchecked			
2299	Kroonen2011	unchecked			
2299	Kroonen2013	unchecked			
2299	Kylstra1983	unchecked			
2299	Laker2007	unchecked			
2299	Lid1952	unchecked			
2299	Lloyd1966	unchecked			
2299	LloydSpringer1988	unchecked			
2299	Luehr1993	unchecked			
2299	Luick1914	unchecked			
2299	Mayrhofer1992	unchecked			
2299	Mees2020	unchecked			
2299	NeriRingeReview	unchecked			
2299	Nielsen2001	unchecked			
2299	Orel2003	unchecked			
2299	Pierce1999	unchecked			
2299	Pierce2003	unchecked			
2299	Pierce2006	unchecked			
2299	Pokorny1959	unchecked			
2299	Polome1967	unchecked			
2299	Polome1994	unchecked			
2299	Repansek2012	unchecked			
2299	Rice1994	unchecked			
2299	Ringe1984	unchecked			
2299	Ringe2017	unchecked			
2299	RingeTaylor2014	unchecked			
2299	Seebold1970	unchecked			
2299	SieversBrunner1965	unchecked			
2299	StauslandJohnsen2015	unchecked			
2299	Stiles1985	unchecked			
2299	Stiles1986a	unchecked			
2299	Stiles1986b	unchecked			
2299	Stiles2012	unchecked			
2299	Stiles2017	unchecked			
2299	Streitberg1896	unchecked			
2299	Sweet1953	unchecked			
2299	Thorhallsdottir1993	unchecked			
2299	Toon1992	unchecked			
2299	Versloot2017	unchecked			
2299	Versloot2021	unchecked			
2299	Versloot2025	unchecked			
2299	Vine2019	unchecked			
2299	Waxenberger2019	unchecked			
2299	WrightWuelcker1884	unchecked			
2299	vanHelten1905	unchecked			
2300	Adamczyk2001	unchecked			
2300	Bammesberger1990	unchecked			
2300	Bammesberger1992	unchecked			
2300	Bammesberger1997	unchecked			
2300	Beekes2010	unchecked			
2300	Bennett1950	unchecked			
2300	BosworthToller1898	unchecked			
2300	Bremmer2008	unchecked			
2300	Bremmer2009	unchecked			
2300	Bright1917	unchecked			
2300	Bulbring1902	unchecked			
2300	CaedmonsHymnVitt1452	unchecked			
2300	Campbell1939	unchecked			
2300	Campbell1959	unchecked			
2300	Cercignani1979	unchecked			
2300	Cercignani1980	unchecked			
2300	ClarkHall1960	unchecked			
2300	Crist2001	unchecked			
2300	Crist2002	unchecked			
2300	Erdmann1972	unchecked			
2300	Fulk2018	unchecked			
2300	GermanicSlavicBaltic2025	unchecked			
2300	Goblirsch1991	unchecked			
2300	Hamp1990	unchecked			
2300	Hirt1931	unchecked			
2300	Hogg1979	unchecked			
2300	HoggGrammar2011	unchecked			
2300	HoggIntroduction1992	unchecked			
2300	HoggPhonology1992	unchecked			
2300	HowellSalmons1988	unchecked			
2300	Kaluza1900	unchecked			
2300	Kastovsky1992	unchecked			
2300	Kilday2024	unchecked			
2300	KlugeSeebold2011	unchecked			
2300	Kortlandt2008	unchecked			
2300	Kroonen2006	unchecked			
2300	Kroonen2011	unchecked			
2300	Kroonen2013	unchecked			
2300	Kylstra1983	unchecked			
2300	Laker2007	unchecked			
2300	Lid1952	unchecked			
2300	Lloyd1966	unchecked			
2300	LloydSpringer1988	unchecked			
2300	Luehr1993	unchecked			
2300	Luick1914	unchecked			
2300	Mayrhofer1992	unchecked			
2300	Mees2020	unchecked			
2300	NeriRingeReview	unchecked			
2300	Nielsen2001	unchecked			
2300	Orel2003	unchecked			
2300	Pierce1999	unchecked			
2300	Pierce2003	unchecked			
2300	Pierce2006	unchecked			
2300	Pokorny1959	unchecked			
2300	Polome1967	unchecked			
2300	Polome1994	unchecked			
2300	Repansek2012	unchecked			
2300	Rice1994	unchecked			
2300	Ringe1984	unchecked			
2300	Ringe2017	unchecked			
2300	RingeTaylor2014	unchecked			
2300	Seebold1970	unchecked			
2300	SieversBrunner1965	unchecked			
2300	StauslandJohnsen2015	unchecked			
2300	Stiles1985	unchecked			
2300	Stiles1986a	unchecked			
2300	Stiles1986b	unchecked			
2300	Stiles2012	unchecked			
2300	Stiles2017	unchecked			
2300	Streitberg1896	unchecked			
2300	Sweet1953	unchecked			
2300	Thorhallsdottir1993	unchecked			
2300	Toon1992	unchecked			
2300	Versloot2017	unchecked			
2300	Versloot2021	unchecked			
2300	Versloot2025	unchecked			
2300	Vine2019	unchecked			
2300	Waxenberger2019	unchecked			
2300	WrightWuelcker1884	unchecked			
2300	vanHelten1905	unchecked			
2301	Adamczyk2001	unchecked			
2301	Bammesberger1990	unchecked			
2301	Bammesberger1992	unchecked			
2301	Bammesberger1997	unchecked			
2301	Beekes2010	unchecked			
2301	Bennett1950	unchecked			
2301	BosworthToller1898	unchecked			
2301	Bremmer2008	unchecked			
2301	Bremmer2009	unchecked			
2301	Bright1917	unchecked			
2301	Bulbring1902	unchecked			
2301	CaedmonsHymnVitt1452	unchecked			
2301	Campbell1939	unchecked			
2301	Campbell1959	unchecked			
2301	Cercignani1979	unchecked			
2301	Cercignani1980	unchecked			
2301	ClarkHall1960	unchecked			
2301	Crist2001	unchecked			
2301	Crist2002	unchecked			
2301	Erdmann1972	unchecked			
2301	Fulk2018	unchecked			
2301	GermanicSlavicBaltic2025	unchecked			
2301	Goblirsch1991	unchecked			
2301	Hamp1990	unchecked			
2301	Hirt1931	unchecked			
2301	Hogg1979	unchecked			
2301	HoggGrammar2011	unchecked			
2301	HoggIntroduction1992	unchecked			
2301	HoggPhonology1992	unchecked			
2301	HowellSalmons1988	unchecked			
2301	Kaluza1900	unchecked			
2301	Kastovsky1992	unchecked			
2301	Kilday2024	unchecked			
2301	KlugeSeebold2011	unchecked			
2301	Kortlandt2008	unchecked			
2301	Kroonen2006	unchecked			
2301	Kroonen2011	unchecked			
2301	Kroonen2013	unchecked			
2301	Kylstra1983	unchecked			
2301	Laker2007	unchecked			
2301	Lid1952	unchecked			
2301	Lloyd1966	unchecked			
2301	LloydSpringer1988	unchecked			
2301	Luehr1993	unchecked			
2301	Luick1914	unchecked			
2301	Mayrhofer1992	unchecked			
2301	Mees2020	unchecked			
2301	NeriRingeReview	unchecked			
2301	Nielsen2001	unchecked			
2301	Orel2003	unchecked			
2301	Pierce1999	unchecked			
2301	Pierce2003	unchecked			
2301	Pierce2006	unchecked			
2301	Pokorny1959	unchecked			
2301	Polome1967	unchecked			
2301	Polome1994	unchecked			
2301	Repansek2012	unchecked			
2301	Rice1994	unchecked			
2301	Ringe1984	unchecked			
2301	Ringe2017	unchecked			
2301	RingeTaylor2014	unchecked			
2301	Seebold1970	unchecked			
2301	SieversBrunner1965	unchecked			
2301	StauslandJohnsen2015	unchecked			
2301	Stiles1985	unchecked			
2301	Stiles1986a	unchecked			
2301	Stiles1986b	unchecked			
2301	Stiles2012	unchecked			
2301	Stiles2017	unchecked			
2301	Streitberg1896	unchecked			
2301	Sweet1953	unchecked			
2301	Thorhallsdottir1993	unchecked			
2301	Toon1992	unchecked			
2301	Versloot2017	unchecked			
2301	Versloot2021	unchecked			
2301	Versloot2025	unchecked			
2301	Vine2019	unchecked			
2301	Waxenberger2019	unchecked			
2301	WrightWuelcker1884	unchecked			
2301	vanHelten1905	unchecked			
2302	Adamczyk2001	unchecked			
2302	Bammesberger1990	unchecked			
2302	Bammesberger1992	unchecked			
2302	Bammesberger1997	unchecked			
2302	Beekes2010	unchecked			
2302	Bennett1950	unchecked			
2302	BosworthToller1898	unchecked			
2302	Bremmer2008	unchecked			
2302	Bremmer2009	unchecked			
2302	Bright1917	unchecked			
2302	Bulbring1902	unchecked			
2302	CaedmonsHymnVitt1452	unchecked			
2302	Campbell1939	unchecked			
2302	Campbell1959	unchecked			
2302	Cercignani1979	unchecked			
2302	Cercignani1980	unchecked			
2302	ClarkHall1960	unchecked			
2302	Crist2001	unchecked			
2302	Crist2002	unchecked			
2302	Erdmann1972	unchecked			
2302	Fulk2018	unchecked			
2302	GermanicSlavicBaltic2025	unchecked			
2302	Goblirsch1991	unchecked			
2302	Hamp1990	unchecked			
2302	Hirt1931	unchecked			
2302	Hogg1979	unchecked			
2302	HoggGrammar2011	unchecked			
2302	HoggIntroduction1992	unchecked			
2302	HoggPhonology1992	unchecked			
2302	HowellSalmons1988	unchecked			
2302	Kaluza1900	unchecked			
2302	Kastovsky1992	unchecked			
2302	Kilday2024	unchecked			
2302	KlugeSeebold2011	unchecked			
2302	Kortlandt2008	unchecked			
2302	Kroonen2006	unchecked			
2302	Kroonen2011	unchecked			
2302	Kroonen2013	unchecked			
2302	Kylstra1983	unchecked			
2302	Laker2007	unchecked			
2302	Lid1952	unchecked			
2302	Lloyd1966	unchecked			
2302	LloydSpringer1988	unchecked			
2302	Luehr1993	unchecked			
2302	Luick1914	unchecked			
2302	Mayrhofer1992	unchecked			
2302	Mees2020	unchecked			
2302	NeriRingeReview	unchecked			
2302	Nielsen2001	unchecked			
2302	Orel2003	unchecked			
2302	Pierce1999	unchecked			
2302	Pierce2003	unchecked			
2302	Pierce2006	unchecked			
2302	Pokorny1959	unchecked			
2302	Polome1967	unchecked			
2302	Polome1994	unchecked			
2302	Repansek2012	unchecked			
2302	Rice1994	unchecked			
2302	Ringe1984	unchecked			
2302	Ringe2017	unchecked			
2302	RingeTaylor2014	unchecked			
2302	Seebold1970	unchecked			
2302	SieversBrunner1965	unchecked			
2302	StauslandJohnsen2015	unchecked			
2302	Stiles1985	unchecked			
2302	Stiles1986a	unchecked			
2302	Stiles1986b	unchecked			
2302	Stiles2012	unchecked			
2302	Stiles2017	unchecked			
2302	Streitberg1896	unchecked			
2302	Sweet1953	unchecked			
2302	Thorhallsdottir1993	unchecked			
2302	Toon1992	unchecked			
2302	Versloot2017	unchecked			
2302	Versloot2021	unchecked			
2302	Versloot2025	unchecked			
2302	Vine2019	unchecked			
2302	Waxenberger2019	unchecked			
2302	WrightWuelcker1884	unchecked			
2302	vanHelten1905	unchecked			
2303	Adamczyk2001	unchecked			
2303	Bammesberger1990	unchecked			
2303	Bammesberger1992	unchecked			
2303	Bammesberger1997	unchecked			
2303	Beekes2010	unchecked			
2303	Bennett1950	unchecked			
2303	BosworthToller1898	unchecked			
2303	Bremmer2008	unchecked			
2303	Bremmer2009	unchecked			
2303	Bright1917	unchecked			
2303	Bulbring1902	unchecked			
2303	CaedmonsHymnVitt1452	unchecked			
2303	Campbell1939	unchecked			
2303	Campbell1959	unchecked			
2303	Cercignani1979	unchecked			
2303	Cercignani1980	unchecked			
2303	ClarkHall1960	unchecked			
2303	Crist2001	unchecked			
2303	Crist2002	unchecked			
2303	Erdmann1972	unchecked			
2303	Fulk2018	unchecked			
2303	GermanicSlavicBaltic2025	unchecked			
2303	Goblirsch1991	unchecked			
2303	Hamp1990	unchecked			
2303	Hirt1931	unchecked			
2303	Hogg1979	unchecked			
2303	HoggGrammar2011	unchecked			
2303	HoggIntroduction1992	unchecked			
2303	HoggPhonology1992	unchecked			
2303	HowellSalmons1988	unchecked			
2303	Kaluza1900	unchecked			
2303	Kastovsky1992	unchecked			
2303	Kilday2024	unchecked			
2303	KlugeSeebold2011	unchecked			
2303	Kortlandt2008	unchecked			
2303	Kroonen2006	unchecked			
2303	Kroonen2011	unchecked			
2303	Kroonen2013	unchecked			
2303	Kylstra1983	unchecked			
2303	Laker2007	unchecked			
2303	Lid1952	unchecked			
2303	Lloyd1966	unchecked			
2303	LloydSpringer1988	unchecked			
2303	Luehr1993	unchecked			
2303	Luick1914	unchecked			
2303	Mayrhofer1992	unchecked			
2303	Mees2020	unchecked			
2303	NeriRingeReview	unchecked			
2303	Nielsen2001	unchecked			
2303	Orel2003	unchecked			
2303	Pierce1999	unchecked			
2303	Pierce2003	unchecked			
2303	Pierce2006	unchecked			
2303	Pokorny1959	unchecked			
2303	Polome1967	unchecked			
2303	Polome1994	unchecked			
2303	Repansek2012	unchecked			
2303	Rice1994	unchecked			
2303	Ringe1984	unchecked			
2303	Ringe2017	unchecked			
2303	RingeTaylor2014	unchecked			
2303	Seebold1970	unchecked			
2303	SieversBrunner1965	unchecked			
2303	StauslandJohnsen2015	unchecked			
2303	Stiles1985	unchecked			
2303	Stiles1986a	unchecked			
2303	Stiles1986b	unchecked			
2303	Stiles2012	unchecked			
2303	Stiles2017	unchecked			
2303	Streitberg1896	unchecked			
2303	Sweet1953	unchecked			
2303	Thorhallsdottir1993	unchecked			
2303	Toon1992	unchecked			
2303	Versloot2017	unchecked			
2303	Versloot2021	unchecked			
2303	Versloot2025	unchecked			
2303	Vine2019	unchecked			
2303	Waxenberger2019	unchecked			
2303	WrightWuelcker1884	unchecked			
2303	vanHelten1905	unchecked			
2304	Adamczyk2001	unchecked			
2304	Bammesberger1990	unchecked			
2304	Bammesberger1992	unchecked			
2304	Bammesberger1997	unchecked			
2304	Beekes2010	unchecked			
2304	Bennett1950	unchecked			
2304	BosworthToller1898	unchecked			
2304	Bremmer2008	unchecked			
2304	Bremmer2009	unchecked			
2304	Bright1917	unchecked			
2304	Bulbring1902	unchecked			
2304	CaedmonsHymnVitt1452	unchecked			
2304	Campbell1939	unchecked			
2304	Campbell1959	unchecked			
2304	Cercignani1979	unchecked			
2304	Cercignani1980	unchecked			
2304	ClarkHall1960	unchecked			
2304	Crist2001	unchecked			
2304	Crist2002	unchecked			
2304	Erdmann1972	unchecked			
2304	Fulk2018	unchecked			
2304	GermanicSlavicBaltic2025	unchecked			
2304	Goblirsch1991	unchecked			
2304	Hamp1990	unchecked			
2304	Hirt1931	unchecked			
2304	Hogg1979	unchecked			
2304	HoggGrammar2011	unchecked			
2304	HoggIntroduction1992	unchecked			
2304	HoggPhonology1992	unchecked			
2304	HowellSalmons1988	unchecked			
2304	Kaluza1900	unchecked			
2304	Kastovsky1992	unchecked			
2304	Kilday2024	unchecked			
2304	KlugeSeebold2011	unchecked			
2304	Kortlandt2008	unchecked			
2304	Kroonen2006	unchecked			
2304	Kroonen2011	unchecked			
2304	Kroonen2013	unchecked			
2304	Kylstra1983	unchecked			
2304	Laker2007	unchecked			
2304	Lid1952	unchecked			
2304	Lloyd1966	unchecked			
2304	LloydSpringer1988	unchecked			
2304	Luehr1993	unchecked			
2304	Luick1914	unchecked			
2304	Mayrhofer1992	unchecked			
2304	Mees2020	unchecked			
2304	NeriRingeReview	unchecked			
2304	Nielsen2001	unchecked			
2304	Orel2003	unchecked			
2304	Pierce1999	unchecked			
2304	Pierce2003	unchecked			
2304	Pierce2006	unchecked			
2304	Pokorny1959	unchecked			
2304	Polome1967	unchecked			
2304	Polome1994	unchecked			
2304	Repansek2012	unchecked			
2304	Rice1994	unchecked			
2304	Ringe1984	unchecked			
2304	Ringe2017	unchecked			
2304	RingeTaylor2014	unchecked			
2304	Seebold1970	unchecked			
2304	SieversBrunner1965	unchecked			
2304	StauslandJohnsen2015	unchecked			
2304	Stiles1985	unchecked			
2304	Stiles1986a	unchecked			
2304	Stiles1986b	unchecked			
2304	Stiles2012	unchecked			
2304	Stiles2017	unchecked			
2304	Streitberg1896	unchecked			
2304	Sweet1953	unchecked			
2304	Thorhallsdottir1993	unchecked			
2304	Toon1992	unchecked			
2304	Versloot2017	unchecked			
2304	Versloot2021	unchecked			
2304	Versloot2025	unchecked			
2304	Vine2019	unchecked			
2304	Waxenberger2019	unchecked			
2304	WrightWuelcker1884	unchecked			
2304	vanHelten1905	unchecked			
2305	Adamczyk2001	unchecked			
2305	Bammesberger1990	unchecked			
2305	Bammesberger1992	unchecked			
2305	Bammesberger1997	unchecked			
2305	Beekes2010	unchecked			
2305	Bennett1950	unchecked			
2305	BosworthToller1898	unchecked			
2305	Bremmer2008	unchecked			
2305	Bremmer2009	unchecked			
2305	Bright1917	unchecked			
2305	Bulbring1902	unchecked			
2305	CaedmonsHymnVitt1452	unchecked			
2305	Campbell1939	unchecked			
2305	Campbell1959	unchecked			
2305	Cercignani1979	unchecked			
2305	Cercignani1980	unchecked			
2305	ClarkHall1960	unchecked			
2305	Crist2001	unchecked			
2305	Crist2002	unchecked			
2305	Erdmann1972	unchecked			
2305	Fulk2018	unchecked			
2305	GermanicSlavicBaltic2025	unchecked			
2305	Goblirsch1991	unchecked			
2305	Hamp1990	unchecked			
2305	Hirt1931	unchecked			
2305	Hogg1979	unchecked			
2305	HoggGrammar2011	unchecked			
2305	HoggIntroduction1992	unchecked			
2305	HoggPhonology1992	unchecked			
2305	HowellSalmons1988	unchecked			
2305	Kaluza1900	unchecked			
2305	Kastovsky1992	unchecked			
2305	Kilday2024	unchecked			
2305	KlugeSeebold2011	unchecked			
2305	Kortlandt2008	unchecked			
2305	Kroonen2006	unchecked			
2305	Kroonen2011	unchecked			
2305	Kroonen2013	unchecked			
2305	Kylstra1983	unchecked			
2305	Laker2007	unchecked			
2305	Lid1952	unchecked			
2305	Lloyd1966	unchecked			
2305	LloydSpringer1988	unchecked			
2305	Luehr1993	unchecked			
2305	Luick1914	unchecked			
2305	Mayrhofer1992	unchecked			
2305	Mees2020	unchecked			
2305	NeriRingeReview	unchecked			
2305	Nielsen2001	unchecked			
2305	Orel2003	unchecked			
2305	Pierce1999	unchecked			
2305	Pierce2003	unchecked			
2305	Pierce2006	unchecked			
2305	Pokorny1959	unchecked			
2305	Polome1967	unchecked			
2305	Polome1994	unchecked			
2305	Repansek2012	unchecked			
2305	Rice1994	unchecked			
2305	Ringe1984	unchecked			
2305	Ringe2017	unchecked			
2305	RingeTaylor2014	unchecked			
2305	Seebold1970	unchecked			
2305	SieversBrunner1965	unchecked			
2305	StauslandJohnsen2015	unchecked			
2305	Stiles1985	unchecked			
2305	Stiles1986a	unchecked			
2305	Stiles1986b	unchecked			
2305	Stiles2012	unchecked			
2305	Stiles2017	unchecked			
2305	Streitberg1896	unchecked			
2305	Sweet1953	unchecked			
2305	Thorhallsdottir1993	unchecked			
2305	Toon1992	unchecked			
2305	Versloot2017	unchecked			
2305	Versloot2021	unchecked			
2305	Versloot2025	unchecked			
2305	Vine2019	unchecked			
2305	Waxenberger2019	unchecked			
2305	WrightWuelcker1884	unchecked			
2305	vanHelten1905	unchecked			
2306	Adamczyk2001	unchecked			
2306	Bammesberger1990	unchecked			
2306	Bammesberger1992	unchecked			
2306	Bammesberger1997	unchecked			
2306	Beekes2010	unchecked			
2306	Bennett1950	unchecked			
2306	BosworthToller1898	unchecked			
2306	Bremmer2008	unchecked			
2306	Bremmer2009	unchecked			
2306	Bright1917	unchecked			
2306	Bulbring1902	unchecked			
2306	CaedmonsHymnVitt1452	unchecked			
2306	Campbell1939	unchecked			
2306	Campbell1959	unchecked			
2306	Cercignani1979	unchecked			
2306	Cercignani1980	unchecked			
2306	ClarkHall1960	unchecked			
2306	Crist2001	unchecked			
2306	Crist2002	unchecked			
2306	Erdmann1972	unchecked			
2306	Fulk2018	unchecked			
2306	GermanicSlavicBaltic2025	unchecked			
2306	Goblirsch1991	unchecked			
2306	Hamp1990	unchecked			
2306	Hirt1931	unchecked			
2306	Hogg1979	unchecked			
2306	HoggGrammar2011	unchecked			
2306	HoggIntroduction1992	unchecked			
2306	HoggPhonology1992	unchecked			
2306	HowellSalmons1988	unchecked			
2306	Kaluza1900	unchecked			
2306	Kastovsky1992	unchecked			
2306	Kilday2024	unchecked			
2306	KlugeSeebold2011	unchecked			
2306	Kortlandt2008	unchecked			
2306	Kroonen2006	unchecked			
2306	Kroonen2011	unchecked			
2306	Kroonen2013	unchecked			
2306	Kylstra1983	unchecked			
2306	Laker2007	unchecked			
2306	Lid1952	unchecked			
2306	Lloyd1966	unchecked			
2306	LloydSpringer1988	unchecked			
2306	Luehr1993	unchecked			
2306	Luick1914	unchecked			
2306	Mayrhofer1992	unchecked			
2306	Mees2020	unchecked			
2306	NeriRingeReview	unchecked			
2306	Nielsen2001	unchecked			
2306	Orel2003	unchecked			
2306	Pierce1999	unchecked			
2306	Pierce2003	unchecked			
2306	Pierce2006	unchecked			
2306	Pokorny1959	unchecked			
2306	Polome1967	unchecked			
2306	Polome1994	unchecked			
2306	Repansek2012	unchecked			
2306	Rice1994	unchecked			
2306	Ringe1984	unchecked			
2306	Ringe2017	unchecked			
2306	RingeTaylor2014	unchecked			
2306	Seebold1970	unchecked			
2306	SieversBrunner1965	unchecked			
2306	StauslandJohnsen2015	unchecked			
2306	Stiles1985	unchecked			
2306	Stiles1986a	unchecked			
2306	Stiles1986b	unchecked			
2306	Stiles2012	unchecked			
2306	Stiles2017	unchecked			
2306	Streitberg1896	unchecked			
2306	Sweet1953	unchecked			
2306	Thorhallsdottir1993	unchecked			
2306	Toon1992	unchecked			
2306	Versloot2017	unchecked			
2306	Versloot2021	unchecked			
2306	Versloot2025	unchecked			
2306	Vine2019	unchecked			
2306	Waxenberger2019	unchecked			
2306	WrightWuelcker1884	unchecked			
2306	vanHelten1905	unchecked			
2307	Adamczyk2001	unchecked			
2307	Bammesberger1990	unchecked			
2307	Bammesberger1992	unchecked			
2307	Bammesberger1997	unchecked			
2307	Beekes2010	unchecked			
2307	Bennett1950	unchecked			
2307	BosworthToller1898	unchecked			
2307	Bremmer2008	unchecked			
2307	Bremmer2009	unchecked			
2307	Bright1917	unchecked			
2307	Bulbring1902	unchecked			
2307	CaedmonsHymnVitt1452	unchecked			
2307	Campbell1939	unchecked			
2307	Campbell1959	unchecked			
2307	Cercignani1979	unchecked			
2307	Cercignani1980	unchecked			
2307	ClarkHall1960	unchecked			
2307	Crist2001	unchecked			
2307	Crist2002	unchecked			
2307	Erdmann1972	unchecked			
2307	Fulk2018	unchecked			
2307	GermanicSlavicBaltic2025	unchecked			
2307	Goblirsch1991	unchecked			
2307	Hamp1990	unchecked			
2307	Hirt1931	unchecked			
2307	Hogg1979	unchecked			
2307	HoggGrammar2011	unchecked			
2307	HoggIntroduction1992	unchecked			
2307	HoggPhonology1992	unchecked			
2307	HowellSalmons1988	unchecked			
2307	Kaluza1900	unchecked			
2307	Kastovsky1992	unchecked			
2307	Kilday2024	unchecked			
2307	KlugeSeebold2011	unchecked			
2307	Kortlandt2008	unchecked			
2307	Kroonen2006	unchecked			
2307	Kroonen2011	unchecked			
2307	Kroonen2013	unchecked			
2307	Kylstra1983	unchecked			
2307	Laker2007	unchecked			
2307	Lid1952	unchecked			
2307	Lloyd1966	unchecked			
2307	LloydSpringer1988	unchecked			
2307	Luehr1993	unchecked			
2307	Luick1914	unchecked			
2307	Mayrhofer1992	unchecked			
2307	Mees2020	unchecked			
2307	NeriRingeReview	unchecked			
2307	Nielsen2001	unchecked			
2307	Orel2003	unchecked			
2307	Pierce1999	unchecked			
2307	Pierce2003	unchecked			
2307	Pierce2006	unchecked			
2307	Pokorny1959	unchecked			
2307	Polome1967	unchecked			
2307	Polome1994	unchecked			
2307	Repansek2012	unchecked			
2307	Rice1994	unchecked			
2307	Ringe1984	unchecked			
2307	Ringe2017	unchecked			
2307	RingeTaylor2014	unchecked			
2307	Seebold1970	unchecked			
2307	SieversBrunner1965	unchecked			
2307	StauslandJohnsen2015	unchecked			
2307	Stiles1985	unchecked			
2307	Stiles1986a	unchecked			
2307	Stiles1986b	unchecked			
2307	Stiles2012	unchecked			
2307	Stiles2017	unchecked			
2307	Streitberg1896	unchecked			
2307	Sweet1953	unchecked			
2307	Thorhallsdottir1993	unchecked			
2307	Toon1992	unchecked			
2307	Versloot2017	unchecked			
2307	Versloot2021	unchecked			
2307	Versloot2025	unchecked			
2307	Vine2019	unchecked			
2307	Waxenberger2019	unchecked			
2307	WrightWuelcker1884	unchecked			
2307	vanHelten1905	unchecked			
2308	Adamczyk2001	unchecked			
2308	Bammesberger1990	unchecked			
2308	Bammesberger1992	unchecked			
2308	Bammesberger1997	unchecked			
2308	Beekes2010	unchecked			
2308	Bennett1950	unchecked			
2308	BosworthToller1898	unchecked			
2308	Bremmer2008	unchecked			
2308	Bremmer2009	unchecked			
2308	Bright1917	unchecked			
2308	Bulbring1902	unchecked			
2308	CaedmonsHymnVitt1452	unchecked			
2308	Campbell1939	unchecked			
2308	Campbell1959	unchecked			
2308	Cercignani1979	unchecked			
2308	Cercignani1980	unchecked			
2308	ClarkHall1960	unchecked			
2308	Crist2001	unchecked			
2308	Crist2002	unchecked			
2308	Erdmann1972	unchecked			
2308	Fulk2018	unchecked			
2308	GermanicSlavicBaltic2025	unchecked			
2308	Goblirsch1991	unchecked			
2308	Hamp1990	unchecked			
2308	Hirt1931	unchecked			
2308	Hogg1979	unchecked			
2308	HoggGrammar2011	unchecked			
2308	HoggIntroduction1992	unchecked			
2308	HoggPhonology1992	unchecked			
2308	HowellSalmons1988	unchecked			
2308	Kaluza1900	unchecked			
2308	Kastovsky1992	unchecked			
2308	Kilday2024	unchecked			
2308	KlugeSeebold2011	unchecked			
2308	Kortlandt2008	unchecked			
2308	Kroonen2006	unchecked			
2308	Kroonen2011	unchecked			
2308	Kroonen2013	unchecked			
2308	Kylstra1983	unchecked			
2308	Laker2007	unchecked			
2308	Lid1952	unchecked			
2308	Lloyd1966	unchecked			
2308	LloydSpringer1988	unchecked			
2308	Luehr1993	unchecked			
2308	Luick1914	unchecked			
2308	Mayrhofer1992	unchecked			
2308	Mees2020	unchecked			
2308	NeriRingeReview	unchecked			
2308	Nielsen2001	unchecked			
2308	Orel2003	unchecked			
2308	Pierce1999	unchecked			
2308	Pierce2003	unchecked			
2308	Pierce2006	unchecked			
2308	Pokorny1959	unchecked			
2308	Polome1967	unchecked			
2308	Polome1994	unchecked			
2308	Repansek2012	unchecked			
2308	Rice1994	unchecked			
2308	Ringe1984	unchecked			
2308	Ringe2017	unchecked			
2308	RingeTaylor2014	unchecked			
2308	Seebold1970	unchecked			
2308	SieversBrunner1965	unchecked			
2308	StauslandJohnsen2015	unchecked			
2308	Stiles1985	unchecked			
2308	Stiles1986a	unchecked			
2308	Stiles1986b	unchecked			
2308	Stiles2012	unchecked			
2308	Stiles2017	unchecked			
2308	Streitberg1896	unchecked			
2308	Sweet1953	unchecked			
2308	Thorhallsdottir1993	unchecked			
2308	Toon1992	unchecked			
2308	Versloot2017	unchecked			
2308	Versloot2021	unchecked			
2308	Versloot2025	unchecked			
2308	Vine2019	unchecked			
2308	Waxenberger2019	unchecked			
2308	WrightWuelcker1884	unchecked			
2308	vanHelten1905	unchecked			
2309	Adamczyk2001	unchecked			
2309	Bammesberger1990	unchecked			
2309	Bammesberger1992	unchecked			
2309	Bammesberger1997	unchecked			
2309	Beekes2010	unchecked			
2309	Bennett1950	unchecked			
2309	BosworthToller1898	unchecked			
2309	Bremmer2008	unchecked			
2309	Bremmer2009	unchecked			
2309	Bright1917	unchecked			
2309	Bulbring1902	unchecked			
2309	CaedmonsHymnVitt1452	unchecked			
2309	Campbell1939	unchecked			
2309	Campbell1959	unchecked			
2309	Cercignani1979	unchecked			
2309	Cercignani1980	unchecked			
2309	ClarkHall1960	unchecked			
2309	Crist2001	unchecked			
2309	Crist2002	unchecked			
2309	Erdmann1972	unchecked			
2309	Fulk2018	unchecked			
2309	GermanicSlavicBaltic2025	unchecked			
2309	Goblirsch1991	unchecked			
2309	Hamp1990	unchecked			
2309	Hirt1931	unchecked			
2309	Hogg1979	unchecked			
2309	HoggGrammar2011	unchecked			
2309	HoggIntroduction1992	unchecked			
2309	HoggPhonology1992	unchecked			
2309	HowellSalmons1988	unchecked			
2309	Kaluza1900	unchecked			
2309	Kastovsky1992	unchecked			
2309	Kilday2024	unchecked			
2309	KlugeSeebold2011	unchecked			
2309	Kortlandt2008	unchecked			
2309	Kroonen2006	unchecked			
2309	Kroonen2011	unchecked			
2309	Kroonen2013	unchecked			
2309	Kylstra1983	unchecked			
2309	Laker2007	unchecked			
2309	Lid1952	unchecked			
2309	Lloyd1966	unchecked			
2309	LloydSpringer1988	unchecked			
2309	Luehr1993	unchecked			
2309	Luick1914	unchecked			
2309	Mayrhofer1992	unchecked			
2309	Mees2020	unchecked			
2309	NeriRingeReview	unchecked			
2309	Nielsen2001	unchecked			
2309	Orel2003	unchecked			
2309	Pierce1999	unchecked			
2309	Pierce2003	unchecked			
2309	Pierce2006	unchecked			
2309	Pokorny1959	unchecked			
2309	Polome1967	unchecked			
2309	Polome1994	unchecked			
2309	Repansek2012	unchecked			
2309	Rice1994	unchecked			
2309	Ringe1984	unchecked			
2309	Ringe2017	unchecked			
2309	RingeTaylor2014	unchecked			
2309	Seebold1970	unchecked			
2309	SieversBrunner1965	unchecked			
2309	StauslandJohnsen2015	unchecked			
2309	Stiles1985	unchecked			
2309	Stiles1986a	unchecked			
2309	Stiles1986b	unchecked			
2309	Stiles2012	unchecked			
2309	Stiles2017	unchecked			
2309	Streitberg1896	unchecked			
2309	Sweet1953	unchecked			
2309	Thorhallsdottir1993	unchecked			
2309	Toon1992	unchecked			
2309	Versloot2017	unchecked			
2309	Versloot2021	unchecked			
2309	Versloot2025	unchecked			
2309	Vine2019	unchecked			
2309	Waxenberger2019	unchecked			
2309	WrightWuelcker1884	unchecked			
2309	vanHelten1905	unchecked			
2310	Adamczyk2001	unchecked			
2310	Bammesberger1990	unchecked			
2310	Bammesberger1992	unchecked			
2310	Bammesberger1997	unchecked			
2310	Beekes2010	unchecked			
2310	Bennett1950	unchecked			
2310	BosworthToller1898	unchecked			
2310	Bremmer2008	unchecked			
2310	Bremmer2009	unchecked			
2310	Bright1917	unchecked			
2310	Bulbring1902	unchecked			
2310	CaedmonsHymnVitt1452	unchecked			
2310	Campbell1939	unchecked			
2310	Campbell1959	unchecked			
2310	Cercignani1979	unchecked			
2310	Cercignani1980	unchecked			
2310	ClarkHall1960	unchecked			
2310	Crist2001	unchecked			
2310	Crist2002	unchecked			
2310	Erdmann1972	unchecked			
2310	Fulk2018	unchecked			
2310	GermanicSlavicBaltic2025	unchecked			
2310	Goblirsch1991	unchecked			
2310	Hamp1990	unchecked			
2310	Hirt1931	unchecked			
2310	Hogg1979	unchecked			
2310	HoggGrammar2011	unchecked			
2310	HoggIntroduction1992	unchecked			
2310	HoggPhonology1992	unchecked			
2310	HowellSalmons1988	unchecked			
2310	Kaluza1900	unchecked			
2310	Kastovsky1992	unchecked			
2310	Kilday2024	unchecked			
2310	KlugeSeebold2011	unchecked			
2310	Kortlandt2008	unchecked			
2310	Kroonen2006	unchecked			
2310	Kroonen2011	unchecked			
2310	Kroonen2013	unchecked			
2310	Kylstra1983	unchecked			
2310	Laker2007	unchecked			
2310	Lid1952	unchecked			
2310	Lloyd1966	unchecked			
2310	LloydSpringer1988	unchecked			
2310	Luehr1993	unchecked			
2310	Luick1914	unchecked			
2310	Mayrhofer1992	unchecked			
2310	Mees2020	unchecked			
2310	NeriRingeReview	unchecked			
2310	Nielsen2001	unchecked			
2310	Orel2003	unchecked			
2310	Pierce1999	unchecked			
2310	Pierce2003	unchecked			
2310	Pierce2006	unchecked			
2310	Pokorny1959	unchecked			
2310	Polome1967	unchecked			
2310	Polome1994	unchecked			
2310	Repansek2012	unchecked			
2310	Rice1994	unchecked			
2310	Ringe1984	unchecked			
2310	Ringe2017	unchecked			
2310	RingeTaylor2014	unchecked			
2310	Seebold1970	unchecked			
2310	SieversBrunner1965	unchecked			
2310	StauslandJohnsen2015	unchecked			
2310	Stiles1985	unchecked			
2310	Stiles1986a	unchecked			
2310	Stiles1986b	unchecked			
2310	Stiles2012	unchecked			
2310	Stiles2017	unchecked			
2310	Streitberg1896	unchecked			
2310	Sweet1953	unchecked			
2310	Thorhallsdottir1993	unchecked			
2310	Toon1992	unchecked			
2310	Versloot2017	unchecked			
2310	Versloot2021	unchecked			
2310	Versloot2025	unchecked			
2310	Vine2019	unchecked			
2310	Waxenberger2019	unchecked			
2310	WrightWuelcker1884	unchecked			
2310	vanHelten1905	unchecked			
2311	Adamczyk2001	unchecked			
2311	Bammesberger1990	unchecked			
2311	Bammesberger1992	unchecked			
2311	Bammesberger1997	unchecked			
2311	Beekes2010	unchecked			
2311	Bennett1950	unchecked			
2311	BosworthToller1898	unchecked			
2311	Bremmer2008	unchecked			
2311	Bremmer2009	unchecked			
2311	Bright1917	unchecked			
2311	Bulbring1902	unchecked			
2311	CaedmonsHymnVitt1452	unchecked			
2311	Campbell1939	unchecked			
2311	Campbell1959	unchecked			
2311	Cercignani1979	unchecked			
2311	Cercignani1980	unchecked			
2311	ClarkHall1960	unchecked			
2311	Crist2001	unchecked			
2311	Crist2002	unchecked			
2311	Erdmann1972	unchecked			
2311	Fulk2018	unchecked			
2311	GermanicSlavicBaltic2025	unchecked			
2311	Goblirsch1991	unchecked			
2311	Hamp1990	unchecked			
2311	Hirt1931	unchecked			
2311	Hogg1979	unchecked			
2311	HoggGrammar2011	unchecked			
2311	HoggIntroduction1992	unchecked			
2311	HoggPhonology1992	unchecked			
2311	HowellSalmons1988	unchecked			
2311	Kaluza1900	unchecked			
2311	Kastovsky1992	unchecked			
2311	Kilday2024	unchecked			
2311	KlugeSeebold2011	unchecked			
2311	Kortlandt2008	unchecked			
2311	Kroonen2006	unchecked			
2311	Kroonen2011	unchecked			
2311	Kroonen2013	unchecked			
2311	Kylstra1983	unchecked			
2311	Laker2007	unchecked			
2311	Lid1952	unchecked			
2311	Lloyd1966	unchecked			
2311	LloydSpringer1988	unchecked			
2311	Luehr1993	unchecked			
2311	Luick1914	unchecked			
2311	Mayrhofer1992	unchecked			
2311	Mees2020	unchecked			
2311	NeriRingeReview	unchecked			
2311	Nielsen2001	unchecked			
2311	Orel2003	unchecked			
2311	Pierce1999	unchecked			
2311	Pierce2003	unchecked			
2311	Pierce2006	unchecked			
2311	Pokorny1959	unchecked			
2311	Polome1967	unchecked			
2311	Polome1994	unchecked			
2311	Repansek2012	unchecked			
2311	Rice1994	unchecked			
2311	Ringe1984	unchecked			
2311	Ringe2017	unchecked			
2311	RingeTaylor2014	unchecked			
2311	Seebold1970	unchecked			
2311	SieversBrunner1965	unchecked			
2311	StauslandJohnsen2015	unchecked			
2311	Stiles1985	unchecked			
2311	Stiles1986a	unchecked			
2311	Stiles1986b	unchecked			
2311	Stiles2012	unchecked			
2311	Stiles2017	unchecked			
2311	Streitberg1896	unchecked			
2311	Sweet1953	unchecked			
2311	Thorhallsdottir1993	unchecked			
2311	Toon1992	unchecked			
2311	Versloot2017	unchecked			
2311	Versloot2021	unchecked			
2311	Versloot2025	unchecked			
2311	Vine2019	unchecked			
2311	Waxenberger2019	unchecked			
2311	WrightWuelcker1884	unchecked			
2311	vanHelten1905	unchecked			
2312	Adamczyk2001	unchecked			
2312	Bammesberger1990	unchecked			
2312	Bammesberger1992	unchecked			
2312	Bammesberger1997	unchecked			
2312	Beekes2010	unchecked			
2312	Bennett1950	unchecked			
2312	BosworthToller1898	unchecked			
2312	Bremmer2008	unchecked			
2312	Bremmer2009	unchecked			
2312	Bright1917	unchecked			
2312	Bulbring1902	unchecked			
2312	CaedmonsHymnVitt1452	unchecked			
2312	Campbell1939	unchecked			
2312	Campbell1959	unchecked			
2312	Cercignani1979	unchecked			
2312	Cercignani1980	unchecked			
2312	ClarkHall1960	unchecked			
2312	Crist2001	unchecked			
2312	Crist2002	unchecked			
2312	Erdmann1972	unchecked			
2312	Fulk2018	unchecked			
2312	GermanicSlavicBaltic2025	unchecked			
2312	Goblirsch1991	unchecked			
2312	Hamp1990	unchecked			
2312	Hirt1931	unchecked			
2312	Hogg1979	unchecked			
2312	HoggGrammar2011	unchecked			
2312	HoggIntroduction1992	unchecked			
2312	HoggPhonology1992	unchecked			
2312	HowellSalmons1988	unchecked			
2312	Kaluza1900	unchecked			
2312	Kastovsky1992	unchecked			
2312	Kilday2024	unchecked			
2312	KlugeSeebold2011	unchecked			
2312	Kortlandt2008	unchecked			
2312	Kroonen2006	unchecked			
2312	Kroonen2011	unchecked			
2312	Kroonen2013	unchecked			
2312	Kylstra1983	unchecked			
2312	Laker2007	unchecked			
2312	Lid1952	unchecked			
2312	Lloyd1966	unchecked			
2312	LloydSpringer1988	unchecked			
2312	Luehr1993	unchecked			
2312	Luick1914	unchecked			
2312	Mayrhofer1992	unchecked			
2312	Mees2020	unchecked			
2312	NeriRingeReview	unchecked			
2312	Nielsen2001	unchecked			
2312	Orel2003	unchecked			
2312	Pierce1999	unchecked			
2312	Pierce2003	unchecked			
2312	Pierce2006	unchecked			
2312	Pokorny1959	unchecked			
2312	Polome1967	unchecked			
2312	Polome1994	unchecked			
2312	Repansek2012	unchecked			
2312	Rice1994	unchecked			
2312	Ringe1984	unchecked			
2312	Ringe2017	unchecked			
2312	RingeTaylor2014	unchecked			
2312	Seebold1970	unchecked			
2312	SieversBrunner1965	unchecked			
2312	StauslandJohnsen2015	unchecked			
2312	Stiles1985	unchecked			
2312	Stiles1986a	unchecked			
2312	Stiles1986b	unchecked			
2312	Stiles2012	unchecked			
2312	Stiles2017	unchecked			
2312	Streitberg1896	unchecked			
2312	Sweet1953	unchecked			
2312	Thorhallsdottir1993	unchecked			
2312	Toon1992	unchecked			
2312	Versloot2017	unchecked			
2312	Versloot2021	unchecked			
2312	Versloot2025	unchecked			
2312	Vine2019	unchecked			
2312	Waxenberger2019	unchecked			
2312	WrightWuelcker1884	unchecked			
2312	vanHelten1905	unchecked			
2313	Adamczyk2001	unchecked			
2313	Bammesberger1990	unchecked			
2313	Bammesberger1992	unchecked			
2313	Bammesberger1997	unchecked			
2313	Beekes2010	unchecked			
2313	Bennett1950	unchecked			
2313	BosworthToller1898	unchecked			
2313	Bremmer2008	unchecked			
2313	Bremmer2009	unchecked			
2313	Bright1917	unchecked			
2313	Bulbring1902	unchecked			
2313	CaedmonsHymnVitt1452	unchecked			
2313	Campbell1939	unchecked			
2313	Campbell1959	unchecked			
2313	Cercignani1979	unchecked			
2313	Cercignani1980	unchecked			
2313	ClarkHall1960	unchecked			
2313	Crist2001	unchecked			
2313	Crist2002	unchecked			
2313	Erdmann1972	unchecked			
2313	Fulk2018	unchecked			
2313	GermanicSlavicBaltic2025	unchecked			
2313	Goblirsch1991	unchecked			
2313	Hamp1990	unchecked			
2313	Hirt1931	unchecked			
2313	Hogg1979	unchecked			
2313	HoggGrammar2011	unchecked			
2313	HoggIntroduction1992	unchecked			
2313	HoggPhonology1992	unchecked			
2313	HowellSalmons1988	unchecked			
2313	Kaluza1900	unchecked			
2313	Kastovsky1992	unchecked			
2313	Kilday2024	unchecked			
2313	KlugeSeebold2011	unchecked			
2313	Kortlandt2008	unchecked			
2313	Kroonen2006	unchecked			
2313	Kroonen2011	unchecked			
2313	Kroonen2013	unchecked			
2313	Kylstra1983	unchecked			
2313	Laker2007	unchecked			
2313	Lid1952	unchecked			
2313	Lloyd1966	unchecked			
2313	LloydSpringer1988	unchecked			
2313	Luehr1993	unchecked			
2313	Luick1914	unchecked			
2313	Mayrhofer1992	unchecked			
2313	Mees2020	unchecked			
2313	NeriRingeReview	unchecked			
2313	Nielsen2001	unchecked			
2313	Orel2003	unchecked			
2313	Pierce1999	unchecked			
2313	Pierce2003	unchecked			
2313	Pierce2006	unchecked			
2313	Pokorny1959	unchecked			
2313	Polome1967	unchecked			
2313	Polome1994	unchecked			
2313	Repansek2012	unchecked			
2313	Rice1994	unchecked			
2313	Ringe1984	unchecked			
2313	Ringe2017	unchecked			
2313	RingeTaylor2014	unchecked			
2313	Seebold1970	unchecked			
2313	SieversBrunner1965	unchecked			
2313	StauslandJohnsen2015	unchecked			
2313	Stiles1985	unchecked			
2313	Stiles1986a	unchecked			
2313	Stiles1986b	unchecked			
2313	Stiles2012	unchecked			
2313	Stiles2017	unchecked			
2313	Streitberg1896	unchecked			
2313	Sweet1953	unchecked			
2313	Thorhallsdottir1993	unchecked			
2313	Toon1992	unchecked			
2313	Versloot2017	unchecked			
2313	Versloot2021	unchecked			
2313	Versloot2025	unchecked			
2313	Vine2019	unchecked			
2313	Waxenberger2019	unchecked			
2313	WrightWuelcker1884	unchecked			
2313	vanHelten1905	unchecked			
2314	Adamczyk2001	unchecked			
2314	Bammesberger1990	unchecked			
2314	Bammesberger1992	unchecked			
2314	Bammesberger1997	unchecked			
2314	Beekes2010	unchecked			
2314	Bennett1950	unchecked			
2314	BosworthToller1898	unchecked			
2314	Bremmer2008	unchecked			
2314	Bremmer2009	unchecked			
2314	Bright1917	unchecked			
2314	Bulbring1902	unchecked			
2314	CaedmonsHymnVitt1452	unchecked			
2314	Campbell1939	unchecked			
2314	Campbell1959	unchecked			
2314	Cercignani1979	unchecked			
2314	Cercignani1980	unchecked			
2314	ClarkHall1960	unchecked			
2314	Crist2001	unchecked			
2314	Crist2002	unchecked			
2314	Erdmann1972	unchecked			
2314	Fulk2018	unchecked			
2314	GermanicSlavicBaltic2025	unchecked			
2314	Goblirsch1991	unchecked			
2314	Hamp1990	unchecked			
2314	Hirt1931	unchecked			
2314	Hogg1979	unchecked			
2314	HoggGrammar2011	unchecked			
2314	HoggIntroduction1992	unchecked			
2314	HoggPhonology1992	unchecked			
2314	HowellSalmons1988	unchecked			
2314	Kaluza1900	unchecked			
2314	Kastovsky1992	unchecked			
2314	Kilday2024	unchecked			
2314	KlugeSeebold2011	unchecked			
2314	Kortlandt2008	unchecked			
2314	Kroonen2006	unchecked			
2314	Kroonen2011	unchecked			
2314	Kroonen2013	unchecked			
2314	Kylstra1983	unchecked			
2314	Laker2007	unchecked			
2314	Lid1952	unchecked			
2314	Lloyd1966	unchecked			
2314	LloydSpringer1988	unchecked			
2314	Luehr1993	unchecked			
2314	Luick1914	unchecked			
2314	Mayrhofer1992	unchecked			
2314	Mees2020	unchecked			
2314	NeriRingeReview	unchecked			
2314	Nielsen2001	unchecked			
2314	Orel2003	unchecked			
2314	Pierce1999	unchecked			
2314	Pierce2003	unchecked			
2314	Pierce2006	unchecked			
2314	Pokorny1959	unchecked			
2314	Polome1967	unchecked			
2314	Polome1994	unchecked			
2314	Repansek2012	unchecked			
2314	Rice1994	unchecked			
2314	Ringe1984	unchecked			
2314	Ringe2017	unchecked			
2314	RingeTaylor2014	unchecked			
2314	Seebold1970	unchecked			
2314	SieversBrunner1965	unchecked			
2314	StauslandJohnsen2015	unchecked			
2314	Stiles1985	unchecked			
2314	Stiles1986a	unchecked			
2314	Stiles1986b	unchecked			
2314	Stiles2012	unchecked			
2314	Stiles2017	unchecked			
2314	Streitberg1896	unchecked			
2314	Sweet1953	unchecked			
2314	Thorhallsdottir1993	unchecked			
2314	Toon1992	unchecked			
2314	Versloot2017	unchecked			
2314	Versloot2021	unchecked			
2314	Versloot2025	unchecked			
2314	Vine2019	unchecked			
2314	Waxenberger2019	unchecked			
2314	WrightWuelcker1884	unchecked			
2314	vanHelten1905	unchecked			
2315	Adamczyk2001	unchecked			
2315	Bammesberger1990	unchecked			
2315	Bammesberger1992	unchecked			
2315	Bammesberger1997	unchecked			
2315	Beekes2010	unchecked			
2315	Bennett1950	unchecked			
2315	BosworthToller1898	unchecked			
2315	Bremmer2008	unchecked			
2315	Bremmer2009	unchecked			
2315	Bright1917	unchecked			
2315	Bulbring1902	unchecked			
2315	CaedmonsHymnVitt1452	unchecked			
2315	Campbell1939	unchecked			
2315	Campbell1959	unchecked			
2315	Cercignani1979	unchecked			
2315	Cercignani1980	unchecked			
2315	ClarkHall1960	unchecked			
2315	Crist2001	unchecked			
2315	Crist2002	unchecked			
2315	Erdmann1972	unchecked			
2315	Fulk2018	unchecked			
2315	GermanicSlavicBaltic2025	unchecked			
2315	Goblirsch1991	unchecked			
2315	Hamp1990	unchecked			
2315	Hirt1931	unchecked			
2315	Hogg1979	unchecked			
2315	HoggGrammar2011	unchecked			
2315	HoggIntroduction1992	unchecked			
2315	HoggPhonology1992	unchecked			
2315	HowellSalmons1988	unchecked			
2315	Kaluza1900	unchecked			
2315	Kastovsky1992	unchecked			
2315	Kilday2024	unchecked			
2315	KlugeSeebold2011	unchecked			
2315	Kortlandt2008	unchecked			
2315	Kroonen2006	unchecked			
2315	Kroonen2011	unchecked			
2315	Kroonen2013	unchecked			
2315	Kylstra1983	unchecked			
2315	Laker2007	unchecked			
2315	Lid1952	unchecked			
2315	Lloyd1966	unchecked			
2315	LloydSpringer1988	unchecked			
2315	Luehr1993	unchecked			
2315	Luick1914	unchecked			
2315	Mayrhofer1992	unchecked			
2315	Mees2020	unchecked			
2315	NeriRingeReview	unchecked			
2315	Nielsen2001	unchecked			
2315	Orel2003	unchecked			
2315	Pierce1999	unchecked			
2315	Pierce2003	unchecked			
2315	Pierce2006	unchecked			
2315	Pokorny1959	unchecked			
2315	Polome1967	unchecked			
2315	Polome1994	unchecked			
2315	Repansek2012	unchecked			
2315	Rice1994	unchecked			
2315	Ringe1984	unchecked			
2315	Ringe2017	unchecked			
2315	RingeTaylor2014	unchecked			
2315	Seebold1970	unchecked			
2315	SieversBrunner1965	unchecked			
2315	StauslandJohnsen2015	unchecked			
2315	Stiles1985	unchecked			
2315	Stiles1986a	unchecked			
2315	Stiles1986b	unchecked			
2315	Stiles2012	unchecked			
2315	Stiles2017	unchecked			
2315	Streitberg1896	unchecked			
2315	Sweet1953	unchecked			
2315	Thorhallsdottir1993	unchecked			
2315	Toon1992	unchecked			
2315	Versloot2017	unchecked			
2315	Versloot2021	unchecked			
2315	Versloot2025	unchecked			
2315	Vine2019	unchecked			
2315	Waxenberger2019	unchecked			
2315	WrightWuelcker1884	unchecked			
2315	vanHelten1905	unchecked			
2316	Adamczyk2001	unchecked			
2316	Bammesberger1990	unchecked			
2316	Bammesberger1992	unchecked			
2316	Bammesberger1997	unchecked			
2316	Beekes2010	unchecked			
2316	Bennett1950	unchecked			
2316	BosworthToller1898	unchecked			
2316	Bremmer2008	unchecked			
2316	Bremmer2009	unchecked			
2316	Bright1917	unchecked			
2316	Bulbring1902	unchecked			
2316	CaedmonsHymnVitt1452	unchecked			
2316	Campbell1939	unchecked			
2316	Campbell1959	unchecked			
2316	Cercignani1979	unchecked			
2316	Cercignani1980	unchecked			
2316	ClarkHall1960	unchecked			
2316	Crist2001	unchecked			
2316	Crist2002	unchecked			
2316	Erdmann1972	unchecked			
2316	Fulk2018	unchecked			
2316	GermanicSlavicBaltic2025	unchecked			
2316	Goblirsch1991	unchecked			
2316	Hamp1990	unchecked			
2316	Hirt1931	unchecked			
2316	Hogg1979	unchecked			
2316	HoggGrammar2011	unchecked			
2316	HoggIntroduction1992	unchecked			
2316	HoggPhonology1992	unchecked			
2316	HowellSalmons1988	unchecked			
2316	Kaluza1900	unchecked			
2316	Kastovsky1992	unchecked			
2316	Kilday2024	unchecked			
2316	KlugeSeebold2011	unchecked			
2316	Kortlandt2008	unchecked			
2316	Kroonen2006	unchecked			
2316	Kroonen2011	unchecked			
2316	Kroonen2013	unchecked			
2316	Kylstra1983	unchecked			
2316	Laker2007	unchecked			
2316	Lid1952	unchecked			
2316	Lloyd1966	unchecked			
2316	LloydSpringer1988	unchecked			
2316	Luehr1993	unchecked			
2316	Luick1914	unchecked			
2316	Mayrhofer1992	unchecked			
2316	Mees2020	unchecked			
2316	NeriRingeReview	unchecked			
2316	Nielsen2001	unchecked			
2316	Orel2003	unchecked			
2316	Pierce1999	unchecked			
2316	Pierce2003	unchecked			
2316	Pierce2006	unchecked			
2316	Pokorny1959	unchecked			
2316	Polome1967	unchecked			
2316	Polome1994	unchecked			
2316	Repansek2012	unchecked			
2316	Rice1994	unchecked			
2316	Ringe1984	unchecked			
2316	Ringe2017	unchecked			
2316	RingeTaylor2014	unchecked			
2316	Seebold1970	unchecked			
2316	SieversBrunner1965	unchecked			
2316	StauslandJohnsen2015	unchecked			
2316	Stiles1985	unchecked			
2316	Stiles1986a	unchecked			
2316	Stiles1986b	unchecked			
2316	Stiles2012	unchecked			
2316	Stiles2017	unchecked			
2316	Streitberg1896	unchecked			
2316	Sweet1953	unchecked			
2316	Thorhallsdottir1993	unchecked			
2316	Toon1992	unchecked			
2316	Versloot2017	unchecked			
2316	Versloot2021	unchecked			
2316	Versloot2025	unchecked			
2316	Vine2019	unchecked			
2316	Waxenberger2019	unchecked			
2316	WrightWuelcker1884	unchecked			
2316	vanHelten1905	unchecked			
2317	Adamczyk2001	unchecked			
2317	Bammesberger1990	unchecked			
2317	Bammesberger1992	unchecked			
2317	Bammesberger1997	unchecked			
2317	Beekes2010	unchecked			
2317	Bennett1950	unchecked			
2317	BosworthToller1898	unchecked			
2317	Bremmer2008	unchecked			
2317	Bremmer2009	unchecked			
2317	Bright1917	unchecked			
2317	Bulbring1902	unchecked			
2317	CaedmonsHymnVitt1452	unchecked			
2317	Campbell1939	unchecked			
2317	Campbell1959	unchecked			
2317	Cercignani1979	unchecked			
2317	Cercignani1980	unchecked			
2317	ClarkHall1960	unchecked			
2317	Crist2001	unchecked			
2317	Crist2002	unchecked			
2317	Erdmann1972	unchecked			
2317	Fulk2018	unchecked			
2317	GermanicSlavicBaltic2025	unchecked			
2317	Goblirsch1991	unchecked			
2317	Hamp1990	unchecked			
2317	Hirt1931	unchecked			
2317	Hogg1979	unchecked			
2317	HoggGrammar2011	unchecked			
2317	HoggIntroduction1992	unchecked			
2317	HoggPhonology1992	unchecked			
2317	HowellSalmons1988	unchecked			
2317	Kaluza1900	unchecked			
2317	Kastovsky1992	unchecked			
2317	Kilday2024	unchecked			
2317	KlugeSeebold2011	unchecked			
2317	Kortlandt2008	unchecked			
2317	Kroonen2006	unchecked			
2317	Kroonen2011	unchecked			
2317	Kroonen2013	unchecked			
2317	Kylstra1983	unchecked			
2317	Laker2007	unchecked			
2317	Lid1952	unchecked			
2317	Lloyd1966	unchecked			
2317	LloydSpringer1988	unchecked			
2317	Luehr1993	unchecked			
2317	Luick1914	unchecked			
2317	Mayrhofer1992	unchecked			
2317	Mees2020	unchecked			
2317	NeriRingeReview	unchecked			
2317	Nielsen2001	unchecked			
2317	Orel2003	unchecked			
2317	Pierce1999	unchecked			
2317	Pierce2003	unchecked			
2317	Pierce2006	unchecked			
2317	Pokorny1959	unchecked			
2317	Polome1967	unchecked			
2317	Polome1994	unchecked			
2317	Repansek2012	unchecked			
2317	Rice1994	unchecked			
2317	Ringe1984	unchecked			
2317	Ringe2017	unchecked			
2317	RingeTaylor2014	unchecked			
2317	Seebold1970	unchecked			
2317	SieversBrunner1965	unchecked			
2317	StauslandJohnsen2015	unchecked			
2317	Stiles1985	unchecked			
2317	Stiles1986a	unchecked			
2317	Stiles1986b	unchecked			
2317	Stiles2012	unchecked			
2317	Stiles2017	unchecked			
2317	Streitberg1896	unchecked			
2317	Sweet1953	unchecked			
2317	Thorhallsdottir1993	unchecked			
2317	Toon1992	unchecked			
2317	Versloot2017	unchecked			
2317	Versloot2021	unchecked			
2317	Versloot2025	unchecked			
2317	Vine2019	unchecked			
2317	Waxenberger2019	unchecked			
2317	WrightWuelcker1884	unchecked			
2317	vanHelten1905	unchecked			
2318	Adamczyk2001	unchecked			
2318	Bammesberger1990	unchecked			
2318	Bammesberger1992	unchecked			
2318	Bammesberger1997	unchecked			
2318	Beekes2010	unchecked			
2318	Bennett1950	unchecked			
2318	BosworthToller1898	unchecked			
2318	Bremmer2008	unchecked			
2318	Bremmer2009	unchecked			
2318	Bright1917	unchecked			
2318	Bulbring1902	unchecked			
2318	CaedmonsHymnVitt1452	unchecked			
2318	Campbell1939	unchecked			
2318	Campbell1959	unchecked			
2318	Cercignani1979	unchecked			
2318	Cercignani1980	unchecked			
2318	ClarkHall1960	unchecked			
2318	Crist2001	unchecked			
2318	Crist2002	unchecked			
2318	Erdmann1972	unchecked			
2318	Fulk2018	unchecked			
2318	GermanicSlavicBaltic2025	unchecked			
2318	Goblirsch1991	unchecked			
2318	Hamp1990	unchecked			
2318	Hirt1931	unchecked			
2318	Hogg1979	unchecked			
2318	HoggGrammar2011	unchecked			
2318	HoggIntroduction1992	unchecked			
2318	HoggPhonology1992	unchecked			
2318	HowellSalmons1988	unchecked			
2318	Kaluza1900	unchecked			
2318	Kastovsky1992	unchecked			
2318	Kilday2024	unchecked			
2318	KlugeSeebold2011	unchecked			
2318	Kortlandt2008	unchecked			
2318	Kroonen2006	unchecked			
2318	Kroonen2011	unchecked			
2318	Kroonen2013	unchecked			
2318	Kylstra1983	unchecked			
2318	Laker2007	unchecked			
2318	Lid1952	unchecked			
2318	Lloyd1966	unchecked			
2318	LloydSpringer1988	unchecked			
2318	Luehr1993	unchecked			
2318	Luick1914	unchecked			
2318	Mayrhofer1992	unchecked			
2318	Mees2020	unchecked			
2318	NeriRingeReview	unchecked			
2318	Nielsen2001	unchecked			
2318	Orel2003	unchecked			
2318	Pierce1999	unchecked			
2318	Pierce2003	unchecked			
2318	Pierce2006	unchecked			
2318	Pokorny1959	unchecked			
2318	Polome1967	unchecked			
2318	Polome1994	unchecked			
2318	Repansek2012	unchecked			
2318	Rice1994	unchecked			
2318	Ringe1984	unchecked			
2318	Ringe2017	unchecked			
2318	RingeTaylor2014	unchecked			
2318	Seebold1970	unchecked			
2318	SieversBrunner1965	unchecked			
2318	StauslandJohnsen2015	unchecked			
2318	Stiles1985	unchecked			
2318	Stiles1986a	unchecked			
2318	Stiles1986b	unchecked			
2318	Stiles2012	unchecked			
2318	Stiles2017	unchecked			
2318	Streitberg1896	unchecked			
2318	Sweet1953	unchecked			
2318	Thorhallsdottir1993	unchecked			
2318	Toon1992	unchecked			
2318	Versloot2017	unchecked			
2318	Versloot2021	unchecked			
2318	Versloot2025	unchecked			
2318	Vine2019	unchecked			
2318	Waxenberger2019	unchecked			
2318	WrightWuelcker1884	unchecked			
2318	vanHelten1905	unchecked			
2322	Adamczyk2001	unchecked			
2322	Bammesberger1990	unchecked			
2322	Bammesberger1992	unchecked			
2322	Bammesberger1997	unchecked			
2322	Beekes2010	unchecked			
2322	Bennett1950	unchecked			
2322	BosworthToller1898	unchecked			
2322	Bremmer2008	unchecked			
2322	Bremmer2009	unchecked			
2322	Bright1917	unchecked			
2322	Bulbring1902	unchecked			
2322	CaedmonsHymnVitt1452	unchecked			
2322	Campbell1939	unchecked			
2322	Campbell1959	unchecked			
2322	Cercignani1979	unchecked			
2322	Cercignani1980	unchecked			
2322	ClarkHall1960	unchecked			
2322	Crist2001	unchecked			
2322	Crist2002	unchecked			
2322	Erdmann1972	unchecked			
2322	Fulk2018	unchecked			
2322	GermanicSlavicBaltic2025	unchecked			
2322	Goblirsch1991	unchecked			
2322	Hamp1990	unchecked			
2322	Hirt1931	unchecked			
2322	Hogg1979	unchecked			
2322	HoggGrammar2011	unchecked			
2322	HoggIntroduction1992	unchecked			
2322	HoggPhonology1992	unchecked			
2322	HowellSalmons1988	unchecked			
2322	Kaluza1900	unchecked			
2322	Kastovsky1992	unchecked			
2322	Kilday2024	unchecked			
2322	KlugeSeebold2011	unchecked			
2322	Kortlandt2008	unchecked			
2322	Kroonen2006	unchecked			
2322	Kroonen2011	unchecked			
2322	Kroonen2013	unchecked			
2322	Kylstra1983	unchecked			
2322	Laker2007	unchecked			
2322	Lid1952	unchecked			
2322	Lloyd1966	unchecked			
2322	LloydSpringer1988	unchecked			
2322	Luehr1993	unchecked			
2322	Luick1914	unchecked			
2322	Mayrhofer1992	unchecked			
2322	Mees2020	unchecked			
2322	NeriRingeReview	unchecked			
2322	Nielsen2001	unchecked			
2322	Orel2003	unchecked			
2322	Pierce1999	unchecked			
2322	Pierce2003	unchecked			
2322	Pierce2006	unchecked			
2322	Pokorny1959	unchecked			
2322	Polome1967	unchecked			
2322	Polome1994	unchecked			
2322	Repansek2012	unchecked			
2322	Rice1994	unchecked			
2322	Ringe1984	unchecked			
2322	Ringe2017	unchecked			
2322	RingeTaylor2014	unchecked			
2322	Seebold1970	unchecked			
2322	SieversBrunner1965	unchecked			
2322	StauslandJohnsen2015	unchecked			
2322	Stiles1985	unchecked			
2322	Stiles1986a	unchecked			
2322	Stiles1986b	unchecked			
2322	Stiles2012	unchecked			
2322	Stiles2017	unchecked			
2322	Streitberg1896	unchecked			
2322	Sweet1953	unchecked			
2322	Thorhallsdottir1993	unchecked			
2322	Toon1992	unchecked			
2322	Versloot2017	unchecked			
2322	Versloot2021	unchecked			
2322	Versloot2025	unchecked			
2322	Vine2019	unchecked			
2322	Waxenberger2019	unchecked			
2322	WrightWuelcker1884	unchecked			
2322	vanHelten1905	unchecked			
2326	Adamczyk2001	unchecked			
2326	Bammesberger1990	unchecked			
2326	Bammesberger1992	unchecked			
2326	Bammesberger1997	unchecked			
2326	Beekes2010	unchecked			
2326	Bennett1950	unchecked			
2326	BosworthToller1898	unchecked			
2326	Bremmer2008	unchecked			
2326	Bremmer2009	unchecked			
2326	Bright1917	unchecked			
2326	Bulbring1902	unchecked			
2326	CaedmonsHymnVitt1452	unchecked			
2326	Campbell1939	unchecked			
2326	Campbell1959	unchecked			
2326	Cercignani1979	unchecked			
2326	Cercignani1980	unchecked			
2326	ClarkHall1960	unchecked			
2326	Crist2001	unchecked			
2326	Crist2002	unchecked			
2326	Erdmann1972	unchecked			
2326	Fulk2018	unchecked			
2326	GermanicSlavicBaltic2025	unchecked			
2326	Goblirsch1991	unchecked			
2326	Hamp1990	unchecked			
2326	Hirt1931	unchecked			
2326	Hogg1979	unchecked			
2326	HoggGrammar2011	unchecked			
2326	HoggIntroduction1992	unchecked			
2326	HoggPhonology1992	unchecked			
2326	HowellSalmons1988	unchecked			
2326	Kaluza1900	unchecked			
2326	Kastovsky1992	unchecked			
2326	Kilday2024	unchecked			
2326	KlugeSeebold2011	unchecked			
2326	Kortlandt2008	unchecked			
2326	Kroonen2006	unchecked			
2326	Kroonen2011	unchecked			
2326	Kroonen2013	unchecked			
2326	Kylstra1983	unchecked			
2326	Laker2007	unchecked			
2326	Lid1952	unchecked			
2326	Lloyd1966	unchecked			
2326	LloydSpringer1988	unchecked			
2326	Luehr1993	unchecked			
2326	Luick1914	unchecked			
2326	Mayrhofer1992	unchecked			
2326	Mees2020	unchecked			
2326	NeriRingeReview	unchecked			
2326	Nielsen2001	unchecked			
2326	Orel2003	unchecked			
2326	Pierce1999	unchecked			
2326	Pierce2003	unchecked			
2326	Pierce2006	unchecked			
2326	Pokorny1959	unchecked			
2326	Polome1967	unchecked			
2326	Polome1994	unchecked			
2326	Repansek2012	unchecked			
2326	Rice1994	unchecked			
2326	Ringe1984	unchecked			
2326	Ringe2017	unchecked			
2326	RingeTaylor2014	unchecked			
2326	Seebold1970	unchecked			
2326	SieversBrunner1965	unchecked			
2326	StauslandJohnsen2015	unchecked			
2326	Stiles1985	unchecked			
2326	Stiles1986a	unchecked			
2326	Stiles1986b	unchecked			
2326	Stiles2012	unchecked			
2326	Stiles2017	unchecked			
2326	Streitberg1896	unchecked			
2326	Sweet1953	unchecked			
2326	Thorhallsdottir1993	unchecked			
2326	Toon1992	unchecked			
2326	Versloot2017	unchecked			
2326	Versloot2021	unchecked			
2326	Versloot2025	unchecked			
2326	Vine2019	unchecked			
2326	Waxenberger2019	unchecked			
2326	WrightWuelcker1884	unchecked			
2326	vanHelten1905	unchecked			
2327	Adamczyk2001	unchecked			
2327	Bammesberger1990	unchecked			
2327	Bammesberger1992	unchecked			
2327	Bammesberger1997	unchecked			
2327	Beekes2010	unchecked			
2327	Bennett1950	unchecked			
2327	BosworthToller1898	unchecked			
2327	Bremmer2008	unchecked			
2327	Bremmer2009	unchecked			
2327	Bright1917	unchecked			
2327	Bulbring1902	unchecked			
2327	CaedmonsHymnVitt1452	unchecked			
2327	Campbell1939	unchecked			
2327	Campbell1959	unchecked			
2327	Cercignani1979	unchecked			
2327	Cercignani1980	unchecked			
2327	ClarkHall1960	unchecked			
2327	Crist2001	unchecked			
2327	Crist2002	unchecked			
2327	Erdmann1972	unchecked			
2327	Fulk2018	unchecked			
2327	GermanicSlavicBaltic2025	unchecked			
2327	Goblirsch1991	unchecked			
2327	Hamp1990	unchecked			
2327	Hirt1931	unchecked			
2327	Hogg1979	unchecked			
2327	HoggGrammar2011	unchecked			
2327	HoggIntroduction1992	unchecked			
2327	HoggPhonology1992	unchecked			
2327	HowellSalmons1988	unchecked			
2327	Kaluza1900	unchecked			
2327	Kastovsky1992	unchecked			
2327	Kilday2024	unchecked			
2327	KlugeSeebold2011	unchecked			
2327	Kortlandt2008	unchecked			
2327	Kroonen2006	unchecked			
2327	Kroonen2011	unchecked			
2327	Kroonen2013	unchecked			
2327	Kylstra1983	unchecked			
2327	Laker2007	unchecked			
2327	Lid1952	unchecked			
2327	Lloyd1966	unchecked			
2327	LloydSpringer1988	unchecked			
2327	Luehr1993	unchecked			
2327	Luick1914	unchecked			
2327	Mayrhofer1992	unchecked			
2327	Mees2020	unchecked			
2327	NeriRingeReview	unchecked			
2327	Nielsen2001	unchecked			
2327	Orel2003	unchecked			
2327	Pierce1999	unchecked			
2327	Pierce2003	unchecked			
2327	Pierce2006	unchecked			
2327	Pokorny1959	unchecked			
2327	Polome1967	unchecked			
2327	Polome1994	unchecked			
2327	Repansek2012	unchecked			
2327	Rice1994	unchecked			
2327	Ringe1984	unchecked			
2327	Ringe2017	unchecked			
2327	RingeTaylor2014	unchecked			
2327	Seebold1970	unchecked			
2327	SieversBrunner1965	unchecked			
2327	StauslandJohnsen2015	unchecked			
2327	Stiles1985	unchecked			
2327	Stiles1986a	unchecked			
2327	Stiles1986b	unchecked			
2327	Stiles2012	unchecked			
2327	Stiles2017	unchecked			
2327	Streitberg1896	unchecked			
2327	Sweet1953	unchecked			
2327	Thorhallsdottir1993	unchecked			
2327	Toon1992	unchecked			
2327	Versloot2017	unchecked			
2327	Versloot2021	unchecked			
2327	Versloot2025	unchecked			
2327	Vine2019	unchecked			
2327	Waxenberger2019	unchecked			
2327	WrightWuelcker1884	unchecked			
2327	vanHelten1905	unchecked			
2328	Adamczyk2001	unchecked			
2328	Bammesberger1990	unchecked			
2328	Bammesberger1992	unchecked			
2328	Bammesberger1997	unchecked			
2328	Beekes2010	unchecked			
2328	Bennett1950	unchecked			
2328	BosworthToller1898	unchecked			
2328	Bremmer2008	unchecked			
2328	Bremmer2009	unchecked			
2328	Bright1917	unchecked			
2328	Bulbring1902	unchecked			
2328	CaedmonsHymnVitt1452	unchecked			
2328	Campbell1939	unchecked			
2328	Campbell1959	unchecked			
2328	Cercignani1979	unchecked			
2328	Cercignani1980	unchecked			
2328	ClarkHall1960	unchecked			
2328	Crist2001	unchecked			
2328	Crist2002	unchecked			
2328	Erdmann1972	unchecked			
2328	Fulk2018	unchecked			
2328	GermanicSlavicBaltic2025	unchecked			
2328	Goblirsch1991	unchecked			
2328	Hamp1990	unchecked			
2328	Hirt1931	unchecked			
2328	Hogg1979	unchecked			
2328	HoggGrammar2011	unchecked			
2328	HoggIntroduction1992	unchecked			
2328	HoggPhonology1992	unchecked			
2328	HowellSalmons1988	unchecked			
2328	Kaluza1900	unchecked			
2328	Kastovsky1992	unchecked			
2328	Kilday2024	unchecked			
2328	KlugeSeebold2011	unchecked			
2328	Kortlandt2008	unchecked			
2328	Kroonen2006	unchecked			
2328	Kroonen2011	unchecked			
2328	Kroonen2013	unchecked			
2328	Kylstra1983	unchecked			
2328	Laker2007	unchecked			
2328	Lid1952	unchecked			
2328	Lloyd1966	unchecked			
2328	LloydSpringer1988	unchecked			
2328	Luehr1993	unchecked			
2328	Luick1914	unchecked			
2328	Mayrhofer1992	unchecked			
2328	Mees2020	unchecked			
2328	NeriRingeReview	unchecked			
2328	Nielsen2001	unchecked			
2328	Orel2003	unchecked			
2328	Pierce1999	unchecked			
2328	Pierce2003	unchecked			
2328	Pierce2006	unchecked			
2328	Pokorny1959	unchecked			
2328	Polome1967	unchecked			
2328	Polome1994	unchecked			
2328	Repansek2012	unchecked			
2328	Rice1994	unchecked			
2328	Ringe1984	unchecked			
2328	Ringe2017	unchecked			
2328	RingeTaylor2014	unchecked			
2328	Seebold1970	unchecked			
2328	SieversBrunner1965	unchecked			
2328	StauslandJohnsen2015	unchecked			
2328	Stiles1985	unchecked			
2328	Stiles1986a	unchecked			
2328	Stiles1986b	unchecked			
2328	Stiles2012	unchecked			
2328	Stiles2017	unchecked			
2328	Streitberg1896	unchecked			
2328	Sweet1953	unchecked			
2328	Thorhallsdottir1993	unchecked			
2328	Toon1992	unchecked			
2328	Versloot2017	unchecked			
2328	Versloot2021	unchecked			
2328	Versloot2025	unchecked			
2328	Vine2019	unchecked			
2328	Waxenberger2019	unchecked			
2328	WrightWuelcker1884	unchecked			
2328	vanHelten1905	unchecked			
2329	Adamczyk2001	unchecked			
2329	Bammesberger1990	unchecked			
2329	Bammesberger1992	unchecked			
2329	Bammesberger1997	unchecked			
2329	Beekes2010	unchecked			
2329	Bennett1950	unchecked			
2329	BosworthToller1898	unchecked			
2329	Bremmer2008	unchecked			
2329	Bremmer2009	unchecked			
2329	Bright1917	unchecked			
2329	Bulbring1902	unchecked			
2329	CaedmonsHymnVitt1452	unchecked			
2329	Campbell1939	unchecked			
2329	Campbell1959	unchecked			
2329	Cercignani1979	unchecked			
2329	Cercignani1980	unchecked			
2329	ClarkHall1960	unchecked			
2329	Crist2001	unchecked			
2329	Crist2002	unchecked			
2329	Erdmann1972	unchecked			
2329	Fulk2018	unchecked			
2329	GermanicSlavicBaltic2025	unchecked			
2329	Goblirsch1991	unchecked			
2329	Hamp1990	unchecked			
2329	Hirt1931	unchecked			
2329	Hogg1979	unchecked			
2329	HoggGrammar2011	unchecked			
2329	HoggIntroduction1992	unchecked			
2329	HoggPhonology1992	unchecked			
2329	HowellSalmons1988	unchecked			
2329	Kaluza1900	unchecked			
2329	Kastovsky1992	unchecked			
2329	Kilday2024	unchecked			
2329	KlugeSeebold2011	unchecked			
2329	Kortlandt2008	unchecked			
2329	Kroonen2006	unchecked			
2329	Kroonen2011	unchecked			
2329	Kroonen2013	unchecked			
2329	Kylstra1983	unchecked			
2329	Laker2007	unchecked			
2329	Lid1952	unchecked			
2329	Lloyd1966	unchecked			
2329	LloydSpringer1988	unchecked			
2329	Luehr1993	unchecked			
2329	Luick1914	unchecked			
2329	Mayrhofer1992	unchecked			
2329	Mees2020	unchecked			
2329	NeriRingeReview	unchecked			
2329	Nielsen2001	unchecked			
2329	Orel2003	unchecked			
2329	Pierce1999	unchecked			
2329	Pierce2003	unchecked			
2329	Pierce2006	unchecked			
2329	Pokorny1959	unchecked			
2329	Polome1967	unchecked			
2329	Polome1994	unchecked			
2329	Repansek2012	unchecked			
2329	Rice1994	unchecked			
2329	Ringe1984	unchecked			
2329	Ringe2017	unchecked			
2329	RingeTaylor2014	unchecked			
2329	Seebold1970	unchecked			
2329	SieversBrunner1965	unchecked			
2329	StauslandJohnsen2015	unchecked			
2329	Stiles1985	unchecked			
2329	Stiles1986a	unchecked			
2329	Stiles1986b	unchecked			
2329	Stiles2012	unchecked			
2329	Stiles2017	unchecked			
2329	Streitberg1896	unchecked			
2329	Sweet1953	unchecked			
2329	Thorhallsdottir1993	unchecked			
2329	Toon1992	unchecked			
2329	Versloot2017	unchecked			
2329	Versloot2021	unchecked			
2329	Versloot2025	unchecked			
2329	Vine2019	unchecked			
2329	Waxenberger2019	unchecked			
2329	WrightWuelcker1884	unchecked			
2329	vanHelten1905	unchecked			
2330	Adamczyk2001	unchecked			
2330	Bammesberger1990	unchecked			
2330	Bammesberger1992	unchecked			
2330	Bammesberger1997	unchecked			
2330	Beekes2010	unchecked			
2330	Bennett1950	unchecked			
2330	BosworthToller1898	unchecked			
2330	Bremmer2008	unchecked			
2330	Bremmer2009	unchecked			
2330	Bright1917	unchecked			
2330	Bulbring1902	unchecked			
2330	CaedmonsHymnVitt1452	unchecked			
2330	Campbell1939	unchecked			
2330	Campbell1959	unchecked			
2330	Cercignani1979	unchecked			
2330	Cercignani1980	unchecked			
2330	ClarkHall1960	unchecked			
2330	Crist2001	unchecked			
2330	Crist2002	unchecked			
2330	Erdmann1972	unchecked			
2330	Fulk2018	unchecked			
2330	GermanicSlavicBaltic2025	unchecked			
2330	Goblirsch1991	unchecked			
2330	Hamp1990	unchecked			
2330	Hirt1931	unchecked			
2330	Hogg1979	unchecked			
2330	HoggGrammar2011	unchecked			
2330	HoggIntroduction1992	unchecked			
2330	HoggPhonology1992	unchecked			
2330	HowellSalmons1988	unchecked			
2330	Kaluza1900	unchecked			
2330	Kastovsky1992	unchecked			
2330	Kilday2024	unchecked			
2330	KlugeSeebold2011	unchecked			
2330	Kortlandt2008	unchecked			
2330	Kroonen2006	unchecked			
2330	Kroonen2011	unchecked			
2330	Kroonen2013	unchecked			
2330	Kylstra1983	unchecked			
2330	Laker2007	unchecked			
2330	Lid1952	unchecked			
2330	Lloyd1966	unchecked			
2330	LloydSpringer1988	unchecked			
2330	Luehr1993	unchecked			
2330	Luick1914	unchecked			
2330	Mayrhofer1992	unchecked			
2330	Mees2020	unchecked			
2330	NeriRingeReview	unchecked			
2330	Nielsen2001	unchecked			
2330	Orel2003	unchecked			
2330	Pierce1999	unchecked			
2330	Pierce2003	unchecked			
2330	Pierce2006	unchecked			
2330	Pokorny1959	unchecked			
2330	Polome1967	unchecked			
2330	Polome1994	unchecked			
2330	Repansek2012	unchecked			
2330	Rice1994	unchecked			
2330	Ringe1984	unchecked			
2330	Ringe2017	unchecked			
2330	RingeTaylor2014	unchecked			
2330	Seebold1970	unchecked			
2330	SieversBrunner1965	unchecked			
2330	StauslandJohnsen2015	unchecked			
2330	Stiles1985	unchecked			
2330	Stiles1986a	unchecked			
2330	Stiles1986b	unchecked			
2330	Stiles2012	unchecked			
2330	Stiles2017	unchecked			
2330	Streitberg1896	unchecked			
2330	Sweet1953	unchecked			
2330	Thorhallsdottir1993	unchecked			
2330	Toon1992	unchecked			
2330	Versloot2017	unchecked			
2330	Versloot2021	unchecked			
2330	Versloot2025	unchecked			
2330	Vine2019	unchecked			
2330	Waxenberger2019	unchecked			
2330	WrightWuelcker1884	unchecked			
2330	vanHelten1905	unchecked			
2332	Adamczyk2001	unchecked			
2332	Bammesberger1990	unchecked			
2332	Bammesberger1992	unchecked			
2332	Bammesberger1997	unchecked			
2332	Beekes2010	unchecked			
2332	Bennett1950	unchecked			
2332	BosworthToller1898	unchecked			
2332	Bremmer2008	unchecked			
2332	Bremmer2009	unchecked			
2332	Bright1917	unchecked			
2332	Bulbring1902	unchecked			
2332	CaedmonsHymnVitt1452	unchecked			
2332	Campbell1939	unchecked			
2332	Campbell1959	unchecked			
2332	Cercignani1979	unchecked			
2332	Cercignani1980	discussion_only	raising-cercignani-dating	Abstract126 and section1,126-129, read; high-front-vocalic environment compared with the existing hue input question.	Relevant counterargument to PGmc dating, with no fabricated whole-word hue form.
2332	ClarkHall1960	unchecked			
2332	Crist2001	unchecked			
2332	Crist2002	unchecked			
2332	Erdmann1972	unchecked			
2332	Fulk2018	discussion_only	hue-fulk-raising;hue-fulk-objection	Released image-verified raising and objection passages59,71-72,126.	No fabricated Fulk whole-word hue form; retain the argument and substantive objection separately.
2332	GermanicSlavicBaltic2025	unchecked			
2332	Goblirsch1991	unchecked			
2332	Hamp1990	unchecked			
2332	Hirt1931	unchecked			
2332	Hogg1979	unchecked			
2332	HoggGrammar2011	unchecked			
2332	HoggIntroduction1992	unchecked			
2332	HoggPhonology1992	unchecked			
2332	HowellSalmons1988	unchecked			
2332	Kaluza1900	unchecked			
2332	Kastovsky1992	unchecked			
2332	Kilday2024	unchecked			
2332	KlugeSeebold2011	unchecked			
2332	Kortlandt2008	unchecked			
2332	Kroonen2006	unchecked			
2332	Kroonen2011	unchecked			
2332	Kroonen2013	evidence_found	hue-kroonen-stem	Released hue source ledger and exact heuja entry224.	Separate morphology/notation from genuinely different inherited-vowel proposals.
2332	Kylstra1983	unchecked			
2332	Laker2007	unchecked			
2332	Lid1952	unchecked			
2332	Lloyd1966	unchecked			
2332	LloydSpringer1988	unchecked			
2332	Luehr1993	unchecked			
2332	Luick1914	unchecked			
2332	Mayrhofer1992	unchecked			
2332	Mees2020	unchecked			
2332	NeriRingeReview	unchecked			
2332	Nielsen2001	unchecked			
2332	Orel2003	evidence_found	hue-orel-headword	Released hue source ledger and exact local xewjan entry171-172.	Retain e and the authored ending; no unsupported stage relabeling.
2332	Pierce1999	unchecked			
2332	Pierce2003	unchecked			
2332	Pierce2006	unchecked			
2332	Pokorny1959	unchecked			
2332	Polome1967	unchecked			
2332	Polome1994	unchecked			
2332	Repansek2012	unchecked			
2332	Rice1994	unchecked			
2332	Ringe1984	unchecked			
2332	Ringe2017	unchecked			
2332	RingeTaylor2014	evidence_found	hue-ringe-taylor-pgmc	Released hue comparison with image-verified printed250.	The defended i choice is explicit but the proposed glide analysis is qualified.
2332	Seebold1970	unchecked			
2332	SieversBrunner1965	unchecked			
2332	StauslandJohnsen2015	unchecked			
2332	Stiles1985	unchecked			
2332	Stiles1986a	unchecked			
2332	Stiles1986b	unchecked			
2332	Stiles2012	unchecked			
2332	Stiles2017	unchecked			
2332	Streitberg1896	unchecked			
2332	Sweet1953	unchecked			
2332	Thorhallsdottir1993	unchecked			
2332	Toon1992	unchecked			
2332	Versloot2017	unchecked			
2332	Versloot2021	unchecked			
2332	Versloot2025	unchecked			
2332	Vine2019	unchecked			
2332	Waxenberger2019	unchecked			
2332	WrightWuelcker1884	unchecked			
2332	vanHelten1905	unchecked			
